[2026-09-10T01:41:04.447+0000] {processor.py:186} INFO - Started process (PID=209) to work on /opt/airflow/dags/countries_dag.py
[2026-09-10T01:41:04.450+0000] {processor.py:914} INFO - Processing file /opt/airflow/dags/countries_dag.py for tasks to queue
[2026-09-10T01:41:04.455+0000] {logging_mixin.py:190} INFO - [2026-09-10T01:41:04.454+0000] {dagbag.py:588} INFO - Filling up the DagBag from /opt/airflow/dags/countries_dag.py
[2026-09-10T01:41:12.107+0000] {processor.py:925} INFO - DAG(s) 'countries_ingestion' retrieved from /opt/airflow/dags/countries_dag.py
[2026-09-10T01:41:12.235+0000] {logging_mixin.py:190} INFO - [2026-09-10T01:41:12.225+0000] {dag.py:3239} INFO - Sync 1 DAGs
[2026-09-10T01:41:12.394+0000] {processor.py:208} INFO - Processing /opt/airflow/dags/countries_dag.py took 7.972 seconds
[2026-09-10T01:41:43.352+0000] {processor.py:186} INFO - Started process (PID=227) to work on /opt/airflow/dags/countries_dag.py
[2026-09-10T01:41:43.358+0000] {processor.py:914} INFO - Processing file /opt/airflow/dags/countries_dag.py for tasks to queue
[2026-09-10T01:41:43.372+0000] {logging_mixin.py:190} INFO - [2026-09-10T01:41:43.371+0000] {dagbag.py:588} INFO - Filling up the DagBag from /opt/airflow/dags/countries_dag.py
[2026-09-10T01:41:46.095+0000] {processor.py:925} INFO - DAG(s) 'countries_ingestion' retrieved from /opt/airflow/dags/countries_dag.py
[2026-09-10T01:41:46.218+0000] {logging_mixin.py:190} INFO - [2026-09-10T01:41:46.217+0000] {dag.py:3239} INFO - Sync 1 DAGs
[2026-09-10T01:41:46.348+0000] {processor.py:208} INFO - Processing /opt/airflow/dags/countries_dag.py took 3.036 seconds
[2026-09-10T01:42:16.793+0000] {processor.py:186} INFO - Started process (PID=238) to work on /opt/airflow/dags/countries_dag.py
[2026-09-10T01:42:16.795+0000] {processor.py:914} INFO - Processing file /opt/airflow/dags/countries_dag.py for tasks to queue
[2026-09-10T01:42:16.801+0000] {logging_mixin.py:190} INFO - [2026-09-10T01:42:16.800+0000] {dagbag.py:588} INFO - Filling up the DagBag from /opt/airflow/dags/countries_dag.py
[2026-09-10T01:42:18.323+0000] {processor.py:925} INFO - DAG(s) 'countries_ingestion' retrieved from /opt/airflow/dags/countries_dag.py
[2026-09-10T01:42:18.404+0000] {logging_mixin.py:190} INFO - [2026-09-10T01:42:18.404+0000] {dag.py:3239} INFO - Sync 1 DAGs
[2026-09-10T01:42:18.520+0000] {processor.py:208} INFO - Processing /opt/airflow/dags/countries_dag.py took 1.739 seconds
[2026-09-10T01:42:48.949+0000] {processor.py:186} INFO - Started process (PID=255) to work on /opt/airflow/dags/countries_dag.py
[2026-09-10T01:42:48.954+0000] {processor.py:914} INFO - Processing file /opt/airflow/dags/countries_dag.py for tasks to queue
[2026-09-10T01:42:48.966+0000] {logging_mixin.py:190} INFO - [2026-09-10T01:42:48.960+0000] {dagbag.py:588} INFO - Filling up the DagBag from /opt/airflow/dags/countries_dag.py
[2026-09-10T01:42:51.990+0000] {processor.py:925} INFO - DAG(s) 'countries_ingestion' retrieved from /opt/airflow/dags/countries_dag.py
[2026-09-10T01:42:52.037+0000] {logging_mixin.py:190} INFO - [2026-09-10T01:42:52.036+0000] {dag.py:3239} INFO - Sync 1 DAGs
[2026-09-10T01:42:52.126+0000] {processor.py:208} INFO - Processing /opt/airflow/dags/countries_dag.py took 3.195 seconds
[2026-09-10T01:43:22.468+0000] {processor.py:186} INFO - Started process (PID=262) to work on /opt/airflow/dags/countries_dag.py
[2026-09-10T01:43:22.471+0000] {processor.py:914} INFO - Processing file /opt/airflow/dags/countries_dag.py for tasks to queue
[2026-09-10T01:43:22.477+0000] {logging_mixin.py:190} INFO - [2026-09-10T01:43:22.476+0000] {dagbag.py:588} INFO - Filling up the DagBag from /opt/airflow/dags/countries_dag.py
[2026-09-10T01:43:24.385+0000] {processor.py:925} INFO - DAG(s) 'countries_ingestion' retrieved from /opt/airflow/dags/countries_dag.py
[2026-09-10T01:43:24.460+0000] {logging_mixin.py:190} INFO - [2026-09-10T01:43:24.459+0000] {dag.py:3239} INFO - Sync 1 DAGs
[2026-09-10T01:43:24.592+0000] {processor.py:208} INFO - Processing /opt/airflow/dags/countries_dag.py took 2.142 seconds
[2026-09-10T01:43:54.863+0000] {processor.py:186} INFO - Started process (PID=274) to work on /opt/airflow/dags/countries_dag.py
[2026-09-10T01:43:54.866+0000] {processor.py:914} INFO - Processing file /opt/airflow/dags/countries_dag.py for tasks to queue
[2026-09-10T01:43:54.870+0000] {logging_mixin.py:190} INFO - [2026-09-10T01:43:54.869+0000] {dagbag.py:588} INFO - Filling up the DagBag from /opt/airflow/dags/countries_dag.py
[2026-09-10T01:43:56.500+0000] {processor.py:925} INFO - DAG(s) 'countries_ingestion' retrieved from /opt/airflow/dags/countries_dag.py
[2026-09-10T01:43:56.544+0000] {logging_mixin.py:190} INFO - [2026-09-10T01:43:56.543+0000] {dag.py:3239} INFO - Sync 1 DAGs
[2026-09-10T01:43:56.585+0000] {logging_mixin.py:190} INFO - [2026-09-10T01:43:56.584+0000] {dag.py:4180} INFO - Setting next_dagrun for countries_ingestion to 2026-09-10 00:00:00+00:00, run_after=2026-09-10 04:00:00+00:00
[2026-09-10T01:43:56.643+0000] {processor.py:208} INFO - Processing /opt/airflow/dags/countries_dag.py took 1.795 seconds
[2026-09-10T01:44:27.211+0000] {processor.py:186} INFO - Started process (PID=282) to work on /opt/airflow/dags/countries_dag.py
[2026-09-10T01:44:27.215+0000] {processor.py:914} INFO - Processing file /opt/airflow/dags/countries_dag.py for tasks to queue
[2026-09-10T01:44:27.221+0000] {logging_mixin.py:190} INFO - [2026-09-10T01:44:27.220+0000] {dagbag.py:588} INFO - Filling up the DagBag from /opt/airflow/dags/countries_dag.py
[2026-09-10T01:44:29.058+0000] {processor.py:925} INFO - DAG(s) 'countries_ingestion' retrieved from /opt/airflow/dags/countries_dag.py
[2026-09-10T01:44:29.112+0000] {logging_mixin.py:190} INFO - [2026-09-10T01:44:29.112+0000] {dag.py:3239} INFO - Sync 1 DAGs
[2026-09-10T01:44:29.413+0000] {logging_mixin.py:190} INFO - [2026-09-10T01:44:29.413+0000] {dag.py:4180} INFO - Setting next_dagrun for countries_ingestion to 2026-09-10 00:00:00+00:00, run_after=2026-09-10 04:00:00+00:00
[2026-09-10T01:44:29.458+0000] {processor.py:208} INFO - Processing /opt/airflow/dags/countries_dag.py took 2.269 seconds
[2026-09-10T01:44:59.618+0000] {processor.py:186} INFO - Started process (PID=289) to work on /opt/airflow/dags/countries_dag.py
[2026-09-10T01:44:59.621+0000] {processor.py:914} INFO - Processing file /opt/airflow/dags/countries_dag.py for tasks to queue
[2026-09-10T01:44:59.626+0000] {logging_mixin.py:190} INFO - [2026-09-10T01:44:59.626+0000] {dagbag.py:588} INFO - Filling up the DagBag from /opt/airflow/dags/countries_dag.py
[2026-09-10T01:45:02.009+0000] {processor.py:925} INFO - DAG(s) 'countries_ingestion' retrieved from /opt/airflow/dags/countries_dag.py
[2026-09-10T01:45:02.095+0000] {logging_mixin.py:190} INFO - [2026-09-10T01:45:02.095+0000] {dag.py:3239} INFO - Sync 1 DAGs
[2026-09-10T01:45:02.171+0000] {logging_mixin.py:190} INFO - [2026-09-10T01:45:02.170+0000] {dag.py:4180} INFO - Setting next_dagrun for countries_ingestion to 2026-09-10 00:00:00+00:00, run_after=2026-09-10 04:00:00+00:00
[2026-09-10T01:45:02.204+0000] {processor.py:208} INFO - Processing /opt/airflow/dags/countries_dag.py took 2.604 seconds
[2026-09-10T01:45:32.397+0000] {processor.py:186} INFO - Started process (PID=296) to work on /opt/airflow/dags/countries_dag.py
[2026-09-10T01:45:32.399+0000] {processor.py:914} INFO - Processing file /opt/airflow/dags/countries_dag.py for tasks to queue
[2026-09-10T01:45:32.404+0000] {logging_mixin.py:190} INFO - [2026-09-10T01:45:32.403+0000] {dagbag.py:588} INFO - Filling up the DagBag from /opt/airflow/dags/countries_dag.py
[2026-09-10T01:45:34.438+0000] {processor.py:925} INFO - DAG(s) 'countries_ingestion' retrieved from /opt/airflow/dags/countries_dag.py
[2026-09-10T01:45:34.501+0000] {logging_mixin.py:190} INFO - [2026-09-10T01:45:34.501+0000] {dag.py:3239} INFO - Sync 1 DAGs
[2026-09-10T01:45:34.557+0000] {logging_mixin.py:190} INFO - [2026-09-10T01:45:34.557+0000] {dag.py:4180} INFO - Setting next_dagrun for countries_ingestion to 2026-09-10 00:00:00+00:00, run_after=2026-09-10 04:00:00+00:00
[2026-09-10T01:45:34.597+0000] {processor.py:208} INFO - Processing /opt/airflow/dags/countries_dag.py took 2.214 seconds
[2026-09-10T01:46:05.075+0000] {processor.py:186} INFO - Started process (PID=303) to work on /opt/airflow/dags/countries_dag.py
[2026-09-10T01:46:05.078+0000] {processor.py:914} INFO - Processing file /opt/airflow/dags/countries_dag.py for tasks to queue
[2026-09-10T01:46:05.081+0000] {logging_mixin.py:190} INFO - [2026-09-10T01:46:05.081+0000] {dagbag.py:588} INFO - Filling up the DagBag from /opt/airflow/dags/countries_dag.py
[2026-09-10T01:46:06.598+0000] {processor.py:925} INFO - DAG(s) 'countries_ingestion' retrieved from /opt/airflow/dags/countries_dag.py
[2026-09-10T01:46:06.652+0000] {logging_mixin.py:190} INFO - [2026-09-10T01:46:06.652+0000] {dag.py:3239} INFO - Sync 1 DAGs
[2026-09-10T01:46:06.734+0000] {logging_mixin.py:190} INFO - [2026-09-10T01:46:06.733+0000] {dag.py:4180} INFO - Setting next_dagrun for countries_ingestion to 2026-09-10 00:00:00+00:00, run_after=2026-09-10 04:00:00+00:00
[2026-09-10T01:46:06.801+0000] {processor.py:208} INFO - Processing /opt/airflow/dags/countries_dag.py took 1.735 seconds
[2026-09-10T01:46:37.356+0000] {processor.py:186} INFO - Started process (PID=310) to work on /opt/airflow/dags/countries_dag.py
[2026-09-10T01:46:37.360+0000] {processor.py:914} INFO - Processing file /opt/airflow/dags/countries_dag.py for tasks to queue
[2026-09-10T01:46:37.374+0000] {logging_mixin.py:190} INFO - [2026-09-10T01:46:37.372+0000] {dagbag.py:588} INFO - Filling up the DagBag from /opt/airflow/dags/countries_dag.py
[2026-09-10T01:46:39.010+0000] {processor.py:925} INFO - DAG(s) 'countries_ingestion' retrieved from /opt/airflow/dags/countries_dag.py
[2026-09-10T01:46:39.094+0000] {logging_mixin.py:190} INFO - [2026-09-10T01:46:39.094+0000] {dag.py:3239} INFO - Sync 1 DAGs
[2026-09-10T01:46:39.160+0000] {logging_mixin.py:190} INFO - [2026-09-10T01:46:39.159+0000] {dag.py:4180} INFO - Setting next_dagrun for countries_ingestion to 2026-09-10 00:00:00+00:00, run_after=2026-09-10 04:00:00+00:00
[2026-09-10T01:46:39.213+0000] {processor.py:208} INFO - Processing /opt/airflow/dags/countries_dag.py took 1.883 seconds
[2026-09-10T01:47:09.714+0000] {processor.py:186} INFO - Started process (PID=317) to work on /opt/airflow/dags/countries_dag.py
[2026-09-10T01:47:09.716+0000] {processor.py:914} INFO - Processing file /opt/airflow/dags/countries_dag.py for tasks to queue
[2026-09-10T01:47:09.720+0000] {logging_mixin.py:190} INFO - [2026-09-10T01:47:09.720+0000] {dagbag.py:588} INFO - Filling up the DagBag from /opt/airflow/dags/countries_dag.py
[2026-09-10T01:47:12.064+0000] {processor.py:925} INFO - DAG(s) 'countries_ingestion' retrieved from /opt/airflow/dags/countries_dag.py
[2026-09-10T01:47:12.112+0000] {logging_mixin.py:190} INFO - [2026-09-10T01:47:12.112+0000] {dag.py:3239} INFO - Sync 1 DAGs
[2026-09-10T01:47:12.169+0000] {logging_mixin.py:190} INFO - [2026-09-10T01:47:12.169+0000] {dag.py:4180} INFO - Setting next_dagrun for countries_ingestion to 2026-09-10 00:00:00+00:00, run_after=2026-09-10 04:00:00+00:00
[2026-09-10T01:47:12.682+0000] {processor.py:208} INFO - Processing /opt/airflow/dags/countries_dag.py took 2.991 seconds
[2026-09-10T01:47:43.101+0000] {processor.py:186} INFO - Started process (PID=324) to work on /opt/airflow/dags/countries_dag.py
[2026-09-10T01:47:43.103+0000] {processor.py:914} INFO - Processing file /opt/airflow/dags/countries_dag.py for tasks to queue
[2026-09-10T01:47:43.106+0000] {logging_mixin.py:190} INFO - [2026-09-10T01:47:43.106+0000] {dagbag.py:588} INFO - Filling up the DagBag from /opt/airflow/dags/countries_dag.py
[2026-09-10T01:47:44.860+0000] {processor.py:925} INFO - DAG(s) 'countries_ingestion' retrieved from /opt/airflow/dags/countries_dag.py
[2026-09-10T01:47:44.907+0000] {logging_mixin.py:190} INFO - [2026-09-10T01:47:44.906+0000] {dag.py:3239} INFO - Sync 1 DAGs
[2026-09-10T01:47:44.963+0000] {logging_mixin.py:190} INFO - [2026-09-10T01:47:44.963+0000] {dag.py:4180} INFO - Setting next_dagrun for countries_ingestion to 2026-09-10 00:00:00+00:00, run_after=2026-09-10 04:00:00+00:00
[2026-09-10T01:47:45.017+0000] {processor.py:208} INFO - Processing /opt/airflow/dags/countries_dag.py took 1.929 seconds
[2026-09-10T01:48:15.433+0000] {processor.py:186} INFO - Started process (PID=331) to work on /opt/airflow/dags/countries_dag.py
[2026-09-10T01:48:15.434+0000] {processor.py:914} INFO - Processing file /opt/airflow/dags/countries_dag.py for tasks to queue
[2026-09-10T01:48:15.441+0000] {logging_mixin.py:190} INFO - [2026-09-10T01:48:15.440+0000] {dagbag.py:588} INFO - Filling up the DagBag from /opt/airflow/dags/countries_dag.py
[2026-09-10T01:48:17.102+0000] {processor.py:925} INFO - DAG(s) 'countries_ingestion' retrieved from /opt/airflow/dags/countries_dag.py
[2026-09-10T01:48:17.156+0000] {logging_mixin.py:190} INFO - [2026-09-10T01:48:17.155+0000] {dag.py:3239} INFO - Sync 1 DAGs
[2026-09-10T01:48:17.214+0000] {logging_mixin.py:190} INFO - [2026-09-10T01:48:17.214+0000] {dag.py:4180} INFO - Setting next_dagrun for countries_ingestion to 2026-09-10 00:00:00+00:00, run_after=2026-09-10 04:00:00+00:00
[2026-09-10T01:48:17.258+0000] {processor.py:208} INFO - Processing /opt/airflow/dags/countries_dag.py took 1.838 seconds
[2026-09-10T01:48:47.760+0000] {processor.py:186} INFO - Started process (PID=338) to work on /opt/airflow/dags/countries_dag.py
[2026-09-10T01:48:47.763+0000] {processor.py:914} INFO - Processing file /opt/airflow/dags/countries_dag.py for tasks to queue
[2026-09-10T01:48:47.769+0000] {logging_mixin.py:190} INFO - [2026-09-10T01:48:47.768+0000] {dagbag.py:588} INFO - Filling up the DagBag from /opt/airflow/dags/countries_dag.py
[2026-09-10T01:48:49.774+0000] {processor.py:925} INFO - DAG(s) 'countries_ingestion' retrieved from /opt/airflow/dags/countries_dag.py
[2026-09-10T01:48:49.827+0000] {logging_mixin.py:190} INFO - [2026-09-10T01:48:49.827+0000] {dag.py:3239} INFO - Sync 1 DAGs
[2026-09-10T01:48:49.902+0000] {logging_mixin.py:190} INFO - [2026-09-10T01:48:49.902+0000] {dag.py:4180} INFO - Setting next_dagrun for countries_ingestion to 2026-09-10 00:00:00+00:00, run_after=2026-09-10 04:00:00+00:00
[2026-09-10T01:48:49.965+0000] {processor.py:208} INFO - Processing /opt/airflow/dags/countries_dag.py took 2.221 seconds
[2026-09-10T01:49:20.388+0000] {processor.py:186} INFO - Started process (PID=345) to work on /opt/airflow/dags/countries_dag.py
[2026-09-10T01:49:20.392+0000] {processor.py:914} INFO - Processing file /opt/airflow/dags/countries_dag.py for tasks to queue
[2026-09-10T01:49:20.399+0000] {logging_mixin.py:190} INFO - [2026-09-10T01:49:20.398+0000] {dagbag.py:588} INFO - Filling up the DagBag from /opt/airflow/dags/countries_dag.py
[2026-09-10T01:49:23.346+0000] {processor.py:925} INFO - DAG(s) 'countries_ingestion' retrieved from /opt/airflow/dags/countries_dag.py
[2026-09-10T01:49:23.420+0000] {logging_mixin.py:190} INFO - [2026-09-10T01:49:23.420+0000] {dag.py:3239} INFO - Sync 1 DAGs
[2026-09-10T01:49:23.480+0000] {logging_mixin.py:190} INFO - [2026-09-10T01:49:23.479+0000] {dag.py:4180} INFO - Setting next_dagrun for countries_ingestion to 2026-09-10 00:00:00+00:00, run_after=2026-09-10 04:00:00+00:00
[2026-09-10T01:49:23.530+0000] {processor.py:208} INFO - Processing /opt/airflow/dags/countries_dag.py took 3.163 seconds
[2026-09-10T01:49:54.039+0000] {processor.py:186} INFO - Started process (PID=352) to work on /opt/airflow/dags/countries_dag.py
[2026-09-10T01:49:54.041+0000] {processor.py:914} INFO - Processing file /opt/airflow/dags/countries_dag.py for tasks to queue
[2026-09-10T01:49:54.050+0000] {logging_mixin.py:190} INFO - [2026-09-10T01:49:54.049+0000] {dagbag.py:588} INFO - Filling up the DagBag from /opt/airflow/dags/countries_dag.py
[2026-09-10T01:49:55.947+0000] {processor.py:925} INFO - DAG(s) 'countries_ingestion' retrieved from /opt/airflow/dags/countries_dag.py
[2026-09-10T01:49:56.034+0000] {logging_mixin.py:190} INFO - [2026-09-10T01:49:56.033+0000] {dag.py:3239} INFO - Sync 1 DAGs
[2026-09-10T01:49:56.109+0000] {logging_mixin.py:190} INFO - [2026-09-10T01:49:56.108+0000] {dag.py:4180} INFO - Setting next_dagrun for countries_ingestion to 2026-09-10 00:00:00+00:00, run_after=2026-09-10 04:00:00+00:00
[2026-09-10T01:49:56.171+0000] {processor.py:208} INFO - Processing /opt/airflow/dags/countries_dag.py took 2.163 seconds
[2026-09-10T01:50:26.439+0000] {processor.py:186} INFO - Started process (PID=359) to work on /opt/airflow/dags/countries_dag.py
[2026-09-10T01:50:26.442+0000] {processor.py:914} INFO - Processing file /opt/airflow/dags/countries_dag.py for tasks to queue
[2026-09-10T01:50:26.448+0000] {logging_mixin.py:190} INFO - [2026-09-10T01:50:26.447+0000] {dagbag.py:588} INFO - Filling up the DagBag from /opt/airflow/dags/countries_dag.py
[2026-09-10T01:50:28.772+0000] {processor.py:925} INFO - DAG(s) 'countries_ingestion' retrieved from /opt/airflow/dags/countries_dag.py
[2026-09-10T01:50:28.830+0000] {logging_mixin.py:190} INFO - [2026-09-10T01:50:28.829+0000] {dag.py:3239} INFO - Sync 1 DAGs
[2026-09-10T01:50:29.355+0000] {logging_mixin.py:190} INFO - [2026-09-10T01:50:29.354+0000] {dag.py:4180} INFO - Setting next_dagrun for countries_ingestion to 2026-09-10 00:00:00+00:00, run_after=2026-09-10 04:00:00+00:00
[2026-09-10T01:50:29.417+0000] {processor.py:208} INFO - Processing /opt/airflow/dags/countries_dag.py took 2.999 seconds
[2026-09-10T01:50:59.854+0000] {processor.py:186} INFO - Started process (PID=366) to work on /opt/airflow/dags/countries_dag.py
[2026-09-10T01:50:59.857+0000] {processor.py:914} INFO - Processing file /opt/airflow/dags/countries_dag.py for tasks to queue
[2026-09-10T01:50:59.865+0000] {logging_mixin.py:190} INFO - [2026-09-10T01:50:59.863+0000] {dagbag.py:588} INFO - Filling up the DagBag from /opt/airflow/dags/countries_dag.py
[2026-09-10T01:51:02.247+0000] {processor.py:925} INFO - DAG(s) 'countries_ingestion' retrieved from /opt/airflow/dags/countries_dag.py
[2026-09-10T01:51:02.307+0000] {logging_mixin.py:190} INFO - [2026-09-10T01:51:02.307+0000] {dag.py:3239} INFO - Sync 1 DAGs
[2026-09-10T01:51:02.371+0000] {logging_mixin.py:190} INFO - [2026-09-10T01:51:02.370+0000] {dag.py:4180} INFO - Setting next_dagrun for countries_ingestion to 2026-09-10 00:00:00+00:00, run_after=2026-09-10 04:00:00+00:00
[2026-09-10T01:51:02.415+0000] {processor.py:208} INFO - Processing /opt/airflow/dags/countries_dag.py took 2.580 seconds
[2026-09-10T01:51:32.841+0000] {processor.py:186} INFO - Started process (PID=373) to work on /opt/airflow/dags/countries_dag.py
[2026-09-10T01:51:32.844+0000] {processor.py:914} INFO - Processing file /opt/airflow/dags/countries_dag.py for tasks to queue
[2026-09-10T01:51:32.848+0000] {logging_mixin.py:190} INFO - [2026-09-10T01:51:32.848+0000] {dagbag.py:588} INFO - Filling up the DagBag from /opt/airflow/dags/countries_dag.py
[2026-09-10T01:51:34.742+0000] {processor.py:925} INFO - DAG(s) 'countries_ingestion' retrieved from /opt/airflow/dags/countries_dag.py
[2026-09-10T01:51:34.803+0000] {logging_mixin.py:190} INFO - [2026-09-10T01:51:34.802+0000] {dag.py:3239} INFO - Sync 1 DAGs
[2026-09-10T01:51:34.870+0000] {logging_mixin.py:190} INFO - [2026-09-10T01:51:34.869+0000] {dag.py:4180} INFO - Setting next_dagrun for countries_ingestion to 2026-09-10 00:00:00+00:00, run_after=2026-09-10 04:00:00+00:00
[2026-09-10T01:51:34.942+0000] {processor.py:208} INFO - Processing /opt/airflow/dags/countries_dag.py took 2.115 seconds
[2026-09-10T01:52:05.221+0000] {processor.py:186} INFO - Started process (PID=380) to work on /opt/airflow/dags/countries_dag.py
[2026-09-10T01:52:05.223+0000] {processor.py:914} INFO - Processing file /opt/airflow/dags/countries_dag.py for tasks to queue
[2026-09-10T01:52:05.227+0000] {logging_mixin.py:190} INFO - [2026-09-10T01:52:05.226+0000] {dagbag.py:588} INFO - Filling up the DagBag from /opt/airflow/dags/countries_dag.py
[2026-09-10T01:52:07.220+0000] {processor.py:925} INFO - DAG(s) 'countries_ingestion' retrieved from /opt/airflow/dags/countries_dag.py
[2026-09-10T01:52:07.262+0000] {logging_mixin.py:190} INFO - [2026-09-10T01:52:07.262+0000] {dag.py:3239} INFO - Sync 1 DAGs
[2026-09-10T01:52:07.309+0000] {logging_mixin.py:190} INFO - [2026-09-10T01:52:07.309+0000] {dag.py:4180} INFO - Setting next_dagrun for countries_ingestion to 2026-09-10 00:00:00+00:00, run_after=2026-09-10 04:00:00+00:00
[2026-09-10T01:52:07.366+0000] {processor.py:208} INFO - Processing /opt/airflow/dags/countries_dag.py took 2.161 seconds
[2026-09-10T01:52:37.781+0000] {processor.py:186} INFO - Started process (PID=387) to work on /opt/airflow/dags/countries_dag.py
[2026-09-10T01:52:37.784+0000] {processor.py:914} INFO - Processing file /opt/airflow/dags/countries_dag.py for tasks to queue
[2026-09-10T01:52:37.791+0000] {logging_mixin.py:190} INFO - [2026-09-10T01:52:37.790+0000] {dagbag.py:588} INFO - Filling up the DagBag from /opt/airflow/dags/countries_dag.py
[2026-09-10T01:52:39.346+0000] {processor.py:925} INFO - DAG(s) 'countries_ingestion' retrieved from /opt/airflow/dags/countries_dag.py
[2026-09-10T01:52:39.401+0000] {logging_mixin.py:190} INFO - [2026-09-10T01:52:39.400+0000] {dag.py:3239} INFO - Sync 1 DAGs
[2026-09-10T01:52:39.457+0000] {logging_mixin.py:190} INFO - [2026-09-10T01:52:39.457+0000] {dag.py:4180} INFO - Setting next_dagrun for countries_ingestion to 2026-09-10 00:00:00+00:00, run_after=2026-09-10 04:00:00+00:00
[2026-09-10T01:52:39.502+0000] {processor.py:208} INFO - Processing /opt/airflow/dags/countries_dag.py took 1.741 seconds
[2026-09-10T01:53:10.050+0000] {processor.py:186} INFO - Started process (PID=394) to work on /opt/airflow/dags/countries_dag.py
[2026-09-10T01:53:10.053+0000] {processor.py:914} INFO - Processing file /opt/airflow/dags/countries_dag.py for tasks to queue
[2026-09-10T01:53:10.067+0000] {logging_mixin.py:190} INFO - [2026-09-10T01:53:10.066+0000] {dagbag.py:588} INFO - Filling up the DagBag from /opt/airflow/dags/countries_dag.py
[2026-09-10T01:53:13.151+0000] {processor.py:925} INFO - DAG(s) 'countries_ingestion' retrieved from /opt/airflow/dags/countries_dag.py
[2026-09-10T01:53:13.235+0000] {logging_mixin.py:190} INFO - [2026-09-10T01:53:13.234+0000] {dag.py:3239} INFO - Sync 1 DAGs
[2026-09-10T01:53:13.310+0000] {logging_mixin.py:190} INFO - [2026-09-10T01:53:13.309+0000] {dag.py:4180} INFO - Setting next_dagrun for countries_ingestion to 2026-09-10 00:00:00+00:00, run_after=2026-09-10 04:00:00+00:00
[2026-09-10T01:53:13.352+0000] {processor.py:208} INFO - Processing /opt/airflow/dags/countries_dag.py took 3.332 seconds
[2026-09-10T01:53:43.677+0000] {processor.py:186} INFO - Started process (PID=401) to work on /opt/airflow/dags/countries_dag.py
[2026-09-10T01:53:43.679+0000] {processor.py:914} INFO - Processing file /opt/airflow/dags/countries_dag.py for tasks to queue
[2026-09-10T01:53:43.687+0000] {logging_mixin.py:190} INFO - [2026-09-10T01:53:43.684+0000] {dagbag.py:588} INFO - Filling up the DagBag from /opt/airflow/dags/countries_dag.py
[2026-09-10T01:53:45.501+0000] {processor.py:925} INFO - DAG(s) 'countries_ingestion' retrieved from /opt/airflow/dags/countries_dag.py
[2026-09-10T01:53:45.550+0000] {logging_mixin.py:190} INFO - [2026-09-10T01:53:45.549+0000] {dag.py:3239} INFO - Sync 1 DAGs
[2026-09-10T01:53:46.013+0000] {logging_mixin.py:190} INFO - [2026-09-10T01:53:46.012+0000] {dag.py:4180} INFO - Setting next_dagrun for countries_ingestion to 2026-09-10 00:00:00+00:00, run_after=2026-09-10 04:00:00+00:00
[2026-09-10T01:53:46.058+0000] {processor.py:208} INFO - Processing /opt/airflow/dags/countries_dag.py took 2.397 seconds
[2026-09-10T01:54:16.290+0000] {processor.py:186} INFO - Started process (PID=408) to work on /opt/airflow/dags/countries_dag.py
[2026-09-10T01:54:16.293+0000] {processor.py:914} INFO - Processing file /opt/airflow/dags/countries_dag.py for tasks to queue
[2026-09-10T01:54:16.306+0000] {logging_mixin.py:190} INFO - [2026-09-10T01:54:16.303+0000] {dagbag.py:588} INFO - Filling up the DagBag from /opt/airflow/dags/countries_dag.py
[2026-09-10T01:54:18.158+0000] {processor.py:925} INFO - DAG(s) 'countries_ingestion' retrieved from /opt/airflow/dags/countries_dag.py
[2026-09-10T01:54:18.238+0000] {logging_mixin.py:190} INFO - [2026-09-10T01:54:18.237+0000] {dag.py:3239} INFO - Sync 1 DAGs
[2026-09-10T01:54:18.571+0000] {logging_mixin.py:190} INFO - [2026-09-10T01:54:18.570+0000] {dag.py:4180} INFO - Setting next_dagrun for countries_ingestion to 2026-09-10 00:00:00+00:00, run_after=2026-09-10 04:00:00+00:00
[2026-09-10T01:54:18.636+0000] {processor.py:208} INFO - Processing /opt/airflow/dags/countries_dag.py took 2.370 seconds
[2026-09-10T01:54:48.899+0000] {processor.py:186} INFO - Started process (PID=415) to work on /opt/airflow/dags/countries_dag.py
[2026-09-10T01:54:48.901+0000] {processor.py:914} INFO - Processing file /opt/airflow/dags/countries_dag.py for tasks to queue
[2026-09-10T01:54:48.907+0000] {logging_mixin.py:190} INFO - [2026-09-10T01:54:48.906+0000] {dagbag.py:588} INFO - Filling up the DagBag from /opt/airflow/dags/countries_dag.py
[2026-09-10T01:54:50.957+0000] {processor.py:925} INFO - DAG(s) 'countries_ingestion' retrieved from /opt/airflow/dags/countries_dag.py
[2026-09-10T01:54:51.036+0000] {logging_mixin.py:190} INFO - [2026-09-10T01:54:51.035+0000] {dag.py:3239} INFO - Sync 1 DAGs
[2026-09-10T01:54:51.124+0000] {logging_mixin.py:190} INFO - [2026-09-10T01:54:51.124+0000] {dag.py:4180} INFO - Setting next_dagrun for countries_ingestion to 2026-09-10 00:00:00+00:00, run_after=2026-09-10 04:00:00+00:00
[2026-09-10T01:54:51.198+0000] {processor.py:208} INFO - Processing /opt/airflow/dags/countries_dag.py took 2.322 seconds
[2026-09-10T01:55:21.824+0000] {processor.py:186} INFO - Started process (PID=422) to work on /opt/airflow/dags/countries_dag.py
[2026-09-10T01:55:21.850+0000] {processor.py:914} INFO - Processing file /opt/airflow/dags/countries_dag.py for tasks to queue
[2026-09-10T01:55:21.882+0000] {logging_mixin.py:190} INFO - [2026-09-10T01:55:21.881+0000] {dagbag.py:588} INFO - Filling up the DagBag from /opt/airflow/dags/countries_dag.py
[2026-09-10T01:55:24.739+0000] {processor.py:925} INFO - DAG(s) 'countries_ingestion' retrieved from /opt/airflow/dags/countries_dag.py
[2026-09-10T01:55:24.819+0000] {logging_mixin.py:190} INFO - [2026-09-10T01:55:24.818+0000] {dag.py:3239} INFO - Sync 1 DAGs
[2026-09-10T01:55:24.892+0000] {logging_mixin.py:190} INFO - [2026-09-10T01:55:24.892+0000] {dag.py:4180} INFO - Setting next_dagrun for countries_ingestion to 2026-09-10 00:00:00+00:00, run_after=2026-09-10 04:00:00+00:00
[2026-09-10T01:55:24.948+0000] {processor.py:208} INFO - Processing /opt/airflow/dags/countries_dag.py took 3.173 seconds
[2026-09-10T01:55:55.137+0000] {processor.py:186} INFO - Started process (PID=429) to work on /opt/airflow/dags/countries_dag.py
[2026-09-10T01:55:55.143+0000] {processor.py:914} INFO - Processing file /opt/airflow/dags/countries_dag.py for tasks to queue
[2026-09-10T01:55:55.152+0000] {logging_mixin.py:190} INFO - [2026-09-10T01:55:55.150+0000] {dagbag.py:588} INFO - Filling up the DagBag from /opt/airflow/dags/countries_dag.py
[2026-09-10T01:55:57.987+0000] {processor.py:925} INFO - DAG(s) 'countries_ingestion' retrieved from /opt/airflow/dags/countries_dag.py
[2026-09-10T01:55:58.118+0000] {logging_mixin.py:190} INFO - [2026-09-10T01:55:58.118+0000] {dag.py:3239} INFO - Sync 1 DAGs
[2026-09-10T01:55:58.211+0000] {logging_mixin.py:190} INFO - [2026-09-10T01:55:58.210+0000] {dag.py:4180} INFO - Setting next_dagrun for countries_ingestion to 2026-09-10 00:00:00+00:00, run_after=2026-09-10 04:00:00+00:00
[2026-09-10T01:55:58.283+0000] {processor.py:208} INFO - Processing /opt/airflow/dags/countries_dag.py took 3.161 seconds
[2026-09-10T01:56:29.019+0000] {processor.py:186} INFO - Started process (PID=436) to work on /opt/airflow/dags/countries_dag.py
[2026-09-10T01:56:29.025+0000] {processor.py:914} INFO - Processing file /opt/airflow/dags/countries_dag.py for tasks to queue
[2026-09-10T01:56:29.036+0000] {logging_mixin.py:190} INFO - [2026-09-10T01:56:29.036+0000] {dagbag.py:588} INFO - Filling up the DagBag from /opt/airflow/dags/countries_dag.py
[2026-09-10T01:56:33.744+0000] {processor.py:925} INFO - DAG(s) 'countries_ingestion' retrieved from /opt/airflow/dags/countries_dag.py
[2026-09-10T01:56:33.885+0000] {logging_mixin.py:190} INFO - [2026-09-10T01:56:33.884+0000] {dag.py:3239} INFO - Sync 1 DAGs
[2026-09-10T01:56:34.706+0000] {logging_mixin.py:190} INFO - [2026-09-10T01:56:34.705+0000] {dag.py:4180} INFO - Setting next_dagrun for countries_ingestion to 2026-09-10 00:00:00+00:00, run_after=2026-09-10 04:00:00+00:00
[2026-09-10T01:56:34.791+0000] {processor.py:208} INFO - Processing /opt/airflow/dags/countries_dag.py took 5.796 seconds
[2026-09-10T01:57:05.425+0000] {processor.py:186} INFO - Started process (PID=443) to work on /opt/airflow/dags/countries_dag.py
[2026-09-10T01:57:05.427+0000] {processor.py:914} INFO - Processing file /opt/airflow/dags/countries_dag.py for tasks to queue
[2026-09-10T01:57:05.433+0000] {logging_mixin.py:190} INFO - [2026-09-10T01:57:05.432+0000] {dagbag.py:588} INFO - Filling up the DagBag from /opt/airflow/dags/countries_dag.py
[2026-09-10T01:57:08.175+0000] {processor.py:925} INFO - DAG(s) 'countries_ingestion' retrieved from /opt/airflow/dags/countries_dag.py
[2026-09-10T01:57:08.304+0000] {logging_mixin.py:190} INFO - [2026-09-10T01:57:08.303+0000] {dag.py:3239} INFO - Sync 1 DAGs
[2026-09-10T01:57:08.664+0000] {logging_mixin.py:190} INFO - [2026-09-10T01:57:08.663+0000] {dag.py:4180} INFO - Setting next_dagrun for countries_ingestion to 2026-09-10 00:00:00+00:00, run_after=2026-09-10 04:00:00+00:00
[2026-09-10T01:57:08.710+0000] {processor.py:208} INFO - Processing /opt/airflow/dags/countries_dag.py took 3.310 seconds
[2026-09-10T01:57:39.215+0000] {processor.py:186} INFO - Started process (PID=450) to work on /opt/airflow/dags/countries_dag.py
[2026-09-10T01:57:39.218+0000] {processor.py:914} INFO - Processing file /opt/airflow/dags/countries_dag.py for tasks to queue
[2026-09-10T01:57:39.223+0000] {logging_mixin.py:190} INFO - [2026-09-10T01:57:39.222+0000] {dagbag.py:588} INFO - Filling up the DagBag from /opt/airflow/dags/countries_dag.py
[2026-09-10T01:57:41.739+0000] {processor.py:925} INFO - DAG(s) 'countries_ingestion' retrieved from /opt/airflow/dags/countries_dag.py
[2026-09-10T01:57:41.876+0000] {logging_mixin.py:190} INFO - [2026-09-10T01:57:41.876+0000] {dag.py:3239} INFO - Sync 1 DAGs
[2026-09-10T01:57:41.990+0000] {logging_mixin.py:190} INFO - [2026-09-10T01:57:41.989+0000] {dag.py:4180} INFO - Setting next_dagrun for countries_ingestion to 2026-09-10 00:00:00+00:00, run_after=2026-09-10 04:00:00+00:00
[2026-09-10T01:57:42.052+0000] {processor.py:208} INFO - Processing /opt/airflow/dags/countries_dag.py took 2.854 seconds
[2026-09-10T01:58:12.597+0000] {processor.py:186} INFO - Started process (PID=457) to work on /opt/airflow/dags/countries_dag.py
[2026-09-10T01:58:12.599+0000] {processor.py:914} INFO - Processing file /opt/airflow/dags/countries_dag.py for tasks to queue
[2026-09-10T01:58:12.606+0000] {logging_mixin.py:190} INFO - [2026-09-10T01:58:12.606+0000] {dagbag.py:588} INFO - Filling up the DagBag from /opt/airflow/dags/countries_dag.py
[2026-09-10T01:58:14.863+0000] {processor.py:925} INFO - DAG(s) 'countries_ingestion' retrieved from /opt/airflow/dags/countries_dag.py
[2026-09-10T01:58:14.941+0000] {logging_mixin.py:190} INFO - [2026-09-10T01:58:14.940+0000] {dag.py:3239} INFO - Sync 1 DAGs
[2026-09-10T01:58:15.006+0000] {logging_mixin.py:190} INFO - [2026-09-10T01:58:15.006+0000] {dag.py:4180} INFO - Setting next_dagrun for countries_ingestion to 2026-09-10 00:00:00+00:00, run_after=2026-09-10 04:00:00+00:00
[2026-09-10T01:58:15.065+0000] {processor.py:208} INFO - Processing /opt/airflow/dags/countries_dag.py took 2.488 seconds
[2026-09-10T02:01:09.133+0000] {processor.py:186} INFO - Started process (PID=209) to work on /opt/airflow/dags/countries_dag.py
[2026-09-10T02:01:09.137+0000] {processor.py:914} INFO - Processing file /opt/airflow/dags/countries_dag.py for tasks to queue
[2026-09-10T02:01:09.150+0000] {logging_mixin.py:190} INFO - [2026-09-10T02:01:09.149+0000] {dagbag.py:588} INFO - Filling up the DagBag from /opt/airflow/dags/countries_dag.py
[2026-09-10T02:01:19.584+0000] {processor.py:925} INFO - DAG(s) 'countries_ingestion' retrieved from /opt/airflow/dags/countries_dag.py
[2026-09-10T02:01:19.669+0000] {logging_mixin.py:190} INFO - [2026-09-10T02:01:19.668+0000] {dag.py:3239} INFO - Sync 1 DAGs
[2026-09-10T02:01:19.761+0000] {logging_mixin.py:190} INFO - [2026-09-10T02:01:19.760+0000] {dag.py:4180} INFO - Setting next_dagrun for countries_ingestion to 2026-09-10 00:00:00+00:00, run_after=2026-09-10 04:00:00+00:00
[2026-09-10T02:01:19.799+0000] {processor.py:208} INFO - Processing /opt/airflow/dags/countries_dag.py took 10.695 seconds
[2026-09-10T02:01:49.949+0000] {processor.py:186} INFO - Started process (PID=226) to work on /opt/airflow/dags/countries_dag.py
[2026-09-10T02:01:49.961+0000] {processor.py:914} INFO - Processing file /opt/airflow/dags/countries_dag.py for tasks to queue
[2026-09-10T02:01:49.967+0000] {logging_mixin.py:190} INFO - [2026-09-10T02:01:49.966+0000] {dagbag.py:588} INFO - Filling up the DagBag from /opt/airflow/dags/countries_dag.py
[2026-09-10T02:01:53.373+0000] {processor.py:925} INFO - DAG(s) 'countries_ingestion' retrieved from /opt/airflow/dags/countries_dag.py
[2026-09-10T02:01:53.488+0000] {logging_mixin.py:190} INFO - [2026-09-10T02:01:53.487+0000] {dag.py:3239} INFO - Sync 1 DAGs
[2026-09-10T02:01:53.584+0000] {logging_mixin.py:190} INFO - [2026-09-10T02:01:53.583+0000] {dag.py:4180} INFO - Setting next_dagrun for countries_ingestion to 2026-09-10 00:00:00+00:00, run_after=2026-09-10 04:00:00+00:00
[2026-09-10T02:01:53.671+0000] {processor.py:208} INFO - Processing /opt/airflow/dags/countries_dag.py took 3.739 seconds
[2026-09-10T02:02:24.174+0000] {processor.py:186} INFO - Started process (PID=233) to work on /opt/airflow/dags/countries_dag.py
[2026-09-10T02:02:24.176+0000] {processor.py:914} INFO - Processing file /opt/airflow/dags/countries_dag.py for tasks to queue
[2026-09-10T02:02:24.183+0000] {logging_mixin.py:190} INFO - [2026-09-10T02:02:24.183+0000] {dagbag.py:588} INFO - Filling up the DagBag from /opt/airflow/dags/countries_dag.py
[2026-09-10T02:02:27.002+0000] {processor.py:925} INFO - DAG(s) 'countries_ingestion' retrieved from /opt/airflow/dags/countries_dag.py
[2026-09-10T02:02:27.246+0000] {logging_mixin.py:190} INFO - [2026-09-10T02:02:27.245+0000] {dag.py:3239} INFO - Sync 1 DAGs
[2026-09-10T02:02:27.555+0000] {logging_mixin.py:190} INFO - [2026-09-10T02:02:27.555+0000] {dag.py:4180} INFO - Setting next_dagrun for countries_ingestion to 2026-09-10 00:00:00+00:00, run_after=2026-09-10 04:00:00+00:00
[2026-09-10T02:02:28.026+0000] {processor.py:208} INFO - Processing /opt/airflow/dags/countries_dag.py took 3.860 seconds
[2026-09-10T02:02:58.771+0000] {processor.py:186} INFO - Started process (PID=241) to work on /opt/airflow/dags/countries_dag.py
[2026-09-10T02:02:58.796+0000] {processor.py:914} INFO - Processing file /opt/airflow/dags/countries_dag.py for tasks to queue
[2026-09-10T02:02:58.812+0000] {logging_mixin.py:190} INFO - [2026-09-10T02:02:58.811+0000] {dagbag.py:588} INFO - Filling up the DagBag from /opt/airflow/dags/countries_dag.py
[2026-09-10T02:03:06.187+0000] {processor.py:925} INFO - DAG(s) 'countries_ingestion' retrieved from /opt/airflow/dags/countries_dag.py
[2026-09-10T02:03:06.360+0000] {logging_mixin.py:190} INFO - [2026-09-10T02:03:06.359+0000] {dag.py:3239} INFO - Sync 1 DAGs
[2026-09-10T02:03:06.685+0000] {logging_mixin.py:190} INFO - [2026-09-10T02:03:06.684+0000] {dag.py:4180} INFO - Setting next_dagrun for countries_ingestion to 2026-09-10 00:00:00+00:00, run_after=2026-09-10 04:00:00+00:00
[2026-09-10T02:03:07.047+0000] {processor.py:208} INFO - Processing /opt/airflow/dags/countries_dag.py took 8.317 seconds
[2026-09-10T02:03:38.972+0000] {processor.py:186} INFO - Started process (PID=248) to work on /opt/airflow/dags/countries_dag.py
[2026-09-10T02:03:38.976+0000] {processor.py:914} INFO - Processing file /opt/airflow/dags/countries_dag.py for tasks to queue
[2026-09-10T02:03:38.992+0000] {logging_mixin.py:190} INFO - [2026-09-10T02:03:38.990+0000] {dagbag.py:588} INFO - Filling up the DagBag from /opt/airflow/dags/countries_dag.py
[2026-09-10T02:03:41.543+0000] {processor.py:925} INFO - DAG(s) 'countries_ingestion' retrieved from /opt/airflow/dags/countries_dag.py
[2026-09-10T02:03:41.638+0000] {logging_mixin.py:190} INFO - [2026-09-10T02:03:41.637+0000] {dag.py:3239} INFO - Sync 1 DAGs
[2026-09-10T02:03:41.727+0000] {logging_mixin.py:190} INFO - [2026-09-10T02:03:41.727+0000] {dag.py:4180} INFO - Setting next_dagrun for countries_ingestion to 2026-09-10 00:00:00+00:00, run_after=2026-09-10 04:00:00+00:00
[2026-09-10T02:03:41.783+0000] {processor.py:208} INFO - Processing /opt/airflow/dags/countries_dag.py took 3.022 seconds
[2026-09-10T02:04:11.970+0000] {processor.py:186} INFO - Started process (PID=255) to work on /opt/airflow/dags/countries_dag.py
[2026-09-10T02:04:11.977+0000] {processor.py:914} INFO - Processing file /opt/airflow/dags/countries_dag.py for tasks to queue
[2026-09-10T02:04:11.988+0000] {logging_mixin.py:190} INFO - [2026-09-10T02:04:11.988+0000] {dagbag.py:588} INFO - Filling up the DagBag from /opt/airflow/dags/countries_dag.py
[2026-09-10T02:04:14.237+0000] {processor.py:925} INFO - DAG(s) 'countries_ingestion' retrieved from /opt/airflow/dags/countries_dag.py
[2026-09-10T02:04:14.325+0000] {logging_mixin.py:190} INFO - [2026-09-10T02:04:14.325+0000] {dag.py:3239} INFO - Sync 1 DAGs
[2026-09-10T02:04:14.423+0000] {logging_mixin.py:190} INFO - [2026-09-10T02:04:14.423+0000] {dag.py:4180} INFO - Setting next_dagrun for countries_ingestion to 2026-09-10 00:00:00+00:00, run_after=2026-09-10 04:00:00+00:00
[2026-09-10T02:04:26.221+0000] {processor.py:208} INFO - Processing /opt/airflow/dags/countries_dag.py took 14.271 seconds
[2026-09-10T02:04:57.087+0000] {processor.py:186} INFO - Started process (PID=262) to work on /opt/airflow/dags/countries_dag.py
[2026-09-10T02:04:57.091+0000] {processor.py:914} INFO - Processing file /opt/airflow/dags/countries_dag.py for tasks to queue
[2026-09-10T02:04:57.107+0000] {logging_mixin.py:190} INFO - [2026-09-10T02:04:57.104+0000] {dagbag.py:588} INFO - Filling up the DagBag from /opt/airflow/dags/countries_dag.py
[2026-09-10T02:05:01.024+0000] {processor.py:925} INFO - DAG(s) 'countries_ingestion' retrieved from /opt/airflow/dags/countries_dag.py
[2026-09-10T02:05:01.100+0000] {logging_mixin.py:190} INFO - [2026-09-10T02:05:01.100+0000] {dag.py:3239} INFO - Sync 1 DAGs
[2026-09-10T02:05:01.226+0000] {logging_mixin.py:190} INFO - [2026-09-10T02:05:01.225+0000] {dag.py:4180} INFO - Setting next_dagrun for countries_ingestion to 2026-09-10 00:00:00+00:00, run_after=2026-09-10 04:00:00+00:00
[2026-09-10T02:05:01.329+0000] {processor.py:208} INFO - Processing /opt/airflow/dags/countries_dag.py took 4.279 seconds
[2026-09-10T02:05:20.322+0000] {processor.py:186} INFO - Started process (PID=269) to work on /opt/airflow/dags/countries_dag.py
[2026-09-10T02:05:20.327+0000] {processor.py:914} INFO - Processing file /opt/airflow/dags/countries_dag.py for tasks to queue
[2026-09-10T02:05:20.347+0000] {logging_mixin.py:190} INFO - [2026-09-10T02:05:20.346+0000] {dagbag.py:588} INFO - Filling up the DagBag from /opt/airflow/dags/countries_dag.py
[2026-09-10T02:05:22.784+0000] {processor.py:925} INFO - DAG(s) 'countries_ingestion' retrieved from /opt/airflow/dags/countries_dag.py
[2026-09-10T02:05:22.849+0000] {logging_mixin.py:190} INFO - [2026-09-10T02:05:22.849+0000] {dag.py:3239} INFO - Sync 1 DAGs
[2026-09-10T02:05:23.531+0000] {logging_mixin.py:190} INFO - [2026-09-10T02:05:23.531+0000] {dag.py:4180} INFO - Setting next_dagrun for countries_ingestion to 2026-09-10 00:00:00+00:00, run_after=2026-09-10 04:00:00+00:00
[2026-09-10T02:05:23.568+0000] {processor.py:208} INFO - Processing /opt/airflow/dags/countries_dag.py took 3.298 seconds
[2026-09-10T02:05:54.023+0000] {processor.py:186} INFO - Started process (PID=276) to work on /opt/airflow/dags/countries_dag.py
[2026-09-10T02:05:54.025+0000] {processor.py:914} INFO - Processing file /opt/airflow/dags/countries_dag.py for tasks to queue
[2026-09-10T02:05:54.031+0000] {logging_mixin.py:190} INFO - [2026-09-10T02:05:54.030+0000] {dagbag.py:588} INFO - Filling up the DagBag from /opt/airflow/dags/countries_dag.py
[2026-09-10T02:05:56.222+0000] {processor.py:925} INFO - DAG(s) 'countries_ingestion' retrieved from /opt/airflow/dags/countries_dag.py
[2026-09-10T02:05:56.290+0000] {logging_mixin.py:190} INFO - [2026-09-10T02:05:56.289+0000] {dag.py:3239} INFO - Sync 1 DAGs
[2026-09-10T02:05:56.354+0000] {logging_mixin.py:190} INFO - [2026-09-10T02:05:56.354+0000] {dag.py:4180} INFO - Setting next_dagrun for countries_ingestion to 2026-09-10 00:00:00+00:00, run_after=2026-09-10 04:00:00+00:00
[2026-09-10T02:05:56.418+0000] {processor.py:208} INFO - Processing /opt/airflow/dags/countries_dag.py took 2.408 seconds
[2026-09-10T02:06:26.576+0000] {processor.py:186} INFO - Started process (PID=283) to work on /opt/airflow/dags/countries_dag.py
[2026-09-10T02:06:26.585+0000] {processor.py:914} INFO - Processing file /opt/airflow/dags/countries_dag.py for tasks to queue
[2026-09-10T02:06:26.593+0000] {logging_mixin.py:190} INFO - [2026-09-10T02:06:26.592+0000] {dagbag.py:588} INFO - Filling up the DagBag from /opt/airflow/dags/countries_dag.py
[2026-09-10T02:06:29.596+0000] {processor.py:925} INFO - DAG(s) 'countries_ingestion' retrieved from /opt/airflow/dags/countries_dag.py
[2026-09-10T02:06:29.693+0000] {logging_mixin.py:190} INFO - [2026-09-10T02:06:29.692+0000] {dag.py:3239} INFO - Sync 1 DAGs
[2026-09-10T02:06:29.783+0000] {logging_mixin.py:190} INFO - [2026-09-10T02:06:29.781+0000] {dag.py:4180} INFO - Setting next_dagrun for countries_ingestion to 2026-09-10 00:00:00+00:00, run_after=2026-09-10 04:00:00+00:00
[2026-09-10T02:06:29.845+0000] {processor.py:208} INFO - Processing /opt/airflow/dags/countries_dag.py took 3.293 seconds
[2026-09-10T02:07:00.358+0000] {processor.py:186} INFO - Started process (PID=290) to work on /opt/airflow/dags/countries_dag.py
[2026-09-10T02:07:00.371+0000] {processor.py:914} INFO - Processing file /opt/airflow/dags/countries_dag.py for tasks to queue
[2026-09-10T02:07:00.378+0000] {logging_mixin.py:190} INFO - [2026-09-10T02:07:00.377+0000] {dagbag.py:588} INFO - Filling up the DagBag from /opt/airflow/dags/countries_dag.py
[2026-09-10T02:07:03.890+0000] {processor.py:925} INFO - DAG(s) 'countries_ingestion' retrieved from /opt/airflow/dags/countries_dag.py
[2026-09-10T02:07:03.984+0000] {logging_mixin.py:190} INFO - [2026-09-10T02:07:03.984+0000] {dag.py:3239} INFO - Sync 1 DAGs
[2026-09-10T02:07:04.080+0000] {logging_mixin.py:190} INFO - [2026-09-10T02:07:04.080+0000] {dag.py:4180} INFO - Setting next_dagrun for countries_ingestion to 2026-09-10 00:00:00+00:00, run_after=2026-09-10 04:00:00+00:00
[2026-09-10T02:07:04.175+0000] {processor.py:208} INFO - Processing /opt/airflow/dags/countries_dag.py took 3.845 seconds
[2026-09-10T02:07:34.407+0000] {processor.py:186} INFO - Started process (PID=297) to work on /opt/airflow/dags/countries_dag.py
[2026-09-10T02:07:34.412+0000] {processor.py:914} INFO - Processing file /opt/airflow/dags/countries_dag.py for tasks to queue
[2026-09-10T02:07:34.418+0000] {logging_mixin.py:190} INFO - [2026-09-10T02:07:34.418+0000] {dagbag.py:588} INFO - Filling up the DagBag from /opt/airflow/dags/countries_dag.py
[2026-09-10T02:07:36.144+0000] {processor.py:925} INFO - DAG(s) 'countries_ingestion' retrieved from /opt/airflow/dags/countries_dag.py
[2026-09-10T02:07:36.264+0000] {logging_mixin.py:190} INFO - [2026-09-10T02:07:36.263+0000] {dag.py:3239} INFO - Sync 1 DAGs
[2026-09-10T02:07:37.973+0000] {logging_mixin.py:190} INFO - [2026-09-10T02:07:37.972+0000] {dag.py:4180} INFO - Setting next_dagrun for countries_ingestion to 2026-09-10 00:00:00+00:00, run_after=2026-09-10 04:00:00+00:00
[2026-09-10T02:07:38.044+0000] {processor.py:208} INFO - Processing /opt/airflow/dags/countries_dag.py took 3.655 seconds
[2026-09-10T02:08:08.672+0000] {processor.py:186} INFO - Started process (PID=304) to work on /opt/airflow/dags/countries_dag.py
[2026-09-10T02:08:08.678+0000] {processor.py:914} INFO - Processing file /opt/airflow/dags/countries_dag.py for tasks to queue
[2026-09-10T02:08:08.687+0000] {logging_mixin.py:190} INFO - [2026-09-10T02:08:08.686+0000] {dagbag.py:588} INFO - Filling up the DagBag from /opt/airflow/dags/countries_dag.py
[2026-09-10T02:08:11.077+0000] {processor.py:925} INFO - DAG(s) 'countries_ingestion' retrieved from /opt/airflow/dags/countries_dag.py
[2026-09-10T02:08:11.202+0000] {logging_mixin.py:190} INFO - [2026-09-10T02:08:11.201+0000] {dag.py:3239} INFO - Sync 1 DAGs
[2026-09-10T02:08:12.183+0000] {logging_mixin.py:190} INFO - [2026-09-10T02:08:12.182+0000] {dag.py:4180} INFO - Setting next_dagrun for countries_ingestion to 2026-09-10 00:00:00+00:00, run_after=2026-09-10 04:00:00+00:00
[2026-09-10T02:08:12.227+0000] {processor.py:208} INFO - Processing /opt/airflow/dags/countries_dag.py took 3.593 seconds
[2026-09-10T02:08:42.884+0000] {processor.py:186} INFO - Started process (PID=313) to work on /opt/airflow/dags/countries_dag.py
[2026-09-10T02:08:42.900+0000] {processor.py:914} INFO - Processing file /opt/airflow/dags/countries_dag.py for tasks to queue
[2026-09-10T02:08:42.916+0000] {logging_mixin.py:190} INFO - [2026-09-10T02:08:42.915+0000] {dagbag.py:588} INFO - Filling up the DagBag from /opt/airflow/dags/countries_dag.py
[2026-09-10T02:08:46.748+0000] {processor.py:925} INFO - DAG(s) 'countries_ingestion' retrieved from /opt/airflow/dags/countries_dag.py
[2026-09-10T02:08:46.901+0000] {logging_mixin.py:190} INFO - [2026-09-10T02:08:46.890+0000] {dag.py:3239} INFO - Sync 1 DAGs
[2026-09-10T02:08:47.163+0000] {processor.py:208} INFO - Processing /opt/airflow/dags/countries_dag.py took 4.314 seconds
[2026-09-10T02:09:17.765+0000] {processor.py:186} INFO - Started process (PID=328) to work on /opt/airflow/dags/countries_dag.py
[2026-09-10T02:09:17.775+0000] {processor.py:914} INFO - Processing file /opt/airflow/dags/countries_dag.py for tasks to queue
[2026-09-10T02:09:17.802+0000] {logging_mixin.py:190} INFO - [2026-09-10T02:09:17.801+0000] {dagbag.py:588} INFO - Filling up the DagBag from /opt/airflow/dags/countries_dag.py
[2026-09-10T02:09:19.927+0000] {processor.py:925} INFO - DAG(s) 'countries_ingestion' retrieved from /opt/airflow/dags/countries_dag.py
[2026-09-10T02:09:19.997+0000] {logging_mixin.py:190} INFO - [2026-09-10T02:09:19.997+0000] {dag.py:3239} INFO - Sync 1 DAGs
[2026-09-10T02:09:20.131+0000] {processor.py:208} INFO - Processing /opt/airflow/dags/countries_dag.py took 2.393 seconds
[2026-09-10T02:09:50.672+0000] {processor.py:186} INFO - Started process (PID=335) to work on /opt/airflow/dags/countries_dag.py
[2026-09-10T02:09:50.673+0000] {processor.py:914} INFO - Processing file /opt/airflow/dags/countries_dag.py for tasks to queue
[2026-09-10T02:09:50.677+0000] {logging_mixin.py:190} INFO - [2026-09-10T02:09:50.677+0000] {dagbag.py:588} INFO - Filling up the DagBag from /opt/airflow/dags/countries_dag.py
[2026-09-10T02:09:52.658+0000] {processor.py:925} INFO - DAG(s) 'countries_ingestion' retrieved from /opt/airflow/dags/countries_dag.py
[2026-09-10T02:09:52.746+0000] {logging_mixin.py:190} INFO - [2026-09-10T02:09:52.745+0000] {dag.py:3239} INFO - Sync 1 DAGs
[2026-09-10T02:09:52.929+0000] {processor.py:208} INFO - Processing /opt/airflow/dags/countries_dag.py took 2.271 seconds
[2026-09-10T02:10:23.104+0000] {processor.py:186} INFO - Started process (PID=347) to work on /opt/airflow/dags/countries_dag.py
[2026-09-10T02:10:23.108+0000] {processor.py:914} INFO - Processing file /opt/airflow/dags/countries_dag.py for tasks to queue
[2026-09-10T02:10:23.113+0000] {logging_mixin.py:190} INFO - [2026-09-10T02:10:23.113+0000] {dagbag.py:588} INFO - Filling up the DagBag from /opt/airflow/dags/countries_dag.py
[2026-09-10T02:10:25.157+0000] {processor.py:925} INFO - DAG(s) 'countries_ingestion' retrieved from /opt/airflow/dags/countries_dag.py
[2026-09-10T02:10:25.196+0000] {logging_mixin.py:190} INFO - [2026-09-10T02:10:25.196+0000] {dag.py:3239} INFO - Sync 1 DAGs
[2026-09-10T02:10:25.240+0000] {logging_mixin.py:190} INFO - [2026-09-10T02:10:25.240+0000] {dag.py:4180} INFO - Setting next_dagrun for countries_ingestion to 2026-09-10 00:00:00+00:00, run_after=2026-09-10 04:00:00+00:00
[2026-09-10T02:10:25.468+0000] {processor.py:208} INFO - Processing /opt/airflow/dags/countries_dag.py took 2.383 seconds
[2026-09-10T02:10:55.900+0000] {processor.py:186} INFO - Started process (PID=354) to work on /opt/airflow/dags/countries_dag.py
[2026-09-10T02:10:55.901+0000] {processor.py:914} INFO - Processing file /opt/airflow/dags/countries_dag.py for tasks to queue
[2026-09-10T02:10:55.907+0000] {logging_mixin.py:190} INFO - [2026-09-10T02:10:55.906+0000] {dagbag.py:588} INFO - Filling up the DagBag from /opt/airflow/dags/countries_dag.py
[2026-09-10T02:10:57.924+0000] {processor.py:925} INFO - DAG(s) 'countries_ingestion' retrieved from /opt/airflow/dags/countries_dag.py
[2026-09-10T02:10:58.133+0000] {logging_mixin.py:190} INFO - [2026-09-10T02:10:58.133+0000] {dag.py:3239} INFO - Sync 1 DAGs
[2026-09-10T02:10:58.951+0000] {logging_mixin.py:190} INFO - [2026-09-10T02:10:58.950+0000] {dag.py:4180} INFO - Setting next_dagrun for countries_ingestion to 2026-09-10 00:00:00+00:00, run_after=2026-09-10 04:00:00+00:00
[2026-09-10T02:10:58.981+0000] {processor.py:208} INFO - Processing /opt/airflow/dags/countries_dag.py took 3.093 seconds
[2026-09-10T02:11:29.622+0000] {processor.py:186} INFO - Started process (PID=361) to work on /opt/airflow/dags/countries_dag.py
[2026-09-10T02:11:29.624+0000] {processor.py:914} INFO - Processing file /opt/airflow/dags/countries_dag.py for tasks to queue
[2026-09-10T02:11:29.627+0000] {logging_mixin.py:190} INFO - [2026-09-10T02:11:29.627+0000] {dagbag.py:588} INFO - Filling up the DagBag from /opt/airflow/dags/countries_dag.py
[2026-09-10T02:11:31.304+0000] {processor.py:925} INFO - DAG(s) 'countries_ingestion' retrieved from /opt/airflow/dags/countries_dag.py
[2026-09-10T02:11:31.365+0000] {logging_mixin.py:190} INFO - [2026-09-10T02:11:31.364+0000] {dag.py:3239} INFO - Sync 1 DAGs
[2026-09-10T02:11:31.451+0000] {logging_mixin.py:190} INFO - [2026-09-10T02:11:31.450+0000] {dag.py:4180} INFO - Setting next_dagrun for countries_ingestion to 2026-09-10 00:00:00+00:00, run_after=2026-09-10 04:00:00+00:00
[2026-09-10T02:11:31.527+0000] {processor.py:208} INFO - Processing /opt/airflow/dags/countries_dag.py took 1.914 seconds
[2026-09-10T02:12:02.193+0000] {processor.py:186} INFO - Started process (PID=368) to work on /opt/airflow/dags/countries_dag.py
[2026-09-10T02:12:02.195+0000] {processor.py:914} INFO - Processing file /opt/airflow/dags/countries_dag.py for tasks to queue
[2026-09-10T02:12:02.202+0000] {logging_mixin.py:190} INFO - [2026-09-10T02:12:02.201+0000] {dagbag.py:588} INFO - Filling up the DagBag from /opt/airflow/dags/countries_dag.py
[2026-09-10T02:12:04.305+0000] {processor.py:925} INFO - DAG(s) 'countries_ingestion' retrieved from /opt/airflow/dags/countries_dag.py
[2026-09-10T02:12:04.361+0000] {logging_mixin.py:190} INFO - [2026-09-10T02:12:04.361+0000] {dag.py:3239} INFO - Sync 1 DAGs
[2026-09-10T02:12:04.407+0000] {logging_mixin.py:190} INFO - [2026-09-10T02:12:04.407+0000] {dag.py:4180} INFO - Setting next_dagrun for countries_ingestion to 2026-09-10 00:00:00+00:00, run_after=2026-09-10 04:00:00+00:00
[2026-09-10T02:12:04.454+0000] {processor.py:208} INFO - Processing /opt/airflow/dags/countries_dag.py took 2.276 seconds
[2026-09-10T02:12:34.632+0000] {processor.py:186} INFO - Started process (PID=375) to work on /opt/airflow/dags/countries_dag.py
[2026-09-10T02:12:34.636+0000] {processor.py:914} INFO - Processing file /opt/airflow/dags/countries_dag.py for tasks to queue
[2026-09-10T02:12:34.651+0000] {logging_mixin.py:190} INFO - [2026-09-10T02:12:34.650+0000] {dagbag.py:588} INFO - Filling up the DagBag from /opt/airflow/dags/countries_dag.py
[2026-09-10T02:12:36.220+0000] {processor.py:925} INFO - DAG(s) 'countries_ingestion' retrieved from /opt/airflow/dags/countries_dag.py
[2026-09-10T02:12:36.283+0000] {logging_mixin.py:190} INFO - [2026-09-10T02:12:36.282+0000] {dag.py:3239} INFO - Sync 1 DAGs
[2026-09-10T02:12:36.329+0000] {logging_mixin.py:190} INFO - [2026-09-10T02:12:36.328+0000] {dag.py:4180} INFO - Setting next_dagrun for countries_ingestion to 2026-09-10 00:00:00+00:00, run_after=2026-09-10 04:00:00+00:00
[2026-09-10T02:12:36.365+0000] {processor.py:208} INFO - Processing /opt/airflow/dags/countries_dag.py took 1.762 seconds
[2026-09-10T02:13:06.961+0000] {processor.py:186} INFO - Started process (PID=382) to work on /opt/airflow/dags/countries_dag.py
[2026-09-10T02:13:06.963+0000] {processor.py:914} INFO - Processing file /opt/airflow/dags/countries_dag.py for tasks to queue
[2026-09-10T02:13:06.966+0000] {logging_mixin.py:190} INFO - [2026-09-10T02:13:06.966+0000] {dagbag.py:588} INFO - Filling up the DagBag from /opt/airflow/dags/countries_dag.py
[2026-09-10T02:13:09.162+0000] {processor.py:925} INFO - DAG(s) 'countries_ingestion' retrieved from /opt/airflow/dags/countries_dag.py
[2026-09-10T02:13:09.209+0000] {logging_mixin.py:190} INFO - [2026-09-10T02:13:09.208+0000] {dag.py:3239} INFO - Sync 1 DAGs
[2026-09-10T02:13:09.251+0000] {logging_mixin.py:190} INFO - [2026-09-10T02:13:09.251+0000] {dag.py:4180} INFO - Setting next_dagrun for countries_ingestion to 2026-09-10 00:00:00+00:00, run_after=2026-09-10 04:00:00+00:00
[2026-09-10T02:13:09.286+0000] {processor.py:208} INFO - Processing /opt/airflow/dags/countries_dag.py took 2.336 seconds
[2026-09-10T02:13:39.472+0000] {processor.py:186} INFO - Started process (PID=389) to work on /opt/airflow/dags/countries_dag.py
[2026-09-10T02:13:39.474+0000] {processor.py:914} INFO - Processing file /opt/airflow/dags/countries_dag.py for tasks to queue
[2026-09-10T02:13:39.479+0000] {logging_mixin.py:190} INFO - [2026-09-10T02:13:39.478+0000] {dagbag.py:588} INFO - Filling up the DagBag from /opt/airflow/dags/countries_dag.py
[2026-09-10T02:13:41.037+0000] {processor.py:925} INFO - DAG(s) 'countries_ingestion' retrieved from /opt/airflow/dags/countries_dag.py
[2026-09-10T02:13:41.080+0000] {logging_mixin.py:190} INFO - [2026-09-10T02:13:41.080+0000] {dag.py:3239} INFO - Sync 1 DAGs
[2026-09-10T02:13:41.573+0000] {logging_mixin.py:190} INFO - [2026-09-10T02:13:41.572+0000] {dag.py:4180} INFO - Setting next_dagrun for countries_ingestion to 2026-09-10 00:00:00+00:00, run_after=2026-09-10 04:00:00+00:00
[2026-09-10T02:13:41.621+0000] {processor.py:208} INFO - Processing /opt/airflow/dags/countries_dag.py took 2.162 seconds
[2026-09-10T02:14:11.909+0000] {processor.py:186} INFO - Started process (PID=396) to work on /opt/airflow/dags/countries_dag.py
[2026-09-10T02:14:11.911+0000] {processor.py:914} INFO - Processing file /opt/airflow/dags/countries_dag.py for tasks to queue
[2026-09-10T02:14:11.918+0000] {logging_mixin.py:190} INFO - [2026-09-10T02:14:11.917+0000] {dagbag.py:588} INFO - Filling up the DagBag from /opt/airflow/dags/countries_dag.py
[2026-09-10T02:14:13.864+0000] {processor.py:925} INFO - DAG(s) 'countries_ingestion' retrieved from /opt/airflow/dags/countries_dag.py
[2026-09-10T02:14:13.916+0000] {logging_mixin.py:190} INFO - [2026-09-10T02:14:13.916+0000] {dag.py:3239} INFO - Sync 1 DAGs
[2026-09-10T02:14:14.273+0000] {logging_mixin.py:190} INFO - [2026-09-10T02:14:14.273+0000] {dag.py:4180} INFO - Setting next_dagrun for countries_ingestion to 2026-09-10 00:00:00+00:00, run_after=2026-09-10 04:00:00+00:00
[2026-09-10T02:14:14.313+0000] {processor.py:208} INFO - Processing /opt/airflow/dags/countries_dag.py took 2.416 seconds
[2026-09-10T02:14:44.675+0000] {processor.py:186} INFO - Started process (PID=403) to work on /opt/airflow/dags/countries_dag.py
[2026-09-10T02:14:44.678+0000] {processor.py:914} INFO - Processing file /opt/airflow/dags/countries_dag.py for tasks to queue
[2026-09-10T02:14:44.686+0000] {logging_mixin.py:190} INFO - [2026-09-10T02:14:44.685+0000] {dagbag.py:588} INFO - Filling up the DagBag from /opt/airflow/dags/countries_dag.py
[2026-09-10T02:14:46.297+0000] {processor.py:925} INFO - DAG(s) 'countries_ingestion' retrieved from /opt/airflow/dags/countries_dag.py
[2026-09-10T02:14:46.367+0000] {logging_mixin.py:190} INFO - [2026-09-10T02:14:46.365+0000] {dag.py:3239} INFO - Sync 1 DAGs
[2026-09-10T02:14:46.421+0000] {logging_mixin.py:190} INFO - [2026-09-10T02:14:46.421+0000] {dag.py:4180} INFO - Setting next_dagrun for countries_ingestion to 2026-09-10 00:00:00+00:00, run_after=2026-09-10 04:00:00+00:00
[2026-09-10T02:14:46.463+0000] {processor.py:208} INFO - Processing /opt/airflow/dags/countries_dag.py took 1.805 seconds
[2026-09-10T02:15:17.304+0000] {processor.py:186} INFO - Started process (PID=410) to work on /opt/airflow/dags/countries_dag.py
[2026-09-10T02:15:17.306+0000] {processor.py:914} INFO - Processing file /opt/airflow/dags/countries_dag.py for tasks to queue
[2026-09-10T02:15:17.314+0000] {logging_mixin.py:190} INFO - [2026-09-10T02:15:17.313+0000] {dagbag.py:588} INFO - Filling up the DagBag from /opt/airflow/dags/countries_dag.py
[2026-09-10T02:15:19.995+0000] {processor.py:925} INFO - DAG(s) 'countries_ingestion' retrieved from /opt/airflow/dags/countries_dag.py
[2026-09-10T02:15:20.097+0000] {logging_mixin.py:190} INFO - [2026-09-10T02:15:20.096+0000] {dag.py:3239} INFO - Sync 1 DAGs
[2026-09-10T02:15:20.195+0000] {logging_mixin.py:190} INFO - [2026-09-10T02:15:20.195+0000] {dag.py:4180} INFO - Setting next_dagrun for countries_ingestion to 2026-09-10 00:00:00+00:00, run_after=2026-09-10 04:00:00+00:00
[2026-09-10T02:15:20.248+0000] {processor.py:208} INFO - Processing /opt/airflow/dags/countries_dag.py took 2.966 seconds
[2026-09-10T02:15:50.833+0000] {processor.py:186} INFO - Started process (PID=417) to work on /opt/airflow/dags/countries_dag.py
[2026-09-10T02:15:50.835+0000] {processor.py:914} INFO - Processing file /opt/airflow/dags/countries_dag.py for tasks to queue
[2026-09-10T02:15:50.843+0000] {logging_mixin.py:190} INFO - [2026-09-10T02:15:50.841+0000] {dagbag.py:588} INFO - Filling up the DagBag from /opt/airflow/dags/countries_dag.py
[2026-09-10T02:15:52.732+0000] {processor.py:925} INFO - DAG(s) 'countries_ingestion' retrieved from /opt/airflow/dags/countries_dag.py
[2026-09-10T02:15:52.780+0000] {logging_mixin.py:190} INFO - [2026-09-10T02:15:52.780+0000] {dag.py:3239} INFO - Sync 1 DAGs
[2026-09-10T02:15:52.852+0000] {logging_mixin.py:190} INFO - [2026-09-10T02:15:52.851+0000] {dag.py:4180} INFO - Setting next_dagrun for countries_ingestion to 2026-09-10 00:00:00+00:00, run_after=2026-09-10 04:00:00+00:00
[2026-09-10T02:15:52.927+0000] {processor.py:208} INFO - Processing /opt/airflow/dags/countries_dag.py took 2.116 seconds
[2026-09-10T02:16:23.184+0000] {processor.py:186} INFO - Started process (PID=424) to work on /opt/airflow/dags/countries_dag.py
[2026-09-10T02:16:23.186+0000] {processor.py:914} INFO - Processing file /opt/airflow/dags/countries_dag.py for tasks to queue
[2026-09-10T02:16:23.192+0000] {logging_mixin.py:190} INFO - [2026-09-10T02:16:23.191+0000] {dagbag.py:588} INFO - Filling up the DagBag from /opt/airflow/dags/countries_dag.py
[2026-09-10T02:16:24.948+0000] {processor.py:925} INFO - DAG(s) 'countries_ingestion' retrieved from /opt/airflow/dags/countries_dag.py
[2026-09-10T02:16:25.050+0000] {logging_mixin.py:190} INFO - [2026-09-10T02:16:25.049+0000] {dag.py:3239} INFO - Sync 1 DAGs
[2026-09-10T02:16:25.101+0000] {logging_mixin.py:190} INFO - [2026-09-10T02:16:25.100+0000] {dag.py:4180} INFO - Setting next_dagrun for countries_ingestion to 2026-09-10 00:00:00+00:00, run_after=2026-09-10 04:00:00+00:00
[2026-09-10T02:16:25.506+0000] {processor.py:208} INFO - Processing /opt/airflow/dags/countries_dag.py took 2.339 seconds
[2026-09-10T02:16:55.713+0000] {processor.py:186} INFO - Started process (PID=431) to work on /opt/airflow/dags/countries_dag.py
[2026-09-10T02:16:55.723+0000] {processor.py:914} INFO - Processing file /opt/airflow/dags/countries_dag.py for tasks to queue
[2026-09-10T02:16:55.742+0000] {logging_mixin.py:190} INFO - [2026-09-10T02:16:55.741+0000] {dagbag.py:588} INFO - Filling up the DagBag from /opt/airflow/dags/countries_dag.py
[2026-09-10T02:16:57.850+0000] {processor.py:925} INFO - DAG(s) 'countries_ingestion' retrieved from /opt/airflow/dags/countries_dag.py
[2026-09-10T02:16:57.996+0000] {logging_mixin.py:190} INFO - [2026-09-10T02:16:57.996+0000] {dag.py:3239} INFO - Sync 1 DAGs
[2026-09-10T02:16:59.010+0000] {logging_mixin.py:190} INFO - [2026-09-10T02:16:59.010+0000] {dag.py:4180} INFO - Setting next_dagrun for countries_ingestion to 2026-09-10 00:00:00+00:00, run_after=2026-09-10 04:00:00+00:00
[2026-09-10T02:16:59.073+0000] {processor.py:208} INFO - Processing /opt/airflow/dags/countries_dag.py took 3.388 seconds
[2026-09-10T02:17:29.544+0000] {processor.py:186} INFO - Started process (PID=438) to work on /opt/airflow/dags/countries_dag.py
[2026-09-10T02:17:29.547+0000] {processor.py:914} INFO - Processing file /opt/airflow/dags/countries_dag.py for tasks to queue
[2026-09-10T02:17:29.553+0000] {logging_mixin.py:190} INFO - [2026-09-10T02:17:29.552+0000] {dagbag.py:588} INFO - Filling up the DagBag from /opt/airflow/dags/countries_dag.py
[2026-09-10T02:17:31.524+0000] {processor.py:925} INFO - DAG(s) 'countries_ingestion' retrieved from /opt/airflow/dags/countries_dag.py
[2026-09-10T02:17:31.585+0000] {logging_mixin.py:190} INFO - [2026-09-10T02:17:31.584+0000] {dag.py:3239} INFO - Sync 1 DAGs
[2026-09-10T02:17:31.654+0000] {logging_mixin.py:190} INFO - [2026-09-10T02:17:31.654+0000] {dag.py:4180} INFO - Setting next_dagrun for countries_ingestion to 2026-09-10 00:00:00+00:00, run_after=2026-09-10 04:00:00+00:00
[2026-09-10T02:17:31.782+0000] {processor.py:208} INFO - Processing /opt/airflow/dags/countries_dag.py took 2.248 seconds
[2026-09-10T02:18:02.101+0000] {processor.py:186} INFO - Started process (PID=445) to work on /opt/airflow/dags/countries_dag.py
[2026-09-10T02:18:02.103+0000] {processor.py:914} INFO - Processing file /opt/airflow/dags/countries_dag.py for tasks to queue
[2026-09-10T02:18:02.108+0000] {logging_mixin.py:190} INFO - [2026-09-10T02:18:02.107+0000] {dagbag.py:588} INFO - Filling up the DagBag from /opt/airflow/dags/countries_dag.py
[2026-09-10T02:18:04.355+0000] {processor.py:925} INFO - DAG(s) 'countries_ingestion' retrieved from /opt/airflow/dags/countries_dag.py
[2026-09-10T02:18:04.396+0000] {logging_mixin.py:190} INFO - [2026-09-10T02:18:04.395+0000] {dag.py:3239} INFO - Sync 1 DAGs
[2026-09-10T02:18:04.446+0000] {logging_mixin.py:190} INFO - [2026-09-10T02:18:04.445+0000] {dag.py:4180} INFO - Setting next_dagrun for countries_ingestion to 2026-09-10 00:00:00+00:00, run_after=2026-09-10 04:00:00+00:00
[2026-09-10T02:18:04.485+0000] {processor.py:208} INFO - Processing /opt/airflow/dags/countries_dag.py took 2.398 seconds
[2026-09-10T02:18:34.737+0000] {processor.py:186} INFO - Started process (PID=452) to work on /opt/airflow/dags/countries_dag.py
[2026-09-10T02:18:34.739+0000] {processor.py:914} INFO - Processing file /opt/airflow/dags/countries_dag.py for tasks to queue
[2026-09-10T02:18:34.744+0000] {logging_mixin.py:190} INFO - [2026-09-10T02:18:34.744+0000] {dagbag.py:588} INFO - Filling up the DagBag from /opt/airflow/dags/countries_dag.py
[2026-09-10T02:18:36.888+0000] {processor.py:925} INFO - DAG(s) 'countries_ingestion' retrieved from /opt/airflow/dags/countries_dag.py
[2026-09-10T02:18:36.943+0000] {logging_mixin.py:190} INFO - [2026-09-10T02:18:36.943+0000] {dag.py:3239} INFO - Sync 1 DAGs
[2026-09-10T02:18:37.004+0000] {logging_mixin.py:190} INFO - [2026-09-10T02:18:37.004+0000] {dag.py:4180} INFO - Setting next_dagrun for countries_ingestion to 2026-09-10 00:00:00+00:00, run_after=2026-09-10 04:00:00+00:00
[2026-09-10T02:18:37.046+0000] {processor.py:208} INFO - Processing /opt/airflow/dags/countries_dag.py took 2.322 seconds
[2026-09-10T02:19:07.286+0000] {processor.py:186} INFO - Started process (PID=459) to work on /opt/airflow/dags/countries_dag.py
[2026-09-10T02:19:07.288+0000] {processor.py:914} INFO - Processing file /opt/airflow/dags/countries_dag.py for tasks to queue
[2026-09-10T02:19:07.295+0000] {logging_mixin.py:190} INFO - [2026-09-10T02:19:07.294+0000] {dagbag.py:588} INFO - Filling up the DagBag from /opt/airflow/dags/countries_dag.py
[2026-09-10T02:19:09.910+0000] {processor.py:925} INFO - DAG(s) 'countries_ingestion' retrieved from /opt/airflow/dags/countries_dag.py
[2026-09-10T02:19:09.955+0000] {logging_mixin.py:190} INFO - [2026-09-10T02:19:09.955+0000] {dag.py:3239} INFO - Sync 1 DAGs
[2026-09-10T02:19:10.005+0000] {logging_mixin.py:190} INFO - [2026-09-10T02:19:10.005+0000] {dag.py:4180} INFO - Setting next_dagrun for countries_ingestion to 2026-09-10 00:00:00+00:00, run_after=2026-09-10 04:00:00+00:00
[2026-09-10T02:19:10.058+0000] {processor.py:208} INFO - Processing /opt/airflow/dags/countries_dag.py took 2.794 seconds
[2026-09-10T02:19:40.702+0000] {processor.py:186} INFO - Started process (PID=466) to work on /opt/airflow/dags/countries_dag.py
[2026-09-10T02:19:40.716+0000] {processor.py:914} INFO - Processing file /opt/airflow/dags/countries_dag.py for tasks to queue
[2026-09-10T02:19:40.740+0000] {logging_mixin.py:190} INFO - [2026-09-10T02:19:40.739+0000] {dagbag.py:588} INFO - Filling up the DagBag from /opt/airflow/dags/countries_dag.py
[2026-09-10T02:19:43.164+0000] {processor.py:925} INFO - DAG(s) 'countries_ingestion' retrieved from /opt/airflow/dags/countries_dag.py
[2026-09-10T02:19:43.248+0000] {logging_mixin.py:190} INFO - [2026-09-10T02:19:43.248+0000] {dag.py:3239} INFO - Sync 1 DAGs
[2026-09-10T02:19:43.744+0000] {logging_mixin.py:190} INFO - [2026-09-10T02:19:43.744+0000] {dag.py:4180} INFO - Setting next_dagrun for countries_ingestion to 2026-09-10 00:00:00+00:00, run_after=2026-09-10 04:00:00+00:00
[2026-09-10T02:19:43.788+0000] {processor.py:208} INFO - Processing /opt/airflow/dags/countries_dag.py took 3.112 seconds
[2026-09-10T02:20:14.144+0000] {processor.py:186} INFO - Started process (PID=473) to work on /opt/airflow/dags/countries_dag.py
[2026-09-10T02:20:14.146+0000] {processor.py:914} INFO - Processing file /opt/airflow/dags/countries_dag.py for tasks to queue
[2026-09-10T02:20:14.151+0000] {logging_mixin.py:190} INFO - [2026-09-10T02:20:14.151+0000] {dagbag.py:588} INFO - Filling up the DagBag from /opt/airflow/dags/countries_dag.py
[2026-09-10T02:20:15.715+0000] {processor.py:925} INFO - DAG(s) 'countries_ingestion' retrieved from /opt/airflow/dags/countries_dag.py
[2026-09-10T02:20:15.764+0000] {logging_mixin.py:190} INFO - [2026-09-10T02:20:15.763+0000] {dag.py:3239} INFO - Sync 1 DAGs
[2026-09-10T02:20:16.066+0000] {logging_mixin.py:190} INFO - [2026-09-10T02:20:16.065+0000] {dag.py:4180} INFO - Setting next_dagrun for countries_ingestion to 2026-09-10 00:00:00+00:00, run_after=2026-09-10 04:00:00+00:00
[2026-09-10T02:20:16.096+0000] {processor.py:208} INFO - Processing /opt/airflow/dags/countries_dag.py took 1.966 seconds
[2026-09-10T02:20:46.559+0000] {processor.py:186} INFO - Started process (PID=480) to work on /opt/airflow/dags/countries_dag.py
[2026-09-10T02:20:46.561+0000] {processor.py:914} INFO - Processing file /opt/airflow/dags/countries_dag.py for tasks to queue
[2026-09-10T02:20:46.569+0000] {logging_mixin.py:190} INFO - [2026-09-10T02:20:46.569+0000] {dagbag.py:588} INFO - Filling up the DagBag from /opt/airflow/dags/countries_dag.py
[2026-09-10T02:20:49.376+0000] {processor.py:925} INFO - DAG(s) 'countries_ingestion' retrieved from /opt/airflow/dags/countries_dag.py
[2026-09-10T02:20:49.437+0000] {logging_mixin.py:190} INFO - [2026-09-10T02:20:49.437+0000] {dag.py:3239} INFO - Sync 1 DAGs
[2026-09-10T02:20:49.488+0000] {logging_mixin.py:190} INFO - [2026-09-10T02:20:49.488+0000] {dag.py:4180} INFO - Setting next_dagrun for countries_ingestion to 2026-09-10 00:00:00+00:00, run_after=2026-09-10 04:00:00+00:00
[2026-09-10T02:20:49.522+0000] {processor.py:208} INFO - Processing /opt/airflow/dags/countries_dag.py took 2.982 seconds
[2026-09-10T02:21:20.344+0000] {processor.py:186} INFO - Started process (PID=492) to work on /opt/airflow/dags/countries_dag.py
[2026-09-10T02:21:20.356+0000] {processor.py:914} INFO - Processing file /opt/airflow/dags/countries_dag.py for tasks to queue
[2026-09-10T02:21:20.386+0000] {logging_mixin.py:190} INFO - [2026-09-10T02:21:20.385+0000] {dagbag.py:588} INFO - Filling up the DagBag from /opt/airflow/dags/countries_dag.py
[2026-09-10T02:21:25.327+0000] {processor.py:925} INFO - DAG(s) 'countries_ingestion' retrieved from /opt/airflow/dags/countries_dag.py
[2026-09-10T02:21:25.422+0000] {logging_mixin.py:190} INFO - [2026-09-10T02:21:25.422+0000] {dag.py:3239} INFO - Sync 1 DAGs
[2026-09-10T02:21:25.681+0000] {processor.py:208} INFO - Processing /opt/airflow/dags/countries_dag.py took 5.413 seconds
[2026-09-10T02:21:55.905+0000] {processor.py:186} INFO - Started process (PID=510) to work on /opt/airflow/dags/countries_dag.py
[2026-09-10T02:21:55.907+0000] {processor.py:914} INFO - Processing file /opt/airflow/dags/countries_dag.py for tasks to queue
[2026-09-10T02:21:55.913+0000] {logging_mixin.py:190} INFO - [2026-09-10T02:21:55.913+0000] {dagbag.py:588} INFO - Filling up the DagBag from /opt/airflow/dags/countries_dag.py
[2026-09-10T02:21:59.832+0000] {processor.py:925} INFO - DAG(s) 'countries_ingestion' retrieved from /opt/airflow/dags/countries_dag.py
[2026-09-10T02:21:59.942+0000] {logging_mixin.py:190} INFO - [2026-09-10T02:21:59.941+0000] {dag.py:3239} INFO - Sync 1 DAGs
[2026-09-10T02:22:00.122+0000] {processor.py:208} INFO - Processing /opt/airflow/dags/countries_dag.py took 4.241 seconds
[2026-09-10T02:22:30.532+0000] {processor.py:186} INFO - Started process (PID=517) to work on /opt/airflow/dags/countries_dag.py
[2026-09-10T02:22:30.535+0000] {processor.py:914} INFO - Processing file /opt/airflow/dags/countries_dag.py for tasks to queue
[2026-09-10T02:22:30.540+0000] {logging_mixin.py:190} INFO - [2026-09-10T02:22:30.540+0000] {dagbag.py:588} INFO - Filling up the DagBag from /opt/airflow/dags/countries_dag.py
[2026-09-10T02:22:32.963+0000] {processor.py:925} INFO - DAG(s) 'countries_ingestion' retrieved from /opt/airflow/dags/countries_dag.py
[2026-09-10T02:22:33.016+0000] {logging_mixin.py:190} INFO - [2026-09-10T02:22:33.015+0000] {dag.py:3239} INFO - Sync 1 DAGs
[2026-09-10T02:22:33.436+0000] {processor.py:208} INFO - Processing /opt/airflow/dags/countries_dag.py took 2.919 seconds
[2026-09-10T02:23:04.270+0000] {processor.py:186} INFO - Started process (PID=531) to work on /opt/airflow/dags/countries_dag.py
[2026-09-10T02:23:04.273+0000] {processor.py:914} INFO - Processing file /opt/airflow/dags/countries_dag.py for tasks to queue
[2026-09-10T02:23:04.278+0000] {logging_mixin.py:190} INFO - [2026-09-10T02:23:04.278+0000] {dagbag.py:588} INFO - Filling up the DagBag from /opt/airflow/dags/countries_dag.py
[2026-09-10T02:23:06.788+0000] {processor.py:925} INFO - DAG(s) 'countries_ingestion' retrieved from /opt/airflow/dags/countries_dag.py
[2026-09-10T02:23:06.851+0000] {logging_mixin.py:190} INFO - [2026-09-10T02:23:06.850+0000] {dag.py:3239} INFO - Sync 1 DAGs
[2026-09-10T02:23:07.269+0000] {logging_mixin.py:190} INFO - [2026-09-10T02:23:07.268+0000] {dag.py:4180} INFO - Setting next_dagrun for countries_ingestion to 2026-09-10 00:00:00+00:00, run_after=2026-09-10 04:00:00+00:00
[2026-09-10T02:23:07.362+0000] {processor.py:208} INFO - Processing /opt/airflow/dags/countries_dag.py took 3.108 seconds
[2026-09-10T02:23:37.912+0000] {processor.py:186} INFO - Started process (PID=538) to work on /opt/airflow/dags/countries_dag.py
[2026-09-10T02:23:37.914+0000] {processor.py:914} INFO - Processing file /opt/airflow/dags/countries_dag.py for tasks to queue
[2026-09-10T02:23:37.919+0000] {logging_mixin.py:190} INFO - [2026-09-10T02:23:37.918+0000] {dagbag.py:588} INFO - Filling up the DagBag from /opt/airflow/dags/countries_dag.py
[2026-09-10T02:23:40.593+0000] {processor.py:925} INFO - DAG(s) 'countries_ingestion' retrieved from /opt/airflow/dags/countries_dag.py
[2026-09-10T02:23:40.649+0000] {logging_mixin.py:190} INFO - [2026-09-10T02:23:40.649+0000] {dag.py:3239} INFO - Sync 1 DAGs
[2026-09-10T02:23:40.704+0000] {logging_mixin.py:190} INFO - [2026-09-10T02:23:40.702+0000] {dag.py:4180} INFO - Setting next_dagrun for countries_ingestion to 2026-09-10 00:00:00+00:00, run_after=2026-09-10 04:00:00+00:00
[2026-09-10T02:23:40.766+0000] {processor.py:208} INFO - Processing /opt/airflow/dags/countries_dag.py took 2.877 seconds
[2026-09-10T02:24:11.423+0000] {processor.py:186} INFO - Started process (PID=545) to work on /opt/airflow/dags/countries_dag.py
[2026-09-10T02:24:11.425+0000] {processor.py:914} INFO - Processing file /opt/airflow/dags/countries_dag.py for tasks to queue
[2026-09-10T02:24:11.444+0000] {logging_mixin.py:190} INFO - [2026-09-10T02:24:11.443+0000] {dagbag.py:588} INFO - Filling up the DagBag from /opt/airflow/dags/countries_dag.py
[2026-09-10T02:24:14.627+0000] {processor.py:925} INFO - DAG(s) 'countries_ingestion' retrieved from /opt/airflow/dags/countries_dag.py
[2026-09-10T02:24:14.742+0000] {logging_mixin.py:190} INFO - [2026-09-10T02:24:14.732+0000] {dag.py:3239} INFO - Sync 1 DAGs
[2026-09-10T02:24:14.860+0000] {logging_mixin.py:190} INFO - [2026-09-10T02:24:14.859+0000] {dag.py:4180} INFO - Setting next_dagrun for countries_ingestion to 2026-09-10 00:00:00+00:00, run_after=2026-09-10 04:00:00+00:00
[2026-09-10T02:24:14.948+0000] {processor.py:208} INFO - Processing /opt/airflow/dags/countries_dag.py took 3.552 seconds
[2026-09-10T02:24:45.293+0000] {processor.py:186} INFO - Started process (PID=552) to work on /opt/airflow/dags/countries_dag.py
[2026-09-10T02:24:45.296+0000] {processor.py:914} INFO - Processing file /opt/airflow/dags/countries_dag.py for tasks to queue
[2026-09-10T02:24:45.300+0000] {logging_mixin.py:190} INFO - [2026-09-10T02:24:45.300+0000] {dagbag.py:588} INFO - Filling up the DagBag from /opt/airflow/dags/countries_dag.py
[2026-09-10T02:24:47.226+0000] {processor.py:925} INFO - DAG(s) 'countries_ingestion' retrieved from /opt/airflow/dags/countries_dag.py
[2026-09-10T02:24:47.280+0000] {logging_mixin.py:190} INFO - [2026-09-10T02:24:47.279+0000] {dag.py:3239} INFO - Sync 1 DAGs
[2026-09-10T02:24:47.355+0000] {logging_mixin.py:190} INFO - [2026-09-10T02:24:47.355+0000] {dag.py:4180} INFO - Setting next_dagrun for countries_ingestion to 2026-09-10 00:00:00+00:00, run_after=2026-09-10 04:00:00+00:00
[2026-09-10T02:24:47.426+0000] {processor.py:208} INFO - Processing /opt/airflow/dags/countries_dag.py took 2.148 seconds
[2026-09-10T02:25:17.758+0000] {processor.py:186} INFO - Started process (PID=559) to work on /opt/airflow/dags/countries_dag.py
[2026-09-10T02:25:17.762+0000] {processor.py:914} INFO - Processing file /opt/airflow/dags/countries_dag.py for tasks to queue
[2026-09-10T02:25:17.767+0000] {logging_mixin.py:190} INFO - [2026-09-10T02:25:17.766+0000] {dagbag.py:588} INFO - Filling up the DagBag from /opt/airflow/dags/countries_dag.py
[2026-09-10T02:25:20.299+0000] {processor.py:925} INFO - DAG(s) 'countries_ingestion' retrieved from /opt/airflow/dags/countries_dag.py
[2026-09-10T02:25:20.352+0000] {logging_mixin.py:190} INFO - [2026-09-10T02:25:20.351+0000] {dag.py:3239} INFO - Sync 1 DAGs
[2026-09-10T02:25:21.148+0000] {logging_mixin.py:190} INFO - [2026-09-10T02:25:21.147+0000] {dag.py:4180} INFO - Setting next_dagrun for countries_ingestion to 2026-09-10 00:00:00+00:00, run_after=2026-09-10 04:00:00+00:00
[2026-09-10T02:25:21.242+0000] {processor.py:208} INFO - Processing /opt/airflow/dags/countries_dag.py took 3.508 seconds
[2026-09-10T02:25:51.915+0000] {processor.py:186} INFO - Started process (PID=566) to work on /opt/airflow/dags/countries_dag.py
[2026-09-10T02:25:51.929+0000] {processor.py:914} INFO - Processing file /opt/airflow/dags/countries_dag.py for tasks to queue
[2026-09-10T02:25:51.950+0000] {logging_mixin.py:190} INFO - [2026-09-10T02:25:51.948+0000] {dagbag.py:588} INFO - Filling up the DagBag from /opt/airflow/dags/countries_dag.py
[2026-09-10T02:25:55.805+0000] {processor.py:925} INFO - DAG(s) 'countries_ingestion' retrieved from /opt/airflow/dags/countries_dag.py
[2026-09-10T02:25:55.868+0000] {logging_mixin.py:190} INFO - [2026-09-10T02:25:55.868+0000] {dag.py:3239} INFO - Sync 1 DAGs
[2026-09-10T02:25:56.269+0000] {logging_mixin.py:190} INFO - [2026-09-10T02:25:56.269+0000] {dag.py:4180} INFO - Setting next_dagrun for countries_ingestion to 2026-09-10 00:00:00+00:00, run_after=2026-09-10 04:00:00+00:00
[2026-09-10T02:25:56.328+0000] {processor.py:208} INFO - Processing /opt/airflow/dags/countries_dag.py took 4.462 seconds
[2026-09-10T02:26:26.837+0000] {processor.py:186} INFO - Started process (PID=573) to work on /opt/airflow/dags/countries_dag.py
[2026-09-10T02:26:26.971+0000] {processor.py:914} INFO - Processing file /opt/airflow/dags/countries_dag.py for tasks to queue
[2026-09-10T02:26:26.983+0000] {logging_mixin.py:190} INFO - [2026-09-10T02:26:26.982+0000] {dagbag.py:588} INFO - Filling up the DagBag from /opt/airflow/dags/countries_dag.py
[2026-09-10T02:26:30.008+0000] {processor.py:925} INFO - DAG(s) 'countries_ingestion' retrieved from /opt/airflow/dags/countries_dag.py
[2026-09-10T02:26:30.073+0000] {logging_mixin.py:190} INFO - [2026-09-10T02:26:30.073+0000] {dag.py:3239} INFO - Sync 1 DAGs
[2026-09-10T02:26:30.133+0000] {logging_mixin.py:190} INFO - [2026-09-10T02:26:30.132+0000] {dag.py:4180} INFO - Setting next_dagrun for countries_ingestion to 2026-09-10 00:00:00+00:00, run_after=2026-09-10 04:00:00+00:00
[2026-09-10T02:26:30.181+0000] {processor.py:208} INFO - Processing /opt/airflow/dags/countries_dag.py took 3.362 seconds
[2026-09-10T02:27:00.753+0000] {processor.py:186} INFO - Started process (PID=580) to work on /opt/airflow/dags/countries_dag.py
[2026-09-10T02:27:00.757+0000] {processor.py:914} INFO - Processing file /opt/airflow/dags/countries_dag.py for tasks to queue
[2026-09-10T02:27:00.765+0000] {logging_mixin.py:190} INFO - [2026-09-10T02:27:00.764+0000] {dagbag.py:588} INFO - Filling up the DagBag from /opt/airflow/dags/countries_dag.py
[2026-09-10T02:27:04.623+0000] {processor.py:925} INFO - DAG(s) 'countries_ingestion' retrieved from /opt/airflow/dags/countries_dag.py
[2026-09-10T02:27:04.776+0000] {logging_mixin.py:190} INFO - [2026-09-10T02:27:04.775+0000] {dag.py:3239} INFO - Sync 1 DAGs
[2026-09-10T02:27:04.918+0000] {logging_mixin.py:190} INFO - [2026-09-10T02:27:04.917+0000] {dag.py:4180} INFO - Setting next_dagrun for countries_ingestion to 2026-09-10 00:00:00+00:00, run_after=2026-09-10 04:00:00+00:00
[2026-09-10T02:27:05.031+0000] {processor.py:208} INFO - Processing /opt/airflow/dags/countries_dag.py took 4.307 seconds
[2026-09-10T02:27:35.632+0000] {processor.py:186} INFO - Started process (PID=587) to work on /opt/airflow/dags/countries_dag.py
[2026-09-10T02:27:35.636+0000] {processor.py:914} INFO - Processing file /opt/airflow/dags/countries_dag.py for tasks to queue
[2026-09-10T02:27:35.650+0000] {logging_mixin.py:190} INFO - [2026-09-10T02:27:35.649+0000] {dagbag.py:588} INFO - Filling up the DagBag from /opt/airflow/dags/countries_dag.py
[2026-09-10T02:27:37.462+0000] {processor.py:925} INFO - DAG(s) 'countries_ingestion' retrieved from /opt/airflow/dags/countries_dag.py
[2026-09-10T02:27:37.511+0000] {logging_mixin.py:190} INFO - [2026-09-10T02:27:37.510+0000] {dag.py:3239} INFO - Sync 1 DAGs
[2026-09-10T02:27:37.564+0000] {logging_mixin.py:190} INFO - [2026-09-10T02:27:37.563+0000] {dag.py:4180} INFO - Setting next_dagrun for countries_ingestion to 2026-09-10 00:00:00+00:00, run_after=2026-09-10 04:00:00+00:00
[2026-09-10T02:27:37.605+0000] {processor.py:208} INFO - Processing /opt/airflow/dags/countries_dag.py took 1.996 seconds
[2026-09-10T02:28:08.198+0000] {processor.py:186} INFO - Started process (PID=594) to work on /opt/airflow/dags/countries_dag.py
[2026-09-10T02:28:08.201+0000] {processor.py:914} INFO - Processing file /opt/airflow/dags/countries_dag.py for tasks to queue
[2026-09-10T02:28:08.218+0000] {logging_mixin.py:190} INFO - [2026-09-10T02:28:08.217+0000] {dagbag.py:588} INFO - Filling up the DagBag from /opt/airflow/dags/countries_dag.py
[2026-09-10T02:28:10.831+0000] {processor.py:925} INFO - DAG(s) 'countries_ingestion' retrieved from /opt/airflow/dags/countries_dag.py
[2026-09-10T02:28:10.891+0000] {logging_mixin.py:190} INFO - [2026-09-10T02:28:10.890+0000] {dag.py:3239} INFO - Sync 1 DAGs
[2026-09-10T02:28:11.300+0000] {logging_mixin.py:190} INFO - [2026-09-10T02:28:11.300+0000] {dag.py:4180} INFO - Setting next_dagrun for countries_ingestion to 2026-09-10 00:00:00+00:00, run_after=2026-09-10 04:00:00+00:00
[2026-09-10T02:28:11.343+0000] {processor.py:208} INFO - Processing /opt/airflow/dags/countries_dag.py took 3.164 seconds
[2026-09-10T02:28:41.949+0000] {processor.py:186} INFO - Started process (PID=601) to work on /opt/airflow/dags/countries_dag.py
[2026-09-10T02:28:41.953+0000] {processor.py:914} INFO - Processing file /opt/airflow/dags/countries_dag.py for tasks to queue
[2026-09-10T02:28:41.961+0000] {logging_mixin.py:190} INFO - [2026-09-10T02:28:41.960+0000] {dagbag.py:588} INFO - Filling up the DagBag from /opt/airflow/dags/countries_dag.py
[2026-09-10T02:28:43.768+0000] {processor.py:925} INFO - DAG(s) 'countries_ingestion' retrieved from /opt/airflow/dags/countries_dag.py
[2026-09-10T02:28:43.828+0000] {logging_mixin.py:190} INFO - [2026-09-10T02:28:43.828+0000] {dag.py:3239} INFO - Sync 1 DAGs
[2026-09-10T02:28:44.405+0000] {logging_mixin.py:190} INFO - [2026-09-10T02:28:44.404+0000] {dag.py:4180} INFO - Setting next_dagrun for countries_ingestion to 2026-09-10 00:00:00+00:00, run_after=2026-09-10 04:00:00+00:00
[2026-09-10T02:28:44.499+0000] {processor.py:208} INFO - Processing /opt/airflow/dags/countries_dag.py took 2.570 seconds
[2026-09-10T02:29:15.047+0000] {processor.py:186} INFO - Started process (PID=608) to work on /opt/airflow/dags/countries_dag.py
[2026-09-10T02:29:15.050+0000] {processor.py:914} INFO - Processing file /opt/airflow/dags/countries_dag.py for tasks to queue
[2026-09-10T02:29:15.056+0000] {logging_mixin.py:190} INFO - [2026-09-10T02:29:15.055+0000] {dagbag.py:588} INFO - Filling up the DagBag from /opt/airflow/dags/countries_dag.py
[2026-09-10T02:29:17.832+0000] {processor.py:925} INFO - DAG(s) 'countries_ingestion' retrieved from /opt/airflow/dags/countries_dag.py
[2026-09-10T02:29:17.934+0000] {logging_mixin.py:190} INFO - [2026-09-10T02:29:17.934+0000] {dag.py:3239} INFO - Sync 1 DAGs
[2026-09-10T02:29:18.658+0000] {logging_mixin.py:190} INFO - [2026-09-10T02:29:18.658+0000] {dag.py:4180} INFO - Setting next_dagrun for countries_ingestion to 2026-09-10 00:00:00+00:00, run_after=2026-09-10 04:00:00+00:00
[2026-09-10T02:29:18.826+0000] {processor.py:208} INFO - Processing /opt/airflow/dags/countries_dag.py took 3.792 seconds
[2026-09-10T02:29:49.774+0000] {processor.py:186} INFO - Started process (PID=615) to work on /opt/airflow/dags/countries_dag.py
[2026-09-10T02:29:49.776+0000] {processor.py:914} INFO - Processing file /opt/airflow/dags/countries_dag.py for tasks to queue
[2026-09-10T02:29:49.782+0000] {logging_mixin.py:190} INFO - [2026-09-10T02:29:49.781+0000] {dagbag.py:588} INFO - Filling up the DagBag from /opt/airflow/dags/countries_dag.py
[2026-09-10T02:29:53.320+0000] {processor.py:925} INFO - DAG(s) 'countries_ingestion' retrieved from /opt/airflow/dags/countries_dag.py
[2026-09-10T02:29:53.424+0000] {logging_mixin.py:190} INFO - [2026-09-10T02:29:53.424+0000] {dag.py:3239} INFO - Sync 1 DAGs
[2026-09-10T02:29:53.579+0000] {logging_mixin.py:190} INFO - [2026-09-10T02:29:53.578+0000] {dag.py:4180} INFO - Setting next_dagrun for countries_ingestion to 2026-09-10 00:00:00+00:00, run_after=2026-09-10 04:00:00+00:00
[2026-09-10T02:29:53.770+0000] {processor.py:208} INFO - Processing /opt/airflow/dags/countries_dag.py took 4.011 seconds
[2026-09-10T02:30:24.860+0000] {processor.py:186} INFO - Started process (PID=622) to work on /opt/airflow/dags/countries_dag.py
[2026-09-10T02:30:24.865+0000] {processor.py:914} INFO - Processing file /opt/airflow/dags/countries_dag.py for tasks to queue
[2026-09-10T02:30:24.872+0000] {logging_mixin.py:190} INFO - [2026-09-10T02:30:24.871+0000] {dagbag.py:588} INFO - Filling up the DagBag from /opt/airflow/dags/countries_dag.py
[2026-09-10T02:30:26.920+0000] {processor.py:925} INFO - DAG(s) 'countries_ingestion' retrieved from /opt/airflow/dags/countries_dag.py
[2026-09-10T02:30:27.016+0000] {logging_mixin.py:190} INFO - [2026-09-10T02:30:27.013+0000] {dag.py:3239} INFO - Sync 1 DAGs
[2026-09-10T02:30:27.118+0000] {logging_mixin.py:190} INFO - [2026-09-10T02:30:27.117+0000] {dag.py:4180} INFO - Setting next_dagrun for countries_ingestion to 2026-09-10 00:00:00+00:00, run_after=2026-09-10 04:00:00+00:00
[2026-09-10T02:30:27.184+0000] {processor.py:208} INFO - Processing /opt/airflow/dags/countries_dag.py took 2.346 seconds
[2026-09-10T02:30:57.890+0000] {processor.py:186} INFO - Started process (PID=629) to work on /opt/airflow/dags/countries_dag.py
[2026-09-10T02:30:57.894+0000] {processor.py:914} INFO - Processing file /opt/airflow/dags/countries_dag.py for tasks to queue
[2026-09-10T02:30:57.922+0000] {logging_mixin.py:190} INFO - [2026-09-10T02:30:57.921+0000] {dagbag.py:588} INFO - Filling up the DagBag from /opt/airflow/dags/countries_dag.py
[2026-09-10T02:31:03.253+0000] {processor.py:925} INFO - DAG(s) 'countries_ingestion' retrieved from /opt/airflow/dags/countries_dag.py
[2026-09-10T02:31:03.494+0000] {logging_mixin.py:190} INFO - [2026-09-10T02:31:03.493+0000] {dag.py:3239} INFO - Sync 1 DAGs
[2026-09-10T02:31:03.691+0000] {logging_mixin.py:190} INFO - [2026-09-10T02:31:03.691+0000] {dag.py:4180} INFO - Setting next_dagrun for countries_ingestion to 2026-09-10 00:00:00+00:00, run_after=2026-09-10 04:00:00+00:00
[2026-09-10T02:31:04.491+0000] {processor.py:208} INFO - Processing /opt/airflow/dags/countries_dag.py took 6.645 seconds
[2026-09-10T02:31:34.761+0000] {processor.py:186} INFO - Started process (PID=636) to work on /opt/airflow/dags/countries_dag.py
[2026-09-10T02:31:34.763+0000] {processor.py:914} INFO - Processing file /opt/airflow/dags/countries_dag.py for tasks to queue
[2026-09-10T02:31:34.776+0000] {logging_mixin.py:190} INFO - [2026-09-10T02:31:34.775+0000] {dagbag.py:588} INFO - Filling up the DagBag from /opt/airflow/dags/countries_dag.py
[2026-09-10T02:31:36.860+0000] {processor.py:925} INFO - DAG(s) 'countries_ingestion' retrieved from /opt/airflow/dags/countries_dag.py
[2026-09-10T02:31:36.980+0000] {logging_mixin.py:190} INFO - [2026-09-10T02:31:36.978+0000] {dag.py:3239} INFO - Sync 1 DAGs
[2026-09-10T02:31:37.430+0000] {logging_mixin.py:190} INFO - [2026-09-10T02:31:37.429+0000] {dag.py:4180} INFO - Setting next_dagrun for countries_ingestion to 2026-09-10 00:00:00+00:00, run_after=2026-09-10 04:00:00+00:00
[2026-09-10T02:31:37.472+0000] {processor.py:208} INFO - Processing /opt/airflow/dags/countries_dag.py took 2.734 seconds
[2026-09-10T02:32:08.242+0000] {processor.py:186} INFO - Started process (PID=643) to work on /opt/airflow/dags/countries_dag.py
[2026-09-10T02:32:08.245+0000] {processor.py:914} INFO - Processing file /opt/airflow/dags/countries_dag.py for tasks to queue
[2026-09-10T02:32:08.258+0000] {logging_mixin.py:190} INFO - [2026-09-10T02:32:08.257+0000] {dagbag.py:588} INFO - Filling up the DagBag from /opt/airflow/dags/countries_dag.py
[2026-09-10T02:32:13.841+0000] {processor.py:925} INFO - DAG(s) 'countries_ingestion' retrieved from /opt/airflow/dags/countries_dag.py
[2026-09-10T02:32:14.022+0000] {logging_mixin.py:190} INFO - [2026-09-10T02:32:14.021+0000] {dag.py:3239} INFO - Sync 1 DAGs
[2026-09-10T02:32:14.782+0000] {logging_mixin.py:190} INFO - [2026-09-10T02:32:14.781+0000] {dag.py:4180} INFO - Setting next_dagrun for countries_ingestion to 2026-09-10 00:00:00+00:00, run_after=2026-09-10 04:00:00+00:00
[2026-09-10T02:32:14.881+0000] {processor.py:208} INFO - Processing /opt/airflow/dags/countries_dag.py took 6.671 seconds
[2026-09-10T02:32:45.182+0000] {processor.py:186} INFO - Started process (PID=650) to work on /opt/airflow/dags/countries_dag.py
[2026-09-10T02:32:45.186+0000] {processor.py:914} INFO - Processing file /opt/airflow/dags/countries_dag.py for tasks to queue
[2026-09-10T02:32:45.202+0000] {logging_mixin.py:190} INFO - [2026-09-10T02:32:45.201+0000] {dagbag.py:588} INFO - Filling up the DagBag from /opt/airflow/dags/countries_dag.py
[2026-09-10T02:32:47.605+0000] {processor.py:925} INFO - DAG(s) 'countries_ingestion' retrieved from /opt/airflow/dags/countries_dag.py
[2026-09-10T02:32:47.687+0000] {logging_mixin.py:190} INFO - [2026-09-10T02:32:47.686+0000] {dag.py:3239} INFO - Sync 1 DAGs
[2026-09-10T02:32:47.762+0000] {logging_mixin.py:190} INFO - [2026-09-10T02:32:47.761+0000] {dag.py:4180} INFO - Setting next_dagrun for countries_ingestion to 2026-09-10 00:00:00+00:00, run_after=2026-09-10 04:00:00+00:00
[2026-09-10T02:32:47.821+0000] {processor.py:208} INFO - Processing /opt/airflow/dags/countries_dag.py took 2.655 seconds
[2026-09-10T02:33:18.206+0000] {processor.py:186} INFO - Started process (PID=657) to work on /opt/airflow/dags/countries_dag.py
[2026-09-10T02:33:18.209+0000] {processor.py:914} INFO - Processing file /opt/airflow/dags/countries_dag.py for tasks to queue
[2026-09-10T02:33:18.215+0000] {logging_mixin.py:190} INFO - [2026-09-10T02:33:18.214+0000] {dagbag.py:588} INFO - Filling up the DagBag from /opt/airflow/dags/countries_dag.py
[2026-09-10T02:33:21.427+0000] {processor.py:925} INFO - DAG(s) 'countries_ingestion' retrieved from /opt/airflow/dags/countries_dag.py
[2026-09-10T02:33:21.476+0000] {logging_mixin.py:190} INFO - [2026-09-10T02:33:21.476+0000] {dag.py:3239} INFO - Sync 1 DAGs
[2026-09-10T02:33:21.527+0000] {logging_mixin.py:190} INFO - [2026-09-10T02:33:21.527+0000] {dag.py:4180} INFO - Setting next_dagrun for countries_ingestion to 2026-09-10 00:00:00+00:00, run_after=2026-09-10 04:00:00+00:00
[2026-09-10T02:33:21.565+0000] {processor.py:208} INFO - Processing /opt/airflow/dags/countries_dag.py took 3.382 seconds
[2026-09-10T02:33:52.027+0000] {processor.py:186} INFO - Started process (PID=664) to work on /opt/airflow/dags/countries_dag.py
[2026-09-10T02:33:52.039+0000] {processor.py:914} INFO - Processing file /opt/airflow/dags/countries_dag.py for tasks to queue
[2026-09-10T02:33:52.048+0000] {logging_mixin.py:190} INFO - [2026-09-10T02:33:52.047+0000] {dagbag.py:588} INFO - Filling up the DagBag from /opt/airflow/dags/countries_dag.py
[2026-09-10T02:33:55.069+0000] {processor.py:925} INFO - DAG(s) 'countries_ingestion' retrieved from /opt/airflow/dags/countries_dag.py
[2026-09-10T02:33:55.220+0000] {logging_mixin.py:190} INFO - [2026-09-10T02:33:55.219+0000] {dag.py:3239} INFO - Sync 1 DAGs
[2026-09-10T02:33:55.420+0000] {logging_mixin.py:190} INFO - [2026-09-10T02:33:55.417+0000] {dag.py:4180} INFO - Setting next_dagrun for countries_ingestion to 2026-09-10 00:00:00+00:00, run_after=2026-09-10 04:00:00+00:00
[2026-09-10T02:33:55.987+0000] {processor.py:208} INFO - Processing /opt/airflow/dags/countries_dag.py took 3.986 seconds
[2026-09-10T02:34:26.188+0000] {processor.py:186} INFO - Started process (PID=671) to work on /opt/airflow/dags/countries_dag.py
[2026-09-10T02:34:26.193+0000] {processor.py:914} INFO - Processing file /opt/airflow/dags/countries_dag.py for tasks to queue
[2026-09-10T02:34:26.203+0000] {logging_mixin.py:190} INFO - [2026-09-10T02:34:26.202+0000] {dagbag.py:588} INFO - Filling up the DagBag from /opt/airflow/dags/countries_dag.py
[2026-09-10T02:34:29.730+0000] {processor.py:925} INFO - DAG(s) 'countries_ingestion' retrieved from /opt/airflow/dags/countries_dag.py
[2026-09-10T02:34:29.998+0000] {logging_mixin.py:190} INFO - [2026-09-10T02:34:29.998+0000] {dag.py:3239} INFO - Sync 1 DAGs
[2026-09-10T02:34:31.078+0000] {logging_mixin.py:190} INFO - [2026-09-10T02:34:31.074+0000] {dag.py:4180} INFO - Setting next_dagrun for countries_ingestion to 2026-09-10 00:00:00+00:00, run_after=2026-09-10 04:00:00+00:00
[2026-09-10T02:34:31.140+0000] {processor.py:208} INFO - Processing /opt/airflow/dags/countries_dag.py took 4.975 seconds
[2026-09-10T02:35:01.700+0000] {processor.py:186} INFO - Started process (PID=678) to work on /opt/airflow/dags/countries_dag.py
[2026-09-10T02:35:01.711+0000] {processor.py:914} INFO - Processing file /opt/airflow/dags/countries_dag.py for tasks to queue
[2026-09-10T02:35:01.720+0000] {logging_mixin.py:190} INFO - [2026-09-10T02:35:01.719+0000] {dagbag.py:588} INFO - Filling up the DagBag from /opt/airflow/dags/countries_dag.py
[2026-09-10T02:35:04.885+0000] {processor.py:925} INFO - DAG(s) 'countries_ingestion' retrieved from /opt/airflow/dags/countries_dag.py
[2026-09-10T02:35:05.028+0000] {logging_mixin.py:190} INFO - [2026-09-10T02:35:05.028+0000] {dag.py:3239} INFO - Sync 1 DAGs
[2026-09-10T02:35:05.568+0000] {logging_mixin.py:190} INFO - [2026-09-10T02:35:05.567+0000] {dag.py:4180} INFO - Setting next_dagrun for countries_ingestion to 2026-09-10 00:00:00+00:00, run_after=2026-09-10 04:00:00+00:00
[2026-09-10T02:35:05.625+0000] {processor.py:208} INFO - Processing /opt/airflow/dags/countries_dag.py took 3.951 seconds
[2026-09-10T02:35:36.191+0000] {processor.py:186} INFO - Started process (PID=685) to work on /opt/airflow/dags/countries_dag.py
[2026-09-10T02:35:36.195+0000] {processor.py:914} INFO - Processing file /opt/airflow/dags/countries_dag.py for tasks to queue
[2026-09-10T02:35:36.203+0000] {logging_mixin.py:190} INFO - [2026-09-10T02:35:36.202+0000] {dagbag.py:588} INFO - Filling up the DagBag from /opt/airflow/dags/countries_dag.py
[2026-09-10T02:35:39.062+0000] {processor.py:925} INFO - DAG(s) 'countries_ingestion' retrieved from /opt/airflow/dags/countries_dag.py
[2026-09-10T02:35:39.166+0000] {logging_mixin.py:190} INFO - [2026-09-10T02:35:39.165+0000] {dag.py:3239} INFO - Sync 1 DAGs
[2026-09-10T02:35:39.322+0000] {logging_mixin.py:190} INFO - [2026-09-10T02:35:39.321+0000] {dag.py:4180} INFO - Setting next_dagrun for countries_ingestion to 2026-09-10 00:00:00+00:00, run_after=2026-09-10 04:00:00+00:00
[2026-09-10T02:35:39.392+0000] {processor.py:208} INFO - Processing /opt/airflow/dags/countries_dag.py took 3.222 seconds
[2026-09-10T02:36:09.897+0000] {processor.py:186} INFO - Started process (PID=692) to work on /opt/airflow/dags/countries_dag.py
[2026-09-10T02:36:09.903+0000] {processor.py:914} INFO - Processing file /opt/airflow/dags/countries_dag.py for tasks to queue
[2026-09-10T02:36:09.913+0000] {logging_mixin.py:190} INFO - [2026-09-10T02:36:09.912+0000] {dagbag.py:588} INFO - Filling up the DagBag from /opt/airflow/dags/countries_dag.py
[2026-09-10T02:36:14.542+0000] {processor.py:925} INFO - DAG(s) 'countries_ingestion' retrieved from /opt/airflow/dags/countries_dag.py
[2026-09-10T02:36:14.687+0000] {logging_mixin.py:190} INFO - [2026-09-10T02:36:14.686+0000] {dag.py:3239} INFO - Sync 1 DAGs
[2026-09-10T02:36:14.843+0000] {logging_mixin.py:190} INFO - [2026-09-10T02:36:14.842+0000] {dag.py:4180} INFO - Setting next_dagrun for countries_ingestion to 2026-09-10 00:00:00+00:00, run_after=2026-09-10 04:00:00+00:00
[2026-09-10T02:36:14.958+0000] {processor.py:208} INFO - Processing /opt/airflow/dags/countries_dag.py took 5.080 seconds
[2026-09-10T02:36:45.517+0000] {processor.py:186} INFO - Started process (PID=699) to work on /opt/airflow/dags/countries_dag.py
[2026-09-10T02:36:45.621+0000] {processor.py:914} INFO - Processing file /opt/airflow/dags/countries_dag.py for tasks to queue
[2026-09-10T02:36:45.643+0000] {logging_mixin.py:190} INFO - [2026-09-10T02:36:45.641+0000] {dagbag.py:588} INFO - Filling up the DagBag from /opt/airflow/dags/countries_dag.py
[2026-09-10T02:36:48.062+0000] {processor.py:925} INFO - DAG(s) 'countries_ingestion' retrieved from /opt/airflow/dags/countries_dag.py
[2026-09-10T02:36:48.148+0000] {logging_mixin.py:190} INFO - [2026-09-10T02:36:48.147+0000] {dag.py:3239} INFO - Sync 1 DAGs
[2026-09-10T02:36:48.233+0000] {logging_mixin.py:190} INFO - [2026-09-10T02:36:48.232+0000] {dag.py:4180} INFO - Setting next_dagrun for countries_ingestion to 2026-09-10 00:00:00+00:00, run_after=2026-09-10 04:00:00+00:00
[2026-09-10T02:36:48.611+0000] {processor.py:208} INFO - Processing /opt/airflow/dags/countries_dag.py took 3.106 seconds
[2026-09-10T02:37:19.329+0000] {processor.py:186} INFO - Started process (PID=706) to work on /opt/airflow/dags/countries_dag.py
[2026-09-10T02:37:19.335+0000] {processor.py:914} INFO - Processing file /opt/airflow/dags/countries_dag.py for tasks to queue
[2026-09-10T02:37:19.356+0000] {logging_mixin.py:190} INFO - [2026-09-10T02:37:19.355+0000] {dagbag.py:588} INFO - Filling up the DagBag from /opt/airflow/dags/countries_dag.py
[2026-09-10T02:37:23.731+0000] {processor.py:925} INFO - DAG(s) 'countries_ingestion' retrieved from /opt/airflow/dags/countries_dag.py
[2026-09-10T02:37:23.848+0000] {logging_mixin.py:190} INFO - [2026-09-10T02:37:23.848+0000] {dag.py:3239} INFO - Sync 1 DAGs
[2026-09-10T02:37:24.439+0000] {logging_mixin.py:190} INFO - [2026-09-10T02:37:24.438+0000] {dag.py:4180} INFO - Setting next_dagrun for countries_ingestion to 2026-09-10 00:00:00+00:00, run_after=2026-09-10 04:00:00+00:00
[2026-09-10T02:37:24.558+0000] {processor.py:208} INFO - Processing /opt/airflow/dags/countries_dag.py took 5.305 seconds
[2026-09-10T02:37:33.974+0000] {processor.py:186} INFO - Started process (PID=713) to work on /opt/airflow/dags/countries_dag.py
[2026-09-10T02:37:33.977+0000] {processor.py:914} INFO - Processing file /opt/airflow/dags/countries_dag.py for tasks to queue
[2026-09-10T02:37:33.985+0000] {logging_mixin.py:190} INFO - [2026-09-10T02:37:33.984+0000] {dagbag.py:588} INFO - Filling up the DagBag from /opt/airflow/dags/countries_dag.py
[2026-09-10T02:37:37.697+0000] {processor.py:925} INFO - DAG(s) 'countries_ingestion' retrieved from /opt/airflow/dags/countries_dag.py
[2026-09-10T02:37:38.281+0000] {logging_mixin.py:190} INFO - [2026-09-10T02:37:38.280+0000] {dag.py:3239} INFO - Sync 1 DAGs
[2026-09-10T02:37:38.371+0000] {logging_mixin.py:190} INFO - [2026-09-10T02:37:38.371+0000] {dag.py:4180} INFO - Setting next_dagrun for countries_ingestion to 2026-09-10 00:00:00+00:00, run_after=2026-09-10 04:00:00+00:00
[2026-09-10T02:37:38.449+0000] {processor.py:208} INFO - Processing /opt/airflow/dags/countries_dag.py took 4.495 seconds
[2026-09-10T02:38:02.007+0000] {processor.py:186} INFO - Started process (PID=720) to work on /opt/airflow/dags/countries_dag.py
[2026-09-10T02:38:02.010+0000] {processor.py:914} INFO - Processing file /opt/airflow/dags/countries_dag.py for tasks to queue
[2026-09-10T02:38:02.019+0000] {logging_mixin.py:190} INFO - [2026-09-10T02:38:02.018+0000] {dagbag.py:588} INFO - Filling up the DagBag from /opt/airflow/dags/countries_dag.py
[2026-09-10T02:38:05.858+0000] {logging_mixin.py:190} INFO - [2026-09-10T02:38:05.340+0000] {dagbag.py:387} ERROR - Failed to import: /opt/airflow/dags/countries_dag.py
Traceback (most recent call last):
  File "/home/airflow/.local/lib/python3.11/site-packages/airflow/models/dagbag.py", line 383, in parse
    loader.exec_module(new_module)
  File "<frozen importlib._bootstrap_external>", line 940, in exec_module
  File "<frozen importlib._bootstrap>", line 241, in _call_with_frames_removed
  File "/opt/airflow/dags/countries_dag.py", line 84, in <module>
NameError: name 'dbt_run' is not defined
[2026-09-10T02:38:05.968+0000] {processor.py:927} WARNING - No viable dags retrieved from /opt/airflow/dags/countries_dag.py
[2026-09-10T02:38:06.105+0000] {processor.py:208} INFO - Processing /opt/airflow/dags/countries_dag.py took 4.124 seconds
[2026-09-10T02:38:10.845+0000] {processor.py:186} INFO - Started process (PID=727) to work on /opt/airflow/dags/countries_dag.py
[2026-09-10T02:38:10.853+0000] {processor.py:914} INFO - Processing file /opt/airflow/dags/countries_dag.py for tasks to queue
[2026-09-10T02:38:10.869+0000] {logging_mixin.py:190} INFO - [2026-09-10T02:38:10.864+0000] {dagbag.py:588} INFO - Filling up the DagBag from /opt/airflow/dags/countries_dag.py
[2026-09-10T02:38:14.674+0000] {logging_mixin.py:190} INFO - [2026-09-10T02:38:14.660+0000] {dagbag.py:387} ERROR - Failed to import: /opt/airflow/dags/countries_dag.py
Traceback (most recent call last):
  File "/home/airflow/.local/lib/python3.11/site-packages/airflow/models/dagbag.py", line 383, in parse
    loader.exec_module(new_module)
  File "<frozen importlib._bootstrap_external>", line 940, in exec_module
  File "<frozen importlib._bootstrap>", line 241, in _call_with_frames_removed
  File "/opt/airflow/dags/countries_dag.py", line 74, in <module>
    task_id="dbt_run",
          ^^^^^^^^^^^^
  File "/home/airflow/.local/lib/python3.11/site-packages/airflow/models/baseoperator.py", line 508, in apply_defaults
    result = func(self, **kwargs, default_args=default_args)
             ^^^^^^^^^^^^^^^^^^^^^^^^^^^^^^^^^^^^^^^^^^^^^^^
  File "/home/airflow/.local/lib/python3.11/site-packages/airflow/providers/docker/operators/docker.py", line 256, in __init__
    super().__init__(**kwargs)
  File "/home/airflow/.local/lib/python3.11/site-packages/airflow/models/baseoperator.py", line 508, in apply_defaults
    result = func(self, **kwargs, default_args=default_args)
             ^^^^^^^^^^^^^^^^^^^^^^^^^^^^^^^^^^^^^^^^^^^^^^^
  File "/home/airflow/.local/lib/python3.11/site-packages/airflow/models/baseoperator.py", line 959, in __init__
    raise AirflowException(
airflow.exceptions.AirflowException: Invalid arguments were passed to DockerOperator (task_id: dbt_run). Invalid arguments were:
**kwargs: {'volumes': ['../dbt:/usr/app', '../dbt/profiles:/root/.dbt']}
[2026-09-10T02:38:14.677+0000] {processor.py:927} WARNING - No viable dags retrieved from /opt/airflow/dags/countries_dag.py
[2026-09-10T02:38:14.721+0000] {processor.py:208} INFO - Processing /opt/airflow/dags/countries_dag.py took 3.899 seconds
[2026-09-10T02:38:45.521+0000] {processor.py:186} INFO - Started process (PID=734) to work on /opt/airflow/dags/countries_dag.py
[2026-09-10T02:38:45.525+0000] {processor.py:914} INFO - Processing file /opt/airflow/dags/countries_dag.py for tasks to queue
[2026-09-10T02:38:45.531+0000] {logging_mixin.py:190} INFO - [2026-09-10T02:38:45.531+0000] {dagbag.py:588} INFO - Filling up the DagBag from /opt/airflow/dags/countries_dag.py
[2026-09-10T02:38:48.560+0000] {logging_mixin.py:190} INFO - [2026-09-10T02:38:48.551+0000] {dagbag.py:387} ERROR - Failed to import: /opt/airflow/dags/countries_dag.py
Traceback (most recent call last):
  File "/home/airflow/.local/lib/python3.11/site-packages/airflow/models/dagbag.py", line 383, in parse
    loader.exec_module(new_module)
  File "<frozen importlib._bootstrap_external>", line 940, in exec_module
  File "<frozen importlib._bootstrap>", line 241, in _call_with_frames_removed
  File "/opt/airflow/dags/countries_dag.py", line 73, in <module>
    dbt_run = DockerOperator(
              ^^^^^^^^^^^^^^^
  File "/home/airflow/.local/lib/python3.11/site-packages/airflow/models/baseoperator.py", line 508, in apply_defaults
    result = func(self, **kwargs, default_args=default_args)
             ^^^^^^^^^^^^^^^^^^^^^^^^^^^^^^^^^^^^^^^^^^^^^^^
  File "/home/airflow/.local/lib/python3.11/site-packages/airflow/providers/docker/operators/docker.py", line 256, in __init__
    super().__init__(**kwargs)
  File "/home/airflow/.local/lib/python3.11/site-packages/airflow/models/baseoperator.py", line 508, in apply_defaults
    result = func(self, **kwargs, default_args=default_args)
             ^^^^^^^^^^^^^^^^^^^^^^^^^^^^^^^^^^^^^^^^^^^^^^^
  File "/home/airflow/.local/lib/python3.11/site-packages/airflow/models/baseoperator.py", line 959, in __init__
    raise AirflowException(
airflow.exceptions.AirflowException: Invalid arguments were passed to DockerOperator (task_id: dbt_run). Invalid arguments were:
**kwargs: {'volumes': ['../dbt:/usr/app', '../dbt/profiles:/root/.dbt']}
[2026-09-10T02:38:48.562+0000] {processor.py:927} WARNING - No viable dags retrieved from /opt/airflow/dags/countries_dag.py
[2026-09-10T02:38:48.604+0000] {processor.py:208} INFO - Processing /opt/airflow/dags/countries_dag.py took 3.106 seconds
[2026-09-10T02:39:19.459+0000] {processor.py:186} INFO - Started process (PID=741) to work on /opt/airflow/dags/countries_dag.py
[2026-09-10T02:39:19.462+0000] {processor.py:914} INFO - Processing file /opt/airflow/dags/countries_dag.py for tasks to queue
[2026-09-10T02:39:19.471+0000] {logging_mixin.py:190} INFO - [2026-09-10T02:39:19.469+0000] {dagbag.py:588} INFO - Filling up the DagBag from /opt/airflow/dags/countries_dag.py
[2026-09-10T02:39:21.968+0000] {logging_mixin.py:190} INFO - [2026-09-10T02:39:21.958+0000] {dagbag.py:387} ERROR - Failed to import: /opt/airflow/dags/countries_dag.py
Traceback (most recent call last):
  File "/home/airflow/.local/lib/python3.11/site-packages/airflow/models/dagbag.py", line 383, in parse
    loader.exec_module(new_module)
  File "<frozen importlib._bootstrap_external>", line 940, in exec_module
  File "<frozen importlib._bootstrap>", line 241, in _call_with_frames_removed
  File "/opt/airflow/dags/countries_dag.py", line 73, in <module>
    dbt_run = DockerOperator(
              ^^^^^^^^^^^^^^^
  File "/home/airflow/.local/lib/python3.11/site-packages/airflow/models/baseoperator.py", line 508, in apply_defaults
    result = func(self, **kwargs, default_args=default_args)
             ^^^^^^^^^^^^^^^^^^^^^^^^^^^^^^^^^^^^^^^^^^^^^^^
  File "/home/airflow/.local/lib/python3.11/site-packages/airflow/providers/docker/operators/docker.py", line 256, in __init__
    super().__init__(**kwargs)
  File "/home/airflow/.local/lib/python3.11/site-packages/airflow/models/baseoperator.py", line 508, in apply_defaults
    result = func(self, **kwargs, default_args=default_args)
             ^^^^^^^^^^^^^^^^^^^^^^^^^^^^^^^^^^^^^^^^^^^^^^^
  File "/home/airflow/.local/lib/python3.11/site-packages/airflow/models/baseoperator.py", line 959, in __init__
    raise AirflowException(
airflow.exceptions.AirflowException: Invalid arguments were passed to DockerOperator (task_id: dbt_run). Invalid arguments were:
**kwargs: {'volumes': ['../dbt:/usr/app', '../dbt/profiles:/root/.dbt']}
[2026-09-10T02:39:21.971+0000] {processor.py:927} WARNING - No viable dags retrieved from /opt/airflow/dags/countries_dag.py
[2026-09-10T02:39:22.020+0000] {processor.py:208} INFO - Processing /opt/airflow/dags/countries_dag.py took 2.582 seconds
[2026-09-10T02:39:52.410+0000] {processor.py:186} INFO - Started process (PID=748) to work on /opt/airflow/dags/countries_dag.py
[2026-09-10T02:39:52.414+0000] {processor.py:914} INFO - Processing file /opt/airflow/dags/countries_dag.py for tasks to queue
[2026-09-10T02:39:52.418+0000] {logging_mixin.py:190} INFO - [2026-09-10T02:39:52.417+0000] {dagbag.py:588} INFO - Filling up the DagBag from /opt/airflow/dags/countries_dag.py
[2026-09-10T02:39:56.617+0000] {logging_mixin.py:190} INFO - [2026-09-10T02:39:56.604+0000] {dagbag.py:387} ERROR - Failed to import: /opt/airflow/dags/countries_dag.py
Traceback (most recent call last):
  File "/home/airflow/.local/lib/python3.11/site-packages/airflow/models/dagbag.py", line 383, in parse
    loader.exec_module(new_module)
  File "<frozen importlib._bootstrap_external>", line 940, in exec_module
  File "<frozen importlib._bootstrap>", line 241, in _call_with_frames_removed
  File "/opt/airflow/dags/countries_dag.py", line 73, in <module>
    dbt_run = DockerOperator(
              ^^^^^^^^^^^^^^^
  File "/home/airflow/.local/lib/python3.11/site-packages/airflow/models/baseoperator.py", line 508, in apply_defaults
    result = func(self, **kwargs, default_args=default_args)
             ^^^^^^^^^^^^^^^^^^^^^^^^^^^^^^^^^^^^^^^^^^^^^^^
  File "/home/airflow/.local/lib/python3.11/site-packages/airflow/providers/docker/operators/docker.py", line 256, in __init__
    super().__init__(**kwargs)
  File "/home/airflow/.local/lib/python3.11/site-packages/airflow/models/baseoperator.py", line 508, in apply_defaults
    result = func(self, **kwargs, default_args=default_args)
             ^^^^^^^^^^^^^^^^^^^^^^^^^^^^^^^^^^^^^^^^^^^^^^^
  File "/home/airflow/.local/lib/python3.11/site-packages/airflow/models/baseoperator.py", line 959, in __init__
    raise AirflowException(
airflow.exceptions.AirflowException: Invalid arguments were passed to DockerOperator (task_id: dbt_run). Invalid arguments were:
**kwargs: {'volumes': ['../dbt:/usr/app', '../dbt/profiles:/root/.dbt']}
[2026-09-10T02:39:56.620+0000] {processor.py:927} WARNING - No viable dags retrieved from /opt/airflow/dags/countries_dag.py
[2026-09-10T02:39:56.672+0000] {processor.py:208} INFO - Processing /opt/airflow/dags/countries_dag.py took 4.292 seconds
[2026-09-10T02:40:27.145+0000] {processor.py:186} INFO - Started process (PID=755) to work on /opt/airflow/dags/countries_dag.py
[2026-09-10T02:40:27.150+0000] {processor.py:914} INFO - Processing file /opt/airflow/dags/countries_dag.py for tasks to queue
[2026-09-10T02:40:27.156+0000] {logging_mixin.py:190} INFO - [2026-09-10T02:40:27.155+0000] {dagbag.py:588} INFO - Filling up the DagBag from /opt/airflow/dags/countries_dag.py
[2026-09-10T02:40:29.687+0000] {logging_mixin.py:190} INFO - [2026-09-10T02:40:29.658+0000] {dagbag.py:387} ERROR - Failed to import: /opt/airflow/dags/countries_dag.py
Traceback (most recent call last):
  File "/home/airflow/.local/lib/python3.11/site-packages/airflow/models/dagbag.py", line 383, in parse
    loader.exec_module(new_module)
  File "<frozen importlib._bootstrap_external>", line 940, in exec_module
  File "<frozen importlib._bootstrap>", line 241, in _call_with_frames_removed
  File "/opt/airflow/dags/countries_dag.py", line 73, in <module>
    dbt_run = DockerOperator(
              ^^^^^^^^^^^^^^^
  File "/home/airflow/.local/lib/python3.11/site-packages/airflow/models/baseoperator.py", line 508, in apply_defaults
    result = func(self, **kwargs, default_args=default_args)
             ^^^^^^^^^^^^^^^^^^^^^^^^^^^^^^^^^^^^^^^^^^^^^^^
  File "/home/airflow/.local/lib/python3.11/site-packages/airflow/providers/docker/operators/docker.py", line 256, in __init__
    super().__init__(**kwargs)
  File "/home/airflow/.local/lib/python3.11/site-packages/airflow/models/baseoperator.py", line 508, in apply_defaults
    result = func(self, **kwargs, default_args=default_args)
             ^^^^^^^^^^^^^^^^^^^^^^^^^^^^^^^^^^^^^^^^^^^^^^^
  File "/home/airflow/.local/lib/python3.11/site-packages/airflow/models/baseoperator.py", line 959, in __init__
    raise AirflowException(
airflow.exceptions.AirflowException: Invalid arguments were passed to DockerOperator (task_id: dbt_run). Invalid arguments were:
**kwargs: {'volumes': ['../dbt:/usr/app', '../dbt/profiles:/root/.dbt']}
[2026-09-10T02:40:29.691+0000] {processor.py:927} WARNING - No viable dags retrieved from /opt/airflow/dags/countries_dag.py
[2026-09-10T02:40:29.767+0000] {processor.py:208} INFO - Processing /opt/airflow/dags/countries_dag.py took 2.636 seconds
[2026-09-10T02:41:00.415+0000] {processor.py:186} INFO - Started process (PID=762) to work on /opt/airflow/dags/countries_dag.py
[2026-09-10T02:41:00.418+0000] {processor.py:914} INFO - Processing file /opt/airflow/dags/countries_dag.py for tasks to queue
[2026-09-10T02:41:00.424+0000] {logging_mixin.py:190} INFO - [2026-09-10T02:41:00.423+0000] {dagbag.py:588} INFO - Filling up the DagBag from /opt/airflow/dags/countries_dag.py
[2026-09-10T02:41:03.706+0000] {logging_mixin.py:190} INFO - [2026-09-10T02:41:03.674+0000] {dagbag.py:387} ERROR - Failed to import: /opt/airflow/dags/countries_dag.py
Traceback (most recent call last):
  File "/home/airflow/.local/lib/python3.11/site-packages/airflow/models/dagbag.py", line 383, in parse
    loader.exec_module(new_module)
  File "<frozen importlib._bootstrap_external>", line 940, in exec_module
  File "<frozen importlib._bootstrap>", line 241, in _call_with_frames_removed
  File "/opt/airflow/dags/countries_dag.py", line 73, in <module>
    dbt_run = DockerOperator(
              ^^^^^^^^^^^^^^^
  File "/home/airflow/.local/lib/python3.11/site-packages/airflow/models/baseoperator.py", line 508, in apply_defaults
    result = func(self, **kwargs, default_args=default_args)
             ^^^^^^^^^^^^^^^^^^^^^^^^^^^^^^^^^^^^^^^^^^^^^^^
  File "/home/airflow/.local/lib/python3.11/site-packages/airflow/providers/docker/operators/docker.py", line 256, in __init__
    super().__init__(**kwargs)
  File "/home/airflow/.local/lib/python3.11/site-packages/airflow/models/baseoperator.py", line 508, in apply_defaults
    result = func(self, **kwargs, default_args=default_args)
             ^^^^^^^^^^^^^^^^^^^^^^^^^^^^^^^^^^^^^^^^^^^^^^^
  File "/home/airflow/.local/lib/python3.11/site-packages/airflow/models/baseoperator.py", line 959, in __init__
    raise AirflowException(
airflow.exceptions.AirflowException: Invalid arguments were passed to DockerOperator (task_id: dbt_run). Invalid arguments were:
**kwargs: {'volumes': ['../dbt:/usr/app', '../dbt/profiles:/root/.dbt']}
[2026-09-10T02:41:03.709+0000] {processor.py:927} WARNING - No viable dags retrieved from /opt/airflow/dags/countries_dag.py
[2026-09-10T02:41:03.771+0000] {processor.py:208} INFO - Processing /opt/airflow/dags/countries_dag.py took 3.371 seconds
[2026-09-10T02:41:33.997+0000] {processor.py:186} INFO - Started process (PID=769) to work on /opt/airflow/dags/countries_dag.py
[2026-09-10T02:41:34.002+0000] {processor.py:914} INFO - Processing file /opt/airflow/dags/countries_dag.py for tasks to queue
[2026-09-10T02:41:34.007+0000] {logging_mixin.py:190} INFO - [2026-09-10T02:41:34.006+0000] {dagbag.py:588} INFO - Filling up the DagBag from /opt/airflow/dags/countries_dag.py
[2026-09-10T02:41:37.630+0000] {logging_mixin.py:190} INFO - [2026-09-10T02:41:37.607+0000] {dagbag.py:387} ERROR - Failed to import: /opt/airflow/dags/countries_dag.py
Traceback (most recent call last):
  File "/home/airflow/.local/lib/python3.11/site-packages/airflow/models/dagbag.py", line 383, in parse
    loader.exec_module(new_module)
  File "<frozen importlib._bootstrap_external>", line 940, in exec_module
  File "<frozen importlib._bootstrap>", line 241, in _call_with_frames_removed
  File "/opt/airflow/dags/countries_dag.py", line 73, in <module>
    dbt_run = DockerOperator(
              ^^^^^^^^^^^^^^^
  File "/home/airflow/.local/lib/python3.11/site-packages/airflow/models/baseoperator.py", line 508, in apply_defaults
    result = func(self, **kwargs, default_args=default_args)
             ^^^^^^^^^^^^^^^^^^^^^^^^^^^^^^^^^^^^^^^^^^^^^^^
  File "/home/airflow/.local/lib/python3.11/site-packages/airflow/providers/docker/operators/docker.py", line 256, in __init__
    super().__init__(**kwargs)
  File "/home/airflow/.local/lib/python3.11/site-packages/airflow/models/baseoperator.py", line 508, in apply_defaults
    result = func(self, **kwargs, default_args=default_args)
             ^^^^^^^^^^^^^^^^^^^^^^^^^^^^^^^^^^^^^^^^^^^^^^^
  File "/home/airflow/.local/lib/python3.11/site-packages/airflow/models/baseoperator.py", line 959, in __init__
    raise AirflowException(
airflow.exceptions.AirflowException: Invalid arguments were passed to DockerOperator (task_id: dbt_run). Invalid arguments were:
**kwargs: {'volumes': ['../dbt:/usr/app', '../dbt/profiles:/root/.dbt']}
[2026-09-10T02:41:37.633+0000] {processor.py:927} WARNING - No viable dags retrieved from /opt/airflow/dags/countries_dag.py
[2026-09-10T02:41:37.729+0000] {processor.py:208} INFO - Processing /opt/airflow/dags/countries_dag.py took 3.771 seconds
[2026-09-10T02:42:08.849+0000] {processor.py:186} INFO - Started process (PID=776) to work on /opt/airflow/dags/countries_dag.py
[2026-09-10T02:42:08.855+0000] {processor.py:914} INFO - Processing file /opt/airflow/dags/countries_dag.py for tasks to queue
[2026-09-10T02:42:08.866+0000] {logging_mixin.py:190} INFO - [2026-09-10T02:42:08.865+0000] {dagbag.py:588} INFO - Filling up the DagBag from /opt/airflow/dags/countries_dag.py
[2026-09-10T02:42:12.891+0000] {logging_mixin.py:190} INFO - [2026-09-10T02:42:12.878+0000] {dagbag.py:387} ERROR - Failed to import: /opt/airflow/dags/countries_dag.py
Traceback (most recent call last):
  File "/home/airflow/.local/lib/python3.11/site-packages/airflow/models/dagbag.py", line 383, in parse
    loader.exec_module(new_module)
  File "<frozen importlib._bootstrap_external>", line 940, in exec_module
  File "<frozen importlib._bootstrap>", line 241, in _call_with_frames_removed
  File "/opt/airflow/dags/countries_dag.py", line 73, in <module>
    dbt_run = DockerOperator(
              ^^^^^^^^^^^^^^^
  File "/home/airflow/.local/lib/python3.11/site-packages/airflow/models/baseoperator.py", line 508, in apply_defaults
    result = func(self, **kwargs, default_args=default_args)
             ^^^^^^^^^^^^^^^^^^^^^^^^^^^^^^^^^^^^^^^^^^^^^^^
  File "/home/airflow/.local/lib/python3.11/site-packages/airflow/providers/docker/operators/docker.py", line 256, in __init__
    super().__init__(**kwargs)
  File "/home/airflow/.local/lib/python3.11/site-packages/airflow/models/baseoperator.py", line 508, in apply_defaults
    result = func(self, **kwargs, default_args=default_args)
             ^^^^^^^^^^^^^^^^^^^^^^^^^^^^^^^^^^^^^^^^^^^^^^^
  File "/home/airflow/.local/lib/python3.11/site-packages/airflow/models/baseoperator.py", line 959, in __init__
    raise AirflowException(
airflow.exceptions.AirflowException: Invalid arguments were passed to DockerOperator (task_id: dbt_run). Invalid arguments were:
**kwargs: {'volumes': ['../dbt:/usr/app', '../dbt/profiles:/root/.dbt']}
[2026-09-10T02:42:12.894+0000] {processor.py:927} WARNING - No viable dags retrieved from /opt/airflow/dags/countries_dag.py
[2026-09-10T02:42:12.937+0000] {processor.py:208} INFO - Processing /opt/airflow/dags/countries_dag.py took 4.116 seconds
[2026-09-10T02:42:43.662+0000] {processor.py:186} INFO - Started process (PID=783) to work on /opt/airflow/dags/countries_dag.py
[2026-09-10T02:42:43.669+0000] {processor.py:914} INFO - Processing file /opt/airflow/dags/countries_dag.py for tasks to queue
[2026-09-10T02:42:43.674+0000] {logging_mixin.py:190} INFO - [2026-09-10T02:42:43.673+0000] {dagbag.py:588} INFO - Filling up the DagBag from /opt/airflow/dags/countries_dag.py
[2026-09-10T02:42:47.866+0000] {logging_mixin.py:190} INFO - [2026-09-10T02:42:47.803+0000] {dagbag.py:387} ERROR - Failed to import: /opt/airflow/dags/countries_dag.py
Traceback (most recent call last):
  File "/home/airflow/.local/lib/python3.11/site-packages/airflow/models/dagbag.py", line 383, in parse
    loader.exec_module(new_module)
  File "<frozen importlib._bootstrap_external>", line 940, in exec_module
  File "<frozen importlib._bootstrap>", line 241, in _call_with_frames_removed
  File "/opt/airflow/dags/countries_dag.py", line 73, in <module>
    dbt_run = DockerOperator(
              ^^^^^^^^^^^^^^^
  File "/home/airflow/.local/lib/python3.11/site-packages/airflow/models/baseoperator.py", line 508, in apply_defaults
    result = func(self, **kwargs, default_args=default_args)
             ^^^^^^^^^^^^^^^^^^^^^^^^^^^^^^^^^^^^^^^^^^^^^^^
  File "/home/airflow/.local/lib/python3.11/site-packages/airflow/providers/docker/operators/docker.py", line 256, in __init__
    super().__init__(**kwargs)
  File "/home/airflow/.local/lib/python3.11/site-packages/airflow/models/baseoperator.py", line 508, in apply_defaults
    result = func(self, **kwargs, default_args=default_args)
             ^^^^^^^^^^^^^^^^^^^^^^^^^^^^^^^^^^^^^^^^^^^^^^^
  File "/home/airflow/.local/lib/python3.11/site-packages/airflow/models/baseoperator.py", line 959, in __init__
    raise AirflowException(
airflow.exceptions.AirflowException: Invalid arguments were passed to DockerOperator (task_id: dbt_run). Invalid arguments were:
**kwargs: {'volumes': ['../dbt:/usr/app', '../dbt/profiles:/root/.dbt']}
[2026-09-10T02:42:47.871+0000] {processor.py:927} WARNING - No viable dags retrieved from /opt/airflow/dags/countries_dag.py
[2026-09-10T02:42:47.968+0000] {processor.py:208} INFO - Processing /opt/airflow/dags/countries_dag.py took 4.340 seconds
[2026-09-10T02:43:18.737+0000] {processor.py:186} INFO - Started process (PID=790) to work on /opt/airflow/dags/countries_dag.py
[2026-09-10T02:43:18.739+0000] {processor.py:914} INFO - Processing file /opt/airflow/dags/countries_dag.py for tasks to queue
[2026-09-10T02:43:18.741+0000] {logging_mixin.py:190} INFO - [2026-09-10T02:43:18.741+0000] {dagbag.py:588} INFO - Filling up the DagBag from /opt/airflow/dags/countries_dag.py
[2026-09-10T02:43:21.764+0000] {logging_mixin.py:190} INFO - [2026-09-10T02:43:21.750+0000] {dagbag.py:387} ERROR - Failed to import: /opt/airflow/dags/countries_dag.py
Traceback (most recent call last):
  File "/home/airflow/.local/lib/python3.11/site-packages/airflow/models/dagbag.py", line 383, in parse
    loader.exec_module(new_module)
  File "<frozen importlib._bootstrap_external>", line 940, in exec_module
  File "<frozen importlib._bootstrap>", line 241, in _call_with_frames_removed
  File "/opt/airflow/dags/countries_dag.py", line 73, in <module>
    dbt_run = DockerOperator(
              ^^^^^^^^^^^^^^^
  File "/home/airflow/.local/lib/python3.11/site-packages/airflow/models/baseoperator.py", line 508, in apply_defaults
    result = func(self, **kwargs, default_args=default_args)
             ^^^^^^^^^^^^^^^^^^^^^^^^^^^^^^^^^^^^^^^^^^^^^^^
  File "/home/airflow/.local/lib/python3.11/site-packages/airflow/providers/docker/operators/docker.py", line 256, in __init__
    super().__init__(**kwargs)
  File "/home/airflow/.local/lib/python3.11/site-packages/airflow/models/baseoperator.py", line 508, in apply_defaults
    result = func(self, **kwargs, default_args=default_args)
             ^^^^^^^^^^^^^^^^^^^^^^^^^^^^^^^^^^^^^^^^^^^^^^^
  File "/home/airflow/.local/lib/python3.11/site-packages/airflow/models/baseoperator.py", line 959, in __init__
    raise AirflowException(
airflow.exceptions.AirflowException: Invalid arguments were passed to DockerOperator (task_id: dbt_run). Invalid arguments were:
**kwargs: {'volumes': ['../dbt:/usr/app', '../dbt/profiles:/root/.dbt']}
[2026-09-10T02:43:21.766+0000] {processor.py:927} WARNING - No viable dags retrieved from /opt/airflow/dags/countries_dag.py
[2026-09-10T02:43:21.854+0000] {processor.py:208} INFO - Processing /opt/airflow/dags/countries_dag.py took 3.128 seconds
[2026-09-10T02:43:52.318+0000] {processor.py:186} INFO - Started process (PID=797) to work on /opt/airflow/dags/countries_dag.py
[2026-09-10T02:43:52.320+0000] {processor.py:914} INFO - Processing file /opt/airflow/dags/countries_dag.py for tasks to queue
[2026-09-10T02:43:52.324+0000] {logging_mixin.py:190} INFO - [2026-09-10T02:43:52.323+0000] {dagbag.py:588} INFO - Filling up the DagBag from /opt/airflow/dags/countries_dag.py
[2026-09-10T02:43:54.616+0000] {logging_mixin.py:190} INFO - [2026-09-10T02:43:54.596+0000] {dagbag.py:387} ERROR - Failed to import: /opt/airflow/dags/countries_dag.py
Traceback (most recent call last):
  File "/home/airflow/.local/lib/python3.11/site-packages/airflow/models/dagbag.py", line 383, in parse
    loader.exec_module(new_module)
  File "<frozen importlib._bootstrap_external>", line 940, in exec_module
  File "<frozen importlib._bootstrap>", line 241, in _call_with_frames_removed
  File "/opt/airflow/dags/countries_dag.py", line 73, in <module>
    dbt_run = DockerOperator(
              ^^^^^^^^^^^^^^^
  File "/home/airflow/.local/lib/python3.11/site-packages/airflow/models/baseoperator.py", line 508, in apply_defaults
    result = func(self, **kwargs, default_args=default_args)
             ^^^^^^^^^^^^^^^^^^^^^^^^^^^^^^^^^^^^^^^^^^^^^^^
  File "/home/airflow/.local/lib/python3.11/site-packages/airflow/providers/docker/operators/docker.py", line 256, in __init__
    super().__init__(**kwargs)
  File "/home/airflow/.local/lib/python3.11/site-packages/airflow/models/baseoperator.py", line 508, in apply_defaults
    result = func(self, **kwargs, default_args=default_args)
             ^^^^^^^^^^^^^^^^^^^^^^^^^^^^^^^^^^^^^^^^^^^^^^^
  File "/home/airflow/.local/lib/python3.11/site-packages/airflow/models/baseoperator.py", line 959, in __init__
    raise AirflowException(
airflow.exceptions.AirflowException: Invalid arguments were passed to DockerOperator (task_id: dbt_run). Invalid arguments were:
**kwargs: {'volumes': ['../dbt:/usr/app', '../dbt/profiles:/root/.dbt']}
[2026-09-10T02:43:54.622+0000] {processor.py:927} WARNING - No viable dags retrieved from /opt/airflow/dags/countries_dag.py
[2026-09-10T02:43:54.693+0000] {processor.py:208} INFO - Processing /opt/airflow/dags/countries_dag.py took 2.393 seconds
[2026-09-10T02:44:25.094+0000] {processor.py:186} INFO - Started process (PID=804) to work on /opt/airflow/dags/countries_dag.py
[2026-09-10T02:44:25.096+0000] {processor.py:914} INFO - Processing file /opt/airflow/dags/countries_dag.py for tasks to queue
[2026-09-10T02:44:25.099+0000] {logging_mixin.py:190} INFO - [2026-09-10T02:44:25.098+0000] {dagbag.py:588} INFO - Filling up the DagBag from /opt/airflow/dags/countries_dag.py
[2026-09-10T02:44:27.950+0000] {logging_mixin.py:190} INFO - [2026-09-10T02:44:27.939+0000] {dagbag.py:387} ERROR - Failed to import: /opt/airflow/dags/countries_dag.py
Traceback (most recent call last):
  File "/home/airflow/.local/lib/python3.11/site-packages/airflow/models/dagbag.py", line 383, in parse
    loader.exec_module(new_module)
  File "<frozen importlib._bootstrap_external>", line 940, in exec_module
  File "<frozen importlib._bootstrap>", line 241, in _call_with_frames_removed
  File "/opt/airflow/dags/countries_dag.py", line 73, in <module>
    dbt_run = DockerOperator(
              ^^^^^^^^^^^^^^^
  File "/home/airflow/.local/lib/python3.11/site-packages/airflow/models/baseoperator.py", line 508, in apply_defaults
    result = func(self, **kwargs, default_args=default_args)
             ^^^^^^^^^^^^^^^^^^^^^^^^^^^^^^^^^^^^^^^^^^^^^^^
  File "/home/airflow/.local/lib/python3.11/site-packages/airflow/providers/docker/operators/docker.py", line 256, in __init__
    super().__init__(**kwargs)
  File "/home/airflow/.local/lib/python3.11/site-packages/airflow/models/baseoperator.py", line 508, in apply_defaults
    result = func(self, **kwargs, default_args=default_args)
             ^^^^^^^^^^^^^^^^^^^^^^^^^^^^^^^^^^^^^^^^^^^^^^^
  File "/home/airflow/.local/lib/python3.11/site-packages/airflow/models/baseoperator.py", line 959, in __init__
    raise AirflowException(
airflow.exceptions.AirflowException: Invalid arguments were passed to DockerOperator (task_id: dbt_run). Invalid arguments were:
**kwargs: {'volumes': ['../dbt:/usr/app', '../dbt/profiles:/root/.dbt']}
[2026-09-10T02:44:27.953+0000] {processor.py:927} WARNING - No viable dags retrieved from /opt/airflow/dags/countries_dag.py
[2026-09-10T02:44:27.997+0000] {processor.py:208} INFO - Processing /opt/airflow/dags/countries_dag.py took 2.919 seconds
[2026-09-10T02:44:58.663+0000] {processor.py:186} INFO - Started process (PID=811) to work on /opt/airflow/dags/countries_dag.py
[2026-09-10T02:44:58.665+0000] {processor.py:914} INFO - Processing file /opt/airflow/dags/countries_dag.py for tasks to queue
[2026-09-10T02:44:58.669+0000] {logging_mixin.py:190} INFO - [2026-09-10T02:44:58.668+0000] {dagbag.py:588} INFO - Filling up the DagBag from /opt/airflow/dags/countries_dag.py
[2026-09-10T02:45:03.613+0000] {logging_mixin.py:190} INFO - [2026-09-10T02:45:03.597+0000] {dagbag.py:387} ERROR - Failed to import: /opt/airflow/dags/countries_dag.py
Traceback (most recent call last):
  File "/home/airflow/.local/lib/python3.11/site-packages/airflow/models/dagbag.py", line 383, in parse
    loader.exec_module(new_module)
  File "<frozen importlib._bootstrap_external>", line 940, in exec_module
  File "<frozen importlib._bootstrap>", line 241, in _call_with_frames_removed
  File "/opt/airflow/dags/countries_dag.py", line 73, in <module>
    dbt_run = DockerOperator(
              ^^^^^^^^^^^^^^^
  File "/home/airflow/.local/lib/python3.11/site-packages/airflow/models/baseoperator.py", line 508, in apply_defaults
    result = func(self, **kwargs, default_args=default_args)
             ^^^^^^^^^^^^^^^^^^^^^^^^^^^^^^^^^^^^^^^^^^^^^^^
  File "/home/airflow/.local/lib/python3.11/site-packages/airflow/providers/docker/operators/docker.py", line 256, in __init__
    super().__init__(**kwargs)
  File "/home/airflow/.local/lib/python3.11/site-packages/airflow/models/baseoperator.py", line 508, in apply_defaults
    result = func(self, **kwargs, default_args=default_args)
             ^^^^^^^^^^^^^^^^^^^^^^^^^^^^^^^^^^^^^^^^^^^^^^^
  File "/home/airflow/.local/lib/python3.11/site-packages/airflow/models/baseoperator.py", line 959, in __init__
    raise AirflowException(
airflow.exceptions.AirflowException: Invalid arguments were passed to DockerOperator (task_id: dbt_run). Invalid arguments were:
**kwargs: {'volumes': ['../dbt:/usr/app', '../dbt/profiles:/root/.dbt']}
[2026-09-10T02:45:03.616+0000] {processor.py:927} WARNING - No viable dags retrieved from /opt/airflow/dags/countries_dag.py
[2026-09-10T02:45:03.695+0000] {processor.py:208} INFO - Processing /opt/airflow/dags/countries_dag.py took 5.049 seconds
[2026-09-10T02:45:34.484+0000] {processor.py:186} INFO - Started process (PID=818) to work on /opt/airflow/dags/countries_dag.py
[2026-09-10T02:45:34.496+0000] {processor.py:914} INFO - Processing file /opt/airflow/dags/countries_dag.py for tasks to queue
[2026-09-10T02:45:34.511+0000] {logging_mixin.py:190} INFO - [2026-09-10T02:45:34.510+0000] {dagbag.py:588} INFO - Filling up the DagBag from /opt/airflow/dags/countries_dag.py
[2026-09-10T02:45:39.056+0000] {logging_mixin.py:190} INFO - [2026-09-10T02:45:39.034+0000] {dagbag.py:387} ERROR - Failed to import: /opt/airflow/dags/countries_dag.py
Traceback (most recent call last):
  File "/home/airflow/.local/lib/python3.11/site-packages/airflow/models/dagbag.py", line 383, in parse
    loader.exec_module(new_module)
  File "<frozen importlib._bootstrap_external>", line 940, in exec_module
  File "<frozen importlib._bootstrap>", line 241, in _call_with_frames_removed
  File "/opt/airflow/dags/countries_dag.py", line 73, in <module>
    dbt_run = DockerOperator(
              ^^^^^^^^^^^^^^^
  File "/home/airflow/.local/lib/python3.11/site-packages/airflow/models/baseoperator.py", line 508, in apply_defaults
    result = func(self, **kwargs, default_args=default_args)
             ^^^^^^^^^^^^^^^^^^^^^^^^^^^^^^^^^^^^^^^^^^^^^^^
  File "/home/airflow/.local/lib/python3.11/site-packages/airflow/providers/docker/operators/docker.py", line 256, in __init__
    super().__init__(**kwargs)
  File "/home/airflow/.local/lib/python3.11/site-packages/airflow/models/baseoperator.py", line 508, in apply_defaults
    result = func(self, **kwargs, default_args=default_args)
             ^^^^^^^^^^^^^^^^^^^^^^^^^^^^^^^^^^^^^^^^^^^^^^^
  File "/home/airflow/.local/lib/python3.11/site-packages/airflow/models/baseoperator.py", line 959, in __init__
    raise AirflowException(
airflow.exceptions.AirflowException: Invalid arguments were passed to DockerOperator (task_id: dbt_run). Invalid arguments were:
**kwargs: {'volumes': ['../dbt:/usr/app', '../dbt/profiles:/root/.dbt']}
[2026-09-10T02:45:39.058+0000] {processor.py:927} WARNING - No viable dags retrieved from /opt/airflow/dags/countries_dag.py
[2026-09-10T02:45:39.246+0000] {processor.py:208} INFO - Processing /opt/airflow/dags/countries_dag.py took 4.796 seconds
[2026-09-10T05:46:25.481+0000] {processor.py:186} INFO - Started process (PID=825) to work on /opt/airflow/dags/countries_dag.py
[2026-09-10T05:46:25.532+0000] {processor.py:914} INFO - Processing file /opt/airflow/dags/countries_dag.py for tasks to queue
[2026-09-10T05:46:25.553+0000] {logging_mixin.py:190} INFO - [2026-09-10T05:46:25.552+0000] {dagbag.py:588} INFO - Filling up the DagBag from /opt/airflow/dags/countries_dag.py
[2026-09-10T05:46:35.808+0000] {logging_mixin.py:190} INFO - [2026-09-10T05:46:35.770+0000] {dagbag.py:387} ERROR - Failed to import: /opt/airflow/dags/countries_dag.py
Traceback (most recent call last):
  File "/home/airflow/.local/lib/python3.11/site-packages/airflow/models/dagbag.py", line 383, in parse
    loader.exec_module(new_module)
  File "<frozen importlib._bootstrap_external>", line 940, in exec_module
  File "<frozen importlib._bootstrap>", line 241, in _call_with_frames_removed
  File "/opt/airflow/dags/countries_dag.py", line 73, in <module>
    dbt_run = DockerOperator(
              ^^^^^^^^^^^^^^^
  File "/home/airflow/.local/lib/python3.11/site-packages/airflow/models/baseoperator.py", line 508, in apply_defaults
    result = func(self, **kwargs, default_args=default_args)
             ^^^^^^^^^^^^^^^^^^^^^^^^^^^^^^^^^^^^^^^^^^^^^^^
  File "/home/airflow/.local/lib/python3.11/site-packages/airflow/providers/docker/operators/docker.py", line 256, in __init__
    super().__init__(**kwargs)
  File "/home/airflow/.local/lib/python3.11/site-packages/airflow/models/baseoperator.py", line 508, in apply_defaults
    result = func(self, **kwargs, default_args=default_args)
             ^^^^^^^^^^^^^^^^^^^^^^^^^^^^^^^^^^^^^^^^^^^^^^^
  File "/home/airflow/.local/lib/python3.11/site-packages/airflow/models/baseoperator.py", line 959, in __init__
    raise AirflowException(
airflow.exceptions.AirflowException: Invalid arguments were passed to DockerOperator (task_id: dbt_run). Invalid arguments were:
**kwargs: {'volumes': ['../dbt:/usr/app', '../dbt/profiles:/root/.dbt']}
[2026-09-10T05:46:35.814+0000] {processor.py:927} WARNING - No viable dags retrieved from /opt/airflow/dags/countries_dag.py
[2026-09-10T05:46:35.888+0000] {processor.py:208} INFO - Processing /opt/airflow/dags/countries_dag.py took 10.475 seconds
[2026-09-10T20:20:46.938+0000] {processor.py:186} INFO - Started process (PID=832) to work on /opt/airflow/dags/countries_dag.py
[2026-09-10T20:20:46.945+0000] {processor.py:914} INFO - Processing file /opt/airflow/dags/countries_dag.py for tasks to queue
[2026-09-10T20:20:46.954+0000] {logging_mixin.py:190} INFO - [2026-09-10T20:20:46.953+0000] {dagbag.py:588} INFO - Filling up the DagBag from /opt/airflow/dags/countries_dag.py
[2026-09-10T20:21:10.586+0000] {logging_mixin.py:190} INFO - [2026-09-10T20:21:09.573+0000] {dagbag.py:387} ERROR - Failed to import: /opt/airflow/dags/countries_dag.py
Traceback (most recent call last):
  File "/home/airflow/.local/lib/python3.11/site-packages/airflow/models/dagbag.py", line 383, in parse
    loader.exec_module(new_module)
  File "<frozen importlib._bootstrap_external>", line 940, in exec_module
  File "<frozen importlib._bootstrap>", line 241, in _call_with_frames_removed
  File "/opt/airflow/dags/countries_dag.py", line 73, in <module>
    dbt_run = DockerOperator(
              ^^^^^^^^^^^^^^^
  File "/home/airflow/.local/lib/python3.11/site-packages/airflow/models/baseoperator.py", line 508, in apply_defaults
    result = func(self, **kwargs, default_args=default_args)
             ^^^^^^^^^^^^^^^^^^^^^^^^^^^^^^^^^^^^^^^^^^^^^^^
  File "/home/airflow/.local/lib/python3.11/site-packages/airflow/providers/docker/operators/docker.py", line 256, in __init__
    super().__init__(**kwargs)
  File "/home/airflow/.local/lib/python3.11/site-packages/airflow/models/baseoperator.py", line 508, in apply_defaults
    result = func(self, **kwargs, default_args=default_args)
             ^^^^^^^^^^^^^^^^^^^^^^^^^^^^^^^^^^^^^^^^^^^^^^^
  File "/home/airflow/.local/lib/python3.11/site-packages/airflow/models/baseoperator.py", line 959, in __init__
    raise AirflowException(
airflow.exceptions.AirflowException: Invalid arguments were passed to DockerOperator (task_id: dbt_run). Invalid arguments were:
**kwargs: {'volumes': ['../dbt:/usr/app', '../dbt/profiles:/root/.dbt']}
[2026-09-10T20:21:10.590+0000] {processor.py:927} WARNING - No viable dags retrieved from /opt/airflow/dags/countries_dag.py
[2026-09-10T20:21:11.530+0000] {processor.py:208} INFO - Processing /opt/airflow/dags/countries_dag.py took 24.630 seconds
[2026-09-10T20:21:42.867+0000] {processor.py:186} INFO - Started process (PID=839) to work on /opt/airflow/dags/countries_dag.py
[2026-09-10T20:21:42.886+0000] {processor.py:914} INFO - Processing file /opt/airflow/dags/countries_dag.py for tasks to queue
[2026-09-10T20:21:42.891+0000] {logging_mixin.py:190} INFO - [2026-09-10T20:21:42.890+0000] {dagbag.py:588} INFO - Filling up the DagBag from /opt/airflow/dags/countries_dag.py
[2026-09-10T20:21:50.970+0000] {logging_mixin.py:190} INFO - [2026-09-10T20:21:50.942+0000] {dagbag.py:387} ERROR - Failed to import: /opt/airflow/dags/countries_dag.py
Traceback (most recent call last):
  File "/home/airflow/.local/lib/python3.11/site-packages/airflow/models/dagbag.py", line 383, in parse
    loader.exec_module(new_module)
  File "<frozen importlib._bootstrap_external>", line 940, in exec_module
  File "<frozen importlib._bootstrap>", line 241, in _call_with_frames_removed
  File "/opt/airflow/dags/countries_dag.py", line 73, in <module>
    dbt_run = DockerOperator(
              ^^^^^^^^^^^^^^^
  File "/home/airflow/.local/lib/python3.11/site-packages/airflow/models/baseoperator.py", line 508, in apply_defaults
    result = func(self, **kwargs, default_args=default_args)
             ^^^^^^^^^^^^^^^^^^^^^^^^^^^^^^^^^^^^^^^^^^^^^^^
  File "/home/airflow/.local/lib/python3.11/site-packages/airflow/providers/docker/operators/docker.py", line 256, in __init__
    super().__init__(**kwargs)
  File "/home/airflow/.local/lib/python3.11/site-packages/airflow/models/baseoperator.py", line 508, in apply_defaults
    result = func(self, **kwargs, default_args=default_args)
             ^^^^^^^^^^^^^^^^^^^^^^^^^^^^^^^^^^^^^^^^^^^^^^^
  File "/home/airflow/.local/lib/python3.11/site-packages/airflow/models/baseoperator.py", line 959, in __init__
    raise AirflowException(
airflow.exceptions.AirflowException: Invalid arguments were passed to DockerOperator (task_id: dbt_run). Invalid arguments were:
**kwargs: {'volumes': ['../dbt:/usr/app', '../dbt/profiles:/root/.dbt']}
[2026-09-10T20:21:50.973+0000] {processor.py:927} WARNING - No viable dags retrieved from /opt/airflow/dags/countries_dag.py
[2026-09-10T20:21:51.084+0000] {processor.py:208} INFO - Processing /opt/airflow/dags/countries_dag.py took 8.260 seconds
[2026-09-10T20:22:21.735+0000] {processor.py:186} INFO - Started process (PID=846) to work on /opt/airflow/dags/countries_dag.py
[2026-09-10T20:22:21.739+0000] {processor.py:914} INFO - Processing file /opt/airflow/dags/countries_dag.py for tasks to queue
[2026-09-10T20:22:21.750+0000] {logging_mixin.py:190} INFO - [2026-09-10T20:22:21.748+0000] {dagbag.py:588} INFO - Filling up the DagBag from /opt/airflow/dags/countries_dag.py
[2026-09-10T20:22:26.933+0000] {logging_mixin.py:190} INFO - [2026-09-10T20:22:26.912+0000] {dagbag.py:387} ERROR - Failed to import: /opt/airflow/dags/countries_dag.py
Traceback (most recent call last):
  File "/home/airflow/.local/lib/python3.11/site-packages/airflow/models/dagbag.py", line 383, in parse
    loader.exec_module(new_module)
  File "<frozen importlib._bootstrap_external>", line 940, in exec_module
  File "<frozen importlib._bootstrap>", line 241, in _call_with_frames_removed
  File "/opt/airflow/dags/countries_dag.py", line 73, in <module>
    dbt_run = DockerOperator(
              ^^^^^^^^^^^^^^^
  File "/home/airflow/.local/lib/python3.11/site-packages/airflow/models/baseoperator.py", line 508, in apply_defaults
    result = func(self, **kwargs, default_args=default_args)
             ^^^^^^^^^^^^^^^^^^^^^^^^^^^^^^^^^^^^^^^^^^^^^^^
  File "/home/airflow/.local/lib/python3.11/site-packages/airflow/providers/docker/operators/docker.py", line 256, in __init__
    super().__init__(**kwargs)
  File "/home/airflow/.local/lib/python3.11/site-packages/airflow/models/baseoperator.py", line 508, in apply_defaults
    result = func(self, **kwargs, default_args=default_args)
             ^^^^^^^^^^^^^^^^^^^^^^^^^^^^^^^^^^^^^^^^^^^^^^^
  File "/home/airflow/.local/lib/python3.11/site-packages/airflow/models/baseoperator.py", line 959, in __init__
    raise AirflowException(
airflow.exceptions.AirflowException: Invalid arguments were passed to DockerOperator (task_id: dbt_run). Invalid arguments were:
**kwargs: {'volumes': ['../dbt:/usr/app', '../dbt/profiles:/root/.dbt']}
[2026-09-10T20:22:26.940+0000] {processor.py:927} WARNING - No viable dags retrieved from /opt/airflow/dags/countries_dag.py
[2026-09-10T20:22:27.016+0000] {processor.py:208} INFO - Processing /opt/airflow/dags/countries_dag.py took 5.321 seconds
[2026-09-10T20:22:57.917+0000] {processor.py:186} INFO - Started process (PID=853) to work on /opt/airflow/dags/countries_dag.py
[2026-09-10T20:22:57.927+0000] {processor.py:914} INFO - Processing file /opt/airflow/dags/countries_dag.py for tasks to queue
[2026-09-10T20:22:57.931+0000] {logging_mixin.py:190} INFO - [2026-09-10T20:22:57.930+0000] {dagbag.py:588} INFO - Filling up the DagBag from /opt/airflow/dags/countries_dag.py
[2026-09-10T20:23:01.961+0000] {logging_mixin.py:190} INFO - [2026-09-10T20:23:01.925+0000] {dagbag.py:387} ERROR - Failed to import: /opt/airflow/dags/countries_dag.py
Traceback (most recent call last):
  File "/home/airflow/.local/lib/python3.11/site-packages/airflow/models/dagbag.py", line 383, in parse
    loader.exec_module(new_module)
  File "<frozen importlib._bootstrap_external>", line 940, in exec_module
  File "<frozen importlib._bootstrap>", line 241, in _call_with_frames_removed
  File "/opt/airflow/dags/countries_dag.py", line 73, in <module>
    dbt_run = DockerOperator(
              ^^^^^^^^^^^^^^^
  File "/home/airflow/.local/lib/python3.11/site-packages/airflow/models/baseoperator.py", line 508, in apply_defaults
    result = func(self, **kwargs, default_args=default_args)
             ^^^^^^^^^^^^^^^^^^^^^^^^^^^^^^^^^^^^^^^^^^^^^^^
  File "/home/airflow/.local/lib/python3.11/site-packages/airflow/providers/docker/operators/docker.py", line 256, in __init__
    super().__init__(**kwargs)
  File "/home/airflow/.local/lib/python3.11/site-packages/airflow/models/baseoperator.py", line 508, in apply_defaults
    result = func(self, **kwargs, default_args=default_args)
             ^^^^^^^^^^^^^^^^^^^^^^^^^^^^^^^^^^^^^^^^^^^^^^^
  File "/home/airflow/.local/lib/python3.11/site-packages/airflow/models/baseoperator.py", line 959, in __init__
    raise AirflowException(
airflow.exceptions.AirflowException: Invalid arguments were passed to DockerOperator (task_id: dbt_run). Invalid arguments were:
**kwargs: {'volumes': ['../dbt:/usr/app', '../dbt/profiles:/root/.dbt']}
[2026-09-10T20:23:01.965+0000] {processor.py:927} WARNING - No viable dags retrieved from /opt/airflow/dags/countries_dag.py
[2026-09-10T20:23:02.227+0000] {processor.py:208} INFO - Processing /opt/airflow/dags/countries_dag.py took 4.337 seconds
[2026-09-10T20:23:33.048+0000] {processor.py:186} INFO - Started process (PID=860) to work on /opt/airflow/dags/countries_dag.py
[2026-09-10T20:23:33.057+0000] {processor.py:914} INFO - Processing file /opt/airflow/dags/countries_dag.py for tasks to queue
[2026-09-10T20:23:33.062+0000] {logging_mixin.py:190} INFO - [2026-09-10T20:23:33.061+0000] {dagbag.py:588} INFO - Filling up the DagBag from /opt/airflow/dags/countries_dag.py
[2026-09-10T20:23:38.468+0000] {logging_mixin.py:190} INFO - [2026-09-10T20:23:38.445+0000] {dagbag.py:387} ERROR - Failed to import: /opt/airflow/dags/countries_dag.py
Traceback (most recent call last):
  File "/home/airflow/.local/lib/python3.11/site-packages/airflow/models/dagbag.py", line 383, in parse
    loader.exec_module(new_module)
  File "<frozen importlib._bootstrap_external>", line 940, in exec_module
  File "<frozen importlib._bootstrap>", line 241, in _call_with_frames_removed
  File "/opt/airflow/dags/countries_dag.py", line 73, in <module>
    dbt_run = DockerOperator(
              ^^^^^^^^^^^^^^^
  File "/home/airflow/.local/lib/python3.11/site-packages/airflow/models/baseoperator.py", line 508, in apply_defaults
    result = func(self, **kwargs, default_args=default_args)
             ^^^^^^^^^^^^^^^^^^^^^^^^^^^^^^^^^^^^^^^^^^^^^^^
  File "/home/airflow/.local/lib/python3.11/site-packages/airflow/providers/docker/operators/docker.py", line 256, in __init__
    super().__init__(**kwargs)
  File "/home/airflow/.local/lib/python3.11/site-packages/airflow/models/baseoperator.py", line 508, in apply_defaults
    result = func(self, **kwargs, default_args=default_args)
             ^^^^^^^^^^^^^^^^^^^^^^^^^^^^^^^^^^^^^^^^^^^^^^^
  File "/home/airflow/.local/lib/python3.11/site-packages/airflow/models/baseoperator.py", line 959, in __init__
    raise AirflowException(
airflow.exceptions.AirflowException: Invalid arguments were passed to DockerOperator (task_id: dbt_run). Invalid arguments were:
**kwargs: {'volumes': ['../dbt:/usr/app', '../dbt/profiles:/root/.dbt']}
[2026-09-10T20:23:38.471+0000] {processor.py:927} WARNING - No viable dags retrieved from /opt/airflow/dags/countries_dag.py
[2026-09-10T20:23:38.527+0000] {processor.py:208} INFO - Processing /opt/airflow/dags/countries_dag.py took 5.502 seconds
[2026-09-10T20:24:09.684+0000] {processor.py:186} INFO - Started process (PID=867) to work on /opt/airflow/dags/countries_dag.py
[2026-09-10T20:24:09.695+0000] {processor.py:914} INFO - Processing file /opt/airflow/dags/countries_dag.py for tasks to queue
[2026-09-10T20:24:09.724+0000] {logging_mixin.py:190} INFO - [2026-09-10T20:24:09.722+0000] {dagbag.py:588} INFO - Filling up the DagBag from /opt/airflow/dags/countries_dag.py
[2026-09-10T20:24:13.504+0000] {logging_mixin.py:190} INFO - [2026-09-10T20:24:13.479+0000] {dagbag.py:387} ERROR - Failed to import: /opt/airflow/dags/countries_dag.py
Traceback (most recent call last):
  File "/home/airflow/.local/lib/python3.11/site-packages/airflow/models/dagbag.py", line 383, in parse
    loader.exec_module(new_module)
  File "<frozen importlib._bootstrap_external>", line 940, in exec_module
  File "<frozen importlib._bootstrap>", line 241, in _call_with_frames_removed
  File "/opt/airflow/dags/countries_dag.py", line 73, in <module>
    dbt_run = DockerOperator(
              ^^^^^^^^^^^^^^^
  File "/home/airflow/.local/lib/python3.11/site-packages/airflow/models/baseoperator.py", line 508, in apply_defaults
    result = func(self, **kwargs, default_args=default_args)
             ^^^^^^^^^^^^^^^^^^^^^^^^^^^^^^^^^^^^^^^^^^^^^^^
  File "/home/airflow/.local/lib/python3.11/site-packages/airflow/providers/docker/operators/docker.py", line 256, in __init__
    super().__init__(**kwargs)
  File "/home/airflow/.local/lib/python3.11/site-packages/airflow/models/baseoperator.py", line 508, in apply_defaults
    result = func(self, **kwargs, default_args=default_args)
             ^^^^^^^^^^^^^^^^^^^^^^^^^^^^^^^^^^^^^^^^^^^^^^^
  File "/home/airflow/.local/lib/python3.11/site-packages/airflow/models/baseoperator.py", line 959, in __init__
    raise AirflowException(
airflow.exceptions.AirflowException: Invalid arguments were passed to DockerOperator (task_id: dbt_run). Invalid arguments were:
**kwargs: {'volumes': ['../dbt:/usr/app', '../dbt/profiles:/root/.dbt']}
[2026-09-10T20:24:13.509+0000] {processor.py:927} WARNING - No viable dags retrieved from /opt/airflow/dags/countries_dag.py
[2026-09-10T20:24:13.595+0000] {processor.py:208} INFO - Processing /opt/airflow/dags/countries_dag.py took 4.003 seconds
[2026-09-10T20:24:44.526+0000] {processor.py:186} INFO - Started process (PID=874) to work on /opt/airflow/dags/countries_dag.py
[2026-09-10T20:24:44.543+0000] {processor.py:914} INFO - Processing file /opt/airflow/dags/countries_dag.py for tasks to queue
[2026-09-10T20:24:44.568+0000] {logging_mixin.py:190} INFO - [2026-09-10T20:24:44.566+0000] {dagbag.py:588} INFO - Filling up the DagBag from /opt/airflow/dags/countries_dag.py
[2026-09-10T20:24:50.848+0000] {logging_mixin.py:190} INFO - [2026-09-10T20:24:50.826+0000] {dagbag.py:387} ERROR - Failed to import: /opt/airflow/dags/countries_dag.py
Traceback (most recent call last):
  File "/home/airflow/.local/lib/python3.11/site-packages/airflow/models/dagbag.py", line 383, in parse
    loader.exec_module(new_module)
  File "<frozen importlib._bootstrap_external>", line 940, in exec_module
  File "<frozen importlib._bootstrap>", line 241, in _call_with_frames_removed
  File "/opt/airflow/dags/countries_dag.py", line 73, in <module>
    dbt_run = DockerOperator(
              ^^^^^^^^^^^^^^^
  File "/home/airflow/.local/lib/python3.11/site-packages/airflow/models/baseoperator.py", line 508, in apply_defaults
    result = func(self, **kwargs, default_args=default_args)
             ^^^^^^^^^^^^^^^^^^^^^^^^^^^^^^^^^^^^^^^^^^^^^^^
  File "/home/airflow/.local/lib/python3.11/site-packages/airflow/providers/docker/operators/docker.py", line 256, in __init__
    super().__init__(**kwargs)
  File "/home/airflow/.local/lib/python3.11/site-packages/airflow/models/baseoperator.py", line 508, in apply_defaults
    result = func(self, **kwargs, default_args=default_args)
             ^^^^^^^^^^^^^^^^^^^^^^^^^^^^^^^^^^^^^^^^^^^^^^^
  File "/home/airflow/.local/lib/python3.11/site-packages/airflow/models/baseoperator.py", line 959, in __init__
    raise AirflowException(
airflow.exceptions.AirflowException: Invalid arguments were passed to DockerOperator (task_id: dbt_run). Invalid arguments were:
**kwargs: {'volumes': ['../dbt:/usr/app', '../dbt/profiles:/root/.dbt']}
[2026-09-10T20:24:50.851+0000] {processor.py:927} WARNING - No viable dags retrieved from /opt/airflow/dags/countries_dag.py
[2026-09-10T20:24:50.928+0000] {processor.py:208} INFO - Processing /opt/airflow/dags/countries_dag.py took 6.454 seconds
[2026-09-10T20:25:21.531+0000] {processor.py:186} INFO - Started process (PID=881) to work on /opt/airflow/dags/countries_dag.py
[2026-09-10T20:25:21.534+0000] {processor.py:914} INFO - Processing file /opt/airflow/dags/countries_dag.py for tasks to queue
[2026-09-10T20:25:21.538+0000] {logging_mixin.py:190} INFO - [2026-09-10T20:25:21.537+0000] {dagbag.py:588} INFO - Filling up the DagBag from /opt/airflow/dags/countries_dag.py
[2026-09-10T20:25:27.365+0000] {logging_mixin.py:190} INFO - [2026-09-10T20:25:27.111+0000] {dagbag.py:387} ERROR - Failed to import: /opt/airflow/dags/countries_dag.py
Traceback (most recent call last):
  File "/home/airflow/.local/lib/python3.11/site-packages/airflow/models/dagbag.py", line 383, in parse
    loader.exec_module(new_module)
  File "<frozen importlib._bootstrap_external>", line 940, in exec_module
  File "<frozen importlib._bootstrap>", line 241, in _call_with_frames_removed
  File "/opt/airflow/dags/countries_dag.py", line 73, in <module>
    dbt_run = DockerOperator(
              ^^^^^^^^^^^^^^^
  File "/home/airflow/.local/lib/python3.11/site-packages/airflow/models/baseoperator.py", line 508, in apply_defaults
    result = func(self, **kwargs, default_args=default_args)
             ^^^^^^^^^^^^^^^^^^^^^^^^^^^^^^^^^^^^^^^^^^^^^^^
  File "/home/airflow/.local/lib/python3.11/site-packages/airflow/providers/docker/operators/docker.py", line 256, in __init__
    super().__init__(**kwargs)
  File "/home/airflow/.local/lib/python3.11/site-packages/airflow/models/baseoperator.py", line 508, in apply_defaults
    result = func(self, **kwargs, default_args=default_args)
             ^^^^^^^^^^^^^^^^^^^^^^^^^^^^^^^^^^^^^^^^^^^^^^^
  File "/home/airflow/.local/lib/python3.11/site-packages/airflow/models/baseoperator.py", line 959, in __init__
    raise AirflowException(
airflow.exceptions.AirflowException: Invalid arguments were passed to DockerOperator (task_id: dbt_run). Invalid arguments were:
**kwargs: {'volumes': ['../dbt:/usr/app', '../dbt/profiles:/root/.dbt']}
[2026-09-10T20:25:27.393+0000] {processor.py:927} WARNING - No viable dags retrieved from /opt/airflow/dags/countries_dag.py
[2026-09-10T20:25:27.512+0000] {processor.py:208} INFO - Processing /opt/airflow/dags/countries_dag.py took 5.995 seconds
[2026-09-10T20:25:58.787+0000] {processor.py:186} INFO - Started process (PID=888) to work on /opt/airflow/dags/countries_dag.py
[2026-09-10T20:25:58.790+0000] {processor.py:914} INFO - Processing file /opt/airflow/dags/countries_dag.py for tasks to queue
[2026-09-10T20:25:58.794+0000] {logging_mixin.py:190} INFO - [2026-09-10T20:25:58.793+0000] {dagbag.py:588} INFO - Filling up the DagBag from /opt/airflow/dags/countries_dag.py
[2026-09-10T20:26:05.140+0000] {logging_mixin.py:190} INFO - [2026-09-10T20:26:05.074+0000] {dagbag.py:387} ERROR - Failed to import: /opt/airflow/dags/countries_dag.py
Traceback (most recent call last):
  File "/home/airflow/.local/lib/python3.11/site-packages/airflow/models/dagbag.py", line 383, in parse
    loader.exec_module(new_module)
  File "<frozen importlib._bootstrap_external>", line 940, in exec_module
  File "<frozen importlib._bootstrap>", line 241, in _call_with_frames_removed
  File "/opt/airflow/dags/countries_dag.py", line 73, in <module>
    dbt_run = DockerOperator(
              ^^^^^^^^^^^^^^^
  File "/home/airflow/.local/lib/python3.11/site-packages/airflow/models/baseoperator.py", line 508, in apply_defaults
    result = func(self, **kwargs, default_args=default_args)
             ^^^^^^^^^^^^^^^^^^^^^^^^^^^^^^^^^^^^^^^^^^^^^^^
  File "/home/airflow/.local/lib/python3.11/site-packages/airflow/providers/docker/operators/docker.py", line 256, in __init__
    super().__init__(**kwargs)
  File "/home/airflow/.local/lib/python3.11/site-packages/airflow/models/baseoperator.py", line 508, in apply_defaults
    result = func(self, **kwargs, default_args=default_args)
             ^^^^^^^^^^^^^^^^^^^^^^^^^^^^^^^^^^^^^^^^^^^^^^^
  File "/home/airflow/.local/lib/python3.11/site-packages/airflow/models/baseoperator.py", line 959, in __init__
    raise AirflowException(
airflow.exceptions.AirflowException: Invalid arguments were passed to DockerOperator (task_id: dbt_run). Invalid arguments were:
**kwargs: {'volumes': ['../dbt:/usr/app', '../dbt/profiles:/root/.dbt']}
[2026-09-10T20:26:05.161+0000] {processor.py:927} WARNING - No viable dags retrieved from /opt/airflow/dags/countries_dag.py
[2026-09-10T20:26:05.273+0000] {processor.py:208} INFO - Processing /opt/airflow/dags/countries_dag.py took 6.509 seconds
[2026-09-10T20:26:36.040+0000] {processor.py:186} INFO - Started process (PID=895) to work on /opt/airflow/dags/countries_dag.py
[2026-09-10T20:26:36.054+0000] {processor.py:914} INFO - Processing file /opt/airflow/dags/countries_dag.py for tasks to queue
[2026-09-10T20:26:36.059+0000] {logging_mixin.py:190} INFO - [2026-09-10T20:26:36.058+0000] {dagbag.py:588} INFO - Filling up the DagBag from /opt/airflow/dags/countries_dag.py
[2026-09-10T20:26:42.377+0000] {logging_mixin.py:190} INFO - [2026-09-10T20:26:42.361+0000] {dagbag.py:387} ERROR - Failed to import: /opt/airflow/dags/countries_dag.py
Traceback (most recent call last):
  File "/home/airflow/.local/lib/python3.11/site-packages/airflow/models/dagbag.py", line 383, in parse
    loader.exec_module(new_module)
  File "<frozen importlib._bootstrap_external>", line 940, in exec_module
  File "<frozen importlib._bootstrap>", line 241, in _call_with_frames_removed
  File "/opt/airflow/dags/countries_dag.py", line 73, in <module>
    dbt_run = DockerOperator(
              ^^^^^^^^^^^^^^^
  File "/home/airflow/.local/lib/python3.11/site-packages/airflow/models/baseoperator.py", line 508, in apply_defaults
    result = func(self, **kwargs, default_args=default_args)
             ^^^^^^^^^^^^^^^^^^^^^^^^^^^^^^^^^^^^^^^^^^^^^^^
  File "/home/airflow/.local/lib/python3.11/site-packages/airflow/providers/docker/operators/docker.py", line 256, in __init__
    super().__init__(**kwargs)
  File "/home/airflow/.local/lib/python3.11/site-packages/airflow/models/baseoperator.py", line 508, in apply_defaults
    result = func(self, **kwargs, default_args=default_args)
             ^^^^^^^^^^^^^^^^^^^^^^^^^^^^^^^^^^^^^^^^^^^^^^^
  File "/home/airflow/.local/lib/python3.11/site-packages/airflow/models/baseoperator.py", line 959, in __init__
    raise AirflowException(
airflow.exceptions.AirflowException: Invalid arguments were passed to DockerOperator (task_id: dbt_run). Invalid arguments were:
**kwargs: {'volumes': ['../dbt:/usr/app', '../dbt/profiles:/root/.dbt']}
[2026-09-10T20:26:42.388+0000] {processor.py:927} WARNING - No viable dags retrieved from /opt/airflow/dags/countries_dag.py
[2026-09-10T20:26:42.526+0000] {processor.py:208} INFO - Processing /opt/airflow/dags/countries_dag.py took 6.512 seconds
[2026-09-10T20:27:15.218+0000] {processor.py:186} INFO - Started process (PID=902) to work on /opt/airflow/dags/countries_dag.py
[2026-09-10T20:27:15.231+0000] {processor.py:914} INFO - Processing file /opt/airflow/dags/countries_dag.py for tasks to queue
[2026-09-10T20:27:15.258+0000] {logging_mixin.py:190} INFO - [2026-09-10T20:27:15.257+0000] {dagbag.py:588} INFO - Filling up the DagBag from /opt/airflow/dags/countries_dag.py
[2026-09-10T20:27:20.812+0000] {logging_mixin.py:190} INFO - [2026-09-10T20:27:20.691+0000] {dagbag.py:387} ERROR - Failed to import: /opt/airflow/dags/countries_dag.py
Traceback (most recent call last):
  File "/home/airflow/.local/lib/python3.11/site-packages/airflow/models/dagbag.py", line 383, in parse
    loader.exec_module(new_module)
  File "<frozen importlib._bootstrap_external>", line 940, in exec_module
  File "<frozen importlib._bootstrap>", line 241, in _call_with_frames_removed
  File "/opt/airflow/dags/countries_dag.py", line 73, in <module>
    dbt_run = DockerOperator(
              ^^^^^^^^^^^^^^^
  File "/home/airflow/.local/lib/python3.11/site-packages/airflow/models/baseoperator.py", line 508, in apply_defaults
    result = func(self, **kwargs, default_args=default_args)
             ^^^^^^^^^^^^^^^^^^^^^^^^^^^^^^^^^^^^^^^^^^^^^^^
  File "/home/airflow/.local/lib/python3.11/site-packages/airflow/providers/docker/operators/docker.py", line 256, in __init__
    super().__init__(**kwargs)
  File "/home/airflow/.local/lib/python3.11/site-packages/airflow/models/baseoperator.py", line 508, in apply_defaults
    result = func(self, **kwargs, default_args=default_args)
             ^^^^^^^^^^^^^^^^^^^^^^^^^^^^^^^^^^^^^^^^^^^^^^^
  File "/home/airflow/.local/lib/python3.11/site-packages/airflow/models/baseoperator.py", line 959, in __init__
    raise AirflowException(
airflow.exceptions.AirflowException: Invalid arguments were passed to DockerOperator (task_id: dbt_run). Invalid arguments were:
**kwargs: {'volumes': ['../dbt:/usr/app', '../dbt/profiles:/root/.dbt']}
[2026-09-10T20:27:20.815+0000] {processor.py:927} WARNING - No viable dags retrieved from /opt/airflow/dags/countries_dag.py
[2026-09-10T20:27:20.899+0000] {processor.py:208} INFO - Processing /opt/airflow/dags/countries_dag.py took 5.758 seconds
[2026-09-10T20:27:51.567+0000] {processor.py:186} INFO - Started process (PID=909) to work on /opt/airflow/dags/countries_dag.py
[2026-09-10T20:27:51.570+0000] {processor.py:914} INFO - Processing file /opt/airflow/dags/countries_dag.py for tasks to queue
[2026-09-10T20:27:51.574+0000] {logging_mixin.py:190} INFO - [2026-09-10T20:27:51.573+0000] {dagbag.py:588} INFO - Filling up the DagBag from /opt/airflow/dags/countries_dag.py
[2026-09-10T20:27:56.049+0000] {logging_mixin.py:190} INFO - [2026-09-10T20:27:56.004+0000] {dagbag.py:387} ERROR - Failed to import: /opt/airflow/dags/countries_dag.py
Traceback (most recent call last):
  File "/home/airflow/.local/lib/python3.11/site-packages/airflow/models/dagbag.py", line 383, in parse
    loader.exec_module(new_module)
  File "<frozen importlib._bootstrap_external>", line 940, in exec_module
  File "<frozen importlib._bootstrap>", line 241, in _call_with_frames_removed
  File "/opt/airflow/dags/countries_dag.py", line 73, in <module>
    dbt_run = DockerOperator(
              ^^^^^^^^^^^^^^^
  File "/home/airflow/.local/lib/python3.11/site-packages/airflow/models/baseoperator.py", line 508, in apply_defaults
    result = func(self, **kwargs, default_args=default_args)
             ^^^^^^^^^^^^^^^^^^^^^^^^^^^^^^^^^^^^^^^^^^^^^^^
  File "/home/airflow/.local/lib/python3.11/site-packages/airflow/providers/docker/operators/docker.py", line 256, in __init__
    super().__init__(**kwargs)
  File "/home/airflow/.local/lib/python3.11/site-packages/airflow/models/baseoperator.py", line 508, in apply_defaults
    result = func(self, **kwargs, default_args=default_args)
             ^^^^^^^^^^^^^^^^^^^^^^^^^^^^^^^^^^^^^^^^^^^^^^^
  File "/home/airflow/.local/lib/python3.11/site-packages/airflow/models/baseoperator.py", line 959, in __init__
    raise AirflowException(
airflow.exceptions.AirflowException: Invalid arguments were passed to DockerOperator (task_id: dbt_run). Invalid arguments were:
**kwargs: {'volumes': ['../dbt:/usr/app', '../dbt/profiles:/root/.dbt']}
[2026-09-10T20:27:56.058+0000] {processor.py:927} WARNING - No viable dags retrieved from /opt/airflow/dags/countries_dag.py
[2026-09-10T20:27:56.174+0000] {processor.py:208} INFO - Processing /opt/airflow/dags/countries_dag.py took 4.658 seconds
[2026-09-10T20:28:26.686+0000] {processor.py:186} INFO - Started process (PID=916) to work on /opt/airflow/dags/countries_dag.py
[2026-09-10T20:28:26.690+0000] {processor.py:914} INFO - Processing file /opt/airflow/dags/countries_dag.py for tasks to queue
[2026-09-10T20:28:26.703+0000] {logging_mixin.py:190} INFO - [2026-09-10T20:28:26.702+0000] {dagbag.py:588} INFO - Filling up the DagBag from /opt/airflow/dags/countries_dag.py
[2026-09-10T20:28:31.685+0000] {logging_mixin.py:190} INFO - [2026-09-10T20:28:31.672+0000] {dagbag.py:387} ERROR - Failed to import: /opt/airflow/dags/countries_dag.py
Traceback (most recent call last):
  File "/home/airflow/.local/lib/python3.11/site-packages/airflow/models/dagbag.py", line 383, in parse
    loader.exec_module(new_module)
  File "<frozen importlib._bootstrap_external>", line 940, in exec_module
  File "<frozen importlib._bootstrap>", line 241, in _call_with_frames_removed
  File "/opt/airflow/dags/countries_dag.py", line 73, in <module>
    dbt_run = DockerOperator(
              ^^^^^^^^^^^^^^^
  File "/home/airflow/.local/lib/python3.11/site-packages/airflow/models/baseoperator.py", line 508, in apply_defaults
    result = func(self, **kwargs, default_args=default_args)
             ^^^^^^^^^^^^^^^^^^^^^^^^^^^^^^^^^^^^^^^^^^^^^^^
  File "/home/airflow/.local/lib/python3.11/site-packages/airflow/providers/docker/operators/docker.py", line 256, in __init__
    super().__init__(**kwargs)
  File "/home/airflow/.local/lib/python3.11/site-packages/airflow/models/baseoperator.py", line 508, in apply_defaults
    result = func(self, **kwargs, default_args=default_args)
             ^^^^^^^^^^^^^^^^^^^^^^^^^^^^^^^^^^^^^^^^^^^^^^^
  File "/home/airflow/.local/lib/python3.11/site-packages/airflow/models/baseoperator.py", line 959, in __init__
    raise AirflowException(
airflow.exceptions.AirflowException: Invalid arguments were passed to DockerOperator (task_id: dbt_run). Invalid arguments were:
**kwargs: {'volumes': ['../dbt:/usr/app', '../dbt/profiles:/root/.dbt']}
[2026-09-10T20:28:31.690+0000] {processor.py:927} WARNING - No viable dags retrieved from /opt/airflow/dags/countries_dag.py
[2026-09-10T20:28:31.764+0000] {processor.py:208} INFO - Processing /opt/airflow/dags/countries_dag.py took 5.116 seconds
[2026-09-10T20:29:02.417+0000] {processor.py:186} INFO - Started process (PID=923) to work on /opt/airflow/dags/countries_dag.py
[2026-09-10T20:29:02.421+0000] {processor.py:914} INFO - Processing file /opt/airflow/dags/countries_dag.py for tasks to queue
[2026-09-10T20:29:02.432+0000] {logging_mixin.py:190} INFO - [2026-09-10T20:29:02.431+0000] {dagbag.py:588} INFO - Filling up the DagBag from /opt/airflow/dags/countries_dag.py
[2026-09-10T20:29:05.180+0000] {logging_mixin.py:190} INFO - [2026-09-10T20:29:05.167+0000] {dagbag.py:387} ERROR - Failed to import: /opt/airflow/dags/countries_dag.py
Traceback (most recent call last):
  File "/home/airflow/.local/lib/python3.11/site-packages/airflow/models/dagbag.py", line 383, in parse
    loader.exec_module(new_module)
  File "<frozen importlib._bootstrap_external>", line 940, in exec_module
  File "<frozen importlib._bootstrap>", line 241, in _call_with_frames_removed
  File "/opt/airflow/dags/countries_dag.py", line 73, in <module>
    dbt_run = DockerOperator(
              ^^^^^^^^^^^^^^^
  File "/home/airflow/.local/lib/python3.11/site-packages/airflow/models/baseoperator.py", line 508, in apply_defaults
    result = func(self, **kwargs, default_args=default_args)
             ^^^^^^^^^^^^^^^^^^^^^^^^^^^^^^^^^^^^^^^^^^^^^^^
  File "/home/airflow/.local/lib/python3.11/site-packages/airflow/providers/docker/operators/docker.py", line 256, in __init__
    super().__init__(**kwargs)
  File "/home/airflow/.local/lib/python3.11/site-packages/airflow/models/baseoperator.py", line 508, in apply_defaults
    result = func(self, **kwargs, default_args=default_args)
             ^^^^^^^^^^^^^^^^^^^^^^^^^^^^^^^^^^^^^^^^^^^^^^^
  File "/home/airflow/.local/lib/python3.11/site-packages/airflow/models/baseoperator.py", line 959, in __init__
    raise AirflowException(
airflow.exceptions.AirflowException: Invalid arguments were passed to DockerOperator (task_id: dbt_run). Invalid arguments were:
**kwargs: {'volumes': ['../dbt:/usr/app', '../dbt/profiles:/root/.dbt']}
[2026-09-10T20:29:05.183+0000] {processor.py:927} WARNING - No viable dags retrieved from /opt/airflow/dags/countries_dag.py
[2026-09-10T20:29:05.227+0000] {processor.py:208} INFO - Processing /opt/airflow/dags/countries_dag.py took 2.827 seconds
[2026-09-10T20:29:36.000+0000] {processor.py:186} INFO - Started process (PID=930) to work on /opt/airflow/dags/countries_dag.py
[2026-09-10T20:29:36.006+0000] {processor.py:914} INFO - Processing file /opt/airflow/dags/countries_dag.py for tasks to queue
[2026-09-10T20:29:36.015+0000] {logging_mixin.py:190} INFO - [2026-09-10T20:29:36.011+0000] {dagbag.py:588} INFO - Filling up the DagBag from /opt/airflow/dags/countries_dag.py
[2026-09-10T20:29:41.688+0000] {logging_mixin.py:190} INFO - [2026-09-10T20:29:41.635+0000] {dagbag.py:387} ERROR - Failed to import: /opt/airflow/dags/countries_dag.py
Traceback (most recent call last):
  File "/home/airflow/.local/lib/python3.11/site-packages/airflow/models/dagbag.py", line 383, in parse
    loader.exec_module(new_module)
  File "<frozen importlib._bootstrap_external>", line 940, in exec_module
  File "<frozen importlib._bootstrap>", line 241, in _call_with_frames_removed
  File "/opt/airflow/dags/countries_dag.py", line 73, in <module>
    dbt_run = DockerOperator(
              ^^^^^^^^^^^^^^^
  File "/home/airflow/.local/lib/python3.11/site-packages/airflow/models/baseoperator.py", line 508, in apply_defaults
    result = func(self, **kwargs, default_args=default_args)
             ^^^^^^^^^^^^^^^^^^^^^^^^^^^^^^^^^^^^^^^^^^^^^^^
  File "/home/airflow/.local/lib/python3.11/site-packages/airflow/providers/docker/operators/docker.py", line 256, in __init__
    super().__init__(**kwargs)
  File "/home/airflow/.local/lib/python3.11/site-packages/airflow/models/baseoperator.py", line 508, in apply_defaults
    result = func(self, **kwargs, default_args=default_args)
             ^^^^^^^^^^^^^^^^^^^^^^^^^^^^^^^^^^^^^^^^^^^^^^^
  File "/home/airflow/.local/lib/python3.11/site-packages/airflow/models/baseoperator.py", line 959, in __init__
    raise AirflowException(
airflow.exceptions.AirflowException: Invalid arguments were passed to DockerOperator (task_id: dbt_run). Invalid arguments were:
**kwargs: {'volumes': ['../dbt:/usr/app', '../dbt/profiles:/root/.dbt']}
[2026-09-10T20:29:41.693+0000] {processor.py:927} WARNING - No viable dags retrieved from /opt/airflow/dags/countries_dag.py
[2026-09-10T20:29:41.769+0000] {processor.py:208} INFO - Processing /opt/airflow/dags/countries_dag.py took 5.806 seconds
[2026-09-10T20:30:12.461+0000] {processor.py:186} INFO - Started process (PID=937) to work on /opt/airflow/dags/countries_dag.py
[2026-09-10T20:30:12.465+0000] {processor.py:914} INFO - Processing file /opt/airflow/dags/countries_dag.py for tasks to queue
[2026-09-10T20:30:12.469+0000] {logging_mixin.py:190} INFO - [2026-09-10T20:30:12.468+0000] {dagbag.py:588} INFO - Filling up the DagBag from /opt/airflow/dags/countries_dag.py
[2026-09-10T20:30:15.331+0000] {logging_mixin.py:190} INFO - [2026-09-10T20:30:15.296+0000] {dagbag.py:387} ERROR - Failed to import: /opt/airflow/dags/countries_dag.py
Traceback (most recent call last):
  File "/home/airflow/.local/lib/python3.11/site-packages/airflow/models/dagbag.py", line 383, in parse
    loader.exec_module(new_module)
  File "<frozen importlib._bootstrap_external>", line 940, in exec_module
  File "<frozen importlib._bootstrap>", line 241, in _call_with_frames_removed
  File "/opt/airflow/dags/countries_dag.py", line 73, in <module>
    dbt_run = DockerOperator(
              ^^^^^^^^^^^^^^^
  File "/home/airflow/.local/lib/python3.11/site-packages/airflow/models/baseoperator.py", line 508, in apply_defaults
    result = func(self, **kwargs, default_args=default_args)
             ^^^^^^^^^^^^^^^^^^^^^^^^^^^^^^^^^^^^^^^^^^^^^^^
  File "/home/airflow/.local/lib/python3.11/site-packages/airflow/providers/docker/operators/docker.py", line 256, in __init__
    super().__init__(**kwargs)
  File "/home/airflow/.local/lib/python3.11/site-packages/airflow/models/baseoperator.py", line 508, in apply_defaults
    result = func(self, **kwargs, default_args=default_args)
             ^^^^^^^^^^^^^^^^^^^^^^^^^^^^^^^^^^^^^^^^^^^^^^^
  File "/home/airflow/.local/lib/python3.11/site-packages/airflow/models/baseoperator.py", line 959, in __init__
    raise AirflowException(
airflow.exceptions.AirflowException: Invalid arguments were passed to DockerOperator (task_id: dbt_run). Invalid arguments were:
**kwargs: {'volumes': ['../dbt:/usr/app', '../dbt/profiles:/root/.dbt']}
[2026-09-10T20:30:15.334+0000] {processor.py:927} WARNING - No viable dags retrieved from /opt/airflow/dags/countries_dag.py
[2026-09-10T20:30:15.463+0000] {processor.py:208} INFO - Processing /opt/airflow/dags/countries_dag.py took 3.040 seconds
[2026-09-10T20:30:46.066+0000] {processor.py:186} INFO - Started process (PID=944) to work on /opt/airflow/dags/countries_dag.py
[2026-09-10T20:30:46.068+0000] {processor.py:914} INFO - Processing file /opt/airflow/dags/countries_dag.py for tasks to queue
[2026-09-10T20:30:46.074+0000] {logging_mixin.py:190} INFO - [2026-09-10T20:30:46.074+0000] {dagbag.py:588} INFO - Filling up the DagBag from /opt/airflow/dags/countries_dag.py
[2026-09-10T20:30:48.914+0000] {logging_mixin.py:190} INFO - [2026-09-10T20:30:48.904+0000] {dagbag.py:387} ERROR - Failed to import: /opt/airflow/dags/countries_dag.py
Traceback (most recent call last):
  File "/home/airflow/.local/lib/python3.11/site-packages/airflow/models/dagbag.py", line 383, in parse
    loader.exec_module(new_module)
  File "<frozen importlib._bootstrap_external>", line 940, in exec_module
  File "<frozen importlib._bootstrap>", line 241, in _call_with_frames_removed
  File "/opt/airflow/dags/countries_dag.py", line 73, in <module>
    dbt_run = DockerOperator(
              ^^^^^^^^^^^^^^^
  File "/home/airflow/.local/lib/python3.11/site-packages/airflow/models/baseoperator.py", line 508, in apply_defaults
    result = func(self, **kwargs, default_args=default_args)
             ^^^^^^^^^^^^^^^^^^^^^^^^^^^^^^^^^^^^^^^^^^^^^^^
  File "/home/airflow/.local/lib/python3.11/site-packages/airflow/providers/docker/operators/docker.py", line 256, in __init__
    super().__init__(**kwargs)
  File "/home/airflow/.local/lib/python3.11/site-packages/airflow/models/baseoperator.py", line 508, in apply_defaults
    result = func(self, **kwargs, default_args=default_args)
             ^^^^^^^^^^^^^^^^^^^^^^^^^^^^^^^^^^^^^^^^^^^^^^^
  File "/home/airflow/.local/lib/python3.11/site-packages/airflow/models/baseoperator.py", line 959, in __init__
    raise AirflowException(
airflow.exceptions.AirflowException: Invalid arguments were passed to DockerOperator (task_id: dbt_run). Invalid arguments were:
**kwargs: {'volumes': ['../dbt:/usr/app', '../dbt/profiles:/root/.dbt']}
[2026-09-10T20:30:48.917+0000] {processor.py:927} WARNING - No viable dags retrieved from /opt/airflow/dags/countries_dag.py
[2026-09-10T20:30:48.963+0000] {processor.py:208} INFO - Processing /opt/airflow/dags/countries_dag.py took 2.911 seconds
[2026-09-10T20:31:19.752+0000] {processor.py:186} INFO - Started process (PID=951) to work on /opt/airflow/dags/countries_dag.py
[2026-09-10T20:31:19.765+0000] {processor.py:914} INFO - Processing file /opt/airflow/dags/countries_dag.py for tasks to queue
[2026-09-10T20:31:19.777+0000] {logging_mixin.py:190} INFO - [2026-09-10T20:31:19.776+0000] {dagbag.py:588} INFO - Filling up the DagBag from /opt/airflow/dags/countries_dag.py
[2026-09-10T20:31:22.259+0000] {logging_mixin.py:190} INFO - [2026-09-10T20:31:22.250+0000] {dagbag.py:387} ERROR - Failed to import: /opt/airflow/dags/countries_dag.py
Traceback (most recent call last):
  File "/home/airflow/.local/lib/python3.11/site-packages/airflow/models/dagbag.py", line 383, in parse
    loader.exec_module(new_module)
  File "<frozen importlib._bootstrap_external>", line 940, in exec_module
  File "<frozen importlib._bootstrap>", line 241, in _call_with_frames_removed
  File "/opt/airflow/dags/countries_dag.py", line 73, in <module>
    dbt_run = DockerOperator(
              ^^^^^^^^^^^^^^^
  File "/home/airflow/.local/lib/python3.11/site-packages/airflow/models/baseoperator.py", line 508, in apply_defaults
    result = func(self, **kwargs, default_args=default_args)
             ^^^^^^^^^^^^^^^^^^^^^^^^^^^^^^^^^^^^^^^^^^^^^^^
  File "/home/airflow/.local/lib/python3.11/site-packages/airflow/providers/docker/operators/docker.py", line 256, in __init__
    super().__init__(**kwargs)
  File "/home/airflow/.local/lib/python3.11/site-packages/airflow/models/baseoperator.py", line 508, in apply_defaults
    result = func(self, **kwargs, default_args=default_args)
             ^^^^^^^^^^^^^^^^^^^^^^^^^^^^^^^^^^^^^^^^^^^^^^^
  File "/home/airflow/.local/lib/python3.11/site-packages/airflow/models/baseoperator.py", line 959, in __init__
    raise AirflowException(
airflow.exceptions.AirflowException: Invalid arguments were passed to DockerOperator (task_id: dbt_run). Invalid arguments were:
**kwargs: {'volumes': ['../dbt:/usr/app', '../dbt/profiles:/root/.dbt']}
[2026-09-10T20:31:22.261+0000] {processor.py:927} WARNING - No viable dags retrieved from /opt/airflow/dags/countries_dag.py
[2026-09-10T20:31:22.294+0000] {processor.py:208} INFO - Processing /opt/airflow/dags/countries_dag.py took 2.571 seconds
[2026-09-10T20:31:52.986+0000] {processor.py:186} INFO - Started process (PID=958) to work on /opt/airflow/dags/countries_dag.py
[2026-09-10T20:31:52.988+0000] {processor.py:914} INFO - Processing file /opt/airflow/dags/countries_dag.py for tasks to queue
[2026-09-10T20:31:52.991+0000] {logging_mixin.py:190} INFO - [2026-09-10T20:31:52.990+0000] {dagbag.py:588} INFO - Filling up the DagBag from /opt/airflow/dags/countries_dag.py
[2026-09-10T20:31:55.931+0000] {logging_mixin.py:190} INFO - [2026-09-10T20:31:55.906+0000] {dagbag.py:387} ERROR - Failed to import: /opt/airflow/dags/countries_dag.py
Traceback (most recent call last):
  File "/home/airflow/.local/lib/python3.11/site-packages/airflow/models/dagbag.py", line 383, in parse
    loader.exec_module(new_module)
  File "<frozen importlib._bootstrap_external>", line 940, in exec_module
  File "<frozen importlib._bootstrap>", line 241, in _call_with_frames_removed
  File "/opt/airflow/dags/countries_dag.py", line 73, in <module>
    dbt_run = DockerOperator(
              ^^^^^^^^^^^^^^^
  File "/home/airflow/.local/lib/python3.11/site-packages/airflow/models/baseoperator.py", line 508, in apply_defaults
    result = func(self, **kwargs, default_args=default_args)
             ^^^^^^^^^^^^^^^^^^^^^^^^^^^^^^^^^^^^^^^^^^^^^^^
  File "/home/airflow/.local/lib/python3.11/site-packages/airflow/providers/docker/operators/docker.py", line 256, in __init__
    super().__init__(**kwargs)
  File "/home/airflow/.local/lib/python3.11/site-packages/airflow/models/baseoperator.py", line 508, in apply_defaults
    result = func(self, **kwargs, default_args=default_args)
             ^^^^^^^^^^^^^^^^^^^^^^^^^^^^^^^^^^^^^^^^^^^^^^^
  File "/home/airflow/.local/lib/python3.11/site-packages/airflow/models/baseoperator.py", line 959, in __init__
    raise AirflowException(
airflow.exceptions.AirflowException: Invalid arguments were passed to DockerOperator (task_id: dbt_run). Invalid arguments were:
**kwargs: {'volumes': ['../dbt:/usr/app', '../dbt/profiles:/root/.dbt']}
[2026-09-10T20:31:55.933+0000] {processor.py:927} WARNING - No viable dags retrieved from /opt/airflow/dags/countries_dag.py
[2026-09-10T20:31:55.998+0000] {processor.py:208} INFO - Processing /opt/airflow/dags/countries_dag.py took 3.026 seconds
[2026-09-10T20:32:26.534+0000] {processor.py:186} INFO - Started process (PID=965) to work on /opt/airflow/dags/countries_dag.py
[2026-09-10T20:32:26.538+0000] {processor.py:914} INFO - Processing file /opt/airflow/dags/countries_dag.py for tasks to queue
[2026-09-10T20:32:26.541+0000] {logging_mixin.py:190} INFO - [2026-09-10T20:32:26.541+0000] {dagbag.py:588} INFO - Filling up the DagBag from /opt/airflow/dags/countries_dag.py
[2026-09-10T20:32:28.804+0000] {logging_mixin.py:190} INFO - [2026-09-10T20:32:28.793+0000] {dagbag.py:387} ERROR - Failed to import: /opt/airflow/dags/countries_dag.py
Traceback (most recent call last):
  File "/home/airflow/.local/lib/python3.11/site-packages/airflow/models/dagbag.py", line 383, in parse
    loader.exec_module(new_module)
  File "<frozen importlib._bootstrap_external>", line 940, in exec_module
  File "<frozen importlib._bootstrap>", line 241, in _call_with_frames_removed
  File "/opt/airflow/dags/countries_dag.py", line 73, in <module>
    dbt_run = DockerOperator(
              ^^^^^^^^^^^^^^^
  File "/home/airflow/.local/lib/python3.11/site-packages/airflow/models/baseoperator.py", line 508, in apply_defaults
    result = func(self, **kwargs, default_args=default_args)
             ^^^^^^^^^^^^^^^^^^^^^^^^^^^^^^^^^^^^^^^^^^^^^^^
  File "/home/airflow/.local/lib/python3.11/site-packages/airflow/providers/docker/operators/docker.py", line 256, in __init__
    super().__init__(**kwargs)
  File "/home/airflow/.local/lib/python3.11/site-packages/airflow/models/baseoperator.py", line 508, in apply_defaults
    result = func(self, **kwargs, default_args=default_args)
             ^^^^^^^^^^^^^^^^^^^^^^^^^^^^^^^^^^^^^^^^^^^^^^^
  File "/home/airflow/.local/lib/python3.11/site-packages/airflow/models/baseoperator.py", line 959, in __init__
    raise AirflowException(
airflow.exceptions.AirflowException: Invalid arguments were passed to DockerOperator (task_id: dbt_run). Invalid arguments were:
**kwargs: {'volumes': ['../dbt:/usr/app', '../dbt/profiles:/root/.dbt']}
[2026-09-10T20:32:28.806+0000] {processor.py:927} WARNING - No viable dags retrieved from /opt/airflow/dags/countries_dag.py
[2026-09-10T20:32:28.848+0000] {processor.py:208} INFO - Processing /opt/airflow/dags/countries_dag.py took 2.328 seconds
[2026-09-10T20:32:59.080+0000] {processor.py:186} INFO - Started process (PID=972) to work on /opt/airflow/dags/countries_dag.py
[2026-09-10T20:32:59.082+0000] {processor.py:914} INFO - Processing file /opt/airflow/dags/countries_dag.py for tasks to queue
[2026-09-10T20:32:59.092+0000] {logging_mixin.py:190} INFO - [2026-09-10T20:32:59.090+0000] {dagbag.py:588} INFO - Filling up the DagBag from /opt/airflow/dags/countries_dag.py
[2026-09-10T20:33:01.278+0000] {logging_mixin.py:190} INFO - [2026-09-10T20:33:01.265+0000] {dagbag.py:387} ERROR - Failed to import: /opt/airflow/dags/countries_dag.py
Traceback (most recent call last):
  File "/home/airflow/.local/lib/python3.11/site-packages/airflow/models/dagbag.py", line 383, in parse
    loader.exec_module(new_module)
  File "<frozen importlib._bootstrap_external>", line 940, in exec_module
  File "<frozen importlib._bootstrap>", line 241, in _call_with_frames_removed
  File "/opt/airflow/dags/countries_dag.py", line 73, in <module>
    dbt_run = DockerOperator(
              ^^^^^^^^^^^^^^^
  File "/home/airflow/.local/lib/python3.11/site-packages/airflow/models/baseoperator.py", line 508, in apply_defaults
    result = func(self, **kwargs, default_args=default_args)
             ^^^^^^^^^^^^^^^^^^^^^^^^^^^^^^^^^^^^^^^^^^^^^^^
  File "/home/airflow/.local/lib/python3.11/site-packages/airflow/providers/docker/operators/docker.py", line 256, in __init__
    super().__init__(**kwargs)
  File "/home/airflow/.local/lib/python3.11/site-packages/airflow/models/baseoperator.py", line 508, in apply_defaults
    result = func(self, **kwargs, default_args=default_args)
             ^^^^^^^^^^^^^^^^^^^^^^^^^^^^^^^^^^^^^^^^^^^^^^^
  File "/home/airflow/.local/lib/python3.11/site-packages/airflow/models/baseoperator.py", line 959, in __init__
    raise AirflowException(
airflow.exceptions.AirflowException: Invalid arguments were passed to DockerOperator (task_id: dbt_run). Invalid arguments were:
**kwargs: {'volumes': ['../dbt:/usr/app', '../dbt/profiles:/root/.dbt']}
[2026-09-10T20:33:01.280+0000] {processor.py:927} WARNING - No viable dags retrieved from /opt/airflow/dags/countries_dag.py
[2026-09-10T20:33:01.332+0000] {processor.py:208} INFO - Processing /opt/airflow/dags/countries_dag.py took 2.275 seconds
[2026-09-10T20:33:31.504+0000] {processor.py:186} INFO - Started process (PID=979) to work on /opt/airflow/dags/countries_dag.py
[2026-09-10T20:33:31.507+0000] {processor.py:914} INFO - Processing file /opt/airflow/dags/countries_dag.py for tasks to queue
[2026-09-10T20:33:31.510+0000] {logging_mixin.py:190} INFO - [2026-09-10T20:33:31.509+0000] {dagbag.py:588} INFO - Filling up the DagBag from /opt/airflow/dags/countries_dag.py
[2026-09-10T20:33:33.871+0000] {logging_mixin.py:190} INFO - [2026-09-10T20:33:33.857+0000] {dagbag.py:387} ERROR - Failed to import: /opt/airflow/dags/countries_dag.py
Traceback (most recent call last):
  File "/home/airflow/.local/lib/python3.11/site-packages/airflow/models/dagbag.py", line 383, in parse
    loader.exec_module(new_module)
  File "<frozen importlib._bootstrap_external>", line 940, in exec_module
  File "<frozen importlib._bootstrap>", line 241, in _call_with_frames_removed
  File "/opt/airflow/dags/countries_dag.py", line 73, in <module>
    dbt_run = DockerOperator(
              ^^^^^^^^^^^^^^^
  File "/home/airflow/.local/lib/python3.11/site-packages/airflow/models/baseoperator.py", line 508, in apply_defaults
    result = func(self, **kwargs, default_args=default_args)
             ^^^^^^^^^^^^^^^^^^^^^^^^^^^^^^^^^^^^^^^^^^^^^^^
  File "/home/airflow/.local/lib/python3.11/site-packages/airflow/providers/docker/operators/docker.py", line 256, in __init__
    super().__init__(**kwargs)
  File "/home/airflow/.local/lib/python3.11/site-packages/airflow/models/baseoperator.py", line 508, in apply_defaults
    result = func(self, **kwargs, default_args=default_args)
             ^^^^^^^^^^^^^^^^^^^^^^^^^^^^^^^^^^^^^^^^^^^^^^^
  File "/home/airflow/.local/lib/python3.11/site-packages/airflow/models/baseoperator.py", line 959, in __init__
    raise AirflowException(
airflow.exceptions.AirflowException: Invalid arguments were passed to DockerOperator (task_id: dbt_run). Invalid arguments were:
**kwargs: {'volumes': ['../dbt:/usr/app', '../dbt/profiles:/root/.dbt']}
[2026-09-10T20:33:33.873+0000] {processor.py:927} WARNING - No viable dags retrieved from /opt/airflow/dags/countries_dag.py
[2026-09-10T20:33:33.923+0000] {processor.py:208} INFO - Processing /opt/airflow/dags/countries_dag.py took 2.431 seconds
[2026-09-10T20:34:04.454+0000] {processor.py:186} INFO - Started process (PID=986) to work on /opt/airflow/dags/countries_dag.py
[2026-09-10T20:34:04.460+0000] {processor.py:914} INFO - Processing file /opt/airflow/dags/countries_dag.py for tasks to queue
[2026-09-10T20:34:04.470+0000] {logging_mixin.py:190} INFO - [2026-09-10T20:34:04.469+0000] {dagbag.py:588} INFO - Filling up the DagBag from /opt/airflow/dags/countries_dag.py
[2026-09-10T20:34:09.088+0000] {logging_mixin.py:190} INFO - [2026-09-10T20:34:09.044+0000] {dagbag.py:387} ERROR - Failed to import: /opt/airflow/dags/countries_dag.py
Traceback (most recent call last):
  File "/home/airflow/.local/lib/python3.11/site-packages/airflow/models/dagbag.py", line 383, in parse
    loader.exec_module(new_module)
  File "<frozen importlib._bootstrap_external>", line 940, in exec_module
  File "<frozen importlib._bootstrap>", line 241, in _call_with_frames_removed
  File "/opt/airflow/dags/countries_dag.py", line 73, in <module>
    dbt_run = DockerOperator(
              ^^^^^^^^^^^^^^^
  File "/home/airflow/.local/lib/python3.11/site-packages/airflow/models/baseoperator.py", line 508, in apply_defaults
    result = func(self, **kwargs, default_args=default_args)
             ^^^^^^^^^^^^^^^^^^^^^^^^^^^^^^^^^^^^^^^^^^^^^^^
  File "/home/airflow/.local/lib/python3.11/site-packages/airflow/providers/docker/operators/docker.py", line 256, in __init__
    super().__init__(**kwargs)
  File "/home/airflow/.local/lib/python3.11/site-packages/airflow/models/baseoperator.py", line 508, in apply_defaults
    result = func(self, **kwargs, default_args=default_args)
             ^^^^^^^^^^^^^^^^^^^^^^^^^^^^^^^^^^^^^^^^^^^^^^^
  File "/home/airflow/.local/lib/python3.11/site-packages/airflow/models/baseoperator.py", line 959, in __init__
    raise AirflowException(
airflow.exceptions.AirflowException: Invalid arguments were passed to DockerOperator (task_id: dbt_run). Invalid arguments were:
**kwargs: {'volumes': ['../dbt:/usr/app', '../dbt/profiles:/root/.dbt']}
[2026-09-10T20:34:09.095+0000] {processor.py:927} WARNING - No viable dags retrieved from /opt/airflow/dags/countries_dag.py
[2026-09-10T20:34:09.161+0000] {processor.py:208} INFO - Processing /opt/airflow/dags/countries_dag.py took 4.744 seconds
[2026-09-10T20:34:39.952+0000] {processor.py:186} INFO - Started process (PID=993) to work on /opt/airflow/dags/countries_dag.py
[2026-09-10T20:34:39.965+0000] {processor.py:914} INFO - Processing file /opt/airflow/dags/countries_dag.py for tasks to queue
[2026-09-10T20:34:39.970+0000] {logging_mixin.py:190} INFO - [2026-09-10T20:34:39.969+0000] {dagbag.py:588} INFO - Filling up the DagBag from /opt/airflow/dags/countries_dag.py
[2026-09-10T20:34:43.424+0000] {logging_mixin.py:190} INFO - [2026-09-10T20:34:43.408+0000] {dagbag.py:387} ERROR - Failed to import: /opt/airflow/dags/countries_dag.py
Traceback (most recent call last):
  File "/home/airflow/.local/lib/python3.11/site-packages/airflow/models/dagbag.py", line 383, in parse
    loader.exec_module(new_module)
  File "<frozen importlib._bootstrap_external>", line 940, in exec_module
  File "<frozen importlib._bootstrap>", line 241, in _call_with_frames_removed
  File "/opt/airflow/dags/countries_dag.py", line 73, in <module>
    dbt_run = DockerOperator(
              ^^^^^^^^^^^^^^^
  File "/home/airflow/.local/lib/python3.11/site-packages/airflow/models/baseoperator.py", line 508, in apply_defaults
    result = func(self, **kwargs, default_args=default_args)
             ^^^^^^^^^^^^^^^^^^^^^^^^^^^^^^^^^^^^^^^^^^^^^^^
  File "/home/airflow/.local/lib/python3.11/site-packages/airflow/providers/docker/operators/docker.py", line 256, in __init__
    super().__init__(**kwargs)
  File "/home/airflow/.local/lib/python3.11/site-packages/airflow/models/baseoperator.py", line 508, in apply_defaults
    result = func(self, **kwargs, default_args=default_args)
             ^^^^^^^^^^^^^^^^^^^^^^^^^^^^^^^^^^^^^^^^^^^^^^^
  File "/home/airflow/.local/lib/python3.11/site-packages/airflow/models/baseoperator.py", line 959, in __init__
    raise AirflowException(
airflow.exceptions.AirflowException: Invalid arguments were passed to DockerOperator (task_id: dbt_run). Invalid arguments were:
**kwargs: {'volumes': ['../dbt:/usr/app', '../dbt/profiles:/root/.dbt']}
[2026-09-10T20:34:43.426+0000] {processor.py:927} WARNING - No viable dags retrieved from /opt/airflow/dags/countries_dag.py
[2026-09-10T20:34:43.475+0000] {processor.py:208} INFO - Processing /opt/airflow/dags/countries_dag.py took 3.547 seconds
[2026-09-10T20:35:13.619+0000] {processor.py:186} INFO - Started process (PID=1000) to work on /opt/airflow/dags/countries_dag.py
[2026-09-10T20:35:13.621+0000] {processor.py:914} INFO - Processing file /opt/airflow/dags/countries_dag.py for tasks to queue
[2026-09-10T20:35:13.625+0000] {logging_mixin.py:190} INFO - [2026-09-10T20:35:13.624+0000] {dagbag.py:588} INFO - Filling up the DagBag from /opt/airflow/dags/countries_dag.py
[2026-09-10T20:35:16.288+0000] {logging_mixin.py:190} INFO - [2026-09-10T20:35:16.276+0000] {dagbag.py:387} ERROR - Failed to import: /opt/airflow/dags/countries_dag.py
Traceback (most recent call last):
  File "/home/airflow/.local/lib/python3.11/site-packages/airflow/models/dagbag.py", line 383, in parse
    loader.exec_module(new_module)
  File "<frozen importlib._bootstrap_external>", line 940, in exec_module
  File "<frozen importlib._bootstrap>", line 241, in _call_with_frames_removed
  File "/opt/airflow/dags/countries_dag.py", line 73, in <module>
    dbt_run = DockerOperator(
              ^^^^^^^^^^^^^^^
  File "/home/airflow/.local/lib/python3.11/site-packages/airflow/models/baseoperator.py", line 508, in apply_defaults
    result = func(self, **kwargs, default_args=default_args)
             ^^^^^^^^^^^^^^^^^^^^^^^^^^^^^^^^^^^^^^^^^^^^^^^
  File "/home/airflow/.local/lib/python3.11/site-packages/airflow/providers/docker/operators/docker.py", line 256, in __init__
    super().__init__(**kwargs)
  File "/home/airflow/.local/lib/python3.11/site-packages/airflow/models/baseoperator.py", line 508, in apply_defaults
    result = func(self, **kwargs, default_args=default_args)
             ^^^^^^^^^^^^^^^^^^^^^^^^^^^^^^^^^^^^^^^^^^^^^^^
  File "/home/airflow/.local/lib/python3.11/site-packages/airflow/models/baseoperator.py", line 959, in __init__
    raise AirflowException(
airflow.exceptions.AirflowException: Invalid arguments were passed to DockerOperator (task_id: dbt_run). Invalid arguments were:
**kwargs: {'volumes': ['../dbt:/usr/app', '../dbt/profiles:/root/.dbt']}
[2026-09-10T20:35:16.290+0000] {processor.py:927} WARNING - No viable dags retrieved from /opt/airflow/dags/countries_dag.py
[2026-09-10T20:35:16.329+0000] {processor.py:208} INFO - Processing /opt/airflow/dags/countries_dag.py took 2.727 seconds
[2026-09-10T20:35:46.608+0000] {processor.py:186} INFO - Started process (PID=1007) to work on /opt/airflow/dags/countries_dag.py
[2026-09-10T20:35:46.612+0000] {processor.py:914} INFO - Processing file /opt/airflow/dags/countries_dag.py for tasks to queue
[2026-09-10T20:35:46.616+0000] {logging_mixin.py:190} INFO - [2026-09-10T20:35:46.615+0000] {dagbag.py:588} INFO - Filling up the DagBag from /opt/airflow/dags/countries_dag.py
[2026-09-10T20:35:48.307+0000] {logging_mixin.py:190} INFO - [2026-09-10T20:35:48.291+0000] {dagbag.py:387} ERROR - Failed to import: /opt/airflow/dags/countries_dag.py
Traceback (most recent call last):
  File "/home/airflow/.local/lib/python3.11/site-packages/airflow/models/dagbag.py", line 383, in parse
    loader.exec_module(new_module)
  File "<frozen importlib._bootstrap_external>", line 940, in exec_module
  File "<frozen importlib._bootstrap>", line 241, in _call_with_frames_removed
  File "/opt/airflow/dags/countries_dag.py", line 73, in <module>
    dbt_run = DockerOperator(
              ^^^^^^^^^^^^^^^
  File "/home/airflow/.local/lib/python3.11/site-packages/airflow/models/baseoperator.py", line 508, in apply_defaults
    result = func(self, **kwargs, default_args=default_args)
             ^^^^^^^^^^^^^^^^^^^^^^^^^^^^^^^^^^^^^^^^^^^^^^^
  File "/home/airflow/.local/lib/python3.11/site-packages/airflow/providers/docker/operators/docker.py", line 256, in __init__
    super().__init__(**kwargs)
  File "/home/airflow/.local/lib/python3.11/site-packages/airflow/models/baseoperator.py", line 508, in apply_defaults
    result = func(self, **kwargs, default_args=default_args)
             ^^^^^^^^^^^^^^^^^^^^^^^^^^^^^^^^^^^^^^^^^^^^^^^
  File "/home/airflow/.local/lib/python3.11/site-packages/airflow/models/baseoperator.py", line 959, in __init__
    raise AirflowException(
airflow.exceptions.AirflowException: Invalid arguments were passed to DockerOperator (task_id: dbt_run). Invalid arguments were:
**kwargs: {'volumes': ['../dbt:/usr/app', '../dbt/profiles:/root/.dbt']}
[2026-09-10T20:35:48.312+0000] {processor.py:927} WARNING - No viable dags retrieved from /opt/airflow/dags/countries_dag.py
[2026-09-10T20:35:48.371+0000] {processor.py:208} INFO - Processing /opt/airflow/dags/countries_dag.py took 1.775 seconds
[2026-09-10T20:36:18.982+0000] {processor.py:186} INFO - Started process (PID=1014) to work on /opt/airflow/dags/countries_dag.py
[2026-09-10T20:36:18.988+0000] {processor.py:914} INFO - Processing file /opt/airflow/dags/countries_dag.py for tasks to queue
[2026-09-10T20:36:18.992+0000] {logging_mixin.py:190} INFO - [2026-09-10T20:36:18.991+0000] {dagbag.py:588} INFO - Filling up the DagBag from /opt/airflow/dags/countries_dag.py
[2026-09-10T20:36:22.421+0000] {logging_mixin.py:190} INFO - [2026-09-10T20:36:22.399+0000] {dagbag.py:387} ERROR - Failed to import: /opt/airflow/dags/countries_dag.py
Traceback (most recent call last):
  File "/home/airflow/.local/lib/python3.11/site-packages/airflow/models/dagbag.py", line 383, in parse
    loader.exec_module(new_module)
  File "<frozen importlib._bootstrap_external>", line 940, in exec_module
  File "<frozen importlib._bootstrap>", line 241, in _call_with_frames_removed
  File "/opt/airflow/dags/countries_dag.py", line 73, in <module>
    dbt_run = DockerOperator(
              ^^^^^^^^^^^^^^^
  File "/home/airflow/.local/lib/python3.11/site-packages/airflow/models/baseoperator.py", line 508, in apply_defaults
    result = func(self, **kwargs, default_args=default_args)
             ^^^^^^^^^^^^^^^^^^^^^^^^^^^^^^^^^^^^^^^^^^^^^^^
  File "/home/airflow/.local/lib/python3.11/site-packages/airflow/providers/docker/operators/docker.py", line 256, in __init__
    super().__init__(**kwargs)
  File "/home/airflow/.local/lib/python3.11/site-packages/airflow/models/baseoperator.py", line 508, in apply_defaults
    result = func(self, **kwargs, default_args=default_args)
             ^^^^^^^^^^^^^^^^^^^^^^^^^^^^^^^^^^^^^^^^^^^^^^^
  File "/home/airflow/.local/lib/python3.11/site-packages/airflow/models/baseoperator.py", line 959, in __init__
    raise AirflowException(
airflow.exceptions.AirflowException: Invalid arguments were passed to DockerOperator (task_id: dbt_run). Invalid arguments were:
**kwargs: {'volumes': ['../dbt:/usr/app', '../dbt/profiles:/root/.dbt']}
[2026-09-10T20:36:22.424+0000] {processor.py:927} WARNING - No viable dags retrieved from /opt/airflow/dags/countries_dag.py
[2026-09-10T20:36:22.478+0000] {processor.py:208} INFO - Processing /opt/airflow/dags/countries_dag.py took 3.513 seconds
[2026-09-10T20:36:52.898+0000] {processor.py:186} INFO - Started process (PID=1021) to work on /opt/airflow/dags/countries_dag.py
[2026-09-10T20:36:52.900+0000] {processor.py:914} INFO - Processing file /opt/airflow/dags/countries_dag.py for tasks to queue
[2026-09-10T20:36:52.904+0000] {logging_mixin.py:190} INFO - [2026-09-10T20:36:52.903+0000] {dagbag.py:588} INFO - Filling up the DagBag from /opt/airflow/dags/countries_dag.py
[2026-09-10T20:36:55.679+0000] {logging_mixin.py:190} INFO - [2026-09-10T20:36:55.663+0000] {dagbag.py:387} ERROR - Failed to import: /opt/airflow/dags/countries_dag.py
Traceback (most recent call last):
  File "/home/airflow/.local/lib/python3.11/site-packages/airflow/models/dagbag.py", line 383, in parse
    loader.exec_module(new_module)
  File "<frozen importlib._bootstrap_external>", line 940, in exec_module
  File "<frozen importlib._bootstrap>", line 241, in _call_with_frames_removed
  File "/opt/airflow/dags/countries_dag.py", line 73, in <module>
    dbt_run = DockerOperator(
              ^^^^^^^^^^^^^^^
  File "/home/airflow/.local/lib/python3.11/site-packages/airflow/models/baseoperator.py", line 508, in apply_defaults
    result = func(self, **kwargs, default_args=default_args)
             ^^^^^^^^^^^^^^^^^^^^^^^^^^^^^^^^^^^^^^^^^^^^^^^
  File "/home/airflow/.local/lib/python3.11/site-packages/airflow/providers/docker/operators/docker.py", line 256, in __init__
    super().__init__(**kwargs)
  File "/home/airflow/.local/lib/python3.11/site-packages/airflow/models/baseoperator.py", line 508, in apply_defaults
    result = func(self, **kwargs, default_args=default_args)
             ^^^^^^^^^^^^^^^^^^^^^^^^^^^^^^^^^^^^^^^^^^^^^^^
  File "/home/airflow/.local/lib/python3.11/site-packages/airflow/models/baseoperator.py", line 959, in __init__
    raise AirflowException(
airflow.exceptions.AirflowException: Invalid arguments were passed to DockerOperator (task_id: dbt_run). Invalid arguments were:
**kwargs: {'volumes': ['../dbt:/usr/app', '../dbt/profiles:/root/.dbt']}
[2026-09-10T20:36:55.681+0000] {processor.py:927} WARNING - No viable dags retrieved from /opt/airflow/dags/countries_dag.py
[2026-09-10T20:36:55.723+0000] {processor.py:208} INFO - Processing /opt/airflow/dags/countries_dag.py took 2.838 seconds
[2026-09-10T20:37:26.460+0000] {processor.py:186} INFO - Started process (PID=1028) to work on /opt/airflow/dags/countries_dag.py
[2026-09-10T20:37:26.463+0000] {processor.py:914} INFO - Processing file /opt/airflow/dags/countries_dag.py for tasks to queue
[2026-09-10T20:37:26.466+0000] {logging_mixin.py:190} INFO - [2026-09-10T20:37:26.465+0000] {dagbag.py:588} INFO - Filling up the DagBag from /opt/airflow/dags/countries_dag.py
[2026-09-10T20:37:29.108+0000] {logging_mixin.py:190} INFO - [2026-09-10T20:37:29.079+0000] {dagbag.py:387} ERROR - Failed to import: /opt/airflow/dags/countries_dag.py
Traceback (most recent call last):
  File "/home/airflow/.local/lib/python3.11/site-packages/airflow/models/dagbag.py", line 383, in parse
    loader.exec_module(new_module)
  File "<frozen importlib._bootstrap_external>", line 940, in exec_module
  File "<frozen importlib._bootstrap>", line 241, in _call_with_frames_removed
  File "/opt/airflow/dags/countries_dag.py", line 73, in <module>
    dbt_run = DockerOperator(
              ^^^^^^^^^^^^^^^
  File "/home/airflow/.local/lib/python3.11/site-packages/airflow/models/baseoperator.py", line 508, in apply_defaults
    result = func(self, **kwargs, default_args=default_args)
             ^^^^^^^^^^^^^^^^^^^^^^^^^^^^^^^^^^^^^^^^^^^^^^^
  File "/home/airflow/.local/lib/python3.11/site-packages/airflow/providers/docker/operators/docker.py", line 256, in __init__
    super().__init__(**kwargs)
  File "/home/airflow/.local/lib/python3.11/site-packages/airflow/models/baseoperator.py", line 508, in apply_defaults
    result = func(self, **kwargs, default_args=default_args)
             ^^^^^^^^^^^^^^^^^^^^^^^^^^^^^^^^^^^^^^^^^^^^^^^
  File "/home/airflow/.local/lib/python3.11/site-packages/airflow/models/baseoperator.py", line 959, in __init__
    raise AirflowException(
airflow.exceptions.AirflowException: Invalid arguments were passed to DockerOperator (task_id: dbt_run). Invalid arguments were:
**kwargs: {'volumes': ['../dbt:/usr/app', '../dbt/profiles:/root/.dbt']}
[2026-09-10T20:37:29.111+0000] {processor.py:927} WARNING - No viable dags retrieved from /opt/airflow/dags/countries_dag.py
[2026-09-10T20:37:29.165+0000] {processor.py:208} INFO - Processing /opt/airflow/dags/countries_dag.py took 2.722 seconds
[2026-09-10T20:38:00.069+0000] {processor.py:186} INFO - Started process (PID=1035) to work on /opt/airflow/dags/countries_dag.py
[2026-09-10T20:38:00.091+0000] {processor.py:914} INFO - Processing file /opt/airflow/dags/countries_dag.py for tasks to queue
[2026-09-10T20:38:00.114+0000] {logging_mixin.py:190} INFO - [2026-09-10T20:38:00.113+0000] {dagbag.py:588} INFO - Filling up the DagBag from /opt/airflow/dags/countries_dag.py
[2026-09-10T20:38:03.039+0000] {logging_mixin.py:190} INFO - [2026-09-10T20:38:03.029+0000] {dagbag.py:387} ERROR - Failed to import: /opt/airflow/dags/countries_dag.py
Traceback (most recent call last):
  File "/home/airflow/.local/lib/python3.11/site-packages/airflow/models/dagbag.py", line 383, in parse
    loader.exec_module(new_module)
  File "<frozen importlib._bootstrap_external>", line 940, in exec_module
  File "<frozen importlib._bootstrap>", line 241, in _call_with_frames_removed
  File "/opt/airflow/dags/countries_dag.py", line 73, in <module>
    dbt_run = DockerOperator(
              ^^^^^^^^^^^^^^^
  File "/home/airflow/.local/lib/python3.11/site-packages/airflow/models/baseoperator.py", line 508, in apply_defaults
    result = func(self, **kwargs, default_args=default_args)
             ^^^^^^^^^^^^^^^^^^^^^^^^^^^^^^^^^^^^^^^^^^^^^^^
  File "/home/airflow/.local/lib/python3.11/site-packages/airflow/providers/docker/operators/docker.py", line 256, in __init__
    super().__init__(**kwargs)
  File "/home/airflow/.local/lib/python3.11/site-packages/airflow/models/baseoperator.py", line 508, in apply_defaults
    result = func(self, **kwargs, default_args=default_args)
             ^^^^^^^^^^^^^^^^^^^^^^^^^^^^^^^^^^^^^^^^^^^^^^^
  File "/home/airflow/.local/lib/python3.11/site-packages/airflow/models/baseoperator.py", line 959, in __init__
    raise AirflowException(
airflow.exceptions.AirflowException: Invalid arguments were passed to DockerOperator (task_id: dbt_run). Invalid arguments were:
**kwargs: {'volumes': ['../dbt:/usr/app', '../dbt/profiles:/root/.dbt']}
[2026-09-10T20:38:03.041+0000] {processor.py:927} WARNING - No viable dags retrieved from /opt/airflow/dags/countries_dag.py
[2026-09-10T20:38:03.084+0000] {processor.py:208} INFO - Processing /opt/airflow/dags/countries_dag.py took 3.051 seconds
[2026-09-10T20:38:33.712+0000] {processor.py:186} INFO - Started process (PID=1042) to work on /opt/airflow/dags/countries_dag.py
[2026-09-10T20:38:33.717+0000] {processor.py:914} INFO - Processing file /opt/airflow/dags/countries_dag.py for tasks to queue
[2026-09-10T20:38:33.720+0000] {logging_mixin.py:190} INFO - [2026-09-10T20:38:33.719+0000] {dagbag.py:588} INFO - Filling up the DagBag from /opt/airflow/dags/countries_dag.py
[2026-09-10T20:38:36.271+0000] {logging_mixin.py:190} INFO - [2026-09-10T20:38:36.242+0000] {dagbag.py:387} ERROR - Failed to import: /opt/airflow/dags/countries_dag.py
Traceback (most recent call last):
  File "/home/airflow/.local/lib/python3.11/site-packages/airflow/models/dagbag.py", line 383, in parse
    loader.exec_module(new_module)
  File "<frozen importlib._bootstrap_external>", line 940, in exec_module
  File "<frozen importlib._bootstrap>", line 241, in _call_with_frames_removed
  File "/opt/airflow/dags/countries_dag.py", line 73, in <module>
    dbt_run = DockerOperator(
              ^^^^^^^^^^^^^^^
  File "/home/airflow/.local/lib/python3.11/site-packages/airflow/models/baseoperator.py", line 508, in apply_defaults
    result = func(self, **kwargs, default_args=default_args)
             ^^^^^^^^^^^^^^^^^^^^^^^^^^^^^^^^^^^^^^^^^^^^^^^
  File "/home/airflow/.local/lib/python3.11/site-packages/airflow/providers/docker/operators/docker.py", line 256, in __init__
    super().__init__(**kwargs)
  File "/home/airflow/.local/lib/python3.11/site-packages/airflow/models/baseoperator.py", line 508, in apply_defaults
    result = func(self, **kwargs, default_args=default_args)
             ^^^^^^^^^^^^^^^^^^^^^^^^^^^^^^^^^^^^^^^^^^^^^^^
  File "/home/airflow/.local/lib/python3.11/site-packages/airflow/models/baseoperator.py", line 959, in __init__
    raise AirflowException(
airflow.exceptions.AirflowException: Invalid arguments were passed to DockerOperator (task_id: dbt_run). Invalid arguments were:
**kwargs: {'volumes': ['../dbt:/usr/app', '../dbt/profiles:/root/.dbt']}
[2026-09-10T20:38:36.274+0000] {processor.py:927} WARNING - No viable dags retrieved from /opt/airflow/dags/countries_dag.py
[2026-09-10T20:38:36.339+0000] {processor.py:208} INFO - Processing /opt/airflow/dags/countries_dag.py took 2.642 seconds
[2026-09-10T20:39:07.012+0000] {processor.py:186} INFO - Started process (PID=1049) to work on /opt/airflow/dags/countries_dag.py
[2026-09-10T20:39:07.016+0000] {processor.py:914} INFO - Processing file /opt/airflow/dags/countries_dag.py for tasks to queue
[2026-09-10T20:39:07.021+0000] {logging_mixin.py:190} INFO - [2026-09-10T20:39:07.020+0000] {dagbag.py:588} INFO - Filling up the DagBag from /opt/airflow/dags/countries_dag.py
[2026-09-10T20:39:09.941+0000] {logging_mixin.py:190} INFO - [2026-09-10T20:39:09.919+0000] {dagbag.py:387} ERROR - Failed to import: /opt/airflow/dags/countries_dag.py
Traceback (most recent call last):
  File "/home/airflow/.local/lib/python3.11/site-packages/airflow/models/dagbag.py", line 383, in parse
    loader.exec_module(new_module)
  File "<frozen importlib._bootstrap_external>", line 940, in exec_module
  File "<frozen importlib._bootstrap>", line 241, in _call_with_frames_removed
  File "/opt/airflow/dags/countries_dag.py", line 73, in <module>
    dbt_run = DockerOperator(
              ^^^^^^^^^^^^^^^
  File "/home/airflow/.local/lib/python3.11/site-packages/airflow/models/baseoperator.py", line 508, in apply_defaults
    result = func(self, **kwargs, default_args=default_args)
             ^^^^^^^^^^^^^^^^^^^^^^^^^^^^^^^^^^^^^^^^^^^^^^^
  File "/home/airflow/.local/lib/python3.11/site-packages/airflow/providers/docker/operators/docker.py", line 256, in __init__
    super().__init__(**kwargs)
  File "/home/airflow/.local/lib/python3.11/site-packages/airflow/models/baseoperator.py", line 508, in apply_defaults
    result = func(self, **kwargs, default_args=default_args)
             ^^^^^^^^^^^^^^^^^^^^^^^^^^^^^^^^^^^^^^^^^^^^^^^
  File "/home/airflow/.local/lib/python3.11/site-packages/airflow/models/baseoperator.py", line 959, in __init__
    raise AirflowException(
airflow.exceptions.AirflowException: Invalid arguments were passed to DockerOperator (task_id: dbt_run). Invalid arguments were:
**kwargs: {'volumes': ['../dbt:/usr/app', '../dbt/profiles:/root/.dbt']}
[2026-09-10T20:39:09.953+0000] {processor.py:927} WARNING - No viable dags retrieved from /opt/airflow/dags/countries_dag.py
[2026-09-10T20:39:10.042+0000] {processor.py:208} INFO - Processing /opt/airflow/dags/countries_dag.py took 3.047 seconds
[2026-09-10T20:39:40.704+0000] {processor.py:186} INFO - Started process (PID=1056) to work on /opt/airflow/dags/countries_dag.py
[2026-09-10T20:39:40.717+0000] {processor.py:914} INFO - Processing file /opt/airflow/dags/countries_dag.py for tasks to queue
[2026-09-10T20:39:40.720+0000] {logging_mixin.py:190} INFO - [2026-09-10T20:39:40.720+0000] {dagbag.py:588} INFO - Filling up the DagBag from /opt/airflow/dags/countries_dag.py
[2026-09-10T20:39:43.865+0000] {logging_mixin.py:190} INFO - [2026-09-10T20:39:43.854+0000] {dagbag.py:387} ERROR - Failed to import: /opt/airflow/dags/countries_dag.py
Traceback (most recent call last):
  File "/home/airflow/.local/lib/python3.11/site-packages/airflow/models/dagbag.py", line 383, in parse
    loader.exec_module(new_module)
  File "<frozen importlib._bootstrap_external>", line 940, in exec_module
  File "<frozen importlib._bootstrap>", line 241, in _call_with_frames_removed
  File "/opt/airflow/dags/countries_dag.py", line 73, in <module>
    dbt_run = DockerOperator(
              ^^^^^^^^^^^^^^^
  File "/home/airflow/.local/lib/python3.11/site-packages/airflow/models/baseoperator.py", line 508, in apply_defaults
    result = func(self, **kwargs, default_args=default_args)
             ^^^^^^^^^^^^^^^^^^^^^^^^^^^^^^^^^^^^^^^^^^^^^^^
  File "/home/airflow/.local/lib/python3.11/site-packages/airflow/providers/docker/operators/docker.py", line 256, in __init__
    super().__init__(**kwargs)
  File "/home/airflow/.local/lib/python3.11/site-packages/airflow/models/baseoperator.py", line 508, in apply_defaults
    result = func(self, **kwargs, default_args=default_args)
             ^^^^^^^^^^^^^^^^^^^^^^^^^^^^^^^^^^^^^^^^^^^^^^^
  File "/home/airflow/.local/lib/python3.11/site-packages/airflow/models/baseoperator.py", line 959, in __init__
    raise AirflowException(
airflow.exceptions.AirflowException: Invalid arguments were passed to DockerOperator (task_id: dbt_run). Invalid arguments were:
**kwargs: {'volumes': ['../dbt:/usr/app', '../dbt/profiles:/root/.dbt']}
[2026-09-10T20:39:43.868+0000] {processor.py:927} WARNING - No viable dags retrieved from /opt/airflow/dags/countries_dag.py
[2026-09-10T20:39:43.909+0000] {processor.py:208} INFO - Processing /opt/airflow/dags/countries_dag.py took 3.232 seconds
[2026-09-10T20:40:14.184+0000] {processor.py:186} INFO - Started process (PID=1063) to work on /opt/airflow/dags/countries_dag.py
[2026-09-10T20:40:14.188+0000] {processor.py:914} INFO - Processing file /opt/airflow/dags/countries_dag.py for tasks to queue
[2026-09-10T20:40:14.198+0000] {logging_mixin.py:190} INFO - [2026-09-10T20:40:14.195+0000] {dagbag.py:588} INFO - Filling up the DagBag from /opt/airflow/dags/countries_dag.py
[2026-09-10T20:40:17.476+0000] {logging_mixin.py:190} INFO - [2026-09-10T20:40:17.458+0000] {dagbag.py:387} ERROR - Failed to import: /opt/airflow/dags/countries_dag.py
Traceback (most recent call last):
  File "/home/airflow/.local/lib/python3.11/site-packages/airflow/models/dagbag.py", line 383, in parse
    loader.exec_module(new_module)
  File "<frozen importlib._bootstrap_external>", line 940, in exec_module
  File "<frozen importlib._bootstrap>", line 241, in _call_with_frames_removed
  File "/opt/airflow/dags/countries_dag.py", line 73, in <module>
    dbt_run = DockerOperator(
              ^^^^^^^^^^^^^^^
  File "/home/airflow/.local/lib/python3.11/site-packages/airflow/models/baseoperator.py", line 508, in apply_defaults
    result = func(self, **kwargs, default_args=default_args)
             ^^^^^^^^^^^^^^^^^^^^^^^^^^^^^^^^^^^^^^^^^^^^^^^
  File "/home/airflow/.local/lib/python3.11/site-packages/airflow/providers/docker/operators/docker.py", line 256, in __init__
    super().__init__(**kwargs)
  File "/home/airflow/.local/lib/python3.11/site-packages/airflow/models/baseoperator.py", line 508, in apply_defaults
    result = func(self, **kwargs, default_args=default_args)
             ^^^^^^^^^^^^^^^^^^^^^^^^^^^^^^^^^^^^^^^^^^^^^^^
  File "/home/airflow/.local/lib/python3.11/site-packages/airflow/models/baseoperator.py", line 959, in __init__
    raise AirflowException(
airflow.exceptions.AirflowException: Invalid arguments were passed to DockerOperator (task_id: dbt_run). Invalid arguments were:
**kwargs: {'volumes': ['../dbt:/usr/app', '../dbt/profiles:/root/.dbt']}
[2026-09-10T20:40:17.479+0000] {processor.py:927} WARNING - No viable dags retrieved from /opt/airflow/dags/countries_dag.py
[2026-09-10T20:40:17.532+0000] {processor.py:208} INFO - Processing /opt/airflow/dags/countries_dag.py took 3.373 seconds
[2026-09-10T22:34:53.410+0000] {processor.py:186} INFO - Started process (PID=1070) to work on /opt/airflow/dags/countries_dag.py
[2026-09-10T22:34:53.419+0000] {processor.py:914} INFO - Processing file /opt/airflow/dags/countries_dag.py for tasks to queue
[2026-09-10T22:34:53.435+0000] {logging_mixin.py:190} INFO - [2026-09-10T22:34:53.434+0000] {dagbag.py:588} INFO - Filling up the DagBag from /opt/airflow/dags/countries_dag.py
[2026-09-10T22:35:03.379+0000] {logging_mixin.py:190} INFO - [2026-09-10T22:35:03.183+0000] {dagbag.py:387} ERROR - Failed to import: /opt/airflow/dags/countries_dag.py
Traceback (most recent call last):
  File "/home/airflow/.local/lib/python3.11/site-packages/airflow/models/dagbag.py", line 383, in parse
    loader.exec_module(new_module)
  File "<frozen importlib._bootstrap_external>", line 940, in exec_module
  File "<frozen importlib._bootstrap>", line 241, in _call_with_frames_removed
  File "/opt/airflow/dags/countries_dag.py", line 73, in <module>
    dbt_run = DockerOperator(
              ^^^^^^^^^^^^^^^
  File "/home/airflow/.local/lib/python3.11/site-packages/airflow/models/baseoperator.py", line 508, in apply_defaults
    result = func(self, **kwargs, default_args=default_args)
             ^^^^^^^^^^^^^^^^^^^^^^^^^^^^^^^^^^^^^^^^^^^^^^^
  File "/home/airflow/.local/lib/python3.11/site-packages/airflow/providers/docker/operators/docker.py", line 256, in __init__
    super().__init__(**kwargs)
  File "/home/airflow/.local/lib/python3.11/site-packages/airflow/models/baseoperator.py", line 508, in apply_defaults
    result = func(self, **kwargs, default_args=default_args)
             ^^^^^^^^^^^^^^^^^^^^^^^^^^^^^^^^^^^^^^^^^^^^^^^
  File "/home/airflow/.local/lib/python3.11/site-packages/airflow/models/baseoperator.py", line 959, in __init__
    raise AirflowException(
airflow.exceptions.AirflowException: Invalid arguments were passed to DockerOperator (task_id: dbt_run). Invalid arguments were:
**kwargs: {'volumes': ['../dbt:/usr/app', '../dbt/profiles:/root/.dbt']}
[2026-09-10T22:35:03.382+0000] {processor.py:927} WARNING - No viable dags retrieved from /opt/airflow/dags/countries_dag.py
[2026-09-10T22:35:03.467+0000] {processor.py:208} INFO - Processing /opt/airflow/dags/countries_dag.py took 10.091 seconds
[2026-09-10T22:35:34.571+0000] {processor.py:186} INFO - Started process (PID=1077) to work on /opt/airflow/dags/countries_dag.py
[2026-09-10T22:35:34.574+0000] {processor.py:914} INFO - Processing file /opt/airflow/dags/countries_dag.py for tasks to queue
[2026-09-10T22:35:34.588+0000] {logging_mixin.py:190} INFO - [2026-09-10T22:35:34.578+0000] {dagbag.py:588} INFO - Filling up the DagBag from /opt/airflow/dags/countries_dag.py
[2026-09-10T22:35:40.060+0000] {logging_mixin.py:190} INFO - [2026-09-10T22:35:40.016+0000] {dagbag.py:387} ERROR - Failed to import: /opt/airflow/dags/countries_dag.py
Traceback (most recent call last):
  File "/home/airflow/.local/lib/python3.11/site-packages/airflow/models/dagbag.py", line 383, in parse
    loader.exec_module(new_module)
  File "<frozen importlib._bootstrap_external>", line 940, in exec_module
  File "<frozen importlib._bootstrap>", line 241, in _call_with_frames_removed
  File "/opt/airflow/dags/countries_dag.py", line 73, in <module>
    dbt_run = DockerOperator(
              ^^^^^^^^^^^^^^^
  File "/home/airflow/.local/lib/python3.11/site-packages/airflow/models/baseoperator.py", line 508, in apply_defaults
    result = func(self, **kwargs, default_args=default_args)
             ^^^^^^^^^^^^^^^^^^^^^^^^^^^^^^^^^^^^^^^^^^^^^^^
  File "/home/airflow/.local/lib/python3.11/site-packages/airflow/providers/docker/operators/docker.py", line 256, in __init__
    super().__init__(**kwargs)
  File "/home/airflow/.local/lib/python3.11/site-packages/airflow/models/baseoperator.py", line 508, in apply_defaults
    result = func(self, **kwargs, default_args=default_args)
             ^^^^^^^^^^^^^^^^^^^^^^^^^^^^^^^^^^^^^^^^^^^^^^^
  File "/home/airflow/.local/lib/python3.11/site-packages/airflow/models/baseoperator.py", line 959, in __init__
    raise AirflowException(
airflow.exceptions.AirflowException: Invalid arguments were passed to DockerOperator (task_id: dbt_run). Invalid arguments were:
**kwargs: {'volumes': ['../dbt:/usr/app', '../dbt/profiles:/root/.dbt']}
[2026-09-10T22:35:40.065+0000] {processor.py:927} WARNING - No viable dags retrieved from /opt/airflow/dags/countries_dag.py
[2026-09-10T22:35:40.130+0000] {processor.py:208} INFO - Processing /opt/airflow/dags/countries_dag.py took 5.600 seconds
[2026-09-10T22:36:10.812+0000] {processor.py:186} INFO - Started process (PID=1084) to work on /opt/airflow/dags/countries_dag.py
[2026-09-10T22:36:10.817+0000] {processor.py:914} INFO - Processing file /opt/airflow/dags/countries_dag.py for tasks to queue
[2026-09-10T22:36:10.823+0000] {logging_mixin.py:190} INFO - [2026-09-10T22:36:10.822+0000] {dagbag.py:588} INFO - Filling up the DagBag from /opt/airflow/dags/countries_dag.py
[2026-09-10T22:36:16.002+0000] {logging_mixin.py:190} INFO - [2026-09-10T22:36:15.955+0000] {dagbag.py:387} ERROR - Failed to import: /opt/airflow/dags/countries_dag.py
Traceback (most recent call last):
  File "/home/airflow/.local/lib/python3.11/site-packages/airflow/models/dagbag.py", line 383, in parse
    loader.exec_module(new_module)
  File "<frozen importlib._bootstrap_external>", line 940, in exec_module
  File "<frozen importlib._bootstrap>", line 241, in _call_with_frames_removed
  File "/opt/airflow/dags/countries_dag.py", line 73, in <module>
    dbt_run = DockerOperator(
              ^^^^^^^^^^^^^^^
  File "/home/airflow/.local/lib/python3.11/site-packages/airflow/models/baseoperator.py", line 508, in apply_defaults
    result = func(self, **kwargs, default_args=default_args)
             ^^^^^^^^^^^^^^^^^^^^^^^^^^^^^^^^^^^^^^^^^^^^^^^
  File "/home/airflow/.local/lib/python3.11/site-packages/airflow/providers/docker/operators/docker.py", line 256, in __init__
    super().__init__(**kwargs)
  File "/home/airflow/.local/lib/python3.11/site-packages/airflow/models/baseoperator.py", line 508, in apply_defaults
    result = func(self, **kwargs, default_args=default_args)
             ^^^^^^^^^^^^^^^^^^^^^^^^^^^^^^^^^^^^^^^^^^^^^^^
  File "/home/airflow/.local/lib/python3.11/site-packages/airflow/models/baseoperator.py", line 959, in __init__
    raise AirflowException(
airflow.exceptions.AirflowException: Invalid arguments were passed to DockerOperator (task_id: dbt_run). Invalid arguments were:
**kwargs: {'volumes': ['../dbt:/usr/app', '../dbt/profiles:/root/.dbt']}
[2026-09-10T22:36:16.007+0000] {processor.py:927} WARNING - No viable dags retrieved from /opt/airflow/dags/countries_dag.py
[2026-09-10T22:36:16.081+0000] {processor.py:208} INFO - Processing /opt/airflow/dags/countries_dag.py took 5.309 seconds
[2026-09-10T22:36:46.864+0000] {processor.py:186} INFO - Started process (PID=1091) to work on /opt/airflow/dags/countries_dag.py
[2026-09-10T22:36:46.868+0000] {processor.py:914} INFO - Processing file /opt/airflow/dags/countries_dag.py for tasks to queue
[2026-09-10T22:36:46.879+0000] {logging_mixin.py:190} INFO - [2026-09-10T22:36:46.872+0000] {dagbag.py:588} INFO - Filling up the DagBag from /opt/airflow/dags/countries_dag.py
[2026-09-10T22:36:51.908+0000] {logging_mixin.py:190} INFO - [2026-09-10T22:36:51.882+0000] {dagbag.py:387} ERROR - Failed to import: /opt/airflow/dags/countries_dag.py
Traceback (most recent call last):
  File "/home/airflow/.local/lib/python3.11/site-packages/airflow/models/dagbag.py", line 383, in parse
    loader.exec_module(new_module)
  File "<frozen importlib._bootstrap_external>", line 940, in exec_module
  File "<frozen importlib._bootstrap>", line 241, in _call_with_frames_removed
  File "/opt/airflow/dags/countries_dag.py", line 73, in <module>
    dbt_run = DockerOperator(
              ^^^^^^^^^^^^^^^
  File "/home/airflow/.local/lib/python3.11/site-packages/airflow/models/baseoperator.py", line 508, in apply_defaults
    result = func(self, **kwargs, default_args=default_args)
             ^^^^^^^^^^^^^^^^^^^^^^^^^^^^^^^^^^^^^^^^^^^^^^^
  File "/home/airflow/.local/lib/python3.11/site-packages/airflow/providers/docker/operators/docker.py", line 256, in __init__
    super().__init__(**kwargs)
  File "/home/airflow/.local/lib/python3.11/site-packages/airflow/models/baseoperator.py", line 508, in apply_defaults
    result = func(self, **kwargs, default_args=default_args)
             ^^^^^^^^^^^^^^^^^^^^^^^^^^^^^^^^^^^^^^^^^^^^^^^
  File "/home/airflow/.local/lib/python3.11/site-packages/airflow/models/baseoperator.py", line 959, in __init__
    raise AirflowException(
airflow.exceptions.AirflowException: Invalid arguments were passed to DockerOperator (task_id: dbt_run). Invalid arguments were:
**kwargs: {'volumes': ['../dbt:/usr/app', '../dbt/profiles:/root/.dbt']}
[2026-09-10T22:36:51.911+0000] {processor.py:927} WARNING - No viable dags retrieved from /opt/airflow/dags/countries_dag.py
[2026-09-10T22:36:51.982+0000] {processor.py:208} INFO - Processing /opt/airflow/dags/countries_dag.py took 5.155 seconds
[2026-09-10T22:37:22.424+0000] {processor.py:186} INFO - Started process (PID=1098) to work on /opt/airflow/dags/countries_dag.py
[2026-09-10T22:37:22.427+0000] {processor.py:914} INFO - Processing file /opt/airflow/dags/countries_dag.py for tasks to queue
[2026-09-10T22:37:22.431+0000] {logging_mixin.py:190} INFO - [2026-09-10T22:37:22.430+0000] {dagbag.py:588} INFO - Filling up the DagBag from /opt/airflow/dags/countries_dag.py
[2026-09-10T22:37:25.246+0000] {logging_mixin.py:190} INFO - [2026-09-10T22:37:25.219+0000] {dagbag.py:387} ERROR - Failed to import: /opt/airflow/dags/countries_dag.py
Traceback (most recent call last):
  File "/home/airflow/.local/lib/python3.11/site-packages/airflow/models/dagbag.py", line 383, in parse
    loader.exec_module(new_module)
  File "<frozen importlib._bootstrap_external>", line 940, in exec_module
  File "<frozen importlib._bootstrap>", line 241, in _call_with_frames_removed
  File "/opt/airflow/dags/countries_dag.py", line 73, in <module>
    dbt_run = DockerOperator(
              ^^^^^^^^^^^^^^^
  File "/home/airflow/.local/lib/python3.11/site-packages/airflow/models/baseoperator.py", line 508, in apply_defaults
    result = func(self, **kwargs, default_args=default_args)
             ^^^^^^^^^^^^^^^^^^^^^^^^^^^^^^^^^^^^^^^^^^^^^^^
  File "/home/airflow/.local/lib/python3.11/site-packages/airflow/providers/docker/operators/docker.py", line 256, in __init__
    super().__init__(**kwargs)
  File "/home/airflow/.local/lib/python3.11/site-packages/airflow/models/baseoperator.py", line 508, in apply_defaults
    result = func(self, **kwargs, default_args=default_args)
             ^^^^^^^^^^^^^^^^^^^^^^^^^^^^^^^^^^^^^^^^^^^^^^^
  File "/home/airflow/.local/lib/python3.11/site-packages/airflow/models/baseoperator.py", line 959, in __init__
    raise AirflowException(
airflow.exceptions.AirflowException: Invalid arguments were passed to DockerOperator (task_id: dbt_run). Invalid arguments were:
**kwargs: {'volumes': ['../dbt:/usr/app', '../dbt/profiles:/root/.dbt']}
[2026-09-10T22:37:25.252+0000] {processor.py:927} WARNING - No viable dags retrieved from /opt/airflow/dags/countries_dag.py
[2026-09-10T22:37:25.322+0000] {processor.py:208} INFO - Processing /opt/airflow/dags/countries_dag.py took 2.919 seconds
[2026-09-10T22:37:55.948+0000] {processor.py:186} INFO - Started process (PID=1105) to work on /opt/airflow/dags/countries_dag.py
[2026-09-10T22:37:55.953+0000] {processor.py:914} INFO - Processing file /opt/airflow/dags/countries_dag.py for tasks to queue
[2026-09-10T22:37:55.959+0000] {logging_mixin.py:190} INFO - [2026-09-10T22:37:55.958+0000] {dagbag.py:588} INFO - Filling up the DagBag from /opt/airflow/dags/countries_dag.py
[2026-09-10T22:37:59.102+0000] {logging_mixin.py:190} INFO - [2026-09-10T22:37:59.090+0000] {dagbag.py:387} ERROR - Failed to import: /opt/airflow/dags/countries_dag.py
Traceback (most recent call last):
  File "/home/airflow/.local/lib/python3.11/site-packages/airflow/models/dagbag.py", line 383, in parse
    loader.exec_module(new_module)
  File "<frozen importlib._bootstrap_external>", line 940, in exec_module
  File "<frozen importlib._bootstrap>", line 241, in _call_with_frames_removed
  File "/opt/airflow/dags/countries_dag.py", line 73, in <module>
    dbt_run = DockerOperator(
              ^^^^^^^^^^^^^^^
  File "/home/airflow/.local/lib/python3.11/site-packages/airflow/models/baseoperator.py", line 508, in apply_defaults
    result = func(self, **kwargs, default_args=default_args)
             ^^^^^^^^^^^^^^^^^^^^^^^^^^^^^^^^^^^^^^^^^^^^^^^
  File "/home/airflow/.local/lib/python3.11/site-packages/airflow/providers/docker/operators/docker.py", line 256, in __init__
    super().__init__(**kwargs)
  File "/home/airflow/.local/lib/python3.11/site-packages/airflow/models/baseoperator.py", line 508, in apply_defaults
    result = func(self, **kwargs, default_args=default_args)
             ^^^^^^^^^^^^^^^^^^^^^^^^^^^^^^^^^^^^^^^^^^^^^^^
  File "/home/airflow/.local/lib/python3.11/site-packages/airflow/models/baseoperator.py", line 959, in __init__
    raise AirflowException(
airflow.exceptions.AirflowException: Invalid arguments were passed to DockerOperator (task_id: dbt_run). Invalid arguments were:
**kwargs: {'volumes': ['../dbt:/usr/app', '../dbt/profiles:/root/.dbt']}
[2026-09-10T22:37:59.104+0000] {processor.py:927} WARNING - No viable dags retrieved from /opt/airflow/dags/countries_dag.py
[2026-09-10T22:37:59.140+0000] {processor.py:208} INFO - Processing /opt/airflow/dags/countries_dag.py took 3.216 seconds
[2026-09-10T22:38:29.883+0000] {processor.py:186} INFO - Started process (PID=1112) to work on /opt/airflow/dags/countries_dag.py
[2026-09-10T22:38:29.895+0000] {processor.py:914} INFO - Processing file /opt/airflow/dags/countries_dag.py for tasks to queue
[2026-09-10T22:38:29.923+0000] {logging_mixin.py:190} INFO - [2026-09-10T22:38:29.921+0000] {dagbag.py:588} INFO - Filling up the DagBag from /opt/airflow/dags/countries_dag.py
[2026-09-10T22:38:36.279+0000] {logging_mixin.py:190} INFO - [2026-09-10T22:38:36.259+0000] {dagbag.py:387} ERROR - Failed to import: /opt/airflow/dags/countries_dag.py
Traceback (most recent call last):
  File "/home/airflow/.local/lib/python3.11/site-packages/airflow/models/dagbag.py", line 383, in parse
    loader.exec_module(new_module)
  File "<frozen importlib._bootstrap_external>", line 940, in exec_module
  File "<frozen importlib._bootstrap>", line 241, in _call_with_frames_removed
  File "/opt/airflow/dags/countries_dag.py", line 73, in <module>
    dbt_run = DockerOperator(
              ^^^^^^^^^^^^^^^
  File "/home/airflow/.local/lib/python3.11/site-packages/airflow/models/baseoperator.py", line 508, in apply_defaults
    result = func(self, **kwargs, default_args=default_args)
             ^^^^^^^^^^^^^^^^^^^^^^^^^^^^^^^^^^^^^^^^^^^^^^^
  File "/home/airflow/.local/lib/python3.11/site-packages/airflow/providers/docker/operators/docker.py", line 256, in __init__
    super().__init__(**kwargs)
  File "/home/airflow/.local/lib/python3.11/site-packages/airflow/models/baseoperator.py", line 508, in apply_defaults
    result = func(self, **kwargs, default_args=default_args)
             ^^^^^^^^^^^^^^^^^^^^^^^^^^^^^^^^^^^^^^^^^^^^^^^
  File "/home/airflow/.local/lib/python3.11/site-packages/airflow/models/baseoperator.py", line 959, in __init__
    raise AirflowException(
airflow.exceptions.AirflowException: Invalid arguments were passed to DockerOperator (task_id: dbt_run). Invalid arguments were:
**kwargs: {'volumes': ['../dbt:/usr/app', '../dbt/profiles:/root/.dbt']}
[2026-09-10T22:38:36.282+0000] {processor.py:927} WARNING - No viable dags retrieved from /opt/airflow/dags/countries_dag.py
[2026-09-10T22:38:36.336+0000] {processor.py:208} INFO - Processing /opt/airflow/dags/countries_dag.py took 6.553 seconds
[2026-09-10T22:39:07.505+0000] {processor.py:186} INFO - Started process (PID=1119) to work on /opt/airflow/dags/countries_dag.py
[2026-09-10T22:39:07.508+0000] {processor.py:914} INFO - Processing file /opt/airflow/dags/countries_dag.py for tasks to queue
[2026-09-10T22:39:07.522+0000] {logging_mixin.py:190} INFO - [2026-09-10T22:39:07.520+0000] {dagbag.py:588} INFO - Filling up the DagBag from /opt/airflow/dags/countries_dag.py
[2026-09-10T22:39:13.162+0000] {logging_mixin.py:190} INFO - [2026-09-10T22:39:13.130+0000] {dagbag.py:387} ERROR - Failed to import: /opt/airflow/dags/countries_dag.py
Traceback (most recent call last):
  File "/home/airflow/.local/lib/python3.11/site-packages/airflow/models/dagbag.py", line 383, in parse
    loader.exec_module(new_module)
  File "<frozen importlib._bootstrap_external>", line 940, in exec_module
  File "<frozen importlib._bootstrap>", line 241, in _call_with_frames_removed
  File "/opt/airflow/dags/countries_dag.py", line 73, in <module>
    dbt_run = DockerOperator(
              ^^^^^^^^^^^^^^^
  File "/home/airflow/.local/lib/python3.11/site-packages/airflow/models/baseoperator.py", line 508, in apply_defaults
    result = func(self, **kwargs, default_args=default_args)
             ^^^^^^^^^^^^^^^^^^^^^^^^^^^^^^^^^^^^^^^^^^^^^^^
  File "/home/airflow/.local/lib/python3.11/site-packages/airflow/providers/docker/operators/docker.py", line 256, in __init__
    super().__init__(**kwargs)
  File "/home/airflow/.local/lib/python3.11/site-packages/airflow/models/baseoperator.py", line 508, in apply_defaults
    result = func(self, **kwargs, default_args=default_args)
             ^^^^^^^^^^^^^^^^^^^^^^^^^^^^^^^^^^^^^^^^^^^^^^^
  File "/home/airflow/.local/lib/python3.11/site-packages/airflow/models/baseoperator.py", line 959, in __init__
    raise AirflowException(
airflow.exceptions.AirflowException: Invalid arguments were passed to DockerOperator (task_id: dbt_run). Invalid arguments were:
**kwargs: {'volumes': ['../dbt:/usr/app', '../dbt/profiles:/root/.dbt']}
[2026-09-10T22:39:13.172+0000] {processor.py:927} WARNING - No viable dags retrieved from /opt/airflow/dags/countries_dag.py
[2026-09-10T22:39:13.267+0000] {processor.py:208} INFO - Processing /opt/airflow/dags/countries_dag.py took 5.811 seconds
[2026-09-10T22:39:44.183+0000] {processor.py:186} INFO - Started process (PID=1126) to work on /opt/airflow/dags/countries_dag.py
[2026-09-10T22:39:44.187+0000] {processor.py:914} INFO - Processing file /opt/airflow/dags/countries_dag.py for tasks to queue
[2026-09-10T22:39:44.192+0000] {logging_mixin.py:190} INFO - [2026-09-10T22:39:44.191+0000] {dagbag.py:588} INFO - Filling up the DagBag from /opt/airflow/dags/countries_dag.py
[2026-09-10T22:39:46.753+0000] {logging_mixin.py:190} INFO - [2026-09-10T22:39:46.744+0000] {dagbag.py:387} ERROR - Failed to import: /opt/airflow/dags/countries_dag.py
Traceback (most recent call last):
  File "/home/airflow/.local/lib/python3.11/site-packages/airflow/models/dagbag.py", line 383, in parse
    loader.exec_module(new_module)
  File "<frozen importlib._bootstrap_external>", line 940, in exec_module
  File "<frozen importlib._bootstrap>", line 241, in _call_with_frames_removed
  File "/opt/airflow/dags/countries_dag.py", line 73, in <module>
    dbt_run = DockerOperator(
              ^^^^^^^^^^^^^^^
  File "/home/airflow/.local/lib/python3.11/site-packages/airflow/models/baseoperator.py", line 508, in apply_defaults
    result = func(self, **kwargs, default_args=default_args)
             ^^^^^^^^^^^^^^^^^^^^^^^^^^^^^^^^^^^^^^^^^^^^^^^
  File "/home/airflow/.local/lib/python3.11/site-packages/airflow/providers/docker/operators/docker.py", line 256, in __init__
    super().__init__(**kwargs)
  File "/home/airflow/.local/lib/python3.11/site-packages/airflow/models/baseoperator.py", line 508, in apply_defaults
    result = func(self, **kwargs, default_args=default_args)
             ^^^^^^^^^^^^^^^^^^^^^^^^^^^^^^^^^^^^^^^^^^^^^^^
  File "/home/airflow/.local/lib/python3.11/site-packages/airflow/models/baseoperator.py", line 959, in __init__
    raise AirflowException(
airflow.exceptions.AirflowException: Invalid arguments were passed to DockerOperator (task_id: dbt_run). Invalid arguments were:
**kwargs: {'volumes': ['../dbt:/usr/app', '../dbt/profiles:/root/.dbt']}
[2026-09-10T22:39:46.756+0000] {processor.py:927} WARNING - No viable dags retrieved from /opt/airflow/dags/countries_dag.py
[2026-09-10T22:39:46.805+0000] {processor.py:208} INFO - Processing /opt/airflow/dags/countries_dag.py took 2.642 seconds
[2026-09-10T22:40:17.502+0000] {processor.py:186} INFO - Started process (PID=1133) to work on /opt/airflow/dags/countries_dag.py
[2026-09-10T22:40:17.505+0000] {processor.py:914} INFO - Processing file /opt/airflow/dags/countries_dag.py for tasks to queue
[2026-09-10T22:40:17.520+0000] {logging_mixin.py:190} INFO - [2026-09-10T22:40:17.518+0000] {dagbag.py:588} INFO - Filling up the DagBag from /opt/airflow/dags/countries_dag.py
[2026-09-10T22:40:19.886+0000] {logging_mixin.py:190} INFO - [2026-09-10T22:40:19.876+0000] {dagbag.py:387} ERROR - Failed to import: /opt/airflow/dags/countries_dag.py
Traceback (most recent call last):
  File "/home/airflow/.local/lib/python3.11/site-packages/airflow/models/dagbag.py", line 383, in parse
    loader.exec_module(new_module)
  File "<frozen importlib._bootstrap_external>", line 940, in exec_module
  File "<frozen importlib._bootstrap>", line 241, in _call_with_frames_removed
  File "/opt/airflow/dags/countries_dag.py", line 73, in <module>
    dbt_run = DockerOperator(
              ^^^^^^^^^^^^^^^
  File "/home/airflow/.local/lib/python3.11/site-packages/airflow/models/baseoperator.py", line 508, in apply_defaults
    result = func(self, **kwargs, default_args=default_args)
             ^^^^^^^^^^^^^^^^^^^^^^^^^^^^^^^^^^^^^^^^^^^^^^^
  File "/home/airflow/.local/lib/python3.11/site-packages/airflow/providers/docker/operators/docker.py", line 256, in __init__
    super().__init__(**kwargs)
  File "/home/airflow/.local/lib/python3.11/site-packages/airflow/models/baseoperator.py", line 508, in apply_defaults
    result = func(self, **kwargs, default_args=default_args)
             ^^^^^^^^^^^^^^^^^^^^^^^^^^^^^^^^^^^^^^^^^^^^^^^
  File "/home/airflow/.local/lib/python3.11/site-packages/airflow/models/baseoperator.py", line 959, in __init__
    raise AirflowException(
airflow.exceptions.AirflowException: Invalid arguments were passed to DockerOperator (task_id: dbt_run). Invalid arguments were:
**kwargs: {'volumes': ['../dbt:/usr/app', '../dbt/profiles:/root/.dbt']}
[2026-09-10T22:40:19.888+0000] {processor.py:927} WARNING - No viable dags retrieved from /opt/airflow/dags/countries_dag.py
[2026-09-10T22:40:19.919+0000] {processor.py:208} INFO - Processing /opt/airflow/dags/countries_dag.py took 2.453 seconds
[2026-09-10T22:40:50.362+0000] {processor.py:186} INFO - Started process (PID=1140) to work on /opt/airflow/dags/countries_dag.py
[2026-09-10T22:40:50.364+0000] {processor.py:914} INFO - Processing file /opt/airflow/dags/countries_dag.py for tasks to queue
[2026-09-10T22:40:50.372+0000] {logging_mixin.py:190} INFO - [2026-09-10T22:40:50.371+0000] {dagbag.py:588} INFO - Filling up the DagBag from /opt/airflow/dags/countries_dag.py
[2026-09-10T22:40:52.939+0000] {logging_mixin.py:190} INFO - [2026-09-10T22:40:52.928+0000] {dagbag.py:387} ERROR - Failed to import: /opt/airflow/dags/countries_dag.py
Traceback (most recent call last):
  File "/home/airflow/.local/lib/python3.11/site-packages/airflow/models/dagbag.py", line 383, in parse
    loader.exec_module(new_module)
  File "<frozen importlib._bootstrap_external>", line 940, in exec_module
  File "<frozen importlib._bootstrap>", line 241, in _call_with_frames_removed
  File "/opt/airflow/dags/countries_dag.py", line 73, in <module>
    dbt_run = DockerOperator(
              ^^^^^^^^^^^^^^^
  File "/home/airflow/.local/lib/python3.11/site-packages/airflow/models/baseoperator.py", line 508, in apply_defaults
    result = func(self, **kwargs, default_args=default_args)
             ^^^^^^^^^^^^^^^^^^^^^^^^^^^^^^^^^^^^^^^^^^^^^^^
  File "/home/airflow/.local/lib/python3.11/site-packages/airflow/providers/docker/operators/docker.py", line 256, in __init__
    super().__init__(**kwargs)
  File "/home/airflow/.local/lib/python3.11/site-packages/airflow/models/baseoperator.py", line 508, in apply_defaults
    result = func(self, **kwargs, default_args=default_args)
             ^^^^^^^^^^^^^^^^^^^^^^^^^^^^^^^^^^^^^^^^^^^^^^^
  File "/home/airflow/.local/lib/python3.11/site-packages/airflow/models/baseoperator.py", line 959, in __init__
    raise AirflowException(
airflow.exceptions.AirflowException: Invalid arguments were passed to DockerOperator (task_id: dbt_run). Invalid arguments were:
**kwargs: {'volumes': ['../dbt:/usr/app', '../dbt/profiles:/root/.dbt']}
[2026-09-10T22:40:52.942+0000] {processor.py:927} WARNING - No viable dags retrieved from /opt/airflow/dags/countries_dag.py
[2026-09-10T22:40:52.981+0000] {processor.py:208} INFO - Processing /opt/airflow/dags/countries_dag.py took 2.643 seconds
[2026-09-10T22:41:23.547+0000] {processor.py:186} INFO - Started process (PID=1147) to work on /opt/airflow/dags/countries_dag.py
[2026-09-10T22:41:23.550+0000] {processor.py:914} INFO - Processing file /opt/airflow/dags/countries_dag.py for tasks to queue
[2026-09-10T22:41:23.554+0000] {logging_mixin.py:190} INFO - [2026-09-10T22:41:23.554+0000] {dagbag.py:588} INFO - Filling up the DagBag from /opt/airflow/dags/countries_dag.py
[2026-09-10T22:41:25.638+0000] {logging_mixin.py:190} INFO - [2026-09-10T22:41:25.627+0000] {dagbag.py:387} ERROR - Failed to import: /opt/airflow/dags/countries_dag.py
Traceback (most recent call last):
  File "/home/airflow/.local/lib/python3.11/site-packages/airflow/models/dagbag.py", line 383, in parse
    loader.exec_module(new_module)
  File "<frozen importlib._bootstrap_external>", line 940, in exec_module
  File "<frozen importlib._bootstrap>", line 241, in _call_with_frames_removed
  File "/opt/airflow/dags/countries_dag.py", line 73, in <module>
    dbt_run = DockerOperator(
              ^^^^^^^^^^^^^^^
  File "/home/airflow/.local/lib/python3.11/site-packages/airflow/models/baseoperator.py", line 508, in apply_defaults
    result = func(self, **kwargs, default_args=default_args)
             ^^^^^^^^^^^^^^^^^^^^^^^^^^^^^^^^^^^^^^^^^^^^^^^
  File "/home/airflow/.local/lib/python3.11/site-packages/airflow/providers/docker/operators/docker.py", line 256, in __init__
    super().__init__(**kwargs)
  File "/home/airflow/.local/lib/python3.11/site-packages/airflow/models/baseoperator.py", line 508, in apply_defaults
    result = func(self, **kwargs, default_args=default_args)
             ^^^^^^^^^^^^^^^^^^^^^^^^^^^^^^^^^^^^^^^^^^^^^^^
  File "/home/airflow/.local/lib/python3.11/site-packages/airflow/models/baseoperator.py", line 959, in __init__
    raise AirflowException(
airflow.exceptions.AirflowException: Invalid arguments were passed to DockerOperator (task_id: dbt_run). Invalid arguments were:
**kwargs: {'volumes': ['../dbt:/usr/app', '../dbt/profiles:/root/.dbt']}
[2026-09-10T22:41:25.640+0000] {processor.py:927} WARNING - No viable dags retrieved from /opt/airflow/dags/countries_dag.py
[2026-09-10T22:41:25.680+0000] {processor.py:208} INFO - Processing /opt/airflow/dags/countries_dag.py took 2.161 seconds
[2026-09-10T22:41:56.012+0000] {processor.py:186} INFO - Started process (PID=1154) to work on /opt/airflow/dags/countries_dag.py
[2026-09-10T22:41:56.023+0000] {processor.py:914} INFO - Processing file /opt/airflow/dags/countries_dag.py for tasks to queue
[2026-09-10T22:41:56.029+0000] {logging_mixin.py:190} INFO - [2026-09-10T22:41:56.028+0000] {dagbag.py:588} INFO - Filling up the DagBag from /opt/airflow/dags/countries_dag.py
[2026-09-10T22:41:58.828+0000] {logging_mixin.py:190} INFO - [2026-09-10T22:41:58.803+0000] {dagbag.py:387} ERROR - Failed to import: /opt/airflow/dags/countries_dag.py
Traceback (most recent call last):
  File "/home/airflow/.local/lib/python3.11/site-packages/airflow/models/dagbag.py", line 383, in parse
    loader.exec_module(new_module)
  File "<frozen importlib._bootstrap_external>", line 940, in exec_module
  File "<frozen importlib._bootstrap>", line 241, in _call_with_frames_removed
  File "/opt/airflow/dags/countries_dag.py", line 73, in <module>
    dbt_run = DockerOperator(
              ^^^^^^^^^^^^^^^
  File "/home/airflow/.local/lib/python3.11/site-packages/airflow/models/baseoperator.py", line 508, in apply_defaults
    result = func(self, **kwargs, default_args=default_args)
             ^^^^^^^^^^^^^^^^^^^^^^^^^^^^^^^^^^^^^^^^^^^^^^^
  File "/home/airflow/.local/lib/python3.11/site-packages/airflow/providers/docker/operators/docker.py", line 256, in __init__
    super().__init__(**kwargs)
  File "/home/airflow/.local/lib/python3.11/site-packages/airflow/models/baseoperator.py", line 508, in apply_defaults
    result = func(self, **kwargs, default_args=default_args)
             ^^^^^^^^^^^^^^^^^^^^^^^^^^^^^^^^^^^^^^^^^^^^^^^
  File "/home/airflow/.local/lib/python3.11/site-packages/airflow/models/baseoperator.py", line 959, in __init__
    raise AirflowException(
airflow.exceptions.AirflowException: Invalid arguments were passed to DockerOperator (task_id: dbt_run). Invalid arguments were:
**kwargs: {'volumes': ['../dbt:/usr/app', '../dbt/profiles:/root/.dbt']}
[2026-09-10T22:41:58.849+0000] {processor.py:927} WARNING - No viable dags retrieved from /opt/airflow/dags/countries_dag.py
[2026-09-10T22:41:58.898+0000] {processor.py:208} INFO - Processing /opt/airflow/dags/countries_dag.py took 2.923 seconds
[2026-09-10T22:42:29.421+0000] {processor.py:186} INFO - Started process (PID=1161) to work on /opt/airflow/dags/countries_dag.py
[2026-09-10T22:42:29.424+0000] {processor.py:914} INFO - Processing file /opt/airflow/dags/countries_dag.py for tasks to queue
[2026-09-10T22:42:29.429+0000] {logging_mixin.py:190} INFO - [2026-09-10T22:42:29.428+0000] {dagbag.py:588} INFO - Filling up the DagBag from /opt/airflow/dags/countries_dag.py
[2026-09-10T22:42:31.965+0000] {logging_mixin.py:190} INFO - [2026-09-10T22:42:31.943+0000] {dagbag.py:387} ERROR - Failed to import: /opt/airflow/dags/countries_dag.py
Traceback (most recent call last):
  File "/home/airflow/.local/lib/python3.11/site-packages/airflow/models/dagbag.py", line 383, in parse
    loader.exec_module(new_module)
  File "<frozen importlib._bootstrap_external>", line 940, in exec_module
  File "<frozen importlib._bootstrap>", line 241, in _call_with_frames_removed
  File "/opt/airflow/dags/countries_dag.py", line 73, in <module>
    dbt_run = DockerOperator(
              ^^^^^^^^^^^^^^^
  File "/home/airflow/.local/lib/python3.11/site-packages/airflow/models/baseoperator.py", line 508, in apply_defaults
    result = func(self, **kwargs, default_args=default_args)
             ^^^^^^^^^^^^^^^^^^^^^^^^^^^^^^^^^^^^^^^^^^^^^^^
  File "/home/airflow/.local/lib/python3.11/site-packages/airflow/providers/docker/operators/docker.py", line 256, in __init__
    super().__init__(**kwargs)
  File "/home/airflow/.local/lib/python3.11/site-packages/airflow/models/baseoperator.py", line 508, in apply_defaults
    result = func(self, **kwargs, default_args=default_args)
             ^^^^^^^^^^^^^^^^^^^^^^^^^^^^^^^^^^^^^^^^^^^^^^^
  File "/home/airflow/.local/lib/python3.11/site-packages/airflow/models/baseoperator.py", line 959, in __init__
    raise AirflowException(
airflow.exceptions.AirflowException: Invalid arguments were passed to DockerOperator (task_id: dbt_run). Invalid arguments were:
**kwargs: {'volumes': ['../dbt:/usr/app', '../dbt/profiles:/root/.dbt']}
[2026-09-10T22:42:31.967+0000] {processor.py:927} WARNING - No viable dags retrieved from /opt/airflow/dags/countries_dag.py
[2026-09-10T22:42:32.018+0000] {processor.py:208} INFO - Processing /opt/airflow/dags/countries_dag.py took 2.615 seconds
[2026-09-10T22:43:02.563+0000] {processor.py:186} INFO - Started process (PID=1168) to work on /opt/airflow/dags/countries_dag.py
[2026-09-10T22:43:02.566+0000] {processor.py:914} INFO - Processing file /opt/airflow/dags/countries_dag.py for tasks to queue
[2026-09-10T22:43:02.569+0000] {logging_mixin.py:190} INFO - [2026-09-10T22:43:02.568+0000] {dagbag.py:588} INFO - Filling up the DagBag from /opt/airflow/dags/countries_dag.py
[2026-09-10T22:43:05.491+0000] {logging_mixin.py:190} INFO - [2026-09-10T22:43:05.473+0000] {dagbag.py:387} ERROR - Failed to import: /opt/airflow/dags/countries_dag.py
Traceback (most recent call last):
  File "/home/airflow/.local/lib/python3.11/site-packages/airflow/models/dagbag.py", line 383, in parse
    loader.exec_module(new_module)
  File "<frozen importlib._bootstrap_external>", line 940, in exec_module
  File "<frozen importlib._bootstrap>", line 241, in _call_with_frames_removed
  File "/opt/airflow/dags/countries_dag.py", line 73, in <module>
    dbt_run = DockerOperator(
              ^^^^^^^^^^^^^^^
  File "/home/airflow/.local/lib/python3.11/site-packages/airflow/models/baseoperator.py", line 508, in apply_defaults
    result = func(self, **kwargs, default_args=default_args)
             ^^^^^^^^^^^^^^^^^^^^^^^^^^^^^^^^^^^^^^^^^^^^^^^
  File "/home/airflow/.local/lib/python3.11/site-packages/airflow/providers/docker/operators/docker.py", line 256, in __init__
    super().__init__(**kwargs)
  File "/home/airflow/.local/lib/python3.11/site-packages/airflow/models/baseoperator.py", line 508, in apply_defaults
    result = func(self, **kwargs, default_args=default_args)
             ^^^^^^^^^^^^^^^^^^^^^^^^^^^^^^^^^^^^^^^^^^^^^^^
  File "/home/airflow/.local/lib/python3.11/site-packages/airflow/models/baseoperator.py", line 959, in __init__
    raise AirflowException(
airflow.exceptions.AirflowException: Invalid arguments were passed to DockerOperator (task_id: dbt_run). Invalid arguments were:
**kwargs: {'volumes': ['../dbt:/usr/app', '../dbt/profiles:/root/.dbt']}
[2026-09-10T22:43:05.494+0000] {processor.py:927} WARNING - No viable dags retrieved from /opt/airflow/dags/countries_dag.py
[2026-09-10T22:43:05.538+0000] {processor.py:208} INFO - Processing /opt/airflow/dags/countries_dag.py took 2.993 seconds
[2026-09-10T22:43:36.042+0000] {processor.py:186} INFO - Started process (PID=1175) to work on /opt/airflow/dags/countries_dag.py
[2026-09-10T22:43:36.044+0000] {processor.py:914} INFO - Processing file /opt/airflow/dags/countries_dag.py for tasks to queue
[2026-09-10T22:43:36.057+0000] {logging_mixin.py:190} INFO - [2026-09-10T22:43:36.047+0000] {dagbag.py:588} INFO - Filling up the DagBag from /opt/airflow/dags/countries_dag.py
[2026-09-10T22:43:39.453+0000] {logging_mixin.py:190} INFO - [2026-09-10T22:43:39.186+0000] {dagbag.py:387} ERROR - Failed to import: /opt/airflow/dags/countries_dag.py
Traceback (most recent call last):
  File "/home/airflow/.local/lib/python3.11/site-packages/airflow/models/dagbag.py", line 383, in parse
    loader.exec_module(new_module)
  File "<frozen importlib._bootstrap_external>", line 940, in exec_module
  File "<frozen importlib._bootstrap>", line 241, in _call_with_frames_removed
  File "/opt/airflow/dags/countries_dag.py", line 73, in <module>
    dbt_run = DockerOperator(
              ^^^^^^^^^^^^^^^
  File "/home/airflow/.local/lib/python3.11/site-packages/airflow/models/baseoperator.py", line 508, in apply_defaults
    result = func(self, **kwargs, default_args=default_args)
             ^^^^^^^^^^^^^^^^^^^^^^^^^^^^^^^^^^^^^^^^^^^^^^^
  File "/home/airflow/.local/lib/python3.11/site-packages/airflow/providers/docker/operators/docker.py", line 256, in __init__
    super().__init__(**kwargs)
  File "/home/airflow/.local/lib/python3.11/site-packages/airflow/models/baseoperator.py", line 508, in apply_defaults
    result = func(self, **kwargs, default_args=default_args)
             ^^^^^^^^^^^^^^^^^^^^^^^^^^^^^^^^^^^^^^^^^^^^^^^
  File "/home/airflow/.local/lib/python3.11/site-packages/airflow/models/baseoperator.py", line 959, in __init__
    raise AirflowException(
airflow.exceptions.AirflowException: Invalid arguments were passed to DockerOperator (task_id: dbt_run). Invalid arguments were:
**kwargs: {'volumes': ['../dbt:/usr/app', '../dbt/profiles:/root/.dbt']}
[2026-09-10T22:43:39.458+0000] {processor.py:927} WARNING - No viable dags retrieved from /opt/airflow/dags/countries_dag.py
[2026-09-10T22:43:39.511+0000] {processor.py:208} INFO - Processing /opt/airflow/dags/countries_dag.py took 3.496 seconds
[2026-09-10T22:44:10.048+0000] {processor.py:186} INFO - Started process (PID=1182) to work on /opt/airflow/dags/countries_dag.py
[2026-09-10T22:44:10.050+0000] {processor.py:914} INFO - Processing file /opt/airflow/dags/countries_dag.py for tasks to queue
[2026-09-10T22:44:10.054+0000] {logging_mixin.py:190} INFO - [2026-09-10T22:44:10.053+0000] {dagbag.py:588} INFO - Filling up the DagBag from /opt/airflow/dags/countries_dag.py
[2026-09-10T22:44:12.327+0000] {logging_mixin.py:190} INFO - [2026-09-10T22:44:12.315+0000] {dagbag.py:387} ERROR - Failed to import: /opt/airflow/dags/countries_dag.py
Traceback (most recent call last):
  File "/home/airflow/.local/lib/python3.11/site-packages/airflow/models/dagbag.py", line 383, in parse
    loader.exec_module(new_module)
  File "<frozen importlib._bootstrap_external>", line 940, in exec_module
  File "<frozen importlib._bootstrap>", line 241, in _call_with_frames_removed
  File "/opt/airflow/dags/countries_dag.py", line 73, in <module>
    dbt_run = DockerOperator(
              ^^^^^^^^^^^^^^^
  File "/home/airflow/.local/lib/python3.11/site-packages/airflow/models/baseoperator.py", line 508, in apply_defaults
    result = func(self, **kwargs, default_args=default_args)
             ^^^^^^^^^^^^^^^^^^^^^^^^^^^^^^^^^^^^^^^^^^^^^^^
  File "/home/airflow/.local/lib/python3.11/site-packages/airflow/providers/docker/operators/docker.py", line 256, in __init__
    super().__init__(**kwargs)
  File "/home/airflow/.local/lib/python3.11/site-packages/airflow/models/baseoperator.py", line 508, in apply_defaults
    result = func(self, **kwargs, default_args=default_args)
             ^^^^^^^^^^^^^^^^^^^^^^^^^^^^^^^^^^^^^^^^^^^^^^^
  File "/home/airflow/.local/lib/python3.11/site-packages/airflow/models/baseoperator.py", line 959, in __init__
    raise AirflowException(
airflow.exceptions.AirflowException: Invalid arguments were passed to DockerOperator (task_id: dbt_run). Invalid arguments were:
**kwargs: {'volumes': ['../dbt:/usr/app', '../dbt/profiles:/root/.dbt']}
[2026-09-10T22:44:12.329+0000] {processor.py:927} WARNING - No viable dags retrieved from /opt/airflow/dags/countries_dag.py
[2026-09-10T22:44:12.362+0000] {processor.py:208} INFO - Processing /opt/airflow/dags/countries_dag.py took 2.328 seconds
[2026-09-10T22:44:42.496+0000] {processor.py:186} INFO - Started process (PID=1189) to work on /opt/airflow/dags/countries_dag.py
[2026-09-10T22:44:42.499+0000] {processor.py:914} INFO - Processing file /opt/airflow/dags/countries_dag.py for tasks to queue
[2026-09-10T22:44:42.503+0000] {logging_mixin.py:190} INFO - [2026-09-10T22:44:42.501+0000] {dagbag.py:588} INFO - Filling up the DagBag from /opt/airflow/dags/countries_dag.py
[2026-09-10T22:44:46.046+0000] {logging_mixin.py:190} INFO - [2026-09-10T22:44:46.024+0000] {dagbag.py:387} ERROR - Failed to import: /opt/airflow/dags/countries_dag.py
Traceback (most recent call last):
  File "/home/airflow/.local/lib/python3.11/site-packages/airflow/models/dagbag.py", line 383, in parse
    loader.exec_module(new_module)
  File "<frozen importlib._bootstrap_external>", line 940, in exec_module
  File "<frozen importlib._bootstrap>", line 241, in _call_with_frames_removed
  File "/opt/airflow/dags/countries_dag.py", line 73, in <module>
    dbt_run = DockerOperator(
              ^^^^^^^^^^^^^^^
  File "/home/airflow/.local/lib/python3.11/site-packages/airflow/models/baseoperator.py", line 508, in apply_defaults
    result = func(self, **kwargs, default_args=default_args)
             ^^^^^^^^^^^^^^^^^^^^^^^^^^^^^^^^^^^^^^^^^^^^^^^
  File "/home/airflow/.local/lib/python3.11/site-packages/airflow/providers/docker/operators/docker.py", line 256, in __init__
    super().__init__(**kwargs)
  File "/home/airflow/.local/lib/python3.11/site-packages/airflow/models/baseoperator.py", line 508, in apply_defaults
    result = func(self, **kwargs, default_args=default_args)
             ^^^^^^^^^^^^^^^^^^^^^^^^^^^^^^^^^^^^^^^^^^^^^^^
  File "/home/airflow/.local/lib/python3.11/site-packages/airflow/models/baseoperator.py", line 959, in __init__
    raise AirflowException(
airflow.exceptions.AirflowException: Invalid arguments were passed to DockerOperator (task_id: dbt_run). Invalid arguments were:
**kwargs: {'volumes': ['../dbt:/usr/app', '../dbt/profiles:/root/.dbt']}
[2026-09-10T22:44:46.050+0000] {processor.py:927} WARNING - No viable dags retrieved from /opt/airflow/dags/countries_dag.py
[2026-09-10T22:44:46.107+0000] {processor.py:208} INFO - Processing /opt/airflow/dags/countries_dag.py took 3.628 seconds
[2026-09-10T22:45:16.447+0000] {processor.py:186} INFO - Started process (PID=1196) to work on /opt/airflow/dags/countries_dag.py
[2026-09-10T22:45:16.449+0000] {processor.py:914} INFO - Processing file /opt/airflow/dags/countries_dag.py for tasks to queue
[2026-09-10T22:45:16.453+0000] {logging_mixin.py:190} INFO - [2026-09-10T22:45:16.452+0000] {dagbag.py:588} INFO - Filling up the DagBag from /opt/airflow/dags/countries_dag.py
[2026-09-10T22:45:19.644+0000] {logging_mixin.py:190} INFO - [2026-09-10T22:45:19.625+0000] {dagbag.py:387} ERROR - Failed to import: /opt/airflow/dags/countries_dag.py
Traceback (most recent call last):
  File "/home/airflow/.local/lib/python3.11/site-packages/airflow/models/dagbag.py", line 383, in parse
    loader.exec_module(new_module)
  File "<frozen importlib._bootstrap_external>", line 940, in exec_module
  File "<frozen importlib._bootstrap>", line 241, in _call_with_frames_removed
  File "/opt/airflow/dags/countries_dag.py", line 73, in <module>
    dbt_run = DockerOperator(
              ^^^^^^^^^^^^^^^
  File "/home/airflow/.local/lib/python3.11/site-packages/airflow/models/baseoperator.py", line 508, in apply_defaults
    result = func(self, **kwargs, default_args=default_args)
             ^^^^^^^^^^^^^^^^^^^^^^^^^^^^^^^^^^^^^^^^^^^^^^^
  File "/home/airflow/.local/lib/python3.11/site-packages/airflow/providers/docker/operators/docker.py", line 256, in __init__
    super().__init__(**kwargs)
  File "/home/airflow/.local/lib/python3.11/site-packages/airflow/models/baseoperator.py", line 508, in apply_defaults
    result = func(self, **kwargs, default_args=default_args)
             ^^^^^^^^^^^^^^^^^^^^^^^^^^^^^^^^^^^^^^^^^^^^^^^
  File "/home/airflow/.local/lib/python3.11/site-packages/airflow/models/baseoperator.py", line 959, in __init__
    raise AirflowException(
airflow.exceptions.AirflowException: Invalid arguments were passed to DockerOperator (task_id: dbt_run). Invalid arguments were:
**kwargs: {'volumes': ['../dbt:/usr/app', '../dbt/profiles:/root/.dbt']}
[2026-09-10T22:45:19.648+0000] {processor.py:927} WARNING - No viable dags retrieved from /opt/airflow/dags/countries_dag.py
[2026-09-10T22:45:19.693+0000] {processor.py:208} INFO - Processing /opt/airflow/dags/countries_dag.py took 3.265 seconds
[2026-09-10T22:45:50.255+0000] {processor.py:186} INFO - Started process (PID=1203) to work on /opt/airflow/dags/countries_dag.py
[2026-09-10T22:45:50.258+0000] {processor.py:914} INFO - Processing file /opt/airflow/dags/countries_dag.py for tasks to queue
[2026-09-10T22:45:50.263+0000] {logging_mixin.py:190} INFO - [2026-09-10T22:45:50.262+0000] {dagbag.py:588} INFO - Filling up the DagBag from /opt/airflow/dags/countries_dag.py
[2026-09-10T22:45:52.527+0000] {logging_mixin.py:190} INFO - [2026-09-10T22:45:52.514+0000] {dagbag.py:387} ERROR - Failed to import: /opt/airflow/dags/countries_dag.py
Traceback (most recent call last):
  File "/home/airflow/.local/lib/python3.11/site-packages/airflow/models/dagbag.py", line 383, in parse
    loader.exec_module(new_module)
  File "<frozen importlib._bootstrap_external>", line 940, in exec_module
  File "<frozen importlib._bootstrap>", line 241, in _call_with_frames_removed
  File "/opt/airflow/dags/countries_dag.py", line 73, in <module>
    dbt_run = DockerOperator(
              ^^^^^^^^^^^^^^^
  File "/home/airflow/.local/lib/python3.11/site-packages/airflow/models/baseoperator.py", line 508, in apply_defaults
    result = func(self, **kwargs, default_args=default_args)
             ^^^^^^^^^^^^^^^^^^^^^^^^^^^^^^^^^^^^^^^^^^^^^^^
  File "/home/airflow/.local/lib/python3.11/site-packages/airflow/providers/docker/operators/docker.py", line 256, in __init__
    super().__init__(**kwargs)
  File "/home/airflow/.local/lib/python3.11/site-packages/airflow/models/baseoperator.py", line 508, in apply_defaults
    result = func(self, **kwargs, default_args=default_args)
             ^^^^^^^^^^^^^^^^^^^^^^^^^^^^^^^^^^^^^^^^^^^^^^^
  File "/home/airflow/.local/lib/python3.11/site-packages/airflow/models/baseoperator.py", line 959, in __init__
    raise AirflowException(
airflow.exceptions.AirflowException: Invalid arguments were passed to DockerOperator (task_id: dbt_run). Invalid arguments were:
**kwargs: {'volumes': ['../dbt:/usr/app', '../dbt/profiles:/root/.dbt']}
[2026-09-10T22:45:52.530+0000] {processor.py:927} WARNING - No viable dags retrieved from /opt/airflow/dags/countries_dag.py
[2026-09-10T22:45:52.594+0000] {processor.py:208} INFO - Processing /opt/airflow/dags/countries_dag.py took 2.361 seconds
[2026-09-10T22:46:23.138+0000] {processor.py:186} INFO - Started process (PID=1210) to work on /opt/airflow/dags/countries_dag.py
[2026-09-10T22:46:23.140+0000] {processor.py:914} INFO - Processing file /opt/airflow/dags/countries_dag.py for tasks to queue
[2026-09-10T22:46:23.146+0000] {logging_mixin.py:190} INFO - [2026-09-10T22:46:23.145+0000] {dagbag.py:588} INFO - Filling up the DagBag from /opt/airflow/dags/countries_dag.py
[2026-09-10T22:46:25.546+0000] {logging_mixin.py:190} INFO - [2026-09-10T22:46:25.528+0000] {dagbag.py:387} ERROR - Failed to import: /opt/airflow/dags/countries_dag.py
Traceback (most recent call last):
  File "/home/airflow/.local/lib/python3.11/site-packages/airflow/models/dagbag.py", line 383, in parse
    loader.exec_module(new_module)
  File "<frozen importlib._bootstrap_external>", line 940, in exec_module
  File "<frozen importlib._bootstrap>", line 241, in _call_with_frames_removed
  File "/opt/airflow/dags/countries_dag.py", line 73, in <module>
    dbt_run = DockerOperator(
              ^^^^^^^^^^^^^^^
  File "/home/airflow/.local/lib/python3.11/site-packages/airflow/models/baseoperator.py", line 508, in apply_defaults
    result = func(self, **kwargs, default_args=default_args)
             ^^^^^^^^^^^^^^^^^^^^^^^^^^^^^^^^^^^^^^^^^^^^^^^
  File "/home/airflow/.local/lib/python3.11/site-packages/airflow/providers/docker/operators/docker.py", line 256, in __init__
    super().__init__(**kwargs)
  File "/home/airflow/.local/lib/python3.11/site-packages/airflow/models/baseoperator.py", line 508, in apply_defaults
    result = func(self, **kwargs, default_args=default_args)
             ^^^^^^^^^^^^^^^^^^^^^^^^^^^^^^^^^^^^^^^^^^^^^^^
  File "/home/airflow/.local/lib/python3.11/site-packages/airflow/models/baseoperator.py", line 959, in __init__
    raise AirflowException(
airflow.exceptions.AirflowException: Invalid arguments were passed to DockerOperator (task_id: dbt_run). Invalid arguments were:
**kwargs: {'volumes': ['../dbt:/usr/app', '../dbt/profiles:/root/.dbt']}
[2026-09-10T22:46:25.548+0000] {processor.py:927} WARNING - No viable dags retrieved from /opt/airflow/dags/countries_dag.py
[2026-09-10T22:46:25.605+0000] {processor.py:208} INFO - Processing /opt/airflow/dags/countries_dag.py took 2.492 seconds
[2026-09-10T22:46:56.161+0000] {processor.py:186} INFO - Started process (PID=1217) to work on /opt/airflow/dags/countries_dag.py
[2026-09-10T22:46:56.166+0000] {processor.py:914} INFO - Processing file /opt/airflow/dags/countries_dag.py for tasks to queue
[2026-09-10T22:46:56.178+0000] {logging_mixin.py:190} INFO - [2026-09-10T22:46:56.177+0000] {dagbag.py:588} INFO - Filling up the DagBag from /opt/airflow/dags/countries_dag.py
[2026-09-10T22:47:00.824+0000] {logging_mixin.py:190} INFO - [2026-09-10T22:47:00.814+0000] {dagbag.py:387} ERROR - Failed to import: /opt/airflow/dags/countries_dag.py
Traceback (most recent call last):
  File "/home/airflow/.local/lib/python3.11/site-packages/airflow/models/dagbag.py", line 383, in parse
    loader.exec_module(new_module)
  File "<frozen importlib._bootstrap_external>", line 940, in exec_module
  File "<frozen importlib._bootstrap>", line 241, in _call_with_frames_removed
  File "/opt/airflow/dags/countries_dag.py", line 73, in <module>
    dbt_run = DockerOperator(
              ^^^^^^^^^^^^^^^
  File "/home/airflow/.local/lib/python3.11/site-packages/airflow/models/baseoperator.py", line 508, in apply_defaults
    result = func(self, **kwargs, default_args=default_args)
             ^^^^^^^^^^^^^^^^^^^^^^^^^^^^^^^^^^^^^^^^^^^^^^^
  File "/home/airflow/.local/lib/python3.11/site-packages/airflow/providers/docker/operators/docker.py", line 256, in __init__
    super().__init__(**kwargs)
  File "/home/airflow/.local/lib/python3.11/site-packages/airflow/models/baseoperator.py", line 508, in apply_defaults
    result = func(self, **kwargs, default_args=default_args)
             ^^^^^^^^^^^^^^^^^^^^^^^^^^^^^^^^^^^^^^^^^^^^^^^
  File "/home/airflow/.local/lib/python3.11/site-packages/airflow/models/baseoperator.py", line 959, in __init__
    raise AirflowException(
airflow.exceptions.AirflowException: Invalid arguments were passed to DockerOperator (task_id: dbt_run). Invalid arguments were:
**kwargs: {'volumes': ['../dbt:/usr/app', '../dbt/profiles:/root/.dbt']}
[2026-09-10T22:47:00.827+0000] {processor.py:927} WARNING - No viable dags retrieved from /opt/airflow/dags/countries_dag.py
[2026-09-10T22:47:00.879+0000] {processor.py:208} INFO - Processing /opt/airflow/dags/countries_dag.py took 4.757 seconds
[2026-09-10T22:47:31.144+0000] {processor.py:186} INFO - Started process (PID=1224) to work on /opt/airflow/dags/countries_dag.py
[2026-09-10T22:47:31.150+0000] {processor.py:914} INFO - Processing file /opt/airflow/dags/countries_dag.py for tasks to queue
[2026-09-10T22:47:31.156+0000] {logging_mixin.py:190} INFO - [2026-09-10T22:47:31.155+0000] {dagbag.py:588} INFO - Filling up the DagBag from /opt/airflow/dags/countries_dag.py
[2026-09-10T22:47:33.499+0000] {logging_mixin.py:190} INFO - [2026-09-10T22:47:33.472+0000] {dagbag.py:387} ERROR - Failed to import: /opt/airflow/dags/countries_dag.py
Traceback (most recent call last):
  File "/home/airflow/.local/lib/python3.11/site-packages/airflow/models/dagbag.py", line 383, in parse
    loader.exec_module(new_module)
  File "<frozen importlib._bootstrap_external>", line 940, in exec_module
  File "<frozen importlib._bootstrap>", line 241, in _call_with_frames_removed
  File "/opt/airflow/dags/countries_dag.py", line 73, in <module>
    dbt_run = DockerOperator(
              ^^^^^^^^^^^^^^^
  File "/home/airflow/.local/lib/python3.11/site-packages/airflow/models/baseoperator.py", line 508, in apply_defaults
    result = func(self, **kwargs, default_args=default_args)
             ^^^^^^^^^^^^^^^^^^^^^^^^^^^^^^^^^^^^^^^^^^^^^^^
  File "/home/airflow/.local/lib/python3.11/site-packages/airflow/providers/docker/operators/docker.py", line 256, in __init__
    super().__init__(**kwargs)
  File "/home/airflow/.local/lib/python3.11/site-packages/airflow/models/baseoperator.py", line 508, in apply_defaults
    result = func(self, **kwargs, default_args=default_args)
             ^^^^^^^^^^^^^^^^^^^^^^^^^^^^^^^^^^^^^^^^^^^^^^^
  File "/home/airflow/.local/lib/python3.11/site-packages/airflow/models/baseoperator.py", line 959, in __init__
    raise AirflowException(
airflow.exceptions.AirflowException: Invalid arguments were passed to DockerOperator (task_id: dbt_run). Invalid arguments were:
**kwargs: {'volumes': ['../dbt:/usr/app', '../dbt/profiles:/root/.dbt']}
[2026-09-10T22:47:33.501+0000] {processor.py:927} WARNING - No viable dags retrieved from /opt/airflow/dags/countries_dag.py
[2026-09-10T22:47:33.559+0000] {processor.py:208} INFO - Processing /opt/airflow/dags/countries_dag.py took 2.449 seconds
[2026-09-10T22:48:04.198+0000] {processor.py:186} INFO - Started process (PID=1231) to work on /opt/airflow/dags/countries_dag.py
[2026-09-10T22:48:04.215+0000] {processor.py:914} INFO - Processing file /opt/airflow/dags/countries_dag.py for tasks to queue
[2026-09-10T22:48:04.226+0000] {logging_mixin.py:190} INFO - [2026-09-10T22:48:04.218+0000] {dagbag.py:588} INFO - Filling up the DagBag from /opt/airflow/dags/countries_dag.py
[2026-09-10T22:48:06.631+0000] {logging_mixin.py:190} INFO - [2026-09-10T22:48:06.617+0000] {dagbag.py:387} ERROR - Failed to import: /opt/airflow/dags/countries_dag.py
Traceback (most recent call last):
  File "/home/airflow/.local/lib/python3.11/site-packages/airflow/models/dagbag.py", line 383, in parse
    loader.exec_module(new_module)
  File "<frozen importlib._bootstrap_external>", line 940, in exec_module
  File "<frozen importlib._bootstrap>", line 241, in _call_with_frames_removed
  File "/opt/airflow/dags/countries_dag.py", line 73, in <module>
    dbt_run = DockerOperator(
              ^^^^^^^^^^^^^^^
  File "/home/airflow/.local/lib/python3.11/site-packages/airflow/models/baseoperator.py", line 508, in apply_defaults
    result = func(self, **kwargs, default_args=default_args)
             ^^^^^^^^^^^^^^^^^^^^^^^^^^^^^^^^^^^^^^^^^^^^^^^
  File "/home/airflow/.local/lib/python3.11/site-packages/airflow/providers/docker/operators/docker.py", line 256, in __init__
    super().__init__(**kwargs)
  File "/home/airflow/.local/lib/python3.11/site-packages/airflow/models/baseoperator.py", line 508, in apply_defaults
    result = func(self, **kwargs, default_args=default_args)
             ^^^^^^^^^^^^^^^^^^^^^^^^^^^^^^^^^^^^^^^^^^^^^^^
  File "/home/airflow/.local/lib/python3.11/site-packages/airflow/models/baseoperator.py", line 959, in __init__
    raise AirflowException(
airflow.exceptions.AirflowException: Invalid arguments were passed to DockerOperator (task_id: dbt_run). Invalid arguments were:
**kwargs: {'volumes': ['../dbt:/usr/app', '../dbt/profiles:/root/.dbt']}
[2026-09-10T22:48:06.633+0000] {processor.py:927} WARNING - No viable dags retrieved from /opt/airflow/dags/countries_dag.py
[2026-09-10T22:48:06.672+0000] {processor.py:208} INFO - Processing /opt/airflow/dags/countries_dag.py took 2.513 seconds
[2026-09-10T22:48:37.201+0000] {processor.py:186} INFO - Started process (PID=1238) to work on /opt/airflow/dags/countries_dag.py
[2026-09-10T22:48:37.203+0000] {processor.py:914} INFO - Processing file /opt/airflow/dags/countries_dag.py for tasks to queue
[2026-09-10T22:48:37.207+0000] {logging_mixin.py:190} INFO - [2026-09-10T22:48:37.206+0000] {dagbag.py:588} INFO - Filling up the DagBag from /opt/airflow/dags/countries_dag.py
[2026-09-10T22:48:39.894+0000] {logging_mixin.py:190} INFO - [2026-09-10T22:48:39.883+0000] {dagbag.py:387} ERROR - Failed to import: /opt/airflow/dags/countries_dag.py
Traceback (most recent call last):
  File "/home/airflow/.local/lib/python3.11/site-packages/airflow/models/dagbag.py", line 383, in parse
    loader.exec_module(new_module)
  File "<frozen importlib._bootstrap_external>", line 940, in exec_module
  File "<frozen importlib._bootstrap>", line 241, in _call_with_frames_removed
  File "/opt/airflow/dags/countries_dag.py", line 73, in <module>
    dbt_run = DockerOperator(
              ^^^^^^^^^^^^^^^
  File "/home/airflow/.local/lib/python3.11/site-packages/airflow/models/baseoperator.py", line 508, in apply_defaults
    result = func(self, **kwargs, default_args=default_args)
             ^^^^^^^^^^^^^^^^^^^^^^^^^^^^^^^^^^^^^^^^^^^^^^^
  File "/home/airflow/.local/lib/python3.11/site-packages/airflow/providers/docker/operators/docker.py", line 256, in __init__
    super().__init__(**kwargs)
  File "/home/airflow/.local/lib/python3.11/site-packages/airflow/models/baseoperator.py", line 508, in apply_defaults
    result = func(self, **kwargs, default_args=default_args)
             ^^^^^^^^^^^^^^^^^^^^^^^^^^^^^^^^^^^^^^^^^^^^^^^
  File "/home/airflow/.local/lib/python3.11/site-packages/airflow/models/baseoperator.py", line 959, in __init__
    raise AirflowException(
airflow.exceptions.AirflowException: Invalid arguments were passed to DockerOperator (task_id: dbt_run). Invalid arguments were:
**kwargs: {'volumes': ['../dbt:/usr/app', '../dbt/profiles:/root/.dbt']}
[2026-09-10T22:48:39.897+0000] {processor.py:927} WARNING - No viable dags retrieved from /opt/airflow/dags/countries_dag.py
[2026-09-10T22:48:39.941+0000] {processor.py:208} INFO - Processing /opt/airflow/dags/countries_dag.py took 2.754 seconds
[2026-09-10T22:49:10.436+0000] {processor.py:186} INFO - Started process (PID=1245) to work on /opt/airflow/dags/countries_dag.py
[2026-09-10T22:49:10.439+0000] {processor.py:914} INFO - Processing file /opt/airflow/dags/countries_dag.py for tasks to queue
[2026-09-10T22:49:10.442+0000] {logging_mixin.py:190} INFO - [2026-09-10T22:49:10.441+0000] {dagbag.py:588} INFO - Filling up the DagBag from /opt/airflow/dags/countries_dag.py
[2026-09-10T22:49:12.701+0000] {logging_mixin.py:190} INFO - [2026-09-10T22:49:12.691+0000] {dagbag.py:387} ERROR - Failed to import: /opt/airflow/dags/countries_dag.py
Traceback (most recent call last):
  File "/home/airflow/.local/lib/python3.11/site-packages/airflow/models/dagbag.py", line 383, in parse
    loader.exec_module(new_module)
  File "<frozen importlib._bootstrap_external>", line 940, in exec_module
  File "<frozen importlib._bootstrap>", line 241, in _call_with_frames_removed
  File "/opt/airflow/dags/countries_dag.py", line 73, in <module>
    dbt_run = DockerOperator(
              ^^^^^^^^^^^^^^^
  File "/home/airflow/.local/lib/python3.11/site-packages/airflow/models/baseoperator.py", line 508, in apply_defaults
    result = func(self, **kwargs, default_args=default_args)
             ^^^^^^^^^^^^^^^^^^^^^^^^^^^^^^^^^^^^^^^^^^^^^^^
  File "/home/airflow/.local/lib/python3.11/site-packages/airflow/providers/docker/operators/docker.py", line 256, in __init__
    super().__init__(**kwargs)
  File "/home/airflow/.local/lib/python3.11/site-packages/airflow/models/baseoperator.py", line 508, in apply_defaults
    result = func(self, **kwargs, default_args=default_args)
             ^^^^^^^^^^^^^^^^^^^^^^^^^^^^^^^^^^^^^^^^^^^^^^^
  File "/home/airflow/.local/lib/python3.11/site-packages/airflow/models/baseoperator.py", line 959, in __init__
    raise AirflowException(
airflow.exceptions.AirflowException: Invalid arguments were passed to DockerOperator (task_id: dbt_run). Invalid arguments were:
**kwargs: {'volumes': ['../dbt:/usr/app', '../dbt/profiles:/root/.dbt']}
[2026-09-10T22:49:12.703+0000] {processor.py:927} WARNING - No viable dags retrieved from /opt/airflow/dags/countries_dag.py
[2026-09-10T22:49:12.771+0000] {processor.py:208} INFO - Processing /opt/airflow/dags/countries_dag.py took 2.356 seconds
[2026-09-10T22:49:42.951+0000] {processor.py:186} INFO - Started process (PID=1252) to work on /opt/airflow/dags/countries_dag.py
[2026-09-10T22:49:42.954+0000] {processor.py:914} INFO - Processing file /opt/airflow/dags/countries_dag.py for tasks to queue
[2026-09-10T22:49:42.958+0000] {logging_mixin.py:190} INFO - [2026-09-10T22:49:42.957+0000] {dagbag.py:588} INFO - Filling up the DagBag from /opt/airflow/dags/countries_dag.py
[2026-09-10T22:49:45.761+0000] {logging_mixin.py:190} INFO - [2026-09-10T22:49:45.745+0000] {dagbag.py:387} ERROR - Failed to import: /opt/airflow/dags/countries_dag.py
Traceback (most recent call last):
  File "/home/airflow/.local/lib/python3.11/site-packages/airflow/models/dagbag.py", line 383, in parse
    loader.exec_module(new_module)
  File "<frozen importlib._bootstrap_external>", line 940, in exec_module
  File "<frozen importlib._bootstrap>", line 241, in _call_with_frames_removed
  File "/opt/airflow/dags/countries_dag.py", line 73, in <module>
    dbt_run = DockerOperator(
              ^^^^^^^^^^^^^^^
  File "/home/airflow/.local/lib/python3.11/site-packages/airflow/models/baseoperator.py", line 508, in apply_defaults
    result = func(self, **kwargs, default_args=default_args)
             ^^^^^^^^^^^^^^^^^^^^^^^^^^^^^^^^^^^^^^^^^^^^^^^
  File "/home/airflow/.local/lib/python3.11/site-packages/airflow/providers/docker/operators/docker.py", line 256, in __init__
    super().__init__(**kwargs)
  File "/home/airflow/.local/lib/python3.11/site-packages/airflow/models/baseoperator.py", line 508, in apply_defaults
    result = func(self, **kwargs, default_args=default_args)
             ^^^^^^^^^^^^^^^^^^^^^^^^^^^^^^^^^^^^^^^^^^^^^^^
  File "/home/airflow/.local/lib/python3.11/site-packages/airflow/models/baseoperator.py", line 959, in __init__
    raise AirflowException(
airflow.exceptions.AirflowException: Invalid arguments were passed to DockerOperator (task_id: dbt_run). Invalid arguments were:
**kwargs: {'volumes': ['../dbt:/usr/app', '../dbt/profiles:/root/.dbt']}
[2026-09-10T22:49:45.764+0000] {processor.py:927} WARNING - No viable dags retrieved from /opt/airflow/dags/countries_dag.py
[2026-09-10T22:49:45.798+0000] {processor.py:208} INFO - Processing /opt/airflow/dags/countries_dag.py took 2.868 seconds
[2026-09-10T22:50:16.155+0000] {processor.py:186} INFO - Started process (PID=1259) to work on /opt/airflow/dags/countries_dag.py
[2026-09-10T22:50:16.168+0000] {processor.py:914} INFO - Processing file /opt/airflow/dags/countries_dag.py for tasks to queue
[2026-09-10T22:50:16.173+0000] {logging_mixin.py:190} INFO - [2026-09-10T22:50:16.172+0000] {dagbag.py:588} INFO - Filling up the DagBag from /opt/airflow/dags/countries_dag.py
[2026-09-10T22:50:21.999+0000] {logging_mixin.py:190} INFO - [2026-09-10T22:50:21.976+0000] {dagbag.py:387} ERROR - Failed to import: /opt/airflow/dags/countries_dag.py
Traceback (most recent call last):
  File "/home/airflow/.local/lib/python3.11/site-packages/airflow/models/dagbag.py", line 383, in parse
    loader.exec_module(new_module)
  File "<frozen importlib._bootstrap_external>", line 940, in exec_module
  File "<frozen importlib._bootstrap>", line 241, in _call_with_frames_removed
  File "/opt/airflow/dags/countries_dag.py", line 73, in <module>
    dbt_run = DockerOperator(
              ^^^^^^^^^^^^^^^
  File "/home/airflow/.local/lib/python3.11/site-packages/airflow/models/baseoperator.py", line 508, in apply_defaults
    result = func(self, **kwargs, default_args=default_args)
             ^^^^^^^^^^^^^^^^^^^^^^^^^^^^^^^^^^^^^^^^^^^^^^^
  File "/home/airflow/.local/lib/python3.11/site-packages/airflow/providers/docker/operators/docker.py", line 256, in __init__
    super().__init__(**kwargs)
  File "/home/airflow/.local/lib/python3.11/site-packages/airflow/models/baseoperator.py", line 508, in apply_defaults
    result = func(self, **kwargs, default_args=default_args)
             ^^^^^^^^^^^^^^^^^^^^^^^^^^^^^^^^^^^^^^^^^^^^^^^
  File "/home/airflow/.local/lib/python3.11/site-packages/airflow/models/baseoperator.py", line 959, in __init__
    raise AirflowException(
airflow.exceptions.AirflowException: Invalid arguments were passed to DockerOperator (task_id: dbt_run). Invalid arguments were:
**kwargs: {'volumes': ['../dbt:/usr/app', '../dbt/profiles:/root/.dbt']}
[2026-09-10T22:50:22.003+0000] {processor.py:927} WARNING - No viable dags retrieved from /opt/airflow/dags/countries_dag.py
[2026-09-10T22:50:22.053+0000] {processor.py:208} INFO - Processing /opt/airflow/dags/countries_dag.py took 5.939 seconds
[2026-09-10T22:50:52.785+0000] {processor.py:186} INFO - Started process (PID=1266) to work on /opt/airflow/dags/countries_dag.py
[2026-09-10T22:50:52.787+0000] {processor.py:914} INFO - Processing file /opt/airflow/dags/countries_dag.py for tasks to queue
[2026-09-10T22:50:52.792+0000] {logging_mixin.py:190} INFO - [2026-09-10T22:50:52.791+0000] {dagbag.py:588} INFO - Filling up the DagBag from /opt/airflow/dags/countries_dag.py
[2026-09-10T22:50:55.249+0000] {logging_mixin.py:190} INFO - [2026-09-10T22:50:55.235+0000] {dagbag.py:387} ERROR - Failed to import: /opt/airflow/dags/countries_dag.py
Traceback (most recent call last):
  File "/home/airflow/.local/lib/python3.11/site-packages/airflow/models/dagbag.py", line 383, in parse
    loader.exec_module(new_module)
  File "<frozen importlib._bootstrap_external>", line 940, in exec_module
  File "<frozen importlib._bootstrap>", line 241, in _call_with_frames_removed
  File "/opt/airflow/dags/countries_dag.py", line 73, in <module>
    dbt_run = DockerOperator(
              ^^^^^^^^^^^^^^^
  File "/home/airflow/.local/lib/python3.11/site-packages/airflow/models/baseoperator.py", line 508, in apply_defaults
    result = func(self, **kwargs, default_args=default_args)
             ^^^^^^^^^^^^^^^^^^^^^^^^^^^^^^^^^^^^^^^^^^^^^^^
  File "/home/airflow/.local/lib/python3.11/site-packages/airflow/providers/docker/operators/docker.py", line 256, in __init__
    super().__init__(**kwargs)
  File "/home/airflow/.local/lib/python3.11/site-packages/airflow/models/baseoperator.py", line 508, in apply_defaults
    result = func(self, **kwargs, default_args=default_args)
             ^^^^^^^^^^^^^^^^^^^^^^^^^^^^^^^^^^^^^^^^^^^^^^^
  File "/home/airflow/.local/lib/python3.11/site-packages/airflow/models/baseoperator.py", line 959, in __init__
    raise AirflowException(
airflow.exceptions.AirflowException: Invalid arguments were passed to DockerOperator (task_id: dbt_run). Invalid arguments were:
**kwargs: {'volumes': ['../dbt:/usr/app', '../dbt/profiles:/root/.dbt']}
[2026-09-10T22:50:55.250+0000] {processor.py:927} WARNING - No viable dags retrieved from /opt/airflow/dags/countries_dag.py
[2026-09-10T22:50:55.282+0000] {processor.py:208} INFO - Processing /opt/airflow/dags/countries_dag.py took 2.513 seconds
[2026-09-10T22:51:25.747+0000] {processor.py:186} INFO - Started process (PID=1273) to work on /opt/airflow/dags/countries_dag.py
[2026-09-10T22:51:25.749+0000] {processor.py:914} INFO - Processing file /opt/airflow/dags/countries_dag.py for tasks to queue
[2026-09-10T22:51:25.752+0000] {logging_mixin.py:190} INFO - [2026-09-10T22:51:25.752+0000] {dagbag.py:588} INFO - Filling up the DagBag from /opt/airflow/dags/countries_dag.py
[2026-09-10T22:51:28.227+0000] {logging_mixin.py:190} INFO - [2026-09-10T22:51:28.204+0000] {dagbag.py:387} ERROR - Failed to import: /opt/airflow/dags/countries_dag.py
Traceback (most recent call last):
  File "/home/airflow/.local/lib/python3.11/site-packages/airflow/models/dagbag.py", line 383, in parse
    loader.exec_module(new_module)
  File "<frozen importlib._bootstrap_external>", line 940, in exec_module
  File "<frozen importlib._bootstrap>", line 241, in _call_with_frames_removed
  File "/opt/airflow/dags/countries_dag.py", line 73, in <module>
    dbt_run = DockerOperator(
              ^^^^^^^^^^^^^^^
  File "/home/airflow/.local/lib/python3.11/site-packages/airflow/models/baseoperator.py", line 508, in apply_defaults
    result = func(self, **kwargs, default_args=default_args)
             ^^^^^^^^^^^^^^^^^^^^^^^^^^^^^^^^^^^^^^^^^^^^^^^
  File "/home/airflow/.local/lib/python3.11/site-packages/airflow/providers/docker/operators/docker.py", line 256, in __init__
    super().__init__(**kwargs)
  File "/home/airflow/.local/lib/python3.11/site-packages/airflow/models/baseoperator.py", line 508, in apply_defaults
    result = func(self, **kwargs, default_args=default_args)
             ^^^^^^^^^^^^^^^^^^^^^^^^^^^^^^^^^^^^^^^^^^^^^^^
  File "/home/airflow/.local/lib/python3.11/site-packages/airflow/models/baseoperator.py", line 959, in __init__
    raise AirflowException(
airflow.exceptions.AirflowException: Invalid arguments were passed to DockerOperator (task_id: dbt_run). Invalid arguments were:
**kwargs: {'volumes': ['../dbt:/usr/app', '../dbt/profiles:/root/.dbt']}
[2026-09-10T22:51:28.233+0000] {processor.py:927} WARNING - No viable dags retrieved from /opt/airflow/dags/countries_dag.py
[2026-09-10T22:51:28.289+0000] {processor.py:208} INFO - Processing /opt/airflow/dags/countries_dag.py took 2.555 seconds
[2026-09-10T22:51:58.770+0000] {processor.py:186} INFO - Started process (PID=1280) to work on /opt/airflow/dags/countries_dag.py
[2026-09-10T22:51:58.773+0000] {processor.py:914} INFO - Processing file /opt/airflow/dags/countries_dag.py for tasks to queue
[2026-09-10T22:51:58.776+0000] {logging_mixin.py:190} INFO - [2026-09-10T22:51:58.776+0000] {dagbag.py:588} INFO - Filling up the DagBag from /opt/airflow/dags/countries_dag.py
[2026-09-10T22:52:01.070+0000] {logging_mixin.py:190} INFO - [2026-09-10T22:52:01.058+0000] {dagbag.py:387} ERROR - Failed to import: /opt/airflow/dags/countries_dag.py
Traceback (most recent call last):
  File "/home/airflow/.local/lib/python3.11/site-packages/airflow/models/dagbag.py", line 383, in parse
    loader.exec_module(new_module)
  File "<frozen importlib._bootstrap_external>", line 940, in exec_module
  File "<frozen importlib._bootstrap>", line 241, in _call_with_frames_removed
  File "/opt/airflow/dags/countries_dag.py", line 73, in <module>
    dbt_run = DockerOperator(
              ^^^^^^^^^^^^^^^
  File "/home/airflow/.local/lib/python3.11/site-packages/airflow/models/baseoperator.py", line 508, in apply_defaults
    result = func(self, **kwargs, default_args=default_args)
             ^^^^^^^^^^^^^^^^^^^^^^^^^^^^^^^^^^^^^^^^^^^^^^^
  File "/home/airflow/.local/lib/python3.11/site-packages/airflow/providers/docker/operators/docker.py", line 256, in __init__
    super().__init__(**kwargs)
  File "/home/airflow/.local/lib/python3.11/site-packages/airflow/models/baseoperator.py", line 508, in apply_defaults
    result = func(self, **kwargs, default_args=default_args)
             ^^^^^^^^^^^^^^^^^^^^^^^^^^^^^^^^^^^^^^^^^^^^^^^
  File "/home/airflow/.local/lib/python3.11/site-packages/airflow/models/baseoperator.py", line 959, in __init__
    raise AirflowException(
airflow.exceptions.AirflowException: Invalid arguments were passed to DockerOperator (task_id: dbt_run). Invalid arguments were:
**kwargs: {'volumes': ['../dbt:/usr/app', '../dbt/profiles:/root/.dbt']}
[2026-09-10T22:52:01.073+0000] {processor.py:927} WARNING - No viable dags retrieved from /opt/airflow/dags/countries_dag.py
[2026-09-10T22:52:01.110+0000] {processor.py:208} INFO - Processing /opt/airflow/dags/countries_dag.py took 2.359 seconds
[2026-09-10T22:52:31.365+0000] {processor.py:186} INFO - Started process (PID=1287) to work on /opt/airflow/dags/countries_dag.py
[2026-09-10T22:52:31.368+0000] {processor.py:914} INFO - Processing file /opt/airflow/dags/countries_dag.py for tasks to queue
[2026-09-10T22:52:31.378+0000] {logging_mixin.py:190} INFO - [2026-09-10T22:52:31.377+0000] {dagbag.py:588} INFO - Filling up the DagBag from /opt/airflow/dags/countries_dag.py
[2026-09-10T22:52:34.511+0000] {logging_mixin.py:190} INFO - [2026-09-10T22:52:34.487+0000] {dagbag.py:387} ERROR - Failed to import: /opt/airflow/dags/countries_dag.py
Traceback (most recent call last):
  File "/home/airflow/.local/lib/python3.11/site-packages/airflow/models/dagbag.py", line 383, in parse
    loader.exec_module(new_module)
  File "<frozen importlib._bootstrap_external>", line 940, in exec_module
  File "<frozen importlib._bootstrap>", line 241, in _call_with_frames_removed
  File "/opt/airflow/dags/countries_dag.py", line 73, in <module>
    dbt_run = DockerOperator(
              ^^^^^^^^^^^^^^^
  File "/home/airflow/.local/lib/python3.11/site-packages/airflow/models/baseoperator.py", line 508, in apply_defaults
    result = func(self, **kwargs, default_args=default_args)
             ^^^^^^^^^^^^^^^^^^^^^^^^^^^^^^^^^^^^^^^^^^^^^^^
  File "/home/airflow/.local/lib/python3.11/site-packages/airflow/providers/docker/operators/docker.py", line 256, in __init__
    super().__init__(**kwargs)
  File "/home/airflow/.local/lib/python3.11/site-packages/airflow/models/baseoperator.py", line 508, in apply_defaults
    result = func(self, **kwargs, default_args=default_args)
             ^^^^^^^^^^^^^^^^^^^^^^^^^^^^^^^^^^^^^^^^^^^^^^^
  File "/home/airflow/.local/lib/python3.11/site-packages/airflow/models/baseoperator.py", line 959, in __init__
    raise AirflowException(
airflow.exceptions.AirflowException: Invalid arguments were passed to DockerOperator (task_id: dbt_run). Invalid arguments were:
**kwargs: {'volumes': ['../dbt:/usr/app', '../dbt/profiles:/root/.dbt']}
[2026-09-10T22:52:34.513+0000] {processor.py:927} WARNING - No viable dags retrieved from /opt/airflow/dags/countries_dag.py
[2026-09-10T22:52:34.559+0000] {processor.py:208} INFO - Processing /opt/airflow/dags/countries_dag.py took 3.218 seconds
[2026-09-10T22:53:04.885+0000] {processor.py:186} INFO - Started process (PID=1294) to work on /opt/airflow/dags/countries_dag.py
[2026-09-10T22:53:04.888+0000] {processor.py:914} INFO - Processing file /opt/airflow/dags/countries_dag.py for tasks to queue
[2026-09-10T22:53:04.894+0000] {logging_mixin.py:190} INFO - [2026-09-10T22:53:04.893+0000] {dagbag.py:588} INFO - Filling up the DagBag from /opt/airflow/dags/countries_dag.py
[2026-09-10T22:53:09.853+0000] {logging_mixin.py:190} INFO - [2026-09-10T22:53:09.841+0000] {dagbag.py:387} ERROR - Failed to import: /opt/airflow/dags/countries_dag.py
Traceback (most recent call last):
  File "/home/airflow/.local/lib/python3.11/site-packages/airflow/models/dagbag.py", line 383, in parse
    loader.exec_module(new_module)
  File "<frozen importlib._bootstrap_external>", line 940, in exec_module
  File "<frozen importlib._bootstrap>", line 241, in _call_with_frames_removed
  File "/opt/airflow/dags/countries_dag.py", line 73, in <module>
    dbt_run = DockerOperator(
              ^^^^^^^^^^^^^^^
  File "/home/airflow/.local/lib/python3.11/site-packages/airflow/models/baseoperator.py", line 508, in apply_defaults
    result = func(self, **kwargs, default_args=default_args)
             ^^^^^^^^^^^^^^^^^^^^^^^^^^^^^^^^^^^^^^^^^^^^^^^
  File "/home/airflow/.local/lib/python3.11/site-packages/airflow/providers/docker/operators/docker.py", line 256, in __init__
    super().__init__(**kwargs)
  File "/home/airflow/.local/lib/python3.11/site-packages/airflow/models/baseoperator.py", line 508, in apply_defaults
    result = func(self, **kwargs, default_args=default_args)
             ^^^^^^^^^^^^^^^^^^^^^^^^^^^^^^^^^^^^^^^^^^^^^^^
  File "/home/airflow/.local/lib/python3.11/site-packages/airflow/models/baseoperator.py", line 959, in __init__
    raise AirflowException(
airflow.exceptions.AirflowException: Invalid arguments were passed to DockerOperator (task_id: dbt_run). Invalid arguments were:
**kwargs: {'volumes': ['../dbt:/usr/app', '../dbt/profiles:/root/.dbt']}
[2026-09-10T22:53:09.855+0000] {processor.py:927} WARNING - No viable dags retrieved from /opt/airflow/dags/countries_dag.py
[2026-09-10T22:53:09.917+0000] {processor.py:208} INFO - Processing /opt/airflow/dags/countries_dag.py took 5.056 seconds
[2026-09-10T22:53:40.381+0000] {processor.py:186} INFO - Started process (PID=1301) to work on /opt/airflow/dags/countries_dag.py
[2026-09-10T22:53:40.384+0000] {processor.py:914} INFO - Processing file /opt/airflow/dags/countries_dag.py for tasks to queue
[2026-09-10T22:53:40.387+0000] {logging_mixin.py:190} INFO - [2026-09-10T22:53:40.386+0000] {dagbag.py:588} INFO - Filling up the DagBag from /opt/airflow/dags/countries_dag.py
[2026-09-10T22:53:42.822+0000] {logging_mixin.py:190} INFO - [2026-09-10T22:53:42.811+0000] {dagbag.py:387} ERROR - Failed to import: /opt/airflow/dags/countries_dag.py
Traceback (most recent call last):
  File "/home/airflow/.local/lib/python3.11/site-packages/airflow/models/dagbag.py", line 383, in parse
    loader.exec_module(new_module)
  File "<frozen importlib._bootstrap_external>", line 940, in exec_module
  File "<frozen importlib._bootstrap>", line 241, in _call_with_frames_removed
  File "/opt/airflow/dags/countries_dag.py", line 73, in <module>
    dbt_run = DockerOperator(
              ^^^^^^^^^^^^^^^
  File "/home/airflow/.local/lib/python3.11/site-packages/airflow/models/baseoperator.py", line 508, in apply_defaults
    result = func(self, **kwargs, default_args=default_args)
             ^^^^^^^^^^^^^^^^^^^^^^^^^^^^^^^^^^^^^^^^^^^^^^^
  File "/home/airflow/.local/lib/python3.11/site-packages/airflow/providers/docker/operators/docker.py", line 256, in __init__
    super().__init__(**kwargs)
  File "/home/airflow/.local/lib/python3.11/site-packages/airflow/models/baseoperator.py", line 508, in apply_defaults
    result = func(self, **kwargs, default_args=default_args)
             ^^^^^^^^^^^^^^^^^^^^^^^^^^^^^^^^^^^^^^^^^^^^^^^
  File "/home/airflow/.local/lib/python3.11/site-packages/airflow/models/baseoperator.py", line 959, in __init__
    raise AirflowException(
airflow.exceptions.AirflowException: Invalid arguments were passed to DockerOperator (task_id: dbt_run). Invalid arguments were:
**kwargs: {'volumes': ['../dbt:/usr/app', '../dbt/profiles:/root/.dbt']}
[2026-09-10T22:53:42.824+0000] {processor.py:927} WARNING - No viable dags retrieved from /opt/airflow/dags/countries_dag.py
[2026-09-10T22:53:42.866+0000] {processor.py:208} INFO - Processing /opt/airflow/dags/countries_dag.py took 2.500 seconds
[2026-09-10T22:54:13.532+0000] {processor.py:186} INFO - Started process (PID=1308) to work on /opt/airflow/dags/countries_dag.py
[2026-09-10T22:54:13.539+0000] {processor.py:914} INFO - Processing file /opt/airflow/dags/countries_dag.py for tasks to queue
[2026-09-10T22:54:13.543+0000] {logging_mixin.py:190} INFO - [2026-09-10T22:54:13.542+0000] {dagbag.py:588} INFO - Filling up the DagBag from /opt/airflow/dags/countries_dag.py
[2026-09-10T22:54:16.655+0000] {logging_mixin.py:190} INFO - [2026-09-10T22:54:16.636+0000] {dagbag.py:387} ERROR - Failed to import: /opt/airflow/dags/countries_dag.py
Traceback (most recent call last):
  File "/home/airflow/.local/lib/python3.11/site-packages/airflow/models/dagbag.py", line 383, in parse
    loader.exec_module(new_module)
  File "<frozen importlib._bootstrap_external>", line 940, in exec_module
  File "<frozen importlib._bootstrap>", line 241, in _call_with_frames_removed
  File "/opt/airflow/dags/countries_dag.py", line 73, in <module>
    dbt_run = DockerOperator(
              ^^^^^^^^^^^^^^^
  File "/home/airflow/.local/lib/python3.11/site-packages/airflow/models/baseoperator.py", line 508, in apply_defaults
    result = func(self, **kwargs, default_args=default_args)
             ^^^^^^^^^^^^^^^^^^^^^^^^^^^^^^^^^^^^^^^^^^^^^^^
  File "/home/airflow/.local/lib/python3.11/site-packages/airflow/providers/docker/operators/docker.py", line 256, in __init__
    super().__init__(**kwargs)
  File "/home/airflow/.local/lib/python3.11/site-packages/airflow/models/baseoperator.py", line 508, in apply_defaults
    result = func(self, **kwargs, default_args=default_args)
             ^^^^^^^^^^^^^^^^^^^^^^^^^^^^^^^^^^^^^^^^^^^^^^^
  File "/home/airflow/.local/lib/python3.11/site-packages/airflow/models/baseoperator.py", line 959, in __init__
    raise AirflowException(
airflow.exceptions.AirflowException: Invalid arguments were passed to DockerOperator (task_id: dbt_run). Invalid arguments were:
**kwargs: {'volumes': ['../dbt:/usr/app', '../dbt/profiles:/root/.dbt']}
[2026-09-10T22:54:16.659+0000] {processor.py:927} WARNING - No viable dags retrieved from /opt/airflow/dags/countries_dag.py
[2026-09-10T22:54:16.703+0000] {processor.py:208} INFO - Processing /opt/airflow/dags/countries_dag.py took 3.197 seconds
[2026-09-10T22:54:47.210+0000] {processor.py:186} INFO - Started process (PID=1315) to work on /opt/airflow/dags/countries_dag.py
[2026-09-10T22:54:47.214+0000] {processor.py:914} INFO - Processing file /opt/airflow/dags/countries_dag.py for tasks to queue
[2026-09-10T22:54:47.226+0000] {logging_mixin.py:190} INFO - [2026-09-10T22:54:47.225+0000] {dagbag.py:588} INFO - Filling up the DagBag from /opt/airflow/dags/countries_dag.py
[2026-09-10T22:54:51.121+0000] {logging_mixin.py:190} INFO - [2026-09-10T22:54:51.099+0000] {dagbag.py:387} ERROR - Failed to import: /opt/airflow/dags/countries_dag.py
Traceback (most recent call last):
  File "/home/airflow/.local/lib/python3.11/site-packages/airflow/models/dagbag.py", line 383, in parse
    loader.exec_module(new_module)
  File "<frozen importlib._bootstrap_external>", line 940, in exec_module
  File "<frozen importlib._bootstrap>", line 241, in _call_with_frames_removed
  File "/opt/airflow/dags/countries_dag.py", line 73, in <module>
    dbt_run = DockerOperator(
              ^^^^^^^^^^^^^^^
  File "/home/airflow/.local/lib/python3.11/site-packages/airflow/models/baseoperator.py", line 508, in apply_defaults
    result = func(self, **kwargs, default_args=default_args)
             ^^^^^^^^^^^^^^^^^^^^^^^^^^^^^^^^^^^^^^^^^^^^^^^
  File "/home/airflow/.local/lib/python3.11/site-packages/airflow/providers/docker/operators/docker.py", line 256, in __init__
    super().__init__(**kwargs)
  File "/home/airflow/.local/lib/python3.11/site-packages/airflow/models/baseoperator.py", line 508, in apply_defaults
    result = func(self, **kwargs, default_args=default_args)
             ^^^^^^^^^^^^^^^^^^^^^^^^^^^^^^^^^^^^^^^^^^^^^^^
  File "/home/airflow/.local/lib/python3.11/site-packages/airflow/models/baseoperator.py", line 959, in __init__
    raise AirflowException(
airflow.exceptions.AirflowException: Invalid arguments were passed to DockerOperator (task_id: dbt_run). Invalid arguments were:
**kwargs: {'volumes': ['../dbt:/usr/app', '../dbt/profiles:/root/.dbt']}
[2026-09-10T22:54:51.127+0000] {processor.py:927} WARNING - No viable dags retrieved from /opt/airflow/dags/countries_dag.py
[2026-09-10T22:54:51.182+0000] {processor.py:208} INFO - Processing /opt/airflow/dags/countries_dag.py took 4.007 seconds
[2026-09-10T22:55:21.737+0000] {processor.py:186} INFO - Started process (PID=1322) to work on /opt/airflow/dags/countries_dag.py
[2026-09-10T22:55:21.739+0000] {processor.py:914} INFO - Processing file /opt/airflow/dags/countries_dag.py for tasks to queue
[2026-09-10T22:55:21.742+0000] {logging_mixin.py:190} INFO - [2026-09-10T22:55:21.741+0000] {dagbag.py:588} INFO - Filling up the DagBag from /opt/airflow/dags/countries_dag.py
[2026-09-10T22:55:24.472+0000] {logging_mixin.py:190} INFO - [2026-09-10T22:55:24.438+0000] {dagbag.py:387} ERROR - Failed to import: /opt/airflow/dags/countries_dag.py
Traceback (most recent call last):
  File "/home/airflow/.local/lib/python3.11/site-packages/airflow/models/dagbag.py", line 383, in parse
    loader.exec_module(new_module)
  File "<frozen importlib._bootstrap_external>", line 940, in exec_module
  File "<frozen importlib._bootstrap>", line 241, in _call_with_frames_removed
  File "/opt/airflow/dags/countries_dag.py", line 73, in <module>
    dbt_run = DockerOperator(
              ^^^^^^^^^^^^^^^
  File "/home/airflow/.local/lib/python3.11/site-packages/airflow/models/baseoperator.py", line 508, in apply_defaults
    result = func(self, **kwargs, default_args=default_args)
             ^^^^^^^^^^^^^^^^^^^^^^^^^^^^^^^^^^^^^^^^^^^^^^^
  File "/home/airflow/.local/lib/python3.11/site-packages/airflow/providers/docker/operators/docker.py", line 256, in __init__
    super().__init__(**kwargs)
  File "/home/airflow/.local/lib/python3.11/site-packages/airflow/models/baseoperator.py", line 508, in apply_defaults
    result = func(self, **kwargs, default_args=default_args)
             ^^^^^^^^^^^^^^^^^^^^^^^^^^^^^^^^^^^^^^^^^^^^^^^
  File "/home/airflow/.local/lib/python3.11/site-packages/airflow/models/baseoperator.py", line 959, in __init__
    raise AirflowException(
airflow.exceptions.AirflowException: Invalid arguments were passed to DockerOperator (task_id: dbt_run). Invalid arguments were:
**kwargs: {'volumes': ['../dbt:/usr/app', '../dbt/profiles:/root/.dbt']}
[2026-09-10T22:55:24.483+0000] {processor.py:927} WARNING - No viable dags retrieved from /opt/airflow/dags/countries_dag.py
[2026-09-10T22:55:24.562+0000] {processor.py:208} INFO - Processing /opt/airflow/dags/countries_dag.py took 2.838 seconds
[2026-09-10T22:55:55.247+0000] {processor.py:186} INFO - Started process (PID=1329) to work on /opt/airflow/dags/countries_dag.py
[2026-09-10T22:55:55.250+0000] {processor.py:914} INFO - Processing file /opt/airflow/dags/countries_dag.py for tasks to queue
[2026-09-10T22:55:55.253+0000] {logging_mixin.py:190} INFO - [2026-09-10T22:55:55.253+0000] {dagbag.py:588} INFO - Filling up the DagBag from /opt/airflow/dags/countries_dag.py
[2026-09-10T22:55:58.733+0000] {logging_mixin.py:190} INFO - [2026-09-10T22:55:58.660+0000] {dagbag.py:387} ERROR - Failed to import: /opt/airflow/dags/countries_dag.py
Traceback (most recent call last):
  File "/home/airflow/.local/lib/python3.11/site-packages/airflow/models/dagbag.py", line 383, in parse
    loader.exec_module(new_module)
  File "<frozen importlib._bootstrap_external>", line 940, in exec_module
  File "<frozen importlib._bootstrap>", line 241, in _call_with_frames_removed
  File "/opt/airflow/dags/countries_dag.py", line 73, in <module>
    dbt_run = DockerOperator(
              ^^^^^^^^^^^^^^^
  File "/home/airflow/.local/lib/python3.11/site-packages/airflow/models/baseoperator.py", line 508, in apply_defaults
    result = func(self, **kwargs, default_args=default_args)
             ^^^^^^^^^^^^^^^^^^^^^^^^^^^^^^^^^^^^^^^^^^^^^^^
  File "/home/airflow/.local/lib/python3.11/site-packages/airflow/providers/docker/operators/docker.py", line 256, in __init__
    super().__init__(**kwargs)
  File "/home/airflow/.local/lib/python3.11/site-packages/airflow/models/baseoperator.py", line 508, in apply_defaults
    result = func(self, **kwargs, default_args=default_args)
             ^^^^^^^^^^^^^^^^^^^^^^^^^^^^^^^^^^^^^^^^^^^^^^^
  File "/home/airflow/.local/lib/python3.11/site-packages/airflow/models/baseoperator.py", line 959, in __init__
    raise AirflowException(
airflow.exceptions.AirflowException: Invalid arguments were passed to DockerOperator (task_id: dbt_run). Invalid arguments were:
**kwargs: {'volumes': ['../dbt:/usr/app', '../dbt/profiles:/root/.dbt']}
[2026-09-10T22:55:58.746+0000] {processor.py:927} WARNING - No viable dags retrieved from /opt/airflow/dags/countries_dag.py
[2026-09-10T22:55:58.849+0000] {processor.py:208} INFO - Processing /opt/airflow/dags/countries_dag.py took 3.626 seconds
[2026-09-10T22:56:29.474+0000] {processor.py:186} INFO - Started process (PID=1336) to work on /opt/airflow/dags/countries_dag.py
[2026-09-10T22:56:29.476+0000] {processor.py:914} INFO - Processing file /opt/airflow/dags/countries_dag.py for tasks to queue
[2026-09-10T22:56:29.480+0000] {logging_mixin.py:190} INFO - [2026-09-10T22:56:29.479+0000] {dagbag.py:588} INFO - Filling up the DagBag from /opt/airflow/dags/countries_dag.py
[2026-09-10T22:56:31.879+0000] {logging_mixin.py:190} INFO - [2026-09-10T22:56:31.865+0000] {dagbag.py:387} ERROR - Failed to import: /opt/airflow/dags/countries_dag.py
Traceback (most recent call last):
  File "/home/airflow/.local/lib/python3.11/site-packages/airflow/models/dagbag.py", line 383, in parse
    loader.exec_module(new_module)
  File "<frozen importlib._bootstrap_external>", line 940, in exec_module
  File "<frozen importlib._bootstrap>", line 241, in _call_with_frames_removed
  File "/opt/airflow/dags/countries_dag.py", line 73, in <module>
    dbt_run = DockerOperator(
              ^^^^^^^^^^^^^^^
  File "/home/airflow/.local/lib/python3.11/site-packages/airflow/models/baseoperator.py", line 508, in apply_defaults
    result = func(self, **kwargs, default_args=default_args)
             ^^^^^^^^^^^^^^^^^^^^^^^^^^^^^^^^^^^^^^^^^^^^^^^
  File "/home/airflow/.local/lib/python3.11/site-packages/airflow/providers/docker/operators/docker.py", line 256, in __init__
    super().__init__(**kwargs)
  File "/home/airflow/.local/lib/python3.11/site-packages/airflow/models/baseoperator.py", line 508, in apply_defaults
    result = func(self, **kwargs, default_args=default_args)
             ^^^^^^^^^^^^^^^^^^^^^^^^^^^^^^^^^^^^^^^^^^^^^^^
  File "/home/airflow/.local/lib/python3.11/site-packages/airflow/models/baseoperator.py", line 959, in __init__
    raise AirflowException(
airflow.exceptions.AirflowException: Invalid arguments were passed to DockerOperator (task_id: dbt_run). Invalid arguments were:
**kwargs: {'volumes': ['../dbt:/usr/app', '../dbt/profiles:/root/.dbt']}
[2026-09-10T22:56:31.883+0000] {processor.py:927} WARNING - No viable dags retrieved from /opt/airflow/dags/countries_dag.py
[2026-09-10T22:56:31.947+0000] {processor.py:208} INFO - Processing /opt/airflow/dags/countries_dag.py took 2.489 seconds
[2026-09-10T22:57:02.369+0000] {processor.py:186} INFO - Started process (PID=1343) to work on /opt/airflow/dags/countries_dag.py
[2026-09-10T22:57:02.373+0000] {processor.py:914} INFO - Processing file /opt/airflow/dags/countries_dag.py for tasks to queue
[2026-09-10T22:57:02.381+0000] {logging_mixin.py:190} INFO - [2026-09-10T22:57:02.380+0000] {dagbag.py:588} INFO - Filling up the DagBag from /opt/airflow/dags/countries_dag.py
[2026-09-10T22:57:04.701+0000] {logging_mixin.py:190} INFO - [2026-09-10T22:57:04.689+0000] {dagbag.py:387} ERROR - Failed to import: /opt/airflow/dags/countries_dag.py
Traceback (most recent call last):
  File "/home/airflow/.local/lib/python3.11/site-packages/airflow/models/dagbag.py", line 383, in parse
    loader.exec_module(new_module)
  File "<frozen importlib._bootstrap_external>", line 940, in exec_module
  File "<frozen importlib._bootstrap>", line 241, in _call_with_frames_removed
  File "/opt/airflow/dags/countries_dag.py", line 73, in <module>
    dbt_run = DockerOperator(
              ^^^^^^^^^^^^^^^
  File "/home/airflow/.local/lib/python3.11/site-packages/airflow/models/baseoperator.py", line 508, in apply_defaults
    result = func(self, **kwargs, default_args=default_args)
             ^^^^^^^^^^^^^^^^^^^^^^^^^^^^^^^^^^^^^^^^^^^^^^^
  File "/home/airflow/.local/lib/python3.11/site-packages/airflow/providers/docker/operators/docker.py", line 256, in __init__
    super().__init__(**kwargs)
  File "/home/airflow/.local/lib/python3.11/site-packages/airflow/models/baseoperator.py", line 508, in apply_defaults
    result = func(self, **kwargs, default_args=default_args)
             ^^^^^^^^^^^^^^^^^^^^^^^^^^^^^^^^^^^^^^^^^^^^^^^
  File "/home/airflow/.local/lib/python3.11/site-packages/airflow/models/baseoperator.py", line 959, in __init__
    raise AirflowException(
airflow.exceptions.AirflowException: Invalid arguments were passed to DockerOperator (task_id: dbt_run). Invalid arguments were:
**kwargs: {'volumes': ['../dbt:/usr/app', '../dbt/profiles:/root/.dbt']}
[2026-09-10T22:57:04.704+0000] {processor.py:927} WARNING - No viable dags retrieved from /opt/airflow/dags/countries_dag.py
[2026-09-10T22:57:04.752+0000] {processor.py:208} INFO - Processing /opt/airflow/dags/countries_dag.py took 2.399 seconds
[2026-09-10T22:57:34.939+0000] {processor.py:186} INFO - Started process (PID=1350) to work on /opt/airflow/dags/countries_dag.py
[2026-09-10T22:57:34.942+0000] {processor.py:914} INFO - Processing file /opt/airflow/dags/countries_dag.py for tasks to queue
[2026-09-10T22:57:34.946+0000] {logging_mixin.py:190} INFO - [2026-09-10T22:57:34.945+0000] {dagbag.py:588} INFO - Filling up the DagBag from /opt/airflow/dags/countries_dag.py
[2026-09-10T22:57:37.706+0000] {logging_mixin.py:190} INFO - [2026-09-10T22:57:37.692+0000] {dagbag.py:387} ERROR - Failed to import: /opt/airflow/dags/countries_dag.py
Traceback (most recent call last):
  File "/home/airflow/.local/lib/python3.11/site-packages/airflow/models/dagbag.py", line 383, in parse
    loader.exec_module(new_module)
  File "<frozen importlib._bootstrap_external>", line 940, in exec_module
  File "<frozen importlib._bootstrap>", line 241, in _call_with_frames_removed
  File "/opt/airflow/dags/countries_dag.py", line 73, in <module>
    dbt_run = DockerOperator(
              ^^^^^^^^^^^^^^^
  File "/home/airflow/.local/lib/python3.11/site-packages/airflow/models/baseoperator.py", line 508, in apply_defaults
    result = func(self, **kwargs, default_args=default_args)
             ^^^^^^^^^^^^^^^^^^^^^^^^^^^^^^^^^^^^^^^^^^^^^^^
  File "/home/airflow/.local/lib/python3.11/site-packages/airflow/providers/docker/operators/docker.py", line 256, in __init__
    super().__init__(**kwargs)
  File "/home/airflow/.local/lib/python3.11/site-packages/airflow/models/baseoperator.py", line 508, in apply_defaults
    result = func(self, **kwargs, default_args=default_args)
             ^^^^^^^^^^^^^^^^^^^^^^^^^^^^^^^^^^^^^^^^^^^^^^^
  File "/home/airflow/.local/lib/python3.11/site-packages/airflow/models/baseoperator.py", line 959, in __init__
    raise AirflowException(
airflow.exceptions.AirflowException: Invalid arguments were passed to DockerOperator (task_id: dbt_run). Invalid arguments were:
**kwargs: {'volumes': ['../dbt:/usr/app', '../dbt/profiles:/root/.dbt']}
[2026-09-10T22:57:37.709+0000] {processor.py:927} WARNING - No viable dags retrieved from /opt/airflow/dags/countries_dag.py
[2026-09-10T22:57:37.754+0000] {processor.py:208} INFO - Processing /opt/airflow/dags/countries_dag.py took 2.831 seconds
[2026-09-10T22:58:08.727+0000] {processor.py:186} INFO - Started process (PID=1357) to work on /opt/airflow/dags/countries_dag.py
[2026-09-10T22:58:08.729+0000] {processor.py:914} INFO - Processing file /opt/airflow/dags/countries_dag.py for tasks to queue
[2026-09-10T22:58:08.731+0000] {logging_mixin.py:190} INFO - [2026-09-10T22:58:08.731+0000] {dagbag.py:588} INFO - Filling up the DagBag from /opt/airflow/dags/countries_dag.py
[2026-09-10T22:58:10.565+0000] {logging_mixin.py:190} INFO - [2026-09-10T22:58:10.556+0000] {dagbag.py:387} ERROR - Failed to import: /opt/airflow/dags/countries_dag.py
Traceback (most recent call last):
  File "/home/airflow/.local/lib/python3.11/site-packages/airflow/models/dagbag.py", line 383, in parse
    loader.exec_module(new_module)
  File "<frozen importlib._bootstrap_external>", line 940, in exec_module
  File "<frozen importlib._bootstrap>", line 241, in _call_with_frames_removed
  File "/opt/airflow/dags/countries_dag.py", line 73, in <module>
    dbt_run = DockerOperator(
              ^^^^^^^^^^^^^^^
  File "/home/airflow/.local/lib/python3.11/site-packages/airflow/models/baseoperator.py", line 508, in apply_defaults
    result = func(self, **kwargs, default_args=default_args)
             ^^^^^^^^^^^^^^^^^^^^^^^^^^^^^^^^^^^^^^^^^^^^^^^
  File "/home/airflow/.local/lib/python3.11/site-packages/airflow/providers/docker/operators/docker.py", line 256, in __init__
    super().__init__(**kwargs)
  File "/home/airflow/.local/lib/python3.11/site-packages/airflow/models/baseoperator.py", line 508, in apply_defaults
    result = func(self, **kwargs, default_args=default_args)
             ^^^^^^^^^^^^^^^^^^^^^^^^^^^^^^^^^^^^^^^^^^^^^^^
  File "/home/airflow/.local/lib/python3.11/site-packages/airflow/models/baseoperator.py", line 959, in __init__
    raise AirflowException(
airflow.exceptions.AirflowException: Invalid arguments were passed to DockerOperator (task_id: dbt_run). Invalid arguments were:
**kwargs: {'volumes': ['../dbt:/usr/app', '../dbt/profiles:/root/.dbt']}
[2026-09-10T22:58:10.567+0000] {processor.py:927} WARNING - No viable dags retrieved from /opt/airflow/dags/countries_dag.py
[2026-09-10T22:58:10.612+0000] {processor.py:208} INFO - Processing /opt/airflow/dags/countries_dag.py took 1.908 seconds
[2026-09-10T22:58:41.014+0000] {processor.py:186} INFO - Started process (PID=1364) to work on /opt/airflow/dags/countries_dag.py
[2026-09-10T22:58:41.016+0000] {processor.py:914} INFO - Processing file /opt/airflow/dags/countries_dag.py for tasks to queue
[2026-09-10T22:58:41.019+0000] {logging_mixin.py:190} INFO - [2026-09-10T22:58:41.019+0000] {dagbag.py:588} INFO - Filling up the DagBag from /opt/airflow/dags/countries_dag.py
[2026-09-10T22:58:42.691+0000] {logging_mixin.py:190} INFO - [2026-09-10T22:58:42.681+0000] {dagbag.py:387} ERROR - Failed to import: /opt/airflow/dags/countries_dag.py
Traceback (most recent call last):
  File "/home/airflow/.local/lib/python3.11/site-packages/airflow/models/dagbag.py", line 383, in parse
    loader.exec_module(new_module)
  File "<frozen importlib._bootstrap_external>", line 940, in exec_module
  File "<frozen importlib._bootstrap>", line 241, in _call_with_frames_removed
  File "/opt/airflow/dags/countries_dag.py", line 73, in <module>
    dbt_run = DockerOperator(
              ^^^^^^^^^^^^^^^
  File "/home/airflow/.local/lib/python3.11/site-packages/airflow/models/baseoperator.py", line 508, in apply_defaults
    result = func(self, **kwargs, default_args=default_args)
             ^^^^^^^^^^^^^^^^^^^^^^^^^^^^^^^^^^^^^^^^^^^^^^^
  File "/home/airflow/.local/lib/python3.11/site-packages/airflow/providers/docker/operators/docker.py", line 256, in __init__
    super().__init__(**kwargs)
  File "/home/airflow/.local/lib/python3.11/site-packages/airflow/models/baseoperator.py", line 508, in apply_defaults
    result = func(self, **kwargs, default_args=default_args)
             ^^^^^^^^^^^^^^^^^^^^^^^^^^^^^^^^^^^^^^^^^^^^^^^
  File "/home/airflow/.local/lib/python3.11/site-packages/airflow/models/baseoperator.py", line 959, in __init__
    raise AirflowException(
airflow.exceptions.AirflowException: Invalid arguments were passed to DockerOperator (task_id: dbt_run). Invalid arguments were:
**kwargs: {'volumes': ['../dbt:/usr/app', '../dbt/profiles:/root/.dbt']}
[2026-09-10T22:58:42.693+0000] {processor.py:927} WARNING - No viable dags retrieved from /opt/airflow/dags/countries_dag.py
[2026-09-10T22:58:42.731+0000] {processor.py:208} INFO - Processing /opt/airflow/dags/countries_dag.py took 1.732 seconds
[2026-09-10T22:59:13.087+0000] {processor.py:186} INFO - Started process (PID=1371) to work on /opt/airflow/dags/countries_dag.py
[2026-09-10T22:59:13.089+0000] {processor.py:914} INFO - Processing file /opt/airflow/dags/countries_dag.py for tasks to queue
[2026-09-10T22:59:13.093+0000] {logging_mixin.py:190} INFO - [2026-09-10T22:59:13.092+0000] {dagbag.py:588} INFO - Filling up the DagBag from /opt/airflow/dags/countries_dag.py
[2026-09-10T22:59:14.963+0000] {logging_mixin.py:190} INFO - [2026-09-10T22:59:14.949+0000] {dagbag.py:387} ERROR - Failed to import: /opt/airflow/dags/countries_dag.py
Traceback (most recent call last):
  File "/home/airflow/.local/lib/python3.11/site-packages/airflow/models/dagbag.py", line 383, in parse
    loader.exec_module(new_module)
  File "<frozen importlib._bootstrap_external>", line 940, in exec_module
  File "<frozen importlib._bootstrap>", line 241, in _call_with_frames_removed
  File "/opt/airflow/dags/countries_dag.py", line 73, in <module>
    dbt_run = DockerOperator(
              ^^^^^^^^^^^^^^^
  File "/home/airflow/.local/lib/python3.11/site-packages/airflow/models/baseoperator.py", line 508, in apply_defaults
    result = func(self, **kwargs, default_args=default_args)
             ^^^^^^^^^^^^^^^^^^^^^^^^^^^^^^^^^^^^^^^^^^^^^^^
  File "/home/airflow/.local/lib/python3.11/site-packages/airflow/providers/docker/operators/docker.py", line 256, in __init__
    super().__init__(**kwargs)
  File "/home/airflow/.local/lib/python3.11/site-packages/airflow/models/baseoperator.py", line 508, in apply_defaults
    result = func(self, **kwargs, default_args=default_args)
             ^^^^^^^^^^^^^^^^^^^^^^^^^^^^^^^^^^^^^^^^^^^^^^^
  File "/home/airflow/.local/lib/python3.11/site-packages/airflow/models/baseoperator.py", line 959, in __init__
    raise AirflowException(
airflow.exceptions.AirflowException: Invalid arguments were passed to DockerOperator (task_id: dbt_run). Invalid arguments were:
**kwargs: {'volumes': ['../dbt:/usr/app', '../dbt/profiles:/root/.dbt']}
[2026-09-10T22:59:14.965+0000] {processor.py:927} WARNING - No viable dags retrieved from /opt/airflow/dags/countries_dag.py
[2026-09-10T22:59:15.009+0000] {processor.py:208} INFO - Processing /opt/airflow/dags/countries_dag.py took 1.934 seconds
[2026-09-10T22:59:45.550+0000] {processor.py:186} INFO - Started process (PID=1378) to work on /opt/airflow/dags/countries_dag.py
[2026-09-10T22:59:45.552+0000] {processor.py:914} INFO - Processing file /opt/airflow/dags/countries_dag.py for tasks to queue
[2026-09-10T22:59:45.557+0000] {logging_mixin.py:190} INFO - [2026-09-10T22:59:45.556+0000] {dagbag.py:588} INFO - Filling up the DagBag from /opt/airflow/dags/countries_dag.py
[2026-09-10T22:59:48.331+0000] {logging_mixin.py:190} INFO - [2026-09-10T22:59:48.271+0000] {dagbag.py:387} ERROR - Failed to import: /opt/airflow/dags/countries_dag.py
Traceback (most recent call last):
  File "/home/airflow/.local/lib/python3.11/site-packages/airflow/models/dagbag.py", line 383, in parse
    loader.exec_module(new_module)
  File "<frozen importlib._bootstrap_external>", line 940, in exec_module
  File "<frozen importlib._bootstrap>", line 241, in _call_with_frames_removed
  File "/opt/airflow/dags/countries_dag.py", line 73, in <module>
    dbt_run = DockerOperator(
              ^^^^^^^^^^^^^^^
  File "/home/airflow/.local/lib/python3.11/site-packages/airflow/models/baseoperator.py", line 508, in apply_defaults
    result = func(self, **kwargs, default_args=default_args)
             ^^^^^^^^^^^^^^^^^^^^^^^^^^^^^^^^^^^^^^^^^^^^^^^
  File "/home/airflow/.local/lib/python3.11/site-packages/airflow/providers/docker/operators/docker.py", line 256, in __init__
    super().__init__(**kwargs)
  File "/home/airflow/.local/lib/python3.11/site-packages/airflow/models/baseoperator.py", line 508, in apply_defaults
    result = func(self, **kwargs, default_args=default_args)
             ^^^^^^^^^^^^^^^^^^^^^^^^^^^^^^^^^^^^^^^^^^^^^^^
  File "/home/airflow/.local/lib/python3.11/site-packages/airflow/models/baseoperator.py", line 959, in __init__
    raise AirflowException(
airflow.exceptions.AirflowException: Invalid arguments were passed to DockerOperator (task_id: dbt_run). Invalid arguments were:
**kwargs: {'volumes': ['../dbt:/usr/app', '../dbt/profiles:/root/.dbt']}
[2026-09-10T22:59:48.334+0000] {processor.py:927} WARNING - No viable dags retrieved from /opt/airflow/dags/countries_dag.py
[2026-09-10T22:59:48.599+0000] {processor.py:208} INFO - Processing /opt/airflow/dags/countries_dag.py took 3.063 seconds
[2026-09-10T23:00:19.167+0000] {processor.py:186} INFO - Started process (PID=1385) to work on /opt/airflow/dags/countries_dag.py
[2026-09-10T23:00:19.176+0000] {processor.py:914} INFO - Processing file /opt/airflow/dags/countries_dag.py for tasks to queue
[2026-09-10T23:00:19.183+0000] {logging_mixin.py:190} INFO - [2026-09-10T23:00:19.183+0000] {dagbag.py:588} INFO - Filling up the DagBag from /opt/airflow/dags/countries_dag.py
[2026-09-10T23:00:21.304+0000] {logging_mixin.py:190} INFO - [2026-09-10T23:00:21.292+0000] {dagbag.py:387} ERROR - Failed to import: /opt/airflow/dags/countries_dag.py
Traceback (most recent call last):
  File "/home/airflow/.local/lib/python3.11/site-packages/airflow/models/dagbag.py", line 383, in parse
    loader.exec_module(new_module)
  File "<frozen importlib._bootstrap_external>", line 940, in exec_module
  File "<frozen importlib._bootstrap>", line 241, in _call_with_frames_removed
  File "/opt/airflow/dags/countries_dag.py", line 73, in <module>
    dbt_run = DockerOperator(
              ^^^^^^^^^^^^^^^
  File "/home/airflow/.local/lib/python3.11/site-packages/airflow/models/baseoperator.py", line 508, in apply_defaults
    result = func(self, **kwargs, default_args=default_args)
             ^^^^^^^^^^^^^^^^^^^^^^^^^^^^^^^^^^^^^^^^^^^^^^^
  File "/home/airflow/.local/lib/python3.11/site-packages/airflow/providers/docker/operators/docker.py", line 256, in __init__
    super().__init__(**kwargs)
  File "/home/airflow/.local/lib/python3.11/site-packages/airflow/models/baseoperator.py", line 508, in apply_defaults
    result = func(self, **kwargs, default_args=default_args)
             ^^^^^^^^^^^^^^^^^^^^^^^^^^^^^^^^^^^^^^^^^^^^^^^
  File "/home/airflow/.local/lib/python3.11/site-packages/airflow/models/baseoperator.py", line 959, in __init__
    raise AirflowException(
airflow.exceptions.AirflowException: Invalid arguments were passed to DockerOperator (task_id: dbt_run). Invalid arguments were:
**kwargs: {'volumes': ['../dbt:/usr/app', '../dbt/profiles:/root/.dbt']}
[2026-09-10T23:00:21.308+0000] {processor.py:927} WARNING - No viable dags retrieved from /opt/airflow/dags/countries_dag.py
[2026-09-10T23:00:21.348+0000] {processor.py:208} INFO - Processing /opt/airflow/dags/countries_dag.py took 2.216 seconds
[2026-09-10T23:00:51.581+0000] {processor.py:186} INFO - Started process (PID=1392) to work on /opt/airflow/dags/countries_dag.py
[2026-09-10T23:00:51.586+0000] {processor.py:914} INFO - Processing file /opt/airflow/dags/countries_dag.py for tasks to queue
[2026-09-10T23:00:51.590+0000] {logging_mixin.py:190} INFO - [2026-09-10T23:00:51.589+0000] {dagbag.py:588} INFO - Filling up the DagBag from /opt/airflow/dags/countries_dag.py
[2026-09-10T23:00:53.603+0000] {logging_mixin.py:190} INFO - [2026-09-10T23:00:53.588+0000] {dagbag.py:387} ERROR - Failed to import: /opt/airflow/dags/countries_dag.py
Traceback (most recent call last):
  File "/home/airflow/.local/lib/python3.11/site-packages/airflow/models/dagbag.py", line 383, in parse
    loader.exec_module(new_module)
  File "<frozen importlib._bootstrap_external>", line 940, in exec_module
  File "<frozen importlib._bootstrap>", line 241, in _call_with_frames_removed
  File "/opt/airflow/dags/countries_dag.py", line 73, in <module>
    dbt_run = DockerOperator(
              ^^^^^^^^^^^^^^^
  File "/home/airflow/.local/lib/python3.11/site-packages/airflow/models/baseoperator.py", line 508, in apply_defaults
    result = func(self, **kwargs, default_args=default_args)
             ^^^^^^^^^^^^^^^^^^^^^^^^^^^^^^^^^^^^^^^^^^^^^^^
  File "/home/airflow/.local/lib/python3.11/site-packages/airflow/providers/docker/operators/docker.py", line 256, in __init__
    super().__init__(**kwargs)
  File "/home/airflow/.local/lib/python3.11/site-packages/airflow/models/baseoperator.py", line 508, in apply_defaults
    result = func(self, **kwargs, default_args=default_args)
             ^^^^^^^^^^^^^^^^^^^^^^^^^^^^^^^^^^^^^^^^^^^^^^^
  File "/home/airflow/.local/lib/python3.11/site-packages/airflow/models/baseoperator.py", line 959, in __init__
    raise AirflowException(
airflow.exceptions.AirflowException: Invalid arguments were passed to DockerOperator (task_id: dbt_run). Invalid arguments were:
**kwargs: {'volumes': ['../dbt:/usr/app', '../dbt/profiles:/root/.dbt']}
[2026-09-10T23:00:53.606+0000] {processor.py:927} WARNING - No viable dags retrieved from /opt/airflow/dags/countries_dag.py
[2026-09-10T23:00:53.641+0000] {processor.py:208} INFO - Processing /opt/airflow/dags/countries_dag.py took 2.076 seconds
[2026-09-10T23:01:23.996+0000] {processor.py:186} INFO - Started process (PID=1399) to work on /opt/airflow/dags/countries_dag.py
[2026-09-10T23:01:24.002+0000] {processor.py:914} INFO - Processing file /opt/airflow/dags/countries_dag.py for tasks to queue
[2026-09-10T23:01:24.012+0000] {logging_mixin.py:190} INFO - [2026-09-10T23:01:24.011+0000] {dagbag.py:588} INFO - Filling up the DagBag from /opt/airflow/dags/countries_dag.py
[2026-09-10T23:01:26.684+0000] {logging_mixin.py:190} INFO - [2026-09-10T23:01:26.675+0000] {dagbag.py:387} ERROR - Failed to import: /opt/airflow/dags/countries_dag.py
Traceback (most recent call last):
  File "/home/airflow/.local/lib/python3.11/site-packages/airflow/models/dagbag.py", line 383, in parse
    loader.exec_module(new_module)
  File "<frozen importlib._bootstrap_external>", line 940, in exec_module
  File "<frozen importlib._bootstrap>", line 241, in _call_with_frames_removed
  File "/opt/airflow/dags/countries_dag.py", line 73, in <module>
    dbt_run = DockerOperator(
              ^^^^^^^^^^^^^^^
  File "/home/airflow/.local/lib/python3.11/site-packages/airflow/models/baseoperator.py", line 508, in apply_defaults
    result = func(self, **kwargs, default_args=default_args)
             ^^^^^^^^^^^^^^^^^^^^^^^^^^^^^^^^^^^^^^^^^^^^^^^
  File "/home/airflow/.local/lib/python3.11/site-packages/airflow/providers/docker/operators/docker.py", line 256, in __init__
    super().__init__(**kwargs)
  File "/home/airflow/.local/lib/python3.11/site-packages/airflow/models/baseoperator.py", line 508, in apply_defaults
    result = func(self, **kwargs, default_args=default_args)
             ^^^^^^^^^^^^^^^^^^^^^^^^^^^^^^^^^^^^^^^^^^^^^^^
  File "/home/airflow/.local/lib/python3.11/site-packages/airflow/models/baseoperator.py", line 959, in __init__
    raise AirflowException(
airflow.exceptions.AirflowException: Invalid arguments were passed to DockerOperator (task_id: dbt_run). Invalid arguments were:
**kwargs: {'volumes': ['../dbt:/usr/app', '../dbt/profiles:/root/.dbt']}
[2026-09-10T23:01:26.685+0000] {processor.py:927} WARNING - No viable dags retrieved from /opt/airflow/dags/countries_dag.py
[2026-09-10T23:01:26.718+0000] {processor.py:208} INFO - Processing /opt/airflow/dags/countries_dag.py took 2.757 seconds
[2026-09-10T23:01:57.176+0000] {processor.py:186} INFO - Started process (PID=1406) to work on /opt/airflow/dags/countries_dag.py
[2026-09-10T23:01:57.181+0000] {processor.py:914} INFO - Processing file /opt/airflow/dags/countries_dag.py for tasks to queue
[2026-09-10T23:01:57.187+0000] {logging_mixin.py:190} INFO - [2026-09-10T23:01:57.186+0000] {dagbag.py:588} INFO - Filling up the DagBag from /opt/airflow/dags/countries_dag.py
[2026-09-10T23:02:01.092+0000] {logging_mixin.py:190} INFO - [2026-09-10T23:02:01.071+0000] {dagbag.py:387} ERROR - Failed to import: /opt/airflow/dags/countries_dag.py
Traceback (most recent call last):
  File "/home/airflow/.local/lib/python3.11/site-packages/airflow/models/dagbag.py", line 383, in parse
    loader.exec_module(new_module)
  File "<frozen importlib._bootstrap_external>", line 940, in exec_module
  File "<frozen importlib._bootstrap>", line 241, in _call_with_frames_removed
  File "/opt/airflow/dags/countries_dag.py", line 73, in <module>
    dbt_run = DockerOperator(
              ^^^^^^^^^^^^^^^
  File "/home/airflow/.local/lib/python3.11/site-packages/airflow/models/baseoperator.py", line 508, in apply_defaults
    result = func(self, **kwargs, default_args=default_args)
             ^^^^^^^^^^^^^^^^^^^^^^^^^^^^^^^^^^^^^^^^^^^^^^^
  File "/home/airflow/.local/lib/python3.11/site-packages/airflow/providers/docker/operators/docker.py", line 256, in __init__
    super().__init__(**kwargs)
  File "/home/airflow/.local/lib/python3.11/site-packages/airflow/models/baseoperator.py", line 508, in apply_defaults
    result = func(self, **kwargs, default_args=default_args)
             ^^^^^^^^^^^^^^^^^^^^^^^^^^^^^^^^^^^^^^^^^^^^^^^
  File "/home/airflow/.local/lib/python3.11/site-packages/airflow/models/baseoperator.py", line 959, in __init__
    raise AirflowException(
airflow.exceptions.AirflowException: Invalid arguments were passed to DockerOperator (task_id: dbt_run). Invalid arguments were:
**kwargs: {'volumes': ['../dbt:/usr/app', '../dbt/profiles:/root/.dbt']}
[2026-09-10T23:02:01.094+0000] {processor.py:927} WARNING - No viable dags retrieved from /opt/airflow/dags/countries_dag.py
[2026-09-10T23:02:01.148+0000] {processor.py:208} INFO - Processing /opt/airflow/dags/countries_dag.py took 3.988 seconds
[2026-09-10T23:02:31.601+0000] {processor.py:186} INFO - Started process (PID=1413) to work on /opt/airflow/dags/countries_dag.py
[2026-09-10T23:02:31.603+0000] {processor.py:914} INFO - Processing file /opt/airflow/dags/countries_dag.py for tasks to queue
[2026-09-10T23:02:31.608+0000] {logging_mixin.py:190} INFO - [2026-09-10T23:02:31.607+0000] {dagbag.py:588} INFO - Filling up the DagBag from /opt/airflow/dags/countries_dag.py
[2026-09-10T23:02:33.699+0000] {logging_mixin.py:190} INFO - [2026-09-10T23:02:33.689+0000] {dagbag.py:387} ERROR - Failed to import: /opt/airflow/dags/countries_dag.py
Traceback (most recent call last):
  File "/home/airflow/.local/lib/python3.11/site-packages/airflow/models/dagbag.py", line 383, in parse
    loader.exec_module(new_module)
  File "<frozen importlib._bootstrap_external>", line 940, in exec_module
  File "<frozen importlib._bootstrap>", line 241, in _call_with_frames_removed
  File "/opt/airflow/dags/countries_dag.py", line 73, in <module>
    dbt_run = DockerOperator(
              ^^^^^^^^^^^^^^^
  File "/home/airflow/.local/lib/python3.11/site-packages/airflow/models/baseoperator.py", line 508, in apply_defaults
    result = func(self, **kwargs, default_args=default_args)
             ^^^^^^^^^^^^^^^^^^^^^^^^^^^^^^^^^^^^^^^^^^^^^^^
  File "/home/airflow/.local/lib/python3.11/site-packages/airflow/providers/docker/operators/docker.py", line 256, in __init__
    super().__init__(**kwargs)
  File "/home/airflow/.local/lib/python3.11/site-packages/airflow/models/baseoperator.py", line 508, in apply_defaults
    result = func(self, **kwargs, default_args=default_args)
             ^^^^^^^^^^^^^^^^^^^^^^^^^^^^^^^^^^^^^^^^^^^^^^^
  File "/home/airflow/.local/lib/python3.11/site-packages/airflow/models/baseoperator.py", line 959, in __init__
    raise AirflowException(
airflow.exceptions.AirflowException: Invalid arguments were passed to DockerOperator (task_id: dbt_run). Invalid arguments were:
**kwargs: {'volumes': ['../dbt:/usr/app', '../dbt/profiles:/root/.dbt']}
[2026-09-10T23:02:33.701+0000] {processor.py:927} WARNING - No viable dags retrieved from /opt/airflow/dags/countries_dag.py
[2026-09-10T23:02:33.729+0000] {processor.py:208} INFO - Processing /opt/airflow/dags/countries_dag.py took 2.139 seconds
[2026-09-10T23:03:03.955+0000] {processor.py:186} INFO - Started process (PID=1420) to work on /opt/airflow/dags/countries_dag.py
[2026-09-10T23:03:03.957+0000] {processor.py:914} INFO - Processing file /opt/airflow/dags/countries_dag.py for tasks to queue
[2026-09-10T23:03:03.968+0000] {logging_mixin.py:190} INFO - [2026-09-10T23:03:03.960+0000] {dagbag.py:588} INFO - Filling up the DagBag from /opt/airflow/dags/countries_dag.py
[2026-09-10T23:03:06.418+0000] {logging_mixin.py:190} INFO - [2026-09-10T23:03:06.398+0000] {dagbag.py:387} ERROR - Failed to import: /opt/airflow/dags/countries_dag.py
Traceback (most recent call last):
  File "/home/airflow/.local/lib/python3.11/site-packages/airflow/models/dagbag.py", line 383, in parse
    loader.exec_module(new_module)
  File "<frozen importlib._bootstrap_external>", line 940, in exec_module
  File "<frozen importlib._bootstrap>", line 241, in _call_with_frames_removed
  File "/opt/airflow/dags/countries_dag.py", line 73, in <module>
    dbt_run = DockerOperator(
              ^^^^^^^^^^^^^^^
  File "/home/airflow/.local/lib/python3.11/site-packages/airflow/models/baseoperator.py", line 508, in apply_defaults
    result = func(self, **kwargs, default_args=default_args)
             ^^^^^^^^^^^^^^^^^^^^^^^^^^^^^^^^^^^^^^^^^^^^^^^
  File "/home/airflow/.local/lib/python3.11/site-packages/airflow/providers/docker/operators/docker.py", line 256, in __init__
    super().__init__(**kwargs)
  File "/home/airflow/.local/lib/python3.11/site-packages/airflow/models/baseoperator.py", line 508, in apply_defaults
    result = func(self, **kwargs, default_args=default_args)
             ^^^^^^^^^^^^^^^^^^^^^^^^^^^^^^^^^^^^^^^^^^^^^^^
  File "/home/airflow/.local/lib/python3.11/site-packages/airflow/models/baseoperator.py", line 959, in __init__
    raise AirflowException(
airflow.exceptions.AirflowException: Invalid arguments were passed to DockerOperator (task_id: dbt_run). Invalid arguments were:
**kwargs: {'volumes': ['../dbt:/usr/app', '../dbt/profiles:/root/.dbt']}
[2026-09-10T23:03:06.420+0000] {processor.py:927} WARNING - No viable dags retrieved from /opt/airflow/dags/countries_dag.py
[2026-09-10T23:03:06.469+0000] {processor.py:208} INFO - Processing /opt/airflow/dags/countries_dag.py took 2.528 seconds
[2026-09-10T23:03:36.853+0000] {processor.py:186} INFO - Started process (PID=1427) to work on /opt/airflow/dags/countries_dag.py
[2026-09-10T23:03:36.854+0000] {processor.py:914} INFO - Processing file /opt/airflow/dags/countries_dag.py for tasks to queue
[2026-09-10T23:03:36.857+0000] {logging_mixin.py:190} INFO - [2026-09-10T23:03:36.856+0000] {dagbag.py:588} INFO - Filling up the DagBag from /opt/airflow/dags/countries_dag.py
[2026-09-10T23:03:38.967+0000] {logging_mixin.py:190} INFO - [2026-09-10T23:03:38.950+0000] {dagbag.py:387} ERROR - Failed to import: /opt/airflow/dags/countries_dag.py
Traceback (most recent call last):
  File "/home/airflow/.local/lib/python3.11/site-packages/airflow/models/dagbag.py", line 383, in parse
    loader.exec_module(new_module)
  File "<frozen importlib._bootstrap_external>", line 940, in exec_module
  File "<frozen importlib._bootstrap>", line 241, in _call_with_frames_removed
  File "/opt/airflow/dags/countries_dag.py", line 73, in <module>
    dbt_run = DockerOperator(
              ^^^^^^^^^^^^^^^
  File "/home/airflow/.local/lib/python3.11/site-packages/airflow/models/baseoperator.py", line 508, in apply_defaults
    result = func(self, **kwargs, default_args=default_args)
             ^^^^^^^^^^^^^^^^^^^^^^^^^^^^^^^^^^^^^^^^^^^^^^^
  File "/home/airflow/.local/lib/python3.11/site-packages/airflow/providers/docker/operators/docker.py", line 256, in __init__
    super().__init__(**kwargs)
  File "/home/airflow/.local/lib/python3.11/site-packages/airflow/models/baseoperator.py", line 508, in apply_defaults
    result = func(self, **kwargs, default_args=default_args)
             ^^^^^^^^^^^^^^^^^^^^^^^^^^^^^^^^^^^^^^^^^^^^^^^
  File "/home/airflow/.local/lib/python3.11/site-packages/airflow/models/baseoperator.py", line 959, in __init__
    raise AirflowException(
airflow.exceptions.AirflowException: Invalid arguments were passed to DockerOperator (task_id: dbt_run). Invalid arguments were:
**kwargs: {'volumes': ['../dbt:/usr/app', '../dbt/profiles:/root/.dbt']}
[2026-09-10T23:03:38.971+0000] {processor.py:927} WARNING - No viable dags retrieved from /opt/airflow/dags/countries_dag.py
[2026-09-10T23:03:39.025+0000] {processor.py:208} INFO - Processing /opt/airflow/dags/countries_dag.py took 2.186 seconds
[2026-09-10T23:04:09.199+0000] {processor.py:186} INFO - Started process (PID=1434) to work on /opt/airflow/dags/countries_dag.py
[2026-09-10T23:04:09.200+0000] {processor.py:914} INFO - Processing file /opt/airflow/dags/countries_dag.py for tasks to queue
[2026-09-10T23:04:09.203+0000] {logging_mixin.py:190} INFO - [2026-09-10T23:04:09.202+0000] {dagbag.py:588} INFO - Filling up the DagBag from /opt/airflow/dags/countries_dag.py
[2026-09-10T23:04:10.801+0000] {logging_mixin.py:190} INFO - [2026-09-10T23:04:10.790+0000] {dagbag.py:387} ERROR - Failed to import: /opt/airflow/dags/countries_dag.py
Traceback (most recent call last):
  File "/home/airflow/.local/lib/python3.11/site-packages/airflow/models/dagbag.py", line 383, in parse
    loader.exec_module(new_module)
  File "<frozen importlib._bootstrap_external>", line 940, in exec_module
  File "<frozen importlib._bootstrap>", line 241, in _call_with_frames_removed
  File "/opt/airflow/dags/countries_dag.py", line 73, in <module>
    dbt_run = DockerOperator(
              ^^^^^^^^^^^^^^^
  File "/home/airflow/.local/lib/python3.11/site-packages/airflow/models/baseoperator.py", line 508, in apply_defaults
    result = func(self, **kwargs, default_args=default_args)
             ^^^^^^^^^^^^^^^^^^^^^^^^^^^^^^^^^^^^^^^^^^^^^^^
  File "/home/airflow/.local/lib/python3.11/site-packages/airflow/providers/docker/operators/docker.py", line 256, in __init__
    super().__init__(**kwargs)
  File "/home/airflow/.local/lib/python3.11/site-packages/airflow/models/baseoperator.py", line 508, in apply_defaults
    result = func(self, **kwargs, default_args=default_args)
             ^^^^^^^^^^^^^^^^^^^^^^^^^^^^^^^^^^^^^^^^^^^^^^^
  File "/home/airflow/.local/lib/python3.11/site-packages/airflow/models/baseoperator.py", line 959, in __init__
    raise AirflowException(
airflow.exceptions.AirflowException: Invalid arguments were passed to DockerOperator (task_id: dbt_run). Invalid arguments were:
**kwargs: {'volumes': ['../dbt:/usr/app', '../dbt/profiles:/root/.dbt']}
[2026-09-10T23:04:10.802+0000] {processor.py:927} WARNING - No viable dags retrieved from /opt/airflow/dags/countries_dag.py
[2026-09-10T23:04:10.846+0000] {processor.py:208} INFO - Processing /opt/airflow/dags/countries_dag.py took 1.658 seconds
[2026-09-10T23:04:41.387+0000] {processor.py:186} INFO - Started process (PID=1441) to work on /opt/airflow/dags/countries_dag.py
[2026-09-10T23:04:41.389+0000] {processor.py:914} INFO - Processing file /opt/airflow/dags/countries_dag.py for tasks to queue
[2026-09-10T23:04:41.392+0000] {logging_mixin.py:190} INFO - [2026-09-10T23:04:41.392+0000] {dagbag.py:588} INFO - Filling up the DagBag from /opt/airflow/dags/countries_dag.py
[2026-09-10T23:04:43.792+0000] {logging_mixin.py:190} INFO - [2026-09-10T23:04:43.775+0000] {dagbag.py:387} ERROR - Failed to import: /opt/airflow/dags/countries_dag.py
Traceback (most recent call last):
  File "/home/airflow/.local/lib/python3.11/site-packages/airflow/models/dagbag.py", line 383, in parse
    loader.exec_module(new_module)
  File "<frozen importlib._bootstrap_external>", line 940, in exec_module
  File "<frozen importlib._bootstrap>", line 241, in _call_with_frames_removed
  File "/opt/airflow/dags/countries_dag.py", line 73, in <module>
    dbt_run = DockerOperator(
              ^^^^^^^^^^^^^^^
  File "/home/airflow/.local/lib/python3.11/site-packages/airflow/models/baseoperator.py", line 508, in apply_defaults
    result = func(self, **kwargs, default_args=default_args)
             ^^^^^^^^^^^^^^^^^^^^^^^^^^^^^^^^^^^^^^^^^^^^^^^
  File "/home/airflow/.local/lib/python3.11/site-packages/airflow/providers/docker/operators/docker.py", line 256, in __init__
    super().__init__(**kwargs)
  File "/home/airflow/.local/lib/python3.11/site-packages/airflow/models/baseoperator.py", line 508, in apply_defaults
    result = func(self, **kwargs, default_args=default_args)
             ^^^^^^^^^^^^^^^^^^^^^^^^^^^^^^^^^^^^^^^^^^^^^^^
  File "/home/airflow/.local/lib/python3.11/site-packages/airflow/models/baseoperator.py", line 959, in __init__
    raise AirflowException(
airflow.exceptions.AirflowException: Invalid arguments were passed to DockerOperator (task_id: dbt_run). Invalid arguments were:
**kwargs: {'volumes': ['../dbt:/usr/app', '../dbt/profiles:/root/.dbt']}
[2026-09-10T23:04:43.794+0000] {processor.py:927} WARNING - No viable dags retrieved from /opt/airflow/dags/countries_dag.py
[2026-09-10T23:04:43.846+0000] {processor.py:208} INFO - Processing /opt/airflow/dags/countries_dag.py took 2.473 seconds
[2026-09-10T23:05:14.697+0000] {processor.py:186} INFO - Started process (PID=1448) to work on /opt/airflow/dags/countries_dag.py
[2026-09-10T23:05:14.703+0000] {processor.py:914} INFO - Processing file /opt/airflow/dags/countries_dag.py for tasks to queue
[2026-09-10T23:05:14.708+0000] {logging_mixin.py:190} INFO - [2026-09-10T23:05:14.707+0000] {dagbag.py:588} INFO - Filling up the DagBag from /opt/airflow/dags/countries_dag.py
[2026-09-10T23:05:16.624+0000] {logging_mixin.py:190} INFO - [2026-09-10T23:05:16.607+0000] {dagbag.py:387} ERROR - Failed to import: /opt/airflow/dags/countries_dag.py
Traceback (most recent call last):
  File "/home/airflow/.local/lib/python3.11/site-packages/airflow/models/dagbag.py", line 383, in parse
    loader.exec_module(new_module)
  File "<frozen importlib._bootstrap_external>", line 940, in exec_module
  File "<frozen importlib._bootstrap>", line 241, in _call_with_frames_removed
  File "/opt/airflow/dags/countries_dag.py", line 73, in <module>
    dbt_run = DockerOperator(
              ^^^^^^^^^^^^^^^
  File "/home/airflow/.local/lib/python3.11/site-packages/airflow/models/baseoperator.py", line 508, in apply_defaults
    result = func(self, **kwargs, default_args=default_args)
             ^^^^^^^^^^^^^^^^^^^^^^^^^^^^^^^^^^^^^^^^^^^^^^^
  File "/home/airflow/.local/lib/python3.11/site-packages/airflow/providers/docker/operators/docker.py", line 256, in __init__
    super().__init__(**kwargs)
  File "/home/airflow/.local/lib/python3.11/site-packages/airflow/models/baseoperator.py", line 508, in apply_defaults
    result = func(self, **kwargs, default_args=default_args)
             ^^^^^^^^^^^^^^^^^^^^^^^^^^^^^^^^^^^^^^^^^^^^^^^
  File "/home/airflow/.local/lib/python3.11/site-packages/airflow/models/baseoperator.py", line 959, in __init__
    raise AirflowException(
airflow.exceptions.AirflowException: Invalid arguments were passed to DockerOperator (task_id: dbt_run). Invalid arguments were:
**kwargs: {'volumes': ['../dbt:/usr/app', '../dbt/profiles:/root/.dbt']}
[2026-09-10T23:05:16.626+0000] {processor.py:927} WARNING - No viable dags retrieved from /opt/airflow/dags/countries_dag.py
[2026-09-10T23:05:16.678+0000] {processor.py:208} INFO - Processing /opt/airflow/dags/countries_dag.py took 2.016 seconds
[2026-09-10T23:05:46.994+0000] {processor.py:186} INFO - Started process (PID=1455) to work on /opt/airflow/dags/countries_dag.py
[2026-09-10T23:05:46.995+0000] {processor.py:914} INFO - Processing file /opt/airflow/dags/countries_dag.py for tasks to queue
[2026-09-10T23:05:46.997+0000] {logging_mixin.py:190} INFO - [2026-09-10T23:05:46.997+0000] {dagbag.py:588} INFO - Filling up the DagBag from /opt/airflow/dags/countries_dag.py
[2026-09-10T23:05:49.027+0000] {logging_mixin.py:190} INFO - [2026-09-10T23:05:49.004+0000] {dagbag.py:387} ERROR - Failed to import: /opt/airflow/dags/countries_dag.py
Traceback (most recent call last):
  File "/home/airflow/.local/lib/python3.11/site-packages/airflow/models/dagbag.py", line 383, in parse
    loader.exec_module(new_module)
  File "<frozen importlib._bootstrap_external>", line 940, in exec_module
  File "<frozen importlib._bootstrap>", line 241, in _call_with_frames_removed
  File "/opt/airflow/dags/countries_dag.py", line 73, in <module>
    dbt_run = DockerOperator(
              ^^^^^^^^^^^^^^^
  File "/home/airflow/.local/lib/python3.11/site-packages/airflow/models/baseoperator.py", line 508, in apply_defaults
    result = func(self, **kwargs, default_args=default_args)
             ^^^^^^^^^^^^^^^^^^^^^^^^^^^^^^^^^^^^^^^^^^^^^^^
  File "/home/airflow/.local/lib/python3.11/site-packages/airflow/providers/docker/operators/docker.py", line 256, in __init__
    super().__init__(**kwargs)
  File "/home/airflow/.local/lib/python3.11/site-packages/airflow/models/baseoperator.py", line 508, in apply_defaults
    result = func(self, **kwargs, default_args=default_args)
             ^^^^^^^^^^^^^^^^^^^^^^^^^^^^^^^^^^^^^^^^^^^^^^^
  File "/home/airflow/.local/lib/python3.11/site-packages/airflow/models/baseoperator.py", line 959, in __init__
    raise AirflowException(
airflow.exceptions.AirflowException: Invalid arguments were passed to DockerOperator (task_id: dbt_run). Invalid arguments were:
**kwargs: {'volumes': ['../dbt:/usr/app', '../dbt/profiles:/root/.dbt']}
[2026-09-10T23:05:49.029+0000] {processor.py:927} WARNING - No viable dags retrieved from /opt/airflow/dags/countries_dag.py
[2026-09-10T23:05:49.086+0000] {processor.py:208} INFO - Processing /opt/airflow/dags/countries_dag.py took 2.101 seconds
[2026-09-10T23:06:19.511+0000] {processor.py:186} INFO - Started process (PID=1462) to work on /opt/airflow/dags/countries_dag.py
[2026-09-10T23:06:19.514+0000] {processor.py:914} INFO - Processing file /opt/airflow/dags/countries_dag.py for tasks to queue
[2026-09-10T23:06:19.518+0000] {logging_mixin.py:190} INFO - [2026-09-10T23:06:19.517+0000] {dagbag.py:588} INFO - Filling up the DagBag from /opt/airflow/dags/countries_dag.py
[2026-09-10T23:06:21.690+0000] {logging_mixin.py:190} INFO - [2026-09-10T23:06:21.680+0000] {dagbag.py:387} ERROR - Failed to import: /opt/airflow/dags/countries_dag.py
Traceback (most recent call last):
  File "/home/airflow/.local/lib/python3.11/site-packages/airflow/models/dagbag.py", line 383, in parse
    loader.exec_module(new_module)
  File "<frozen importlib._bootstrap_external>", line 940, in exec_module
  File "<frozen importlib._bootstrap>", line 241, in _call_with_frames_removed
  File "/opt/airflow/dags/countries_dag.py", line 73, in <module>
    dbt_run = DockerOperator(
              ^^^^^^^^^^^^^^^
  File "/home/airflow/.local/lib/python3.11/site-packages/airflow/models/baseoperator.py", line 508, in apply_defaults
    result = func(self, **kwargs, default_args=default_args)
             ^^^^^^^^^^^^^^^^^^^^^^^^^^^^^^^^^^^^^^^^^^^^^^^
  File "/home/airflow/.local/lib/python3.11/site-packages/airflow/providers/docker/operators/docker.py", line 256, in __init__
    super().__init__(**kwargs)
  File "/home/airflow/.local/lib/python3.11/site-packages/airflow/models/baseoperator.py", line 508, in apply_defaults
    result = func(self, **kwargs, default_args=default_args)
             ^^^^^^^^^^^^^^^^^^^^^^^^^^^^^^^^^^^^^^^^^^^^^^^
  File "/home/airflow/.local/lib/python3.11/site-packages/airflow/models/baseoperator.py", line 959, in __init__
    raise AirflowException(
airflow.exceptions.AirflowException: Invalid arguments were passed to DockerOperator (task_id: dbt_run). Invalid arguments were:
**kwargs: {'volumes': ['../dbt:/usr/app', '../dbt/profiles:/root/.dbt']}
[2026-09-10T23:06:21.692+0000] {processor.py:927} WARNING - No viable dags retrieved from /opt/airflow/dags/countries_dag.py
[2026-09-10T23:06:21.738+0000] {processor.py:208} INFO - Processing /opt/airflow/dags/countries_dag.py took 2.242 seconds
[2026-09-10T23:06:52.061+0000] {processor.py:186} INFO - Started process (PID=1469) to work on /opt/airflow/dags/countries_dag.py
[2026-09-10T23:06:52.064+0000] {processor.py:914} INFO - Processing file /opt/airflow/dags/countries_dag.py for tasks to queue
[2026-09-10T23:06:52.068+0000] {logging_mixin.py:190} INFO - [2026-09-10T23:06:52.067+0000] {dagbag.py:588} INFO - Filling up the DagBag from /opt/airflow/dags/countries_dag.py
[2026-09-10T23:06:54.476+0000] {logging_mixin.py:190} INFO - [2026-09-10T23:06:54.462+0000] {dagbag.py:387} ERROR - Failed to import: /opt/airflow/dags/countries_dag.py
Traceback (most recent call last):
  File "/home/airflow/.local/lib/python3.11/site-packages/airflow/models/dagbag.py", line 383, in parse
    loader.exec_module(new_module)
  File "<frozen importlib._bootstrap_external>", line 940, in exec_module
  File "<frozen importlib._bootstrap>", line 241, in _call_with_frames_removed
  File "/opt/airflow/dags/countries_dag.py", line 73, in <module>
    dbt_run = DockerOperator(
              ^^^^^^^^^^^^^^^
  File "/home/airflow/.local/lib/python3.11/site-packages/airflow/models/baseoperator.py", line 508, in apply_defaults
    result = func(self, **kwargs, default_args=default_args)
             ^^^^^^^^^^^^^^^^^^^^^^^^^^^^^^^^^^^^^^^^^^^^^^^
  File "/home/airflow/.local/lib/python3.11/site-packages/airflow/providers/docker/operators/docker.py", line 256, in __init__
    super().__init__(**kwargs)
  File "/home/airflow/.local/lib/python3.11/site-packages/airflow/models/baseoperator.py", line 508, in apply_defaults
    result = func(self, **kwargs, default_args=default_args)
             ^^^^^^^^^^^^^^^^^^^^^^^^^^^^^^^^^^^^^^^^^^^^^^^
  File "/home/airflow/.local/lib/python3.11/site-packages/airflow/models/baseoperator.py", line 959, in __init__
    raise AirflowException(
airflow.exceptions.AirflowException: Invalid arguments were passed to DockerOperator (task_id: dbt_run). Invalid arguments were:
**kwargs: {'volumes': ['../dbt:/usr/app', '../dbt/profiles:/root/.dbt']}
[2026-09-10T23:06:54.477+0000] {processor.py:927} WARNING - No viable dags retrieved from /opt/airflow/dags/countries_dag.py
[2026-09-10T23:06:54.520+0000] {processor.py:208} INFO - Processing /opt/airflow/dags/countries_dag.py took 2.481 seconds
[2026-09-10T23:07:25.025+0000] {processor.py:186} INFO - Started process (PID=1476) to work on /opt/airflow/dags/countries_dag.py
[2026-09-10T23:07:25.027+0000] {processor.py:914} INFO - Processing file /opt/airflow/dags/countries_dag.py for tasks to queue
[2026-09-10T23:07:25.029+0000] {logging_mixin.py:190} INFO - [2026-09-10T23:07:25.029+0000] {dagbag.py:588} INFO - Filling up the DagBag from /opt/airflow/dags/countries_dag.py
[2026-09-10T23:07:26.711+0000] {logging_mixin.py:190} INFO - [2026-09-10T23:07:26.703+0000] {dagbag.py:387} ERROR - Failed to import: /opt/airflow/dags/countries_dag.py
Traceback (most recent call last):
  File "/home/airflow/.local/lib/python3.11/site-packages/airflow/models/dagbag.py", line 383, in parse
    loader.exec_module(new_module)
  File "<frozen importlib._bootstrap_external>", line 940, in exec_module
  File "<frozen importlib._bootstrap>", line 241, in _call_with_frames_removed
  File "/opt/airflow/dags/countries_dag.py", line 73, in <module>
    dbt_run = DockerOperator(
              ^^^^^^^^^^^^^^^
  File "/home/airflow/.local/lib/python3.11/site-packages/airflow/models/baseoperator.py", line 508, in apply_defaults
    result = func(self, **kwargs, default_args=default_args)
             ^^^^^^^^^^^^^^^^^^^^^^^^^^^^^^^^^^^^^^^^^^^^^^^
  File "/home/airflow/.local/lib/python3.11/site-packages/airflow/providers/docker/operators/docker.py", line 256, in __init__
    super().__init__(**kwargs)
  File "/home/airflow/.local/lib/python3.11/site-packages/airflow/models/baseoperator.py", line 508, in apply_defaults
    result = func(self, **kwargs, default_args=default_args)
             ^^^^^^^^^^^^^^^^^^^^^^^^^^^^^^^^^^^^^^^^^^^^^^^
  File "/home/airflow/.local/lib/python3.11/site-packages/airflow/models/baseoperator.py", line 959, in __init__
    raise AirflowException(
airflow.exceptions.AirflowException: Invalid arguments were passed to DockerOperator (task_id: dbt_run). Invalid arguments were:
**kwargs: {'volumes': ['../dbt:/usr/app', '../dbt/profiles:/root/.dbt']}
[2026-09-10T23:07:26.716+0000] {processor.py:927} WARNING - No viable dags retrieved from /opt/airflow/dags/countries_dag.py
[2026-09-10T23:07:26.739+0000] {processor.py:208} INFO - Processing /opt/airflow/dags/countries_dag.py took 1.729 seconds
[2026-09-10T23:07:56.915+0000] {processor.py:186} INFO - Started process (PID=1483) to work on /opt/airflow/dags/countries_dag.py
[2026-09-10T23:07:56.920+0000] {processor.py:914} INFO - Processing file /opt/airflow/dags/countries_dag.py for tasks to queue
[2026-09-10T23:07:56.923+0000] {logging_mixin.py:190} INFO - [2026-09-10T23:07:56.922+0000] {dagbag.py:588} INFO - Filling up the DagBag from /opt/airflow/dags/countries_dag.py
[2026-09-10T23:07:59.839+0000] {logging_mixin.py:190} INFO - [2026-09-10T23:07:59.830+0000] {dagbag.py:387} ERROR - Failed to import: /opt/airflow/dags/countries_dag.py
Traceback (most recent call last):
  File "/home/airflow/.local/lib/python3.11/site-packages/airflow/models/dagbag.py", line 383, in parse
    loader.exec_module(new_module)
  File "<frozen importlib._bootstrap_external>", line 940, in exec_module
  File "<frozen importlib._bootstrap>", line 241, in _call_with_frames_removed
  File "/opt/airflow/dags/countries_dag.py", line 73, in <module>
    dbt_run = DockerOperator(
              ^^^^^^^^^^^^^^^
  File "/home/airflow/.local/lib/python3.11/site-packages/airflow/models/baseoperator.py", line 508, in apply_defaults
    result = func(self, **kwargs, default_args=default_args)
             ^^^^^^^^^^^^^^^^^^^^^^^^^^^^^^^^^^^^^^^^^^^^^^^
  File "/home/airflow/.local/lib/python3.11/site-packages/airflow/providers/docker/operators/docker.py", line 256, in __init__
    super().__init__(**kwargs)
  File "/home/airflow/.local/lib/python3.11/site-packages/airflow/models/baseoperator.py", line 508, in apply_defaults
    result = func(self, **kwargs, default_args=default_args)
             ^^^^^^^^^^^^^^^^^^^^^^^^^^^^^^^^^^^^^^^^^^^^^^^
  File "/home/airflow/.local/lib/python3.11/site-packages/airflow/models/baseoperator.py", line 959, in __init__
    raise AirflowException(
airflow.exceptions.AirflowException: Invalid arguments were passed to DockerOperator (task_id: dbt_run). Invalid arguments were:
**kwargs: {'volumes': ['../dbt:/usr/app', '../dbt/profiles:/root/.dbt']}
[2026-09-10T23:07:59.841+0000] {processor.py:927} WARNING - No viable dags retrieved from /opt/airflow/dags/countries_dag.py
[2026-09-10T23:07:59.878+0000] {processor.py:208} INFO - Processing /opt/airflow/dags/countries_dag.py took 2.984 seconds
[2026-09-10T23:08:30.373+0000] {processor.py:186} INFO - Started process (PID=1490) to work on /opt/airflow/dags/countries_dag.py
[2026-09-10T23:08:30.375+0000] {processor.py:914} INFO - Processing file /opt/airflow/dags/countries_dag.py for tasks to queue
[2026-09-10T23:08:30.380+0000] {logging_mixin.py:190} INFO - [2026-09-10T23:08:30.379+0000] {dagbag.py:588} INFO - Filling up the DagBag from /opt/airflow/dags/countries_dag.py
[2026-09-10T23:08:32.245+0000] {logging_mixin.py:190} INFO - [2026-09-10T23:08:32.237+0000] {dagbag.py:387} ERROR - Failed to import: /opt/airflow/dags/countries_dag.py
Traceback (most recent call last):
  File "/home/airflow/.local/lib/python3.11/site-packages/airflow/models/dagbag.py", line 383, in parse
    loader.exec_module(new_module)
  File "<frozen importlib._bootstrap_external>", line 940, in exec_module
  File "<frozen importlib._bootstrap>", line 241, in _call_with_frames_removed
  File "/opt/airflow/dags/countries_dag.py", line 73, in <module>
    dbt_run = DockerOperator(
              ^^^^^^^^^^^^^^^
  File "/home/airflow/.local/lib/python3.11/site-packages/airflow/models/baseoperator.py", line 508, in apply_defaults
    result = func(self, **kwargs, default_args=default_args)
             ^^^^^^^^^^^^^^^^^^^^^^^^^^^^^^^^^^^^^^^^^^^^^^^
  File "/home/airflow/.local/lib/python3.11/site-packages/airflow/providers/docker/operators/docker.py", line 256, in __init__
    super().__init__(**kwargs)
  File "/home/airflow/.local/lib/python3.11/site-packages/airflow/models/baseoperator.py", line 508, in apply_defaults
    result = func(self, **kwargs, default_args=default_args)
             ^^^^^^^^^^^^^^^^^^^^^^^^^^^^^^^^^^^^^^^^^^^^^^^
  File "/home/airflow/.local/lib/python3.11/site-packages/airflow/models/baseoperator.py", line 959, in __init__
    raise AirflowException(
airflow.exceptions.AirflowException: Invalid arguments were passed to DockerOperator (task_id: dbt_run). Invalid arguments were:
**kwargs: {'volumes': ['../dbt:/usr/app', '../dbt/profiles:/root/.dbt']}
[2026-09-10T23:08:32.247+0000] {processor.py:927} WARNING - No viable dags retrieved from /opt/airflow/dags/countries_dag.py
[2026-09-10T23:08:32.277+0000] {processor.py:208} INFO - Processing /opt/airflow/dags/countries_dag.py took 1.921 seconds
[2026-09-10T23:09:02.708+0000] {processor.py:186} INFO - Started process (PID=1498) to work on /opt/airflow/dags/countries_dag.py
[2026-09-10T23:09:02.710+0000] {processor.py:914} INFO - Processing file /opt/airflow/dags/countries_dag.py for tasks to queue
[2026-09-10T23:09:02.713+0000] {logging_mixin.py:190} INFO - [2026-09-10T23:09:02.713+0000] {dagbag.py:588} INFO - Filling up the DagBag from /opt/airflow/dags/countries_dag.py
[2026-09-10T23:09:06.420+0000] {logging_mixin.py:190} INFO - [2026-09-10T23:09:06.409+0000] {dagbag.py:387} ERROR - Failed to import: /opt/airflow/dags/countries_dag.py
Traceback (most recent call last):
  File "/home/airflow/.local/lib/python3.11/site-packages/airflow/models/dagbag.py", line 383, in parse
    loader.exec_module(new_module)
  File "<frozen importlib._bootstrap_external>", line 940, in exec_module
  File "<frozen importlib._bootstrap>", line 241, in _call_with_frames_removed
  File "/opt/airflow/dags/countries_dag.py", line 73, in <module>
    dbt_run = DockerOperator(
              ^^^^^^^^^^^^^^^
  File "/home/airflow/.local/lib/python3.11/site-packages/airflow/models/baseoperator.py", line 508, in apply_defaults
    result = func(self, **kwargs, default_args=default_args)
             ^^^^^^^^^^^^^^^^^^^^^^^^^^^^^^^^^^^^^^^^^^^^^^^
  File "/home/airflow/.local/lib/python3.11/site-packages/airflow/providers/docker/operators/docker.py", line 256, in __init__
    super().__init__(**kwargs)
  File "/home/airflow/.local/lib/python3.11/site-packages/airflow/models/baseoperator.py", line 508, in apply_defaults
    result = func(self, **kwargs, default_args=default_args)
             ^^^^^^^^^^^^^^^^^^^^^^^^^^^^^^^^^^^^^^^^^^^^^^^
  File "/home/airflow/.local/lib/python3.11/site-packages/airflow/models/baseoperator.py", line 959, in __init__
    raise AirflowException(
airflow.exceptions.AirflowException: Invalid arguments were passed to DockerOperator (task_id: dbt_run). Invalid arguments were:
**kwargs: {'volumes': ['../dbt:/usr/app', '../dbt/profiles:/root/.dbt']}
[2026-09-10T23:09:06.423+0000] {processor.py:927} WARNING - No viable dags retrieved from /opt/airflow/dags/countries_dag.py
[2026-09-10T23:09:06.446+0000] {processor.py:208} INFO - Processing /opt/airflow/dags/countries_dag.py took 3.747 seconds
[2026-09-10T23:09:36.880+0000] {processor.py:186} INFO - Started process (PID=1505) to work on /opt/airflow/dags/countries_dag.py
[2026-09-10T23:09:36.885+0000] {processor.py:914} INFO - Processing file /opt/airflow/dags/countries_dag.py for tasks to queue
[2026-09-10T23:09:36.893+0000] {logging_mixin.py:190} INFO - [2026-09-10T23:09:36.891+0000] {dagbag.py:588} INFO - Filling up the DagBag from /opt/airflow/dags/countries_dag.py
[2026-09-10T23:09:39.242+0000] {logging_mixin.py:190} INFO - [2026-09-10T23:09:39.226+0000] {dagbag.py:387} ERROR - Failed to import: /opt/airflow/dags/countries_dag.py
Traceback (most recent call last):
  File "/home/airflow/.local/lib/python3.11/site-packages/airflow/models/dagbag.py", line 383, in parse
    loader.exec_module(new_module)
  File "<frozen importlib._bootstrap_external>", line 940, in exec_module
  File "<frozen importlib._bootstrap>", line 241, in _call_with_frames_removed
  File "/opt/airflow/dags/countries_dag.py", line 73, in <module>
    dbt_run = DockerOperator(
              ^^^^^^^^^^^^^^^
  File "/home/airflow/.local/lib/python3.11/site-packages/airflow/models/baseoperator.py", line 508, in apply_defaults
    result = func(self, **kwargs, default_args=default_args)
             ^^^^^^^^^^^^^^^^^^^^^^^^^^^^^^^^^^^^^^^^^^^^^^^
  File "/home/airflow/.local/lib/python3.11/site-packages/airflow/providers/docker/operators/docker.py", line 256, in __init__
    super().__init__(**kwargs)
  File "/home/airflow/.local/lib/python3.11/site-packages/airflow/models/baseoperator.py", line 508, in apply_defaults
    result = func(self, **kwargs, default_args=default_args)
             ^^^^^^^^^^^^^^^^^^^^^^^^^^^^^^^^^^^^^^^^^^^^^^^
  File "/home/airflow/.local/lib/python3.11/site-packages/airflow/models/baseoperator.py", line 959, in __init__
    raise AirflowException(
airflow.exceptions.AirflowException: Invalid arguments were passed to DockerOperator (task_id: dbt_run). Invalid arguments were:
**kwargs: {'volumes': ['../dbt:/usr/app', '../dbt/profiles:/root/.dbt']}
[2026-09-10T23:09:39.245+0000] {processor.py:927} WARNING - No viable dags retrieved from /opt/airflow/dags/countries_dag.py
[2026-09-10T23:09:39.292+0000] {processor.py:208} INFO - Processing /opt/airflow/dags/countries_dag.py took 2.447 seconds
[2026-09-10T23:10:09.648+0000] {processor.py:186} INFO - Started process (PID=1512) to work on /opt/airflow/dags/countries_dag.py
[2026-09-10T23:10:09.650+0000] {processor.py:914} INFO - Processing file /opt/airflow/dags/countries_dag.py for tasks to queue
[2026-09-10T23:10:09.653+0000] {logging_mixin.py:190} INFO - [2026-09-10T23:10:09.653+0000] {dagbag.py:588} INFO - Filling up the DagBag from /opt/airflow/dags/countries_dag.py
[2026-09-10T23:10:11.376+0000] {logging_mixin.py:190} INFO - [2026-09-10T23:10:11.369+0000] {dagbag.py:387} ERROR - Failed to import: /opt/airflow/dags/countries_dag.py
Traceback (most recent call last):
  File "/home/airflow/.local/lib/python3.11/site-packages/airflow/models/dagbag.py", line 383, in parse
    loader.exec_module(new_module)
  File "<frozen importlib._bootstrap_external>", line 940, in exec_module
  File "<frozen importlib._bootstrap>", line 241, in _call_with_frames_removed
  File "/opt/airflow/dags/countries_dag.py", line 73, in <module>
    dbt_run = DockerOperator(
              ^^^^^^^^^^^^^^^
  File "/home/airflow/.local/lib/python3.11/site-packages/airflow/models/baseoperator.py", line 508, in apply_defaults
    result = func(self, **kwargs, default_args=default_args)
             ^^^^^^^^^^^^^^^^^^^^^^^^^^^^^^^^^^^^^^^^^^^^^^^
  File "/home/airflow/.local/lib/python3.11/site-packages/airflow/providers/docker/operators/docker.py", line 256, in __init__
    super().__init__(**kwargs)
  File "/home/airflow/.local/lib/python3.11/site-packages/airflow/models/baseoperator.py", line 508, in apply_defaults
    result = func(self, **kwargs, default_args=default_args)
             ^^^^^^^^^^^^^^^^^^^^^^^^^^^^^^^^^^^^^^^^^^^^^^^
  File "/home/airflow/.local/lib/python3.11/site-packages/airflow/models/baseoperator.py", line 959, in __init__
    raise AirflowException(
airflow.exceptions.AirflowException: Invalid arguments were passed to DockerOperator (task_id: dbt_run). Invalid arguments were:
**kwargs: {'volumes': ['../dbt:/usr/app', '../dbt/profiles:/root/.dbt']}
[2026-09-10T23:10:11.378+0000] {processor.py:927} WARNING - No viable dags retrieved from /opt/airflow/dags/countries_dag.py
[2026-09-10T23:10:11.417+0000] {processor.py:208} INFO - Processing /opt/airflow/dags/countries_dag.py took 1.800 seconds
[2026-09-10T23:10:41.922+0000] {processor.py:186} INFO - Started process (PID=1519) to work on /opt/airflow/dags/countries_dag.py
[2026-09-10T23:10:41.924+0000] {processor.py:914} INFO - Processing file /opt/airflow/dags/countries_dag.py for tasks to queue
[2026-09-10T23:10:41.927+0000] {logging_mixin.py:190} INFO - [2026-09-10T23:10:41.927+0000] {dagbag.py:588} INFO - Filling up the DagBag from /opt/airflow/dags/countries_dag.py
[2026-09-10T23:10:44.626+0000] {logging_mixin.py:190} INFO - [2026-09-10T23:10:44.612+0000] {dagbag.py:387} ERROR - Failed to import: /opt/airflow/dags/countries_dag.py
Traceback (most recent call last):
  File "/home/airflow/.local/lib/python3.11/site-packages/airflow/models/dagbag.py", line 383, in parse
    loader.exec_module(new_module)
  File "<frozen importlib._bootstrap_external>", line 940, in exec_module
  File "<frozen importlib._bootstrap>", line 241, in _call_with_frames_removed
  File "/opt/airflow/dags/countries_dag.py", line 73, in <module>
    dbt_run = DockerOperator(
              ^^^^^^^^^^^^^^^
  File "/home/airflow/.local/lib/python3.11/site-packages/airflow/models/baseoperator.py", line 508, in apply_defaults
    result = func(self, **kwargs, default_args=default_args)
             ^^^^^^^^^^^^^^^^^^^^^^^^^^^^^^^^^^^^^^^^^^^^^^^
  File "/home/airflow/.local/lib/python3.11/site-packages/airflow/providers/docker/operators/docker.py", line 256, in __init__
    super().__init__(**kwargs)
  File "/home/airflow/.local/lib/python3.11/site-packages/airflow/models/baseoperator.py", line 508, in apply_defaults
    result = func(self, **kwargs, default_args=default_args)
             ^^^^^^^^^^^^^^^^^^^^^^^^^^^^^^^^^^^^^^^^^^^^^^^
  File "/home/airflow/.local/lib/python3.11/site-packages/airflow/models/baseoperator.py", line 959, in __init__
    raise AirflowException(
airflow.exceptions.AirflowException: Invalid arguments were passed to DockerOperator (task_id: dbt_run). Invalid arguments were:
**kwargs: {'volumes': ['../dbt:/usr/app', '../dbt/profiles:/root/.dbt']}
[2026-09-10T23:10:44.630+0000] {processor.py:927} WARNING - No viable dags retrieved from /opt/airflow/dags/countries_dag.py
[2026-09-10T23:10:44.664+0000] {processor.py:208} INFO - Processing /opt/airflow/dags/countries_dag.py took 2.761 seconds
[2026-09-10T23:11:15.240+0000] {processor.py:186} INFO - Started process (PID=1526) to work on /opt/airflow/dags/countries_dag.py
[2026-09-10T23:11:15.244+0000] {processor.py:914} INFO - Processing file /opt/airflow/dags/countries_dag.py for tasks to queue
[2026-09-10T23:11:15.248+0000] {logging_mixin.py:190} INFO - [2026-09-10T23:11:15.247+0000] {dagbag.py:588} INFO - Filling up the DagBag from /opt/airflow/dags/countries_dag.py
[2026-09-10T23:11:17.687+0000] {logging_mixin.py:190} INFO - [2026-09-10T23:11:17.676+0000] {dagbag.py:387} ERROR - Failed to import: /opt/airflow/dags/countries_dag.py
Traceback (most recent call last):
  File "/home/airflow/.local/lib/python3.11/site-packages/airflow/models/dagbag.py", line 383, in parse
    loader.exec_module(new_module)
  File "<frozen importlib._bootstrap_external>", line 940, in exec_module
  File "<frozen importlib._bootstrap>", line 241, in _call_with_frames_removed
  File "/opt/airflow/dags/countries_dag.py", line 73, in <module>
    dbt_run = DockerOperator(
              ^^^^^^^^^^^^^^^
  File "/home/airflow/.local/lib/python3.11/site-packages/airflow/models/baseoperator.py", line 508, in apply_defaults
    result = func(self, **kwargs, default_args=default_args)
             ^^^^^^^^^^^^^^^^^^^^^^^^^^^^^^^^^^^^^^^^^^^^^^^
  File "/home/airflow/.local/lib/python3.11/site-packages/airflow/providers/docker/operators/docker.py", line 256, in __init__
    super().__init__(**kwargs)
  File "/home/airflow/.local/lib/python3.11/site-packages/airflow/models/baseoperator.py", line 508, in apply_defaults
    result = func(self, **kwargs, default_args=default_args)
             ^^^^^^^^^^^^^^^^^^^^^^^^^^^^^^^^^^^^^^^^^^^^^^^
  File "/home/airflow/.local/lib/python3.11/site-packages/airflow/models/baseoperator.py", line 959, in __init__
    raise AirflowException(
airflow.exceptions.AirflowException: Invalid arguments were passed to DockerOperator (task_id: dbt_run). Invalid arguments were:
**kwargs: {'volumes': ['../dbt:/usr/app', '../dbt/profiles:/root/.dbt']}
[2026-09-10T23:11:17.691+0000] {processor.py:927} WARNING - No viable dags retrieved from /opt/airflow/dags/countries_dag.py
[2026-09-10T23:11:17.794+0000] {processor.py:208} INFO - Processing /opt/airflow/dags/countries_dag.py took 2.577 seconds
[2026-09-10T23:11:48.371+0000] {processor.py:186} INFO - Started process (PID=1533) to work on /opt/airflow/dags/countries_dag.py
[2026-09-10T23:11:48.385+0000] {processor.py:914} INFO - Processing file /opt/airflow/dags/countries_dag.py for tasks to queue
[2026-09-10T23:11:48.391+0000] {logging_mixin.py:190} INFO - [2026-09-10T23:11:48.390+0000] {dagbag.py:588} INFO - Filling up the DagBag from /opt/airflow/dags/countries_dag.py
[2026-09-10T23:11:52.218+0000] {logging_mixin.py:190} INFO - [2026-09-10T23:11:52.205+0000] {dagbag.py:387} ERROR - Failed to import: /opt/airflow/dags/countries_dag.py
Traceback (most recent call last):
  File "/home/airflow/.local/lib/python3.11/site-packages/airflow/models/dagbag.py", line 383, in parse
    loader.exec_module(new_module)
  File "<frozen importlib._bootstrap_external>", line 940, in exec_module
  File "<frozen importlib._bootstrap>", line 241, in _call_with_frames_removed
  File "/opt/airflow/dags/countries_dag.py", line 73, in <module>
    dbt_run = DockerOperator(
              ^^^^^^^^^^^^^^^
  File "/home/airflow/.local/lib/python3.11/site-packages/airflow/models/baseoperator.py", line 508, in apply_defaults
    result = func(self, **kwargs, default_args=default_args)
             ^^^^^^^^^^^^^^^^^^^^^^^^^^^^^^^^^^^^^^^^^^^^^^^
  File "/home/airflow/.local/lib/python3.11/site-packages/airflow/providers/docker/operators/docker.py", line 256, in __init__
    super().__init__(**kwargs)
  File "/home/airflow/.local/lib/python3.11/site-packages/airflow/models/baseoperator.py", line 508, in apply_defaults
    result = func(self, **kwargs, default_args=default_args)
             ^^^^^^^^^^^^^^^^^^^^^^^^^^^^^^^^^^^^^^^^^^^^^^^
  File "/home/airflow/.local/lib/python3.11/site-packages/airflow/models/baseoperator.py", line 959, in __init__
    raise AirflowException(
airflow.exceptions.AirflowException: Invalid arguments were passed to DockerOperator (task_id: dbt_run). Invalid arguments were:
**kwargs: {'volumes': ['../dbt:/usr/app', '../dbt/profiles:/root/.dbt']}
[2026-09-10T23:11:52.221+0000] {processor.py:927} WARNING - No viable dags retrieved from /opt/airflow/dags/countries_dag.py
[2026-09-10T23:11:52.277+0000] {processor.py:208} INFO - Processing /opt/airflow/dags/countries_dag.py took 3.942 seconds
[2026-09-10T23:12:22.738+0000] {processor.py:186} INFO - Started process (PID=1540) to work on /opt/airflow/dags/countries_dag.py
[2026-09-10T23:12:22.741+0000] {processor.py:914} INFO - Processing file /opt/airflow/dags/countries_dag.py for tasks to queue
[2026-09-10T23:12:22.745+0000] {logging_mixin.py:190} INFO - [2026-09-10T23:12:22.744+0000] {dagbag.py:588} INFO - Filling up the DagBag from /opt/airflow/dags/countries_dag.py
[2026-09-10T23:12:24.706+0000] {logging_mixin.py:190} INFO - [2026-09-10T23:12:24.696+0000] {dagbag.py:387} ERROR - Failed to import: /opt/airflow/dags/countries_dag.py
Traceback (most recent call last):
  File "/home/airflow/.local/lib/python3.11/site-packages/airflow/models/dagbag.py", line 383, in parse
    loader.exec_module(new_module)
  File "<frozen importlib._bootstrap_external>", line 940, in exec_module
  File "<frozen importlib._bootstrap>", line 241, in _call_with_frames_removed
  File "/opt/airflow/dags/countries_dag.py", line 73, in <module>
    dbt_run = DockerOperator(
              ^^^^^^^^^^^^^^^
  File "/home/airflow/.local/lib/python3.11/site-packages/airflow/models/baseoperator.py", line 508, in apply_defaults
    result = func(self, **kwargs, default_args=default_args)
             ^^^^^^^^^^^^^^^^^^^^^^^^^^^^^^^^^^^^^^^^^^^^^^^
  File "/home/airflow/.local/lib/python3.11/site-packages/airflow/providers/docker/operators/docker.py", line 256, in __init__
    super().__init__(**kwargs)
  File "/home/airflow/.local/lib/python3.11/site-packages/airflow/models/baseoperator.py", line 508, in apply_defaults
    result = func(self, **kwargs, default_args=default_args)
             ^^^^^^^^^^^^^^^^^^^^^^^^^^^^^^^^^^^^^^^^^^^^^^^
  File "/home/airflow/.local/lib/python3.11/site-packages/airflow/models/baseoperator.py", line 959, in __init__
    raise AirflowException(
airflow.exceptions.AirflowException: Invalid arguments were passed to DockerOperator (task_id: dbt_run). Invalid arguments were:
**kwargs: {'volumes': ['../dbt:/usr/app', '../dbt/profiles:/root/.dbt']}
[2026-09-10T23:12:24.709+0000] {processor.py:927} WARNING - No viable dags retrieved from /opt/airflow/dags/countries_dag.py
[2026-09-10T23:12:24.755+0000] {processor.py:208} INFO - Processing /opt/airflow/dags/countries_dag.py took 2.029 seconds
[2026-09-10T23:12:55.299+0000] {processor.py:186} INFO - Started process (PID=1547) to work on /opt/airflow/dags/countries_dag.py
[2026-09-10T23:12:55.313+0000] {processor.py:914} INFO - Processing file /opt/airflow/dags/countries_dag.py for tasks to queue
[2026-09-10T23:12:55.325+0000] {logging_mixin.py:190} INFO - [2026-09-10T23:12:55.324+0000] {dagbag.py:588} INFO - Filling up the DagBag from /opt/airflow/dags/countries_dag.py
[2026-09-10T23:12:58.593+0000] {logging_mixin.py:190} INFO - [2026-09-10T23:12:58.567+0000] {dagbag.py:387} ERROR - Failed to import: /opt/airflow/dags/countries_dag.py
Traceback (most recent call last):
  File "/home/airflow/.local/lib/python3.11/site-packages/airflow/models/dagbag.py", line 383, in parse
    loader.exec_module(new_module)
  File "<frozen importlib._bootstrap_external>", line 940, in exec_module
  File "<frozen importlib._bootstrap>", line 241, in _call_with_frames_removed
  File "/opt/airflow/dags/countries_dag.py", line 73, in <module>
    dbt_run = DockerOperator(
              ^^^^^^^^^^^^^^^
  File "/home/airflow/.local/lib/python3.11/site-packages/airflow/models/baseoperator.py", line 508, in apply_defaults
    result = func(self, **kwargs, default_args=default_args)
             ^^^^^^^^^^^^^^^^^^^^^^^^^^^^^^^^^^^^^^^^^^^^^^^
  File "/home/airflow/.local/lib/python3.11/site-packages/airflow/providers/docker/operators/docker.py", line 256, in __init__
    super().__init__(**kwargs)
  File "/home/airflow/.local/lib/python3.11/site-packages/airflow/models/baseoperator.py", line 508, in apply_defaults
    result = func(self, **kwargs, default_args=default_args)
             ^^^^^^^^^^^^^^^^^^^^^^^^^^^^^^^^^^^^^^^^^^^^^^^
  File "/home/airflow/.local/lib/python3.11/site-packages/airflow/models/baseoperator.py", line 959, in __init__
    raise AirflowException(
airflow.exceptions.AirflowException: Invalid arguments were passed to DockerOperator (task_id: dbt_run). Invalid arguments were:
**kwargs: {'volumes': ['../dbt:/usr/app', '../dbt/profiles:/root/.dbt']}
[2026-09-10T23:12:58.596+0000] {processor.py:927} WARNING - No viable dags retrieved from /opt/airflow/dags/countries_dag.py
[2026-09-10T23:12:58.656+0000] {processor.py:208} INFO - Processing /opt/airflow/dags/countries_dag.py took 3.394 seconds
[2026-09-10T23:13:29.375+0000] {processor.py:186} INFO - Started process (PID=1554) to work on /opt/airflow/dags/countries_dag.py
[2026-09-10T23:13:29.380+0000] {processor.py:914} INFO - Processing file /opt/airflow/dags/countries_dag.py for tasks to queue
[2026-09-10T23:13:29.408+0000] {logging_mixin.py:190} INFO - [2026-09-10T23:13:29.407+0000] {dagbag.py:588} INFO - Filling up the DagBag from /opt/airflow/dags/countries_dag.py
[2026-09-10T23:13:34.325+0000] {logging_mixin.py:190} INFO - [2026-09-10T23:13:34.304+0000] {dagbag.py:387} ERROR - Failed to import: /opt/airflow/dags/countries_dag.py
Traceback (most recent call last):
  File "/home/airflow/.local/lib/python3.11/site-packages/airflow/models/dagbag.py", line 383, in parse
    loader.exec_module(new_module)
  File "<frozen importlib._bootstrap_external>", line 940, in exec_module
  File "<frozen importlib._bootstrap>", line 241, in _call_with_frames_removed
  File "/opt/airflow/dags/countries_dag.py", line 73, in <module>
    dbt_run = DockerOperator(
              ^^^^^^^^^^^^^^^
  File "/home/airflow/.local/lib/python3.11/site-packages/airflow/models/baseoperator.py", line 508, in apply_defaults
    result = func(self, **kwargs, default_args=default_args)
             ^^^^^^^^^^^^^^^^^^^^^^^^^^^^^^^^^^^^^^^^^^^^^^^
  File "/home/airflow/.local/lib/python3.11/site-packages/airflow/providers/docker/operators/docker.py", line 256, in __init__
    super().__init__(**kwargs)
  File "/home/airflow/.local/lib/python3.11/site-packages/airflow/models/baseoperator.py", line 508, in apply_defaults
    result = func(self, **kwargs, default_args=default_args)
             ^^^^^^^^^^^^^^^^^^^^^^^^^^^^^^^^^^^^^^^^^^^^^^^
  File "/home/airflow/.local/lib/python3.11/site-packages/airflow/models/baseoperator.py", line 959, in __init__
    raise AirflowException(
airflow.exceptions.AirflowException: Invalid arguments were passed to DockerOperator (task_id: dbt_run). Invalid arguments were:
**kwargs: {'volumes': ['../dbt:/usr/app', '../dbt/profiles:/root/.dbt']}
[2026-09-10T23:13:34.327+0000] {processor.py:927} WARNING - No viable dags retrieved from /opt/airflow/dags/countries_dag.py
[2026-09-10T23:13:34.386+0000] {processor.py:208} INFO - Processing /opt/airflow/dags/countries_dag.py took 5.048 seconds
[2026-09-10T23:14:04.817+0000] {processor.py:186} INFO - Started process (PID=1561) to work on /opt/airflow/dags/countries_dag.py
[2026-09-10T23:14:04.822+0000] {processor.py:914} INFO - Processing file /opt/airflow/dags/countries_dag.py for tasks to queue
[2026-09-10T23:14:04.832+0000] {logging_mixin.py:190} INFO - [2026-09-10T23:14:04.831+0000] {dagbag.py:588} INFO - Filling up the DagBag from /opt/airflow/dags/countries_dag.py
[2026-09-10T23:14:07.083+0000] {logging_mixin.py:190} INFO - [2026-09-10T23:14:07.074+0000] {dagbag.py:387} ERROR - Failed to import: /opt/airflow/dags/countries_dag.py
Traceback (most recent call last):
  File "/home/airflow/.local/lib/python3.11/site-packages/airflow/models/dagbag.py", line 383, in parse
    loader.exec_module(new_module)
  File "<frozen importlib._bootstrap_external>", line 940, in exec_module
  File "<frozen importlib._bootstrap>", line 241, in _call_with_frames_removed
  File "/opt/airflow/dags/countries_dag.py", line 73, in <module>
    dbt_run = DockerOperator(
              ^^^^^^^^^^^^^^^
  File "/home/airflow/.local/lib/python3.11/site-packages/airflow/models/baseoperator.py", line 508, in apply_defaults
    result = func(self, **kwargs, default_args=default_args)
             ^^^^^^^^^^^^^^^^^^^^^^^^^^^^^^^^^^^^^^^^^^^^^^^
  File "/home/airflow/.local/lib/python3.11/site-packages/airflow/providers/docker/operators/docker.py", line 256, in __init__
    super().__init__(**kwargs)
  File "/home/airflow/.local/lib/python3.11/site-packages/airflow/models/baseoperator.py", line 508, in apply_defaults
    result = func(self, **kwargs, default_args=default_args)
             ^^^^^^^^^^^^^^^^^^^^^^^^^^^^^^^^^^^^^^^^^^^^^^^
  File "/home/airflow/.local/lib/python3.11/site-packages/airflow/models/baseoperator.py", line 959, in __init__
    raise AirflowException(
airflow.exceptions.AirflowException: Invalid arguments were passed to DockerOperator (task_id: dbt_run). Invalid arguments were:
**kwargs: {'volumes': ['../dbt:/usr/app', '../dbt/profiles:/root/.dbt']}
[2026-09-10T23:14:07.084+0000] {processor.py:927} WARNING - No viable dags retrieved from /opt/airflow/dags/countries_dag.py
[2026-09-10T23:14:07.124+0000] {processor.py:208} INFO - Processing /opt/airflow/dags/countries_dag.py took 2.327 seconds
[2026-09-10T23:14:38.720+0000] {processor.py:186} INFO - Started process (PID=1568) to work on /opt/airflow/dags/countries_dag.py
[2026-09-10T23:14:38.729+0000] {processor.py:914} INFO - Processing file /opt/airflow/dags/countries_dag.py for tasks to queue
[2026-09-10T23:14:38.738+0000] {logging_mixin.py:190} INFO - [2026-09-10T23:14:38.737+0000] {dagbag.py:588} INFO - Filling up the DagBag from /opt/airflow/dags/countries_dag.py
[2026-09-10T23:14:43.745+0000] {logging_mixin.py:190} INFO - [2026-09-10T23:14:43.731+0000] {dagbag.py:387} ERROR - Failed to import: /opt/airflow/dags/countries_dag.py
Traceback (most recent call last):
  File "/home/airflow/.local/lib/python3.11/site-packages/airflow/models/dagbag.py", line 383, in parse
    loader.exec_module(new_module)
  File "<frozen importlib._bootstrap_external>", line 940, in exec_module
  File "<frozen importlib._bootstrap>", line 241, in _call_with_frames_removed
  File "/opt/airflow/dags/countries_dag.py", line 73, in <module>
    dbt_run = DockerOperator(
              ^^^^^^^^^^^^^^^
  File "/home/airflow/.local/lib/python3.11/site-packages/airflow/models/baseoperator.py", line 508, in apply_defaults
    result = func(self, **kwargs, default_args=default_args)
             ^^^^^^^^^^^^^^^^^^^^^^^^^^^^^^^^^^^^^^^^^^^^^^^
  File "/home/airflow/.local/lib/python3.11/site-packages/airflow/providers/docker/operators/docker.py", line 256, in __init__
    super().__init__(**kwargs)
  File "/home/airflow/.local/lib/python3.11/site-packages/airflow/models/baseoperator.py", line 508, in apply_defaults
    result = func(self, **kwargs, default_args=default_args)
             ^^^^^^^^^^^^^^^^^^^^^^^^^^^^^^^^^^^^^^^^^^^^^^^
  File "/home/airflow/.local/lib/python3.11/site-packages/airflow/models/baseoperator.py", line 959, in __init__
    raise AirflowException(
airflow.exceptions.AirflowException: Invalid arguments were passed to DockerOperator (task_id: dbt_run). Invalid arguments were:
**kwargs: {'volumes': ['../dbt:/usr/app', '../dbt/profiles:/root/.dbt']}
[2026-09-10T23:14:43.747+0000] {processor.py:927} WARNING - No viable dags retrieved from /opt/airflow/dags/countries_dag.py
[2026-09-10T23:14:43.852+0000] {processor.py:208} INFO - Processing /opt/airflow/dags/countries_dag.py took 5.357 seconds
[2026-09-10T23:15:14.655+0000] {processor.py:186} INFO - Started process (PID=1575) to work on /opt/airflow/dags/countries_dag.py
[2026-09-10T23:15:14.657+0000] {processor.py:914} INFO - Processing file /opt/airflow/dags/countries_dag.py for tasks to queue
[2026-09-10T23:15:14.661+0000] {logging_mixin.py:190} INFO - [2026-09-10T23:15:14.660+0000] {dagbag.py:588} INFO - Filling up the DagBag from /opt/airflow/dags/countries_dag.py
[2026-09-10T23:15:17.208+0000] {logging_mixin.py:190} INFO - [2026-09-10T23:15:17.201+0000] {dagbag.py:387} ERROR - Failed to import: /opt/airflow/dags/countries_dag.py
Traceback (most recent call last):
  File "/home/airflow/.local/lib/python3.11/site-packages/airflow/models/dagbag.py", line 383, in parse
    loader.exec_module(new_module)
  File "<frozen importlib._bootstrap_external>", line 940, in exec_module
  File "<frozen importlib._bootstrap>", line 241, in _call_with_frames_removed
  File "/opt/airflow/dags/countries_dag.py", line 73, in <module>
    dbt_run = DockerOperator(
              ^^^^^^^^^^^^^^^
  File "/home/airflow/.local/lib/python3.11/site-packages/airflow/models/baseoperator.py", line 508, in apply_defaults
    result = func(self, **kwargs, default_args=default_args)
             ^^^^^^^^^^^^^^^^^^^^^^^^^^^^^^^^^^^^^^^^^^^^^^^
  File "/home/airflow/.local/lib/python3.11/site-packages/airflow/providers/docker/operators/docker.py", line 256, in __init__
    super().__init__(**kwargs)
  File "/home/airflow/.local/lib/python3.11/site-packages/airflow/models/baseoperator.py", line 508, in apply_defaults
    result = func(self, **kwargs, default_args=default_args)
             ^^^^^^^^^^^^^^^^^^^^^^^^^^^^^^^^^^^^^^^^^^^^^^^
  File "/home/airflow/.local/lib/python3.11/site-packages/airflow/models/baseoperator.py", line 959, in __init__
    raise AirflowException(
airflow.exceptions.AirflowException: Invalid arguments were passed to DockerOperator (task_id: dbt_run). Invalid arguments were:
**kwargs: {'volumes': ['../dbt:/usr/app', '../dbt/profiles:/root/.dbt']}
[2026-09-10T23:15:17.210+0000] {processor.py:927} WARNING - No viable dags retrieved from /opt/airflow/dags/countries_dag.py
[2026-09-10T23:15:17.239+0000] {processor.py:208} INFO - Processing /opt/airflow/dags/countries_dag.py took 2.607 seconds
[2026-09-10T23:15:47.648+0000] {processor.py:186} INFO - Started process (PID=1582) to work on /opt/airflow/dags/countries_dag.py
[2026-09-10T23:15:47.650+0000] {processor.py:914} INFO - Processing file /opt/airflow/dags/countries_dag.py for tasks to queue
[2026-09-10T23:15:47.653+0000] {logging_mixin.py:190} INFO - [2026-09-10T23:15:47.652+0000] {dagbag.py:588} INFO - Filling up the DagBag from /opt/airflow/dags/countries_dag.py
[2026-09-10T23:15:49.619+0000] {logging_mixin.py:190} INFO - [2026-09-10T23:15:49.602+0000] {dagbag.py:387} ERROR - Failed to import: /opt/airflow/dags/countries_dag.py
Traceback (most recent call last):
  File "/home/airflow/.local/lib/python3.11/site-packages/airflow/models/dagbag.py", line 383, in parse
    loader.exec_module(new_module)
  File "<frozen importlib._bootstrap_external>", line 940, in exec_module
  File "<frozen importlib._bootstrap>", line 241, in _call_with_frames_removed
  File "/opt/airflow/dags/countries_dag.py", line 73, in <module>
    dbt_run = DockerOperator(
              ^^^^^^^^^^^^^^^
  File "/home/airflow/.local/lib/python3.11/site-packages/airflow/models/baseoperator.py", line 508, in apply_defaults
    result = func(self, **kwargs, default_args=default_args)
             ^^^^^^^^^^^^^^^^^^^^^^^^^^^^^^^^^^^^^^^^^^^^^^^
  File "/home/airflow/.local/lib/python3.11/site-packages/airflow/providers/docker/operators/docker.py", line 256, in __init__
    super().__init__(**kwargs)
  File "/home/airflow/.local/lib/python3.11/site-packages/airflow/models/baseoperator.py", line 508, in apply_defaults
    result = func(self, **kwargs, default_args=default_args)
             ^^^^^^^^^^^^^^^^^^^^^^^^^^^^^^^^^^^^^^^^^^^^^^^
  File "/home/airflow/.local/lib/python3.11/site-packages/airflow/models/baseoperator.py", line 959, in __init__
    raise AirflowException(
airflow.exceptions.AirflowException: Invalid arguments were passed to DockerOperator (task_id: dbt_run). Invalid arguments were:
**kwargs: {'volumes': ['../dbt:/usr/app', '../dbt/profiles:/root/.dbt']}
[2026-09-10T23:15:49.623+0000] {processor.py:927} WARNING - No viable dags retrieved from /opt/airflow/dags/countries_dag.py
[2026-09-10T23:15:49.689+0000] {processor.py:208} INFO - Processing /opt/airflow/dags/countries_dag.py took 2.057 seconds
[2026-09-10T23:16:20.236+0000] {processor.py:186} INFO - Started process (PID=1589) to work on /opt/airflow/dags/countries_dag.py
[2026-09-10T23:16:20.243+0000] {processor.py:914} INFO - Processing file /opt/airflow/dags/countries_dag.py for tasks to queue
[2026-09-10T23:16:20.250+0000] {logging_mixin.py:190} INFO - [2026-09-10T23:16:20.249+0000] {dagbag.py:588} INFO - Filling up the DagBag from /opt/airflow/dags/countries_dag.py
[2026-09-10T23:16:22.990+0000] {logging_mixin.py:190} INFO - [2026-09-10T23:16:22.967+0000] {dagbag.py:387} ERROR - Failed to import: /opt/airflow/dags/countries_dag.py
Traceback (most recent call last):
  File "/home/airflow/.local/lib/python3.11/site-packages/airflow/models/dagbag.py", line 383, in parse
    loader.exec_module(new_module)
  File "<frozen importlib._bootstrap_external>", line 940, in exec_module
  File "<frozen importlib._bootstrap>", line 241, in _call_with_frames_removed
  File "/opt/airflow/dags/countries_dag.py", line 73, in <module>
    dbt_run = DockerOperator(
              ^^^^^^^^^^^^^^^
  File "/home/airflow/.local/lib/python3.11/site-packages/airflow/models/baseoperator.py", line 508, in apply_defaults
    result = func(self, **kwargs, default_args=default_args)
             ^^^^^^^^^^^^^^^^^^^^^^^^^^^^^^^^^^^^^^^^^^^^^^^
  File "/home/airflow/.local/lib/python3.11/site-packages/airflow/providers/docker/operators/docker.py", line 256, in __init__
    super().__init__(**kwargs)
  File "/home/airflow/.local/lib/python3.11/site-packages/airflow/models/baseoperator.py", line 508, in apply_defaults
    result = func(self, **kwargs, default_args=default_args)
             ^^^^^^^^^^^^^^^^^^^^^^^^^^^^^^^^^^^^^^^^^^^^^^^
  File "/home/airflow/.local/lib/python3.11/site-packages/airflow/models/baseoperator.py", line 959, in __init__
    raise AirflowException(
airflow.exceptions.AirflowException: Invalid arguments were passed to DockerOperator (task_id: dbt_run). Invalid arguments were:
**kwargs: {'volumes': ['../dbt:/usr/app', '../dbt/profiles:/root/.dbt']}
[2026-09-10T23:16:22.992+0000] {processor.py:927} WARNING - No viable dags retrieved from /opt/airflow/dags/countries_dag.py
[2026-09-10T23:16:23.042+0000] {processor.py:208} INFO - Processing /opt/airflow/dags/countries_dag.py took 2.824 seconds
[2026-09-10T23:16:53.556+0000] {processor.py:186} INFO - Started process (PID=1596) to work on /opt/airflow/dags/countries_dag.py
[2026-09-10T23:16:53.559+0000] {processor.py:914} INFO - Processing file /opt/airflow/dags/countries_dag.py for tasks to queue
[2026-09-10T23:16:53.563+0000] {logging_mixin.py:190} INFO - [2026-09-10T23:16:53.562+0000] {dagbag.py:588} INFO - Filling up the DagBag from /opt/airflow/dags/countries_dag.py
[2026-09-10T23:16:56.281+0000] {logging_mixin.py:190} INFO - [2026-09-10T23:16:56.271+0000] {dagbag.py:387} ERROR - Failed to import: /opt/airflow/dags/countries_dag.py
Traceback (most recent call last):
  File "/home/airflow/.local/lib/python3.11/site-packages/airflow/models/dagbag.py", line 383, in parse
    loader.exec_module(new_module)
  File "<frozen importlib._bootstrap_external>", line 940, in exec_module
  File "<frozen importlib._bootstrap>", line 241, in _call_with_frames_removed
  File "/opt/airflow/dags/countries_dag.py", line 73, in <module>
    dbt_run = DockerOperator(
              ^^^^^^^^^^^^^^^
  File "/home/airflow/.local/lib/python3.11/site-packages/airflow/models/baseoperator.py", line 508, in apply_defaults
    result = func(self, **kwargs, default_args=default_args)
             ^^^^^^^^^^^^^^^^^^^^^^^^^^^^^^^^^^^^^^^^^^^^^^^
  File "/home/airflow/.local/lib/python3.11/site-packages/airflow/providers/docker/operators/docker.py", line 256, in __init__
    super().__init__(**kwargs)
  File "/home/airflow/.local/lib/python3.11/site-packages/airflow/models/baseoperator.py", line 508, in apply_defaults
    result = func(self, **kwargs, default_args=default_args)
             ^^^^^^^^^^^^^^^^^^^^^^^^^^^^^^^^^^^^^^^^^^^^^^^
  File "/home/airflow/.local/lib/python3.11/site-packages/airflow/models/baseoperator.py", line 959, in __init__
    raise AirflowException(
airflow.exceptions.AirflowException: Invalid arguments were passed to DockerOperator (task_id: dbt_run). Invalid arguments were:
**kwargs: {'volumes': ['../dbt:/usr/app', '../dbt/profiles:/root/.dbt']}
[2026-09-10T23:16:56.283+0000] {processor.py:927} WARNING - No viable dags retrieved from /opt/airflow/dags/countries_dag.py
[2026-09-10T23:16:56.317+0000] {processor.py:208} INFO - Processing /opt/airflow/dags/countries_dag.py took 2.780 seconds
[2026-09-10T23:17:26.841+0000] {processor.py:186} INFO - Started process (PID=1603) to work on /opt/airflow/dags/countries_dag.py
[2026-09-10T23:17:26.844+0000] {processor.py:914} INFO - Processing file /opt/airflow/dags/countries_dag.py for tasks to queue
[2026-09-10T23:17:26.849+0000] {logging_mixin.py:190} INFO - [2026-09-10T23:17:26.848+0000] {dagbag.py:588} INFO - Filling up the DagBag from /opt/airflow/dags/countries_dag.py
[2026-09-10T23:17:29.810+0000] {logging_mixin.py:190} INFO - [2026-09-10T23:17:29.715+0000] {dagbag.py:387} ERROR - Failed to import: /opt/airflow/dags/countries_dag.py
Traceback (most recent call last):
  File "/home/airflow/.local/lib/python3.11/site-packages/airflow/models/dagbag.py", line 383, in parse
    loader.exec_module(new_module)
  File "<frozen importlib._bootstrap_external>", line 940, in exec_module
  File "<frozen importlib._bootstrap>", line 241, in _call_with_frames_removed
  File "/opt/airflow/dags/countries_dag.py", line 73, in <module>
    dbt_run = DockerOperator(
              ^^^^^^^^^^^^^^^
  File "/home/airflow/.local/lib/python3.11/site-packages/airflow/models/baseoperator.py", line 508, in apply_defaults
    result = func(self, **kwargs, default_args=default_args)
             ^^^^^^^^^^^^^^^^^^^^^^^^^^^^^^^^^^^^^^^^^^^^^^^
  File "/home/airflow/.local/lib/python3.11/site-packages/airflow/providers/docker/operators/docker.py", line 256, in __init__
    super().__init__(**kwargs)
  File "/home/airflow/.local/lib/python3.11/site-packages/airflow/models/baseoperator.py", line 508, in apply_defaults
    result = func(self, **kwargs, default_args=default_args)
             ^^^^^^^^^^^^^^^^^^^^^^^^^^^^^^^^^^^^^^^^^^^^^^^
  File "/home/airflow/.local/lib/python3.11/site-packages/airflow/models/baseoperator.py", line 959, in __init__
    raise AirflowException(
airflow.exceptions.AirflowException: Invalid arguments were passed to DockerOperator (task_id: dbt_run). Invalid arguments were:
**kwargs: {'volumes': ['../dbt:/usr/app', '../dbt/profiles:/root/.dbt']}
[2026-09-10T23:17:29.844+0000] {processor.py:927} WARNING - No viable dags retrieved from /opt/airflow/dags/countries_dag.py
[2026-09-10T23:17:29.928+0000] {processor.py:208} INFO - Processing /opt/airflow/dags/countries_dag.py took 3.100 seconds
[2026-09-10T23:18:00.391+0000] {processor.py:186} INFO - Started process (PID=1610) to work on /opt/airflow/dags/countries_dag.py
[2026-09-10T23:18:00.393+0000] {processor.py:914} INFO - Processing file /opt/airflow/dags/countries_dag.py for tasks to queue
[2026-09-10T23:18:00.397+0000] {logging_mixin.py:190} INFO - [2026-09-10T23:18:00.397+0000] {dagbag.py:588} INFO - Filling up the DagBag from /opt/airflow/dags/countries_dag.py
[2026-09-10T23:18:02.306+0000] {logging_mixin.py:190} INFO - [2026-09-10T23:18:02.263+0000] {dagbag.py:387} ERROR - Failed to import: /opt/airflow/dags/countries_dag.py
Traceback (most recent call last):
  File "/home/airflow/.local/lib/python3.11/site-packages/airflow/models/dagbag.py", line 383, in parse
    loader.exec_module(new_module)
  File "<frozen importlib._bootstrap_external>", line 940, in exec_module
  File "<frozen importlib._bootstrap>", line 241, in _call_with_frames_removed
  File "/opt/airflow/dags/countries_dag.py", line 73, in <module>
    dbt_run = DockerOperator(
              ^^^^^^^^^^^^^^^
  File "/home/airflow/.local/lib/python3.11/site-packages/airflow/models/baseoperator.py", line 508, in apply_defaults
    result = func(self, **kwargs, default_args=default_args)
             ^^^^^^^^^^^^^^^^^^^^^^^^^^^^^^^^^^^^^^^^^^^^^^^
  File "/home/airflow/.local/lib/python3.11/site-packages/airflow/providers/docker/operators/docker.py", line 256, in __init__
    super().__init__(**kwargs)
  File "/home/airflow/.local/lib/python3.11/site-packages/airflow/models/baseoperator.py", line 508, in apply_defaults
    result = func(self, **kwargs, default_args=default_args)
             ^^^^^^^^^^^^^^^^^^^^^^^^^^^^^^^^^^^^^^^^^^^^^^^
  File "/home/airflow/.local/lib/python3.11/site-packages/airflow/models/baseoperator.py", line 959, in __init__
    raise AirflowException(
airflow.exceptions.AirflowException: Invalid arguments were passed to DockerOperator (task_id: dbt_run). Invalid arguments were:
**kwargs: {'volumes': ['../dbt:/usr/app', '../dbt/profiles:/root/.dbt']}
[2026-09-10T23:18:02.309+0000] {processor.py:927} WARNING - No viable dags retrieved from /opt/airflow/dags/countries_dag.py
[2026-09-10T23:18:02.357+0000] {processor.py:208} INFO - Processing /opt/airflow/dags/countries_dag.py took 1.985 seconds
[2026-09-10T23:18:32.724+0000] {processor.py:186} INFO - Started process (PID=1617) to work on /opt/airflow/dags/countries_dag.py
[2026-09-10T23:18:32.726+0000] {processor.py:914} INFO - Processing file /opt/airflow/dags/countries_dag.py for tasks to queue
[2026-09-10T23:18:32.729+0000] {logging_mixin.py:190} INFO - [2026-09-10T23:18:32.728+0000] {dagbag.py:588} INFO - Filling up the DagBag from /opt/airflow/dags/countries_dag.py
[2026-09-10T23:18:35.036+0000] {logging_mixin.py:190} INFO - [2026-09-10T23:18:35.026+0000] {dagbag.py:387} ERROR - Failed to import: /opt/airflow/dags/countries_dag.py
Traceback (most recent call last):
  File "/home/airflow/.local/lib/python3.11/site-packages/airflow/models/dagbag.py", line 383, in parse
    loader.exec_module(new_module)
  File "<frozen importlib._bootstrap_external>", line 940, in exec_module
  File "<frozen importlib._bootstrap>", line 241, in _call_with_frames_removed
  File "/opt/airflow/dags/countries_dag.py", line 73, in <module>
    dbt_run = DockerOperator(
              ^^^^^^^^^^^^^^^
  File "/home/airflow/.local/lib/python3.11/site-packages/airflow/models/baseoperator.py", line 508, in apply_defaults
    result = func(self, **kwargs, default_args=default_args)
             ^^^^^^^^^^^^^^^^^^^^^^^^^^^^^^^^^^^^^^^^^^^^^^^
  File "/home/airflow/.local/lib/python3.11/site-packages/airflow/providers/docker/operators/docker.py", line 256, in __init__
    super().__init__(**kwargs)
  File "/home/airflow/.local/lib/python3.11/site-packages/airflow/models/baseoperator.py", line 508, in apply_defaults
    result = func(self, **kwargs, default_args=default_args)
             ^^^^^^^^^^^^^^^^^^^^^^^^^^^^^^^^^^^^^^^^^^^^^^^
  File "/home/airflow/.local/lib/python3.11/site-packages/airflow/models/baseoperator.py", line 959, in __init__
    raise AirflowException(
airflow.exceptions.AirflowException: Invalid arguments were passed to DockerOperator (task_id: dbt_run). Invalid arguments were:
**kwargs: {'volumes': ['../dbt:/usr/app', '../dbt/profiles:/root/.dbt']}
[2026-09-10T23:18:35.037+0000] {processor.py:927} WARNING - No viable dags retrieved from /opt/airflow/dags/countries_dag.py
[2026-09-10T23:18:35.068+0000] {processor.py:208} INFO - Processing /opt/airflow/dags/countries_dag.py took 2.359 seconds
[2026-09-10T23:19:05.528+0000] {processor.py:186} INFO - Started process (PID=1624) to work on /opt/airflow/dags/countries_dag.py
[2026-09-10T23:19:05.531+0000] {processor.py:914} INFO - Processing file /opt/airflow/dags/countries_dag.py for tasks to queue
[2026-09-10T23:19:05.534+0000] {logging_mixin.py:190} INFO - [2026-09-10T23:19:05.534+0000] {dagbag.py:588} INFO - Filling up the DagBag from /opt/airflow/dags/countries_dag.py
[2026-09-10T23:19:08.697+0000] {logging_mixin.py:190} INFO - [2026-09-10T23:19:08.671+0000] {dagbag.py:387} ERROR - Failed to import: /opt/airflow/dags/countries_dag.py
Traceback (most recent call last):
  File "/home/airflow/.local/lib/python3.11/site-packages/airflow/models/dagbag.py", line 383, in parse
    loader.exec_module(new_module)
  File "<frozen importlib._bootstrap_external>", line 940, in exec_module
  File "<frozen importlib._bootstrap>", line 241, in _call_with_frames_removed
  File "/opt/airflow/dags/countries_dag.py", line 73, in <module>
    dbt_run = DockerOperator(
              ^^^^^^^^^^^^^^^
  File "/home/airflow/.local/lib/python3.11/site-packages/airflow/models/baseoperator.py", line 508, in apply_defaults
    result = func(self, **kwargs, default_args=default_args)
             ^^^^^^^^^^^^^^^^^^^^^^^^^^^^^^^^^^^^^^^^^^^^^^^
  File "/home/airflow/.local/lib/python3.11/site-packages/airflow/providers/docker/operators/docker.py", line 256, in __init__
    super().__init__(**kwargs)
  File "/home/airflow/.local/lib/python3.11/site-packages/airflow/models/baseoperator.py", line 508, in apply_defaults
    result = func(self, **kwargs, default_args=default_args)
             ^^^^^^^^^^^^^^^^^^^^^^^^^^^^^^^^^^^^^^^^^^^^^^^
  File "/home/airflow/.local/lib/python3.11/site-packages/airflow/models/baseoperator.py", line 959, in __init__
    raise AirflowException(
airflow.exceptions.AirflowException: Invalid arguments were passed to DockerOperator (task_id: dbt_run). Invalid arguments were:
**kwargs: {'volumes': ['../dbt:/usr/app', '../dbt/profiles:/root/.dbt']}
[2026-09-10T23:19:08.701+0000] {processor.py:927} WARNING - No viable dags retrieved from /opt/airflow/dags/countries_dag.py
[2026-09-10T23:19:08.759+0000] {processor.py:208} INFO - Processing /opt/airflow/dags/countries_dag.py took 3.248 seconds
[2026-09-10T23:19:38.946+0000] {processor.py:186} INFO - Started process (PID=1631) to work on /opt/airflow/dags/countries_dag.py
[2026-09-10T23:19:38.948+0000] {processor.py:914} INFO - Processing file /opt/airflow/dags/countries_dag.py for tasks to queue
[2026-09-10T23:19:38.953+0000] {logging_mixin.py:190} INFO - [2026-09-10T23:19:38.952+0000] {dagbag.py:588} INFO - Filling up the DagBag from /opt/airflow/dags/countries_dag.py
[2026-09-10T23:19:42.042+0000] {logging_mixin.py:190} INFO - [2026-09-10T23:19:42.013+0000] {dagbag.py:387} ERROR - Failed to import: /opt/airflow/dags/countries_dag.py
Traceback (most recent call last):
  File "/home/airflow/.local/lib/python3.11/site-packages/airflow/models/dagbag.py", line 383, in parse
    loader.exec_module(new_module)
  File "<frozen importlib._bootstrap_external>", line 940, in exec_module
  File "<frozen importlib._bootstrap>", line 241, in _call_with_frames_removed
  File "/opt/airflow/dags/countries_dag.py", line 73, in <module>
    dbt_run = DockerOperator(
              ^^^^^^^^^^^^^^^
  File "/home/airflow/.local/lib/python3.11/site-packages/airflow/models/baseoperator.py", line 508, in apply_defaults
    result = func(self, **kwargs, default_args=default_args)
             ^^^^^^^^^^^^^^^^^^^^^^^^^^^^^^^^^^^^^^^^^^^^^^^
  File "/home/airflow/.local/lib/python3.11/site-packages/airflow/providers/docker/operators/docker.py", line 256, in __init__
    super().__init__(**kwargs)
  File "/home/airflow/.local/lib/python3.11/site-packages/airflow/models/baseoperator.py", line 508, in apply_defaults
    result = func(self, **kwargs, default_args=default_args)
             ^^^^^^^^^^^^^^^^^^^^^^^^^^^^^^^^^^^^^^^^^^^^^^^
  File "/home/airflow/.local/lib/python3.11/site-packages/airflow/models/baseoperator.py", line 959, in __init__
    raise AirflowException(
airflow.exceptions.AirflowException: Invalid arguments were passed to DockerOperator (task_id: dbt_run). Invalid arguments were:
**kwargs: {'volumes': ['../dbt:/usr/app', '../dbt/profiles:/root/.dbt']}
[2026-09-10T23:19:42.045+0000] {processor.py:927} WARNING - No viable dags retrieved from /opt/airflow/dags/countries_dag.py
[2026-09-10T23:19:42.092+0000] {processor.py:208} INFO - Processing /opt/airflow/dags/countries_dag.py took 3.160 seconds
[2026-09-10T23:20:12.693+0000] {processor.py:186} INFO - Started process (PID=1638) to work on /opt/airflow/dags/countries_dag.py
[2026-09-10T23:20:12.694+0000] {processor.py:914} INFO - Processing file /opt/airflow/dags/countries_dag.py for tasks to queue
[2026-09-10T23:20:12.696+0000] {logging_mixin.py:190} INFO - [2026-09-10T23:20:12.696+0000] {dagbag.py:588} INFO - Filling up the DagBag from /opt/airflow/dags/countries_dag.py
[2026-09-10T23:20:14.973+0000] {logging_mixin.py:190} INFO - [2026-09-10T23:20:14.962+0000] {dagbag.py:387} ERROR - Failed to import: /opt/airflow/dags/countries_dag.py
Traceback (most recent call last):
  File "/home/airflow/.local/lib/python3.11/site-packages/airflow/models/dagbag.py", line 383, in parse
    loader.exec_module(new_module)
  File "<frozen importlib._bootstrap_external>", line 940, in exec_module
  File "<frozen importlib._bootstrap>", line 241, in _call_with_frames_removed
  File "/opt/airflow/dags/countries_dag.py", line 73, in <module>
    dbt_run = DockerOperator(
              ^^^^^^^^^^^^^^^
  File "/home/airflow/.local/lib/python3.11/site-packages/airflow/models/baseoperator.py", line 508, in apply_defaults
    result = func(self, **kwargs, default_args=default_args)
             ^^^^^^^^^^^^^^^^^^^^^^^^^^^^^^^^^^^^^^^^^^^^^^^
  File "/home/airflow/.local/lib/python3.11/site-packages/airflow/providers/docker/operators/docker.py", line 256, in __init__
    super().__init__(**kwargs)
  File "/home/airflow/.local/lib/python3.11/site-packages/airflow/models/baseoperator.py", line 508, in apply_defaults
    result = func(self, **kwargs, default_args=default_args)
             ^^^^^^^^^^^^^^^^^^^^^^^^^^^^^^^^^^^^^^^^^^^^^^^
  File "/home/airflow/.local/lib/python3.11/site-packages/airflow/models/baseoperator.py", line 959, in __init__
    raise AirflowException(
airflow.exceptions.AirflowException: Invalid arguments were passed to DockerOperator (task_id: dbt_run). Invalid arguments were:
**kwargs: {'volumes': ['../dbt:/usr/app', '../dbt/profiles:/root/.dbt']}
[2026-09-10T23:20:14.975+0000] {processor.py:927} WARNING - No viable dags retrieved from /opt/airflow/dags/countries_dag.py
[2026-09-10T23:20:15.003+0000] {processor.py:208} INFO - Processing /opt/airflow/dags/countries_dag.py took 2.320 seconds
[2026-09-10T23:20:45.136+0000] {processor.py:186} INFO - Started process (PID=1645) to work on /opt/airflow/dags/countries_dag.py
[2026-09-10T23:20:45.138+0000] {processor.py:914} INFO - Processing file /opt/airflow/dags/countries_dag.py for tasks to queue
[2026-09-10T23:20:45.142+0000] {logging_mixin.py:190} INFO - [2026-09-10T23:20:45.141+0000] {dagbag.py:588} INFO - Filling up the DagBag from /opt/airflow/dags/countries_dag.py
[2026-09-10T23:20:48.123+0000] {logging_mixin.py:190} INFO - [2026-09-10T23:20:48.105+0000] {dagbag.py:387} ERROR - Failed to import: /opt/airflow/dags/countries_dag.py
Traceback (most recent call last):
  File "/home/airflow/.local/lib/python3.11/site-packages/airflow/models/dagbag.py", line 383, in parse
    loader.exec_module(new_module)
  File "<frozen importlib._bootstrap_external>", line 940, in exec_module
  File "<frozen importlib._bootstrap>", line 241, in _call_with_frames_removed
  File "/opt/airflow/dags/countries_dag.py", line 73, in <module>
    dbt_run = DockerOperator(
              ^^^^^^^^^^^^^^^
  File "/home/airflow/.local/lib/python3.11/site-packages/airflow/models/baseoperator.py", line 508, in apply_defaults
    result = func(self, **kwargs, default_args=default_args)
             ^^^^^^^^^^^^^^^^^^^^^^^^^^^^^^^^^^^^^^^^^^^^^^^
  File "/home/airflow/.local/lib/python3.11/site-packages/airflow/providers/docker/operators/docker.py", line 256, in __init__
    super().__init__(**kwargs)
  File "/home/airflow/.local/lib/python3.11/site-packages/airflow/models/baseoperator.py", line 508, in apply_defaults
    result = func(self, **kwargs, default_args=default_args)
             ^^^^^^^^^^^^^^^^^^^^^^^^^^^^^^^^^^^^^^^^^^^^^^^
  File "/home/airflow/.local/lib/python3.11/site-packages/airflow/models/baseoperator.py", line 959, in __init__
    raise AirflowException(
airflow.exceptions.AirflowException: Invalid arguments were passed to DockerOperator (task_id: dbt_run). Invalid arguments were:
**kwargs: {'volumes': ['../dbt:/usr/app', '../dbt/profiles:/root/.dbt']}
[2026-09-10T23:20:48.127+0000] {processor.py:927} WARNING - No viable dags retrieved from /opt/airflow/dags/countries_dag.py
[2026-09-10T23:20:48.204+0000] {processor.py:208} INFO - Processing /opt/airflow/dags/countries_dag.py took 3.097 seconds
[2026-09-10T23:21:18.569+0000] {processor.py:186} INFO - Started process (PID=1652) to work on /opt/airflow/dags/countries_dag.py
[2026-09-10T23:21:18.573+0000] {processor.py:914} INFO - Processing file /opt/airflow/dags/countries_dag.py for tasks to queue
[2026-09-10T23:21:18.579+0000] {logging_mixin.py:190} INFO - [2026-09-10T23:21:18.578+0000] {dagbag.py:588} INFO - Filling up the DagBag from /opt/airflow/dags/countries_dag.py
[2026-09-10T23:21:21.047+0000] {logging_mixin.py:190} INFO - [2026-09-10T23:21:21.038+0000] {dagbag.py:387} ERROR - Failed to import: /opt/airflow/dags/countries_dag.py
Traceback (most recent call last):
  File "/home/airflow/.local/lib/python3.11/site-packages/airflow/models/dagbag.py", line 383, in parse
    loader.exec_module(new_module)
  File "<frozen importlib._bootstrap_external>", line 940, in exec_module
  File "<frozen importlib._bootstrap>", line 241, in _call_with_frames_removed
  File "/opt/airflow/dags/countries_dag.py", line 73, in <module>
    dbt_run = DockerOperator(
              ^^^^^^^^^^^^^^^
  File "/home/airflow/.local/lib/python3.11/site-packages/airflow/models/baseoperator.py", line 508, in apply_defaults
    result = func(self, **kwargs, default_args=default_args)
             ^^^^^^^^^^^^^^^^^^^^^^^^^^^^^^^^^^^^^^^^^^^^^^^
  File "/home/airflow/.local/lib/python3.11/site-packages/airflow/providers/docker/operators/docker.py", line 256, in __init__
    super().__init__(**kwargs)
  File "/home/airflow/.local/lib/python3.11/site-packages/airflow/models/baseoperator.py", line 508, in apply_defaults
    result = func(self, **kwargs, default_args=default_args)
             ^^^^^^^^^^^^^^^^^^^^^^^^^^^^^^^^^^^^^^^^^^^^^^^
  File "/home/airflow/.local/lib/python3.11/site-packages/airflow/models/baseoperator.py", line 959, in __init__
    raise AirflowException(
airflow.exceptions.AirflowException: Invalid arguments were passed to DockerOperator (task_id: dbt_run). Invalid arguments were:
**kwargs: {'volumes': ['../dbt:/usr/app', '../dbt/profiles:/root/.dbt']}
[2026-09-10T23:21:21.048+0000] {processor.py:927} WARNING - No viable dags retrieved from /opt/airflow/dags/countries_dag.py
[2026-09-10T23:21:21.088+0000] {processor.py:208} INFO - Processing /opt/airflow/dags/countries_dag.py took 2.533 seconds
[2026-09-10T23:21:51.463+0000] {processor.py:186} INFO - Started process (PID=1659) to work on /opt/airflow/dags/countries_dag.py
[2026-09-10T23:21:51.466+0000] {processor.py:914} INFO - Processing file /opt/airflow/dags/countries_dag.py for tasks to queue
[2026-09-10T23:21:51.469+0000] {logging_mixin.py:190} INFO - [2026-09-10T23:21:51.468+0000] {dagbag.py:588} INFO - Filling up the DagBag from /opt/airflow/dags/countries_dag.py
[2026-09-10T23:21:53.068+0000] {logging_mixin.py:190} INFO - [2026-09-10T23:21:53.055+0000] {dagbag.py:387} ERROR - Failed to import: /opt/airflow/dags/countries_dag.py
Traceback (most recent call last):
  File "/home/airflow/.local/lib/python3.11/site-packages/airflow/models/dagbag.py", line 383, in parse
    loader.exec_module(new_module)
  File "<frozen importlib._bootstrap_external>", line 940, in exec_module
  File "<frozen importlib._bootstrap>", line 241, in _call_with_frames_removed
  File "/opt/airflow/dags/countries_dag.py", line 73, in <module>
    dbt_run = DockerOperator(
              ^^^^^^^^^^^^^^^
  File "/home/airflow/.local/lib/python3.11/site-packages/airflow/models/baseoperator.py", line 508, in apply_defaults
    result = func(self, **kwargs, default_args=default_args)
             ^^^^^^^^^^^^^^^^^^^^^^^^^^^^^^^^^^^^^^^^^^^^^^^
  File "/home/airflow/.local/lib/python3.11/site-packages/airflow/providers/docker/operators/docker.py", line 256, in __init__
    super().__init__(**kwargs)
  File "/home/airflow/.local/lib/python3.11/site-packages/airflow/models/baseoperator.py", line 508, in apply_defaults
    result = func(self, **kwargs, default_args=default_args)
             ^^^^^^^^^^^^^^^^^^^^^^^^^^^^^^^^^^^^^^^^^^^^^^^
  File "/home/airflow/.local/lib/python3.11/site-packages/airflow/models/baseoperator.py", line 959, in __init__
    raise AirflowException(
airflow.exceptions.AirflowException: Invalid arguments were passed to DockerOperator (task_id: dbt_run). Invalid arguments were:
**kwargs: {'volumes': ['../dbt:/usr/app', '../dbt/profiles:/root/.dbt']}
[2026-09-10T23:21:53.070+0000] {processor.py:927} WARNING - No viable dags retrieved from /opt/airflow/dags/countries_dag.py
[2026-09-10T23:21:53.126+0000] {processor.py:208} INFO - Processing /opt/airflow/dags/countries_dag.py took 1.674 seconds
[2026-09-10T23:22:23.342+0000] {processor.py:186} INFO - Started process (PID=1666) to work on /opt/airflow/dags/countries_dag.py
[2026-09-10T23:22:23.345+0000] {processor.py:914} INFO - Processing file /opt/airflow/dags/countries_dag.py for tasks to queue
[2026-09-10T23:22:23.348+0000] {logging_mixin.py:190} INFO - [2026-09-10T23:22:23.347+0000] {dagbag.py:588} INFO - Filling up the DagBag from /opt/airflow/dags/countries_dag.py
[2026-09-10T23:22:25.438+0000] {logging_mixin.py:190} INFO - [2026-09-10T23:22:25.424+0000] {dagbag.py:387} ERROR - Failed to import: /opt/airflow/dags/countries_dag.py
Traceback (most recent call last):
  File "/home/airflow/.local/lib/python3.11/site-packages/airflow/models/dagbag.py", line 383, in parse
    loader.exec_module(new_module)
  File "<frozen importlib._bootstrap_external>", line 940, in exec_module
  File "<frozen importlib._bootstrap>", line 241, in _call_with_frames_removed
  File "/opt/airflow/dags/countries_dag.py", line 73, in <module>
    dbt_run = DockerOperator(
              ^^^^^^^^^^^^^^^
  File "/home/airflow/.local/lib/python3.11/site-packages/airflow/models/baseoperator.py", line 508, in apply_defaults
    result = func(self, **kwargs, default_args=default_args)
             ^^^^^^^^^^^^^^^^^^^^^^^^^^^^^^^^^^^^^^^^^^^^^^^
  File "/home/airflow/.local/lib/python3.11/site-packages/airflow/providers/docker/operators/docker.py", line 256, in __init__
    super().__init__(**kwargs)
  File "/home/airflow/.local/lib/python3.11/site-packages/airflow/models/baseoperator.py", line 508, in apply_defaults
    result = func(self, **kwargs, default_args=default_args)
             ^^^^^^^^^^^^^^^^^^^^^^^^^^^^^^^^^^^^^^^^^^^^^^^
  File "/home/airflow/.local/lib/python3.11/site-packages/airflow/models/baseoperator.py", line 959, in __init__
    raise AirflowException(
airflow.exceptions.AirflowException: Invalid arguments were passed to DockerOperator (task_id: dbt_run). Invalid arguments were:
**kwargs: {'volumes': ['../dbt:/usr/app', '../dbt/profiles:/root/.dbt']}
[2026-09-10T23:22:25.446+0000] {processor.py:927} WARNING - No viable dags retrieved from /opt/airflow/dags/countries_dag.py
[2026-09-10T23:22:25.535+0000] {processor.py:208} INFO - Processing /opt/airflow/dags/countries_dag.py took 2.209 seconds
[2026-09-10T23:22:55.893+0000] {processor.py:186} INFO - Started process (PID=1673) to work on /opt/airflow/dags/countries_dag.py
[2026-09-10T23:22:55.895+0000] {processor.py:914} INFO - Processing file /opt/airflow/dags/countries_dag.py for tasks to queue
[2026-09-10T23:22:55.898+0000] {logging_mixin.py:190} INFO - [2026-09-10T23:22:55.897+0000] {dagbag.py:588} INFO - Filling up the DagBag from /opt/airflow/dags/countries_dag.py
[2026-09-10T23:22:57.504+0000] {logging_mixin.py:190} INFO - [2026-09-10T23:22:57.491+0000] {dagbag.py:387} ERROR - Failed to import: /opt/airflow/dags/countries_dag.py
Traceback (most recent call last):
  File "/home/airflow/.local/lib/python3.11/site-packages/airflow/models/dagbag.py", line 383, in parse
    loader.exec_module(new_module)
  File "<frozen importlib._bootstrap_external>", line 940, in exec_module
  File "<frozen importlib._bootstrap>", line 241, in _call_with_frames_removed
  File "/opt/airflow/dags/countries_dag.py", line 73, in <module>
    dbt_run = DockerOperator(
              ^^^^^^^^^^^^^^^
  File "/home/airflow/.local/lib/python3.11/site-packages/airflow/models/baseoperator.py", line 508, in apply_defaults
    result = func(self, **kwargs, default_args=default_args)
             ^^^^^^^^^^^^^^^^^^^^^^^^^^^^^^^^^^^^^^^^^^^^^^^
  File "/home/airflow/.local/lib/python3.11/site-packages/airflow/providers/docker/operators/docker.py", line 256, in __init__
    super().__init__(**kwargs)
  File "/home/airflow/.local/lib/python3.11/site-packages/airflow/models/baseoperator.py", line 508, in apply_defaults
    result = func(self, **kwargs, default_args=default_args)
             ^^^^^^^^^^^^^^^^^^^^^^^^^^^^^^^^^^^^^^^^^^^^^^^
  File "/home/airflow/.local/lib/python3.11/site-packages/airflow/models/baseoperator.py", line 959, in __init__
    raise AirflowException(
airflow.exceptions.AirflowException: Invalid arguments were passed to DockerOperator (task_id: dbt_run). Invalid arguments were:
**kwargs: {'volumes': ['../dbt:/usr/app', '../dbt/profiles:/root/.dbt']}
[2026-09-10T23:22:57.506+0000] {processor.py:927} WARNING - No viable dags retrieved from /opt/airflow/dags/countries_dag.py
[2026-09-10T23:22:57.537+0000] {processor.py:208} INFO - Processing /opt/airflow/dags/countries_dag.py took 1.657 seconds
[2026-09-10T23:23:27.982+0000] {processor.py:186} INFO - Started process (PID=1680) to work on /opt/airflow/dags/countries_dag.py
[2026-09-10T23:23:27.984+0000] {processor.py:914} INFO - Processing file /opt/airflow/dags/countries_dag.py for tasks to queue
[2026-09-10T23:23:27.987+0000] {logging_mixin.py:190} INFO - [2026-09-10T23:23:27.986+0000] {dagbag.py:588} INFO - Filling up the DagBag from /opt/airflow/dags/countries_dag.py
[2026-09-10T23:23:30.552+0000] {logging_mixin.py:190} INFO - [2026-09-10T23:23:30.543+0000] {dagbag.py:387} ERROR - Failed to import: /opt/airflow/dags/countries_dag.py
Traceback (most recent call last):
  File "/home/airflow/.local/lib/python3.11/site-packages/airflow/models/dagbag.py", line 383, in parse
    loader.exec_module(new_module)
  File "<frozen importlib._bootstrap_external>", line 940, in exec_module
  File "<frozen importlib._bootstrap>", line 241, in _call_with_frames_removed
  File "/opt/airflow/dags/countries_dag.py", line 73, in <module>
    dbt_run = DockerOperator(
              ^^^^^^^^^^^^^^^
  File "/home/airflow/.local/lib/python3.11/site-packages/airflow/models/baseoperator.py", line 508, in apply_defaults
    result = func(self, **kwargs, default_args=default_args)
             ^^^^^^^^^^^^^^^^^^^^^^^^^^^^^^^^^^^^^^^^^^^^^^^
  File "/home/airflow/.local/lib/python3.11/site-packages/airflow/providers/docker/operators/docker.py", line 256, in __init__
    super().__init__(**kwargs)
  File "/home/airflow/.local/lib/python3.11/site-packages/airflow/models/baseoperator.py", line 508, in apply_defaults
    result = func(self, **kwargs, default_args=default_args)
             ^^^^^^^^^^^^^^^^^^^^^^^^^^^^^^^^^^^^^^^^^^^^^^^
  File "/home/airflow/.local/lib/python3.11/site-packages/airflow/models/baseoperator.py", line 959, in __init__
    raise AirflowException(
airflow.exceptions.AirflowException: Invalid arguments were passed to DockerOperator (task_id: dbt_run). Invalid arguments were:
**kwargs: {'volumes': ['../dbt:/usr/app', '../dbt/profiles:/root/.dbt']}
[2026-09-10T23:23:30.554+0000] {processor.py:927} WARNING - No viable dags retrieved from /opt/airflow/dags/countries_dag.py
[2026-09-10T23:23:30.595+0000] {processor.py:208} INFO - Processing /opt/airflow/dags/countries_dag.py took 2.627 seconds
[2026-09-10T23:24:01.007+0000] {processor.py:186} INFO - Started process (PID=1687) to work on /opt/airflow/dags/countries_dag.py
[2026-09-10T23:24:01.010+0000] {processor.py:914} INFO - Processing file /opt/airflow/dags/countries_dag.py for tasks to queue
[2026-09-10T23:24:01.014+0000] {logging_mixin.py:190} INFO - [2026-09-10T23:24:01.013+0000] {dagbag.py:588} INFO - Filling up the DagBag from /opt/airflow/dags/countries_dag.py
[2026-09-10T23:24:02.787+0000] {logging_mixin.py:190} INFO - [2026-09-10T23:24:02.779+0000] {dagbag.py:387} ERROR - Failed to import: /opt/airflow/dags/countries_dag.py
Traceback (most recent call last):
  File "/home/airflow/.local/lib/python3.11/site-packages/airflow/models/dagbag.py", line 383, in parse
    loader.exec_module(new_module)
  File "<frozen importlib._bootstrap_external>", line 940, in exec_module
  File "<frozen importlib._bootstrap>", line 241, in _call_with_frames_removed
  File "/opt/airflow/dags/countries_dag.py", line 73, in <module>
    dbt_run = DockerOperator(
              ^^^^^^^^^^^^^^^
  File "/home/airflow/.local/lib/python3.11/site-packages/airflow/models/baseoperator.py", line 508, in apply_defaults
    result = func(self, **kwargs, default_args=default_args)
             ^^^^^^^^^^^^^^^^^^^^^^^^^^^^^^^^^^^^^^^^^^^^^^^
  File "/home/airflow/.local/lib/python3.11/site-packages/airflow/providers/docker/operators/docker.py", line 256, in __init__
    super().__init__(**kwargs)
  File "/home/airflow/.local/lib/python3.11/site-packages/airflow/models/baseoperator.py", line 508, in apply_defaults
    result = func(self, **kwargs, default_args=default_args)
             ^^^^^^^^^^^^^^^^^^^^^^^^^^^^^^^^^^^^^^^^^^^^^^^
  File "/home/airflow/.local/lib/python3.11/site-packages/airflow/models/baseoperator.py", line 959, in __init__
    raise AirflowException(
airflow.exceptions.AirflowException: Invalid arguments were passed to DockerOperator (task_id: dbt_run). Invalid arguments were:
**kwargs: {'volumes': ['../dbt:/usr/app', '../dbt/profiles:/root/.dbt']}
[2026-09-10T23:24:02.789+0000] {processor.py:927} WARNING - No viable dags retrieved from /opt/airflow/dags/countries_dag.py
[2026-09-10T23:24:02.823+0000] {processor.py:208} INFO - Processing /opt/airflow/dags/countries_dag.py took 1.826 seconds
[2026-09-10T23:24:32.990+0000] {processor.py:186} INFO - Started process (PID=1694) to work on /opt/airflow/dags/countries_dag.py
[2026-09-10T23:24:32.991+0000] {processor.py:914} INFO - Processing file /opt/airflow/dags/countries_dag.py for tasks to queue
[2026-09-10T23:24:32.995+0000] {logging_mixin.py:190} INFO - [2026-09-10T23:24:32.994+0000] {dagbag.py:588} INFO - Filling up the DagBag from /opt/airflow/dags/countries_dag.py
[2026-09-10T23:24:34.907+0000] {logging_mixin.py:190} INFO - [2026-09-10T23:24:34.897+0000] {dagbag.py:387} ERROR - Failed to import: /opt/airflow/dags/countries_dag.py
Traceback (most recent call last):
  File "/home/airflow/.local/lib/python3.11/site-packages/airflow/models/dagbag.py", line 383, in parse
    loader.exec_module(new_module)
  File "<frozen importlib._bootstrap_external>", line 940, in exec_module
  File "<frozen importlib._bootstrap>", line 241, in _call_with_frames_removed
  File "/opt/airflow/dags/countries_dag.py", line 73, in <module>
    dbt_run = DockerOperator(
              ^^^^^^^^^^^^^^^
  File "/home/airflow/.local/lib/python3.11/site-packages/airflow/models/baseoperator.py", line 508, in apply_defaults
    result = func(self, **kwargs, default_args=default_args)
             ^^^^^^^^^^^^^^^^^^^^^^^^^^^^^^^^^^^^^^^^^^^^^^^
  File "/home/airflow/.local/lib/python3.11/site-packages/airflow/providers/docker/operators/docker.py", line 256, in __init__
    super().__init__(**kwargs)
  File "/home/airflow/.local/lib/python3.11/site-packages/airflow/models/baseoperator.py", line 508, in apply_defaults
    result = func(self, **kwargs, default_args=default_args)
             ^^^^^^^^^^^^^^^^^^^^^^^^^^^^^^^^^^^^^^^^^^^^^^^
  File "/home/airflow/.local/lib/python3.11/site-packages/airflow/models/baseoperator.py", line 959, in __init__
    raise AirflowException(
airflow.exceptions.AirflowException: Invalid arguments were passed to DockerOperator (task_id: dbt_run). Invalid arguments were:
**kwargs: {'volumes': ['../dbt:/usr/app', '../dbt/profiles:/root/.dbt']}
[2026-09-10T23:24:34.908+0000] {processor.py:927} WARNING - No viable dags retrieved from /opt/airflow/dags/countries_dag.py
[2026-09-10T23:24:34.946+0000] {processor.py:208} INFO - Processing /opt/airflow/dags/countries_dag.py took 1.968 seconds
[2026-09-10T23:25:05.595+0000] {processor.py:186} INFO - Started process (PID=1701) to work on /opt/airflow/dags/countries_dag.py
[2026-09-10T23:25:05.602+0000] {processor.py:914} INFO - Processing file /opt/airflow/dags/countries_dag.py for tasks to queue
[2026-09-10T23:25:05.611+0000] {logging_mixin.py:190} INFO - [2026-09-10T23:25:05.610+0000] {dagbag.py:588} INFO - Filling up the DagBag from /opt/airflow/dags/countries_dag.py
[2026-09-10T23:25:07.550+0000] {logging_mixin.py:190} INFO - [2026-09-10T23:25:07.541+0000] {dagbag.py:387} ERROR - Failed to import: /opt/airflow/dags/countries_dag.py
Traceback (most recent call last):
  File "/home/airflow/.local/lib/python3.11/site-packages/airflow/models/dagbag.py", line 383, in parse
    loader.exec_module(new_module)
  File "<frozen importlib._bootstrap_external>", line 940, in exec_module
  File "<frozen importlib._bootstrap>", line 241, in _call_with_frames_removed
  File "/opt/airflow/dags/countries_dag.py", line 73, in <module>
    dbt_run = DockerOperator(
              ^^^^^^^^^^^^^^^
  File "/home/airflow/.local/lib/python3.11/site-packages/airflow/models/baseoperator.py", line 508, in apply_defaults
    result = func(self, **kwargs, default_args=default_args)
             ^^^^^^^^^^^^^^^^^^^^^^^^^^^^^^^^^^^^^^^^^^^^^^^
  File "/home/airflow/.local/lib/python3.11/site-packages/airflow/providers/docker/operators/docker.py", line 256, in __init__
    super().__init__(**kwargs)
  File "/home/airflow/.local/lib/python3.11/site-packages/airflow/models/baseoperator.py", line 508, in apply_defaults
    result = func(self, **kwargs, default_args=default_args)
             ^^^^^^^^^^^^^^^^^^^^^^^^^^^^^^^^^^^^^^^^^^^^^^^
  File "/home/airflow/.local/lib/python3.11/site-packages/airflow/models/baseoperator.py", line 959, in __init__
    raise AirflowException(
airflow.exceptions.AirflowException: Invalid arguments were passed to DockerOperator (task_id: dbt_run). Invalid arguments were:
**kwargs: {'volumes': ['../dbt:/usr/app', '../dbt/profiles:/root/.dbt']}
[2026-09-10T23:25:07.553+0000] {processor.py:927} WARNING - No viable dags retrieved from /opt/airflow/dags/countries_dag.py
[2026-09-10T23:25:07.602+0000] {processor.py:208} INFO - Processing /opt/airflow/dags/countries_dag.py took 2.031 seconds
[2026-09-10T23:25:38.025+0000] {processor.py:186} INFO - Started process (PID=1708) to work on /opt/airflow/dags/countries_dag.py
[2026-09-10T23:25:38.029+0000] {processor.py:914} INFO - Processing file /opt/airflow/dags/countries_dag.py for tasks to queue
[2026-09-10T23:25:38.033+0000] {logging_mixin.py:190} INFO - [2026-09-10T23:25:38.032+0000] {dagbag.py:588} INFO - Filling up the DagBag from /opt/airflow/dags/countries_dag.py
[2026-09-10T23:25:40.414+0000] {logging_mixin.py:190} INFO - [2026-09-10T23:25:40.399+0000] {dagbag.py:387} ERROR - Failed to import: /opt/airflow/dags/countries_dag.py
Traceback (most recent call last):
  File "/home/airflow/.local/lib/python3.11/site-packages/airflow/models/dagbag.py", line 383, in parse
    loader.exec_module(new_module)
  File "<frozen importlib._bootstrap_external>", line 940, in exec_module
  File "<frozen importlib._bootstrap>", line 241, in _call_with_frames_removed
  File "/opt/airflow/dags/countries_dag.py", line 73, in <module>
    dbt_run = DockerOperator(
              ^^^^^^^^^^^^^^^
  File "/home/airflow/.local/lib/python3.11/site-packages/airflow/models/baseoperator.py", line 508, in apply_defaults
    result = func(self, **kwargs, default_args=default_args)
             ^^^^^^^^^^^^^^^^^^^^^^^^^^^^^^^^^^^^^^^^^^^^^^^
  File "/home/airflow/.local/lib/python3.11/site-packages/airflow/providers/docker/operators/docker.py", line 256, in __init__
    super().__init__(**kwargs)
  File "/home/airflow/.local/lib/python3.11/site-packages/airflow/models/baseoperator.py", line 508, in apply_defaults
    result = func(self, **kwargs, default_args=default_args)
             ^^^^^^^^^^^^^^^^^^^^^^^^^^^^^^^^^^^^^^^^^^^^^^^
  File "/home/airflow/.local/lib/python3.11/site-packages/airflow/models/baseoperator.py", line 959, in __init__
    raise AirflowException(
airflow.exceptions.AirflowException: Invalid arguments were passed to DockerOperator (task_id: dbt_run). Invalid arguments were:
**kwargs: {'volumes': ['../dbt:/usr/app', '../dbt/profiles:/root/.dbt']}
[2026-09-10T23:25:40.416+0000] {processor.py:927} WARNING - No viable dags retrieved from /opt/airflow/dags/countries_dag.py
[2026-09-10T23:25:40.473+0000] {processor.py:208} INFO - Processing /opt/airflow/dags/countries_dag.py took 2.457 seconds
[2026-09-10T23:26:10.953+0000] {processor.py:186} INFO - Started process (PID=1715) to work on /opt/airflow/dags/countries_dag.py
[2026-09-10T23:26:10.956+0000] {processor.py:914} INFO - Processing file /opt/airflow/dags/countries_dag.py for tasks to queue
[2026-09-10T23:26:10.960+0000] {logging_mixin.py:190} INFO - [2026-09-10T23:26:10.959+0000] {dagbag.py:588} INFO - Filling up the DagBag from /opt/airflow/dags/countries_dag.py
[2026-09-10T23:26:12.918+0000] {logging_mixin.py:190} INFO - [2026-09-10T23:26:12.911+0000] {dagbag.py:387} ERROR - Failed to import: /opt/airflow/dags/countries_dag.py
Traceback (most recent call last):
  File "/home/airflow/.local/lib/python3.11/site-packages/airflow/models/dagbag.py", line 383, in parse
    loader.exec_module(new_module)
  File "<frozen importlib._bootstrap_external>", line 940, in exec_module
  File "<frozen importlib._bootstrap>", line 241, in _call_with_frames_removed
  File "/opt/airflow/dags/countries_dag.py", line 73, in <module>
    dbt_run = DockerOperator(
              ^^^^^^^^^^^^^^^
  File "/home/airflow/.local/lib/python3.11/site-packages/airflow/models/baseoperator.py", line 508, in apply_defaults
    result = func(self, **kwargs, default_args=default_args)
             ^^^^^^^^^^^^^^^^^^^^^^^^^^^^^^^^^^^^^^^^^^^^^^^
  File "/home/airflow/.local/lib/python3.11/site-packages/airflow/providers/docker/operators/docker.py", line 256, in __init__
    super().__init__(**kwargs)
  File "/home/airflow/.local/lib/python3.11/site-packages/airflow/models/baseoperator.py", line 508, in apply_defaults
    result = func(self, **kwargs, default_args=default_args)
             ^^^^^^^^^^^^^^^^^^^^^^^^^^^^^^^^^^^^^^^^^^^^^^^
  File "/home/airflow/.local/lib/python3.11/site-packages/airflow/models/baseoperator.py", line 959, in __init__
    raise AirflowException(
airflow.exceptions.AirflowException: Invalid arguments were passed to DockerOperator (task_id: dbt_run). Invalid arguments were:
**kwargs: {'volumes': ['../dbt:/usr/app', '../dbt/profiles:/root/.dbt']}
[2026-09-10T23:26:12.920+0000] {processor.py:927} WARNING - No viable dags retrieved from /opt/airflow/dags/countries_dag.py
[2026-09-10T23:26:12.948+0000] {processor.py:208} INFO - Processing /opt/airflow/dags/countries_dag.py took 2.015 seconds
[2026-09-10T23:26:43.383+0000] {processor.py:186} INFO - Started process (PID=1722) to work on /opt/airflow/dags/countries_dag.py
[2026-09-10T23:26:43.386+0000] {processor.py:914} INFO - Processing file /opt/airflow/dags/countries_dag.py for tasks to queue
[2026-09-10T23:26:43.389+0000] {logging_mixin.py:190} INFO - [2026-09-10T23:26:43.389+0000] {dagbag.py:588} INFO - Filling up the DagBag from /opt/airflow/dags/countries_dag.py
[2026-09-10T23:26:45.446+0000] {logging_mixin.py:190} INFO - [2026-09-10T23:26:45.432+0000] {dagbag.py:387} ERROR - Failed to import: /opt/airflow/dags/countries_dag.py
Traceback (most recent call last):
  File "/home/airflow/.local/lib/python3.11/site-packages/airflow/models/dagbag.py", line 383, in parse
    loader.exec_module(new_module)
  File "<frozen importlib._bootstrap_external>", line 940, in exec_module
  File "<frozen importlib._bootstrap>", line 241, in _call_with_frames_removed
  File "/opt/airflow/dags/countries_dag.py", line 73, in <module>
    dbt_run = DockerOperator(
              ^^^^^^^^^^^^^^^
  File "/home/airflow/.local/lib/python3.11/site-packages/airflow/models/baseoperator.py", line 508, in apply_defaults
    result = func(self, **kwargs, default_args=default_args)
             ^^^^^^^^^^^^^^^^^^^^^^^^^^^^^^^^^^^^^^^^^^^^^^^
  File "/home/airflow/.local/lib/python3.11/site-packages/airflow/providers/docker/operators/docker.py", line 256, in __init__
    super().__init__(**kwargs)
  File "/home/airflow/.local/lib/python3.11/site-packages/airflow/models/baseoperator.py", line 508, in apply_defaults
    result = func(self, **kwargs, default_args=default_args)
             ^^^^^^^^^^^^^^^^^^^^^^^^^^^^^^^^^^^^^^^^^^^^^^^
  File "/home/airflow/.local/lib/python3.11/site-packages/airflow/models/baseoperator.py", line 959, in __init__
    raise AirflowException(
airflow.exceptions.AirflowException: Invalid arguments were passed to DockerOperator (task_id: dbt_run). Invalid arguments were:
**kwargs: {'volumes': ['../dbt:/usr/app', '../dbt/profiles:/root/.dbt']}
[2026-09-10T23:26:45.448+0000] {processor.py:927} WARNING - No viable dags retrieved from /opt/airflow/dags/countries_dag.py
[2026-09-10T23:26:45.491+0000] {processor.py:208} INFO - Processing /opt/airflow/dags/countries_dag.py took 2.133 seconds
[2026-09-10T23:27:15.829+0000] {processor.py:186} INFO - Started process (PID=1729) to work on /opt/airflow/dags/countries_dag.py
[2026-09-10T23:27:15.832+0000] {processor.py:914} INFO - Processing file /opt/airflow/dags/countries_dag.py for tasks to queue
[2026-09-10T23:27:15.838+0000] {logging_mixin.py:190} INFO - [2026-09-10T23:27:15.837+0000] {dagbag.py:588} INFO - Filling up the DagBag from /opt/airflow/dags/countries_dag.py
[2026-09-10T23:27:17.896+0000] {logging_mixin.py:190} INFO - [2026-09-10T23:27:17.884+0000] {dagbag.py:387} ERROR - Failed to import: /opt/airflow/dags/countries_dag.py
Traceback (most recent call last):
  File "/home/airflow/.local/lib/python3.11/site-packages/airflow/models/dagbag.py", line 383, in parse
    loader.exec_module(new_module)
  File "<frozen importlib._bootstrap_external>", line 940, in exec_module
  File "<frozen importlib._bootstrap>", line 241, in _call_with_frames_removed
  File "/opt/airflow/dags/countries_dag.py", line 73, in <module>
    dbt_run = DockerOperator(
              ^^^^^^^^^^^^^^^
  File "/home/airflow/.local/lib/python3.11/site-packages/airflow/models/baseoperator.py", line 508, in apply_defaults
    result = func(self, **kwargs, default_args=default_args)
             ^^^^^^^^^^^^^^^^^^^^^^^^^^^^^^^^^^^^^^^^^^^^^^^
  File "/home/airflow/.local/lib/python3.11/site-packages/airflow/providers/docker/operators/docker.py", line 256, in __init__
    super().__init__(**kwargs)
  File "/home/airflow/.local/lib/python3.11/site-packages/airflow/models/baseoperator.py", line 508, in apply_defaults
    result = func(self, **kwargs, default_args=default_args)
             ^^^^^^^^^^^^^^^^^^^^^^^^^^^^^^^^^^^^^^^^^^^^^^^
  File "/home/airflow/.local/lib/python3.11/site-packages/airflow/models/baseoperator.py", line 959, in __init__
    raise AirflowException(
airflow.exceptions.AirflowException: Invalid arguments were passed to DockerOperator (task_id: dbt_run). Invalid arguments were:
**kwargs: {'volumes': ['../dbt:/usr/app', '../dbt/profiles:/root/.dbt']}
[2026-09-10T23:27:17.898+0000] {processor.py:927} WARNING - No viable dags retrieved from /opt/airflow/dags/countries_dag.py
[2026-09-10T23:27:17.941+0000] {processor.py:208} INFO - Processing /opt/airflow/dags/countries_dag.py took 2.134 seconds
[2026-09-10T23:27:48.342+0000] {processor.py:186} INFO - Started process (PID=1736) to work on /opt/airflow/dags/countries_dag.py
[2026-09-10T23:27:48.355+0000] {processor.py:914} INFO - Processing file /opt/airflow/dags/countries_dag.py for tasks to queue
[2026-09-10T23:27:48.360+0000] {logging_mixin.py:190} INFO - [2026-09-10T23:27:48.360+0000] {dagbag.py:588} INFO - Filling up the DagBag from /opt/airflow/dags/countries_dag.py
[2026-09-10T23:27:51.415+0000] {logging_mixin.py:190} INFO - [2026-09-10T23:27:51.406+0000] {dagbag.py:387} ERROR - Failed to import: /opt/airflow/dags/countries_dag.py
Traceback (most recent call last):
  File "/home/airflow/.local/lib/python3.11/site-packages/airflow/models/dagbag.py", line 383, in parse
    loader.exec_module(new_module)
  File "<frozen importlib._bootstrap_external>", line 940, in exec_module
  File "<frozen importlib._bootstrap>", line 241, in _call_with_frames_removed
  File "/opt/airflow/dags/countries_dag.py", line 73, in <module>
    dbt_run = DockerOperator(
              ^^^^^^^^^^^^^^^
  File "/home/airflow/.local/lib/python3.11/site-packages/airflow/models/baseoperator.py", line 508, in apply_defaults
    result = func(self, **kwargs, default_args=default_args)
             ^^^^^^^^^^^^^^^^^^^^^^^^^^^^^^^^^^^^^^^^^^^^^^^
  File "/home/airflow/.local/lib/python3.11/site-packages/airflow/providers/docker/operators/docker.py", line 256, in __init__
    super().__init__(**kwargs)
  File "/home/airflow/.local/lib/python3.11/site-packages/airflow/models/baseoperator.py", line 508, in apply_defaults
    result = func(self, **kwargs, default_args=default_args)
             ^^^^^^^^^^^^^^^^^^^^^^^^^^^^^^^^^^^^^^^^^^^^^^^
  File "/home/airflow/.local/lib/python3.11/site-packages/airflow/models/baseoperator.py", line 959, in __init__
    raise AirflowException(
airflow.exceptions.AirflowException: Invalid arguments were passed to DockerOperator (task_id: dbt_run). Invalid arguments were:
**kwargs: {'volumes': ['../dbt:/usr/app', '../dbt/profiles:/root/.dbt']}
[2026-09-10T23:27:51.417+0000] {processor.py:927} WARNING - No viable dags retrieved from /opt/airflow/dags/countries_dag.py
[2026-09-10T23:27:51.464+0000] {processor.py:208} INFO - Processing /opt/airflow/dags/countries_dag.py took 3.149 seconds
[2026-09-10T23:28:21.884+0000] {processor.py:186} INFO - Started process (PID=1743) to work on /opt/airflow/dags/countries_dag.py
[2026-09-10T23:28:21.889+0000] {processor.py:914} INFO - Processing file /opt/airflow/dags/countries_dag.py for tasks to queue
[2026-09-10T23:28:21.892+0000] {logging_mixin.py:190} INFO - [2026-09-10T23:28:21.891+0000] {dagbag.py:588} INFO - Filling up the DagBag from /opt/airflow/dags/countries_dag.py
[2026-09-10T23:28:23.656+0000] {logging_mixin.py:190} INFO - [2026-09-10T23:28:23.648+0000] {dagbag.py:387} ERROR - Failed to import: /opt/airflow/dags/countries_dag.py
Traceback (most recent call last):
  File "/home/airflow/.local/lib/python3.11/site-packages/airflow/models/dagbag.py", line 383, in parse
    loader.exec_module(new_module)
  File "<frozen importlib._bootstrap_external>", line 940, in exec_module
  File "<frozen importlib._bootstrap>", line 241, in _call_with_frames_removed
  File "/opt/airflow/dags/countries_dag.py", line 73, in <module>
    dbt_run = DockerOperator(
              ^^^^^^^^^^^^^^^
  File "/home/airflow/.local/lib/python3.11/site-packages/airflow/models/baseoperator.py", line 508, in apply_defaults
    result = func(self, **kwargs, default_args=default_args)
             ^^^^^^^^^^^^^^^^^^^^^^^^^^^^^^^^^^^^^^^^^^^^^^^
  File "/home/airflow/.local/lib/python3.11/site-packages/airflow/providers/docker/operators/docker.py", line 256, in __init__
    super().__init__(**kwargs)
  File "/home/airflow/.local/lib/python3.11/site-packages/airflow/models/baseoperator.py", line 508, in apply_defaults
    result = func(self, **kwargs, default_args=default_args)
             ^^^^^^^^^^^^^^^^^^^^^^^^^^^^^^^^^^^^^^^^^^^^^^^
  File "/home/airflow/.local/lib/python3.11/site-packages/airflow/models/baseoperator.py", line 959, in __init__
    raise AirflowException(
airflow.exceptions.AirflowException: Invalid arguments were passed to DockerOperator (task_id: dbt_run). Invalid arguments were:
**kwargs: {'volumes': ['../dbt:/usr/app', '../dbt/profiles:/root/.dbt']}
[2026-09-10T23:28:23.658+0000] {processor.py:927} WARNING - No viable dags retrieved from /opt/airflow/dags/countries_dag.py
[2026-09-10T23:28:23.695+0000] {processor.py:208} INFO - Processing /opt/airflow/dags/countries_dag.py took 1.826 seconds
[2026-09-10T23:28:54.063+0000] {processor.py:186} INFO - Started process (PID=1750) to work on /opt/airflow/dags/countries_dag.py
[2026-09-10T23:28:54.065+0000] {processor.py:914} INFO - Processing file /opt/airflow/dags/countries_dag.py for tasks to queue
[2026-09-10T23:28:54.069+0000] {logging_mixin.py:190} INFO - [2026-09-10T23:28:54.068+0000] {dagbag.py:588} INFO - Filling up the DagBag from /opt/airflow/dags/countries_dag.py
[2026-09-10T23:28:55.841+0000] {logging_mixin.py:190} INFO - [2026-09-10T23:28:55.819+0000] {dagbag.py:387} ERROR - Failed to import: /opt/airflow/dags/countries_dag.py
Traceback (most recent call last):
  File "/home/airflow/.local/lib/python3.11/site-packages/airflow/models/dagbag.py", line 383, in parse
    loader.exec_module(new_module)
  File "<frozen importlib._bootstrap_external>", line 940, in exec_module
  File "<frozen importlib._bootstrap>", line 241, in _call_with_frames_removed
  File "/opt/airflow/dags/countries_dag.py", line 73, in <module>
    dbt_run = DockerOperator(
              ^^^^^^^^^^^^^^^
  File "/home/airflow/.local/lib/python3.11/site-packages/airflow/models/baseoperator.py", line 508, in apply_defaults
    result = func(self, **kwargs, default_args=default_args)
             ^^^^^^^^^^^^^^^^^^^^^^^^^^^^^^^^^^^^^^^^^^^^^^^
  File "/home/airflow/.local/lib/python3.11/site-packages/airflow/providers/docker/operators/docker.py", line 256, in __init__
    super().__init__(**kwargs)
  File "/home/airflow/.local/lib/python3.11/site-packages/airflow/models/baseoperator.py", line 508, in apply_defaults
    result = func(self, **kwargs, default_args=default_args)
             ^^^^^^^^^^^^^^^^^^^^^^^^^^^^^^^^^^^^^^^^^^^^^^^
  File "/home/airflow/.local/lib/python3.11/site-packages/airflow/models/baseoperator.py", line 959, in __init__
    raise AirflowException(
airflow.exceptions.AirflowException: Invalid arguments were passed to DockerOperator (task_id: dbt_run). Invalid arguments were:
**kwargs: {'volumes': ['../dbt:/usr/app', '../dbt/profiles:/root/.dbt']}
[2026-09-10T23:28:55.844+0000] {processor.py:927} WARNING - No viable dags retrieved from /opt/airflow/dags/countries_dag.py
[2026-09-10T23:28:55.891+0000] {processor.py:208} INFO - Processing /opt/airflow/dags/countries_dag.py took 1.842 seconds
[2026-09-10T23:29:26.283+0000] {processor.py:186} INFO - Started process (PID=1757) to work on /opt/airflow/dags/countries_dag.py
[2026-09-10T23:29:26.285+0000] {processor.py:914} INFO - Processing file /opt/airflow/dags/countries_dag.py for tasks to queue
[2026-09-10T23:29:26.287+0000] {logging_mixin.py:190} INFO - [2026-09-10T23:29:26.287+0000] {dagbag.py:588} INFO - Filling up the DagBag from /opt/airflow/dags/countries_dag.py
[2026-09-10T23:29:27.867+0000] {logging_mixin.py:190} INFO - [2026-09-10T23:29:27.849+0000] {dagbag.py:387} ERROR - Failed to import: /opt/airflow/dags/countries_dag.py
Traceback (most recent call last):
  File "/home/airflow/.local/lib/python3.11/site-packages/airflow/models/dagbag.py", line 383, in parse
    loader.exec_module(new_module)
  File "<frozen importlib._bootstrap_external>", line 940, in exec_module
  File "<frozen importlib._bootstrap>", line 241, in _call_with_frames_removed
  File "/opt/airflow/dags/countries_dag.py", line 73, in <module>
    dbt_run = DockerOperator(
              ^^^^^^^^^^^^^^^
  File "/home/airflow/.local/lib/python3.11/site-packages/airflow/models/baseoperator.py", line 508, in apply_defaults
    result = func(self, **kwargs, default_args=default_args)
             ^^^^^^^^^^^^^^^^^^^^^^^^^^^^^^^^^^^^^^^^^^^^^^^
  File "/home/airflow/.local/lib/python3.11/site-packages/airflow/providers/docker/operators/docker.py", line 256, in __init__
    super().__init__(**kwargs)
  File "/home/airflow/.local/lib/python3.11/site-packages/airflow/models/baseoperator.py", line 508, in apply_defaults
    result = func(self, **kwargs, default_args=default_args)
             ^^^^^^^^^^^^^^^^^^^^^^^^^^^^^^^^^^^^^^^^^^^^^^^
  File "/home/airflow/.local/lib/python3.11/site-packages/airflow/models/baseoperator.py", line 959, in __init__
    raise AirflowException(
airflow.exceptions.AirflowException: Invalid arguments were passed to DockerOperator (task_id: dbt_run). Invalid arguments were:
**kwargs: {'volumes': ['../dbt:/usr/app', '../dbt/profiles:/root/.dbt']}
[2026-09-10T23:29:27.869+0000] {processor.py:927} WARNING - No viable dags retrieved from /opt/airflow/dags/countries_dag.py
[2026-09-10T23:29:27.903+0000] {processor.py:208} INFO - Processing /opt/airflow/dags/countries_dag.py took 1.631 seconds
[2026-09-10T23:29:58.004+0000] {processor.py:186} INFO - Started process (PID=1764) to work on /opt/airflow/dags/countries_dag.py
[2026-09-10T23:29:58.006+0000] {processor.py:914} INFO - Processing file /opt/airflow/dags/countries_dag.py for tasks to queue
[2026-09-10T23:29:58.008+0000] {logging_mixin.py:190} INFO - [2026-09-10T23:29:58.007+0000] {dagbag.py:588} INFO - Filling up the DagBag from /opt/airflow/dags/countries_dag.py
[2026-09-10T23:30:01.302+0000] {logging_mixin.py:190} INFO - [2026-09-10T23:30:01.266+0000] {dagbag.py:387} ERROR - Failed to import: /opt/airflow/dags/countries_dag.py
Traceback (most recent call last):
  File "/home/airflow/.local/lib/python3.11/site-packages/airflow/models/dagbag.py", line 383, in parse
    loader.exec_module(new_module)
  File "<frozen importlib._bootstrap_external>", line 940, in exec_module
  File "<frozen importlib._bootstrap>", line 241, in _call_with_frames_removed
  File "/opt/airflow/dags/countries_dag.py", line 73, in <module>
    dbt_run = DockerOperator(
              ^^^^^^^^^^^^^^^
  File "/home/airflow/.local/lib/python3.11/site-packages/airflow/models/baseoperator.py", line 508, in apply_defaults
    result = func(self, **kwargs, default_args=default_args)
             ^^^^^^^^^^^^^^^^^^^^^^^^^^^^^^^^^^^^^^^^^^^^^^^
  File "/home/airflow/.local/lib/python3.11/site-packages/airflow/providers/docker/operators/docker.py", line 256, in __init__
    super().__init__(**kwargs)
  File "/home/airflow/.local/lib/python3.11/site-packages/airflow/models/baseoperator.py", line 508, in apply_defaults
    result = func(self, **kwargs, default_args=default_args)
             ^^^^^^^^^^^^^^^^^^^^^^^^^^^^^^^^^^^^^^^^^^^^^^^
  File "/home/airflow/.local/lib/python3.11/site-packages/airflow/models/baseoperator.py", line 959, in __init__
    raise AirflowException(
airflow.exceptions.AirflowException: Invalid arguments were passed to DockerOperator (task_id: dbt_run). Invalid arguments were:
**kwargs: {'volumes': ['../dbt:/usr/app', '../dbt/profiles:/root/.dbt']}
[2026-09-10T23:30:01.309+0000] {processor.py:927} WARNING - No viable dags retrieved from /opt/airflow/dags/countries_dag.py
[2026-09-10T23:30:01.403+0000] {processor.py:208} INFO - Processing /opt/airflow/dags/countries_dag.py took 3.408 seconds
[2026-09-10T23:30:31.665+0000] {processor.py:186} INFO - Started process (PID=1771) to work on /opt/airflow/dags/countries_dag.py
[2026-09-10T23:30:31.666+0000] {processor.py:914} INFO - Processing file /opt/airflow/dags/countries_dag.py for tasks to queue
[2026-09-10T23:30:31.670+0000] {logging_mixin.py:190} INFO - [2026-09-10T23:30:31.669+0000] {dagbag.py:588} INFO - Filling up the DagBag from /opt/airflow/dags/countries_dag.py
[2026-09-10T23:30:33.321+0000] {logging_mixin.py:190} INFO - [2026-09-10T23:30:33.311+0000] {dagbag.py:387} ERROR - Failed to import: /opt/airflow/dags/countries_dag.py
Traceback (most recent call last):
  File "/home/airflow/.local/lib/python3.11/site-packages/airflow/models/dagbag.py", line 383, in parse
    loader.exec_module(new_module)
  File "<frozen importlib._bootstrap_external>", line 940, in exec_module
  File "<frozen importlib._bootstrap>", line 241, in _call_with_frames_removed
  File "/opt/airflow/dags/countries_dag.py", line 73, in <module>
    dbt_run = DockerOperator(
              ^^^^^^^^^^^^^^^
  File "/home/airflow/.local/lib/python3.11/site-packages/airflow/models/baseoperator.py", line 508, in apply_defaults
    result = func(self, **kwargs, default_args=default_args)
             ^^^^^^^^^^^^^^^^^^^^^^^^^^^^^^^^^^^^^^^^^^^^^^^
  File "/home/airflow/.local/lib/python3.11/site-packages/airflow/providers/docker/operators/docker.py", line 256, in __init__
    super().__init__(**kwargs)
  File "/home/airflow/.local/lib/python3.11/site-packages/airflow/models/baseoperator.py", line 508, in apply_defaults
    result = func(self, **kwargs, default_args=default_args)
             ^^^^^^^^^^^^^^^^^^^^^^^^^^^^^^^^^^^^^^^^^^^^^^^
  File "/home/airflow/.local/lib/python3.11/site-packages/airflow/models/baseoperator.py", line 959, in __init__
    raise AirflowException(
airflow.exceptions.AirflowException: Invalid arguments were passed to DockerOperator (task_id: dbt_run). Invalid arguments were:
**kwargs: {'volumes': ['../dbt:/usr/app', '../dbt/profiles:/root/.dbt']}
[2026-09-10T23:30:33.323+0000] {processor.py:927} WARNING - No viable dags retrieved from /opt/airflow/dags/countries_dag.py
[2026-09-10T23:30:33.376+0000] {processor.py:208} INFO - Processing /opt/airflow/dags/countries_dag.py took 1.721 seconds
[2026-09-10T23:31:03.967+0000] {processor.py:186} INFO - Started process (PID=1778) to work on /opt/airflow/dags/countries_dag.py
[2026-09-10T23:31:03.969+0000] {processor.py:914} INFO - Processing file /opt/airflow/dags/countries_dag.py for tasks to queue
[2026-09-10T23:31:03.972+0000] {logging_mixin.py:190} INFO - [2026-09-10T23:31:03.972+0000] {dagbag.py:588} INFO - Filling up the DagBag from /opt/airflow/dags/countries_dag.py
[2026-09-10T23:31:06.041+0000] {logging_mixin.py:190} INFO - [2026-09-10T23:31:06.023+0000] {dagbag.py:387} ERROR - Failed to import: /opt/airflow/dags/countries_dag.py
Traceback (most recent call last):
  File "/home/airflow/.local/lib/python3.11/site-packages/airflow/models/dagbag.py", line 383, in parse
    loader.exec_module(new_module)
  File "<frozen importlib._bootstrap_external>", line 940, in exec_module
  File "<frozen importlib._bootstrap>", line 241, in _call_with_frames_removed
  File "/opt/airflow/dags/countries_dag.py", line 73, in <module>
    dbt_run = DockerOperator(
              ^^^^^^^^^^^^^^^
  File "/home/airflow/.local/lib/python3.11/site-packages/airflow/models/baseoperator.py", line 508, in apply_defaults
    result = func(self, **kwargs, default_args=default_args)
             ^^^^^^^^^^^^^^^^^^^^^^^^^^^^^^^^^^^^^^^^^^^^^^^
  File "/home/airflow/.local/lib/python3.11/site-packages/airflow/providers/docker/operators/docker.py", line 256, in __init__
    super().__init__(**kwargs)
  File "/home/airflow/.local/lib/python3.11/site-packages/airflow/models/baseoperator.py", line 508, in apply_defaults
    result = func(self, **kwargs, default_args=default_args)
             ^^^^^^^^^^^^^^^^^^^^^^^^^^^^^^^^^^^^^^^^^^^^^^^
  File "/home/airflow/.local/lib/python3.11/site-packages/airflow/models/baseoperator.py", line 959, in __init__
    raise AirflowException(
airflow.exceptions.AirflowException: Invalid arguments were passed to DockerOperator (task_id: dbt_run). Invalid arguments were:
**kwargs: {'volumes': ['../dbt:/usr/app', '../dbt/profiles:/root/.dbt']}
[2026-09-10T23:31:06.081+0000] {processor.py:927} WARNING - No viable dags retrieved from /opt/airflow/dags/countries_dag.py
[2026-09-10T23:31:06.144+0000] {processor.py:208} INFO - Processing /opt/airflow/dags/countries_dag.py took 2.191 seconds
[2026-09-10T23:31:36.461+0000] {processor.py:186} INFO - Started process (PID=1785) to work on /opt/airflow/dags/countries_dag.py
[2026-09-10T23:31:36.464+0000] {processor.py:914} INFO - Processing file /opt/airflow/dags/countries_dag.py for tasks to queue
[2026-09-10T23:31:36.467+0000] {logging_mixin.py:190} INFO - [2026-09-10T23:31:36.466+0000] {dagbag.py:588} INFO - Filling up the DagBag from /opt/airflow/dags/countries_dag.py
[2026-09-10T23:31:38.291+0000] {logging_mixin.py:190} INFO - [2026-09-10T23:31:38.282+0000] {dagbag.py:387} ERROR - Failed to import: /opt/airflow/dags/countries_dag.py
Traceback (most recent call last):
  File "/home/airflow/.local/lib/python3.11/site-packages/airflow/models/dagbag.py", line 383, in parse
    loader.exec_module(new_module)
  File "<frozen importlib._bootstrap_external>", line 940, in exec_module
  File "<frozen importlib._bootstrap>", line 241, in _call_with_frames_removed
  File "/opt/airflow/dags/countries_dag.py", line 73, in <module>
    dbt_run = DockerOperator(
              ^^^^^^^^^^^^^^^
  File "/home/airflow/.local/lib/python3.11/site-packages/airflow/models/baseoperator.py", line 508, in apply_defaults
    result = func(self, **kwargs, default_args=default_args)
             ^^^^^^^^^^^^^^^^^^^^^^^^^^^^^^^^^^^^^^^^^^^^^^^
  File "/home/airflow/.local/lib/python3.11/site-packages/airflow/providers/docker/operators/docker.py", line 256, in __init__
    super().__init__(**kwargs)
  File "/home/airflow/.local/lib/python3.11/site-packages/airflow/models/baseoperator.py", line 508, in apply_defaults
    result = func(self, **kwargs, default_args=default_args)
             ^^^^^^^^^^^^^^^^^^^^^^^^^^^^^^^^^^^^^^^^^^^^^^^
  File "/home/airflow/.local/lib/python3.11/site-packages/airflow/models/baseoperator.py", line 959, in __init__
    raise AirflowException(
airflow.exceptions.AirflowException: Invalid arguments were passed to DockerOperator (task_id: dbt_run). Invalid arguments were:
**kwargs: {'volumes': ['../dbt:/usr/app', '../dbt/profiles:/root/.dbt']}
[2026-09-10T23:31:38.292+0000] {processor.py:927} WARNING - No viable dags retrieved from /opt/airflow/dags/countries_dag.py
[2026-09-10T23:31:38.332+0000] {processor.py:208} INFO - Processing /opt/airflow/dags/countries_dag.py took 1.894 seconds
[2026-09-10T23:32:08.885+0000] {processor.py:186} INFO - Started process (PID=1792) to work on /opt/airflow/dags/countries_dag.py
[2026-09-10T23:32:08.887+0000] {processor.py:914} INFO - Processing file /opt/airflow/dags/countries_dag.py for tasks to queue
[2026-09-10T23:32:08.891+0000] {logging_mixin.py:190} INFO - [2026-09-10T23:32:08.890+0000] {dagbag.py:588} INFO - Filling up the DagBag from /opt/airflow/dags/countries_dag.py
[2026-09-10T23:32:11.860+0000] {logging_mixin.py:190} INFO - [2026-09-10T23:32:11.844+0000] {dagbag.py:387} ERROR - Failed to import: /opt/airflow/dags/countries_dag.py
Traceback (most recent call last):
  File "/home/airflow/.local/lib/python3.11/site-packages/airflow/models/dagbag.py", line 383, in parse
    loader.exec_module(new_module)
  File "<frozen importlib._bootstrap_external>", line 940, in exec_module
  File "<frozen importlib._bootstrap>", line 241, in _call_with_frames_removed
  File "/opt/airflow/dags/countries_dag.py", line 73, in <module>
    dbt_run = DockerOperator(
              ^^^^^^^^^^^^^^^
  File "/home/airflow/.local/lib/python3.11/site-packages/airflow/models/baseoperator.py", line 508, in apply_defaults
    result = func(self, **kwargs, default_args=default_args)
             ^^^^^^^^^^^^^^^^^^^^^^^^^^^^^^^^^^^^^^^^^^^^^^^
  File "/home/airflow/.local/lib/python3.11/site-packages/airflow/providers/docker/operators/docker.py", line 256, in __init__
    super().__init__(**kwargs)
  File "/home/airflow/.local/lib/python3.11/site-packages/airflow/models/baseoperator.py", line 508, in apply_defaults
    result = func(self, **kwargs, default_args=default_args)
             ^^^^^^^^^^^^^^^^^^^^^^^^^^^^^^^^^^^^^^^^^^^^^^^
  File "/home/airflow/.local/lib/python3.11/site-packages/airflow/models/baseoperator.py", line 959, in __init__
    raise AirflowException(
airflow.exceptions.AirflowException: Invalid arguments were passed to DockerOperator (task_id: dbt_run). Invalid arguments were:
**kwargs: {'volumes': ['../dbt:/usr/app', '../dbt/profiles:/root/.dbt']}
[2026-09-10T23:32:11.863+0000] {processor.py:927} WARNING - No viable dags retrieved from /opt/airflow/dags/countries_dag.py
[2026-09-10T23:32:11.903+0000] {processor.py:208} INFO - Processing /opt/airflow/dags/countries_dag.py took 3.030 seconds
[2026-09-10T23:32:42.335+0000] {processor.py:186} INFO - Started process (PID=1799) to work on /opt/airflow/dags/countries_dag.py
[2026-09-10T23:32:42.340+0000] {processor.py:914} INFO - Processing file /opt/airflow/dags/countries_dag.py for tasks to queue
[2026-09-10T23:32:42.343+0000] {logging_mixin.py:190} INFO - [2026-09-10T23:32:42.343+0000] {dagbag.py:588} INFO - Filling up the DagBag from /opt/airflow/dags/countries_dag.py
[2026-09-10T23:32:45.421+0000] {logging_mixin.py:190} INFO - [2026-09-10T23:32:45.374+0000] {dagbag.py:387} ERROR - Failed to import: /opt/airflow/dags/countries_dag.py
Traceback (most recent call last):
  File "/home/airflow/.local/lib/python3.11/site-packages/airflow/models/dagbag.py", line 383, in parse
    loader.exec_module(new_module)
  File "<frozen importlib._bootstrap_external>", line 940, in exec_module
  File "<frozen importlib._bootstrap>", line 241, in _call_with_frames_removed
  File "/opt/airflow/dags/countries_dag.py", line 73, in <module>
    dbt_run = DockerOperator(
              ^^^^^^^^^^^^^^^
  File "/home/airflow/.local/lib/python3.11/site-packages/airflow/models/baseoperator.py", line 508, in apply_defaults
    result = func(self, **kwargs, default_args=default_args)
             ^^^^^^^^^^^^^^^^^^^^^^^^^^^^^^^^^^^^^^^^^^^^^^^
  File "/home/airflow/.local/lib/python3.11/site-packages/airflow/providers/docker/operators/docker.py", line 256, in __init__
    super().__init__(**kwargs)
  File "/home/airflow/.local/lib/python3.11/site-packages/airflow/models/baseoperator.py", line 508, in apply_defaults
    result = func(self, **kwargs, default_args=default_args)
             ^^^^^^^^^^^^^^^^^^^^^^^^^^^^^^^^^^^^^^^^^^^^^^^
  File "/home/airflow/.local/lib/python3.11/site-packages/airflow/models/baseoperator.py", line 959, in __init__
    raise AirflowException(
airflow.exceptions.AirflowException: Invalid arguments were passed to DockerOperator (task_id: dbt_run). Invalid arguments were:
**kwargs: {'volumes': ['../dbt:/usr/app', '../dbt/profiles:/root/.dbt']}
[2026-09-10T23:32:45.428+0000] {processor.py:927} WARNING - No viable dags retrieved from /opt/airflow/dags/countries_dag.py
[2026-09-10T23:32:45.525+0000] {processor.py:208} INFO - Processing /opt/airflow/dags/countries_dag.py took 3.203 seconds
[2026-09-10T23:33:15.906+0000] {processor.py:186} INFO - Started process (PID=1806) to work on /opt/airflow/dags/countries_dag.py
[2026-09-10T23:33:15.913+0000] {processor.py:914} INFO - Processing file /opt/airflow/dags/countries_dag.py for tasks to queue
[2026-09-10T23:33:15.916+0000] {logging_mixin.py:190} INFO - [2026-09-10T23:33:15.916+0000] {dagbag.py:588} INFO - Filling up the DagBag from /opt/airflow/dags/countries_dag.py
[2026-09-10T23:33:19.055+0000] {logging_mixin.py:190} INFO - [2026-09-10T23:33:19.031+0000] {dagbag.py:387} ERROR - Failed to import: /opt/airflow/dags/countries_dag.py
Traceback (most recent call last):
  File "/home/airflow/.local/lib/python3.11/site-packages/airflow/models/dagbag.py", line 383, in parse
    loader.exec_module(new_module)
  File "<frozen importlib._bootstrap_external>", line 940, in exec_module
  File "<frozen importlib._bootstrap>", line 241, in _call_with_frames_removed
  File "/opt/airflow/dags/countries_dag.py", line 73, in <module>
    dbt_run = DockerOperator(
              ^^^^^^^^^^^^^^^
  File "/home/airflow/.local/lib/python3.11/site-packages/airflow/models/baseoperator.py", line 508, in apply_defaults
    result = func(self, **kwargs, default_args=default_args)
             ^^^^^^^^^^^^^^^^^^^^^^^^^^^^^^^^^^^^^^^^^^^^^^^
  File "/home/airflow/.local/lib/python3.11/site-packages/airflow/providers/docker/operators/docker.py", line 256, in __init__
    super().__init__(**kwargs)
  File "/home/airflow/.local/lib/python3.11/site-packages/airflow/models/baseoperator.py", line 508, in apply_defaults
    result = func(self, **kwargs, default_args=default_args)
             ^^^^^^^^^^^^^^^^^^^^^^^^^^^^^^^^^^^^^^^^^^^^^^^
  File "/home/airflow/.local/lib/python3.11/site-packages/airflow/models/baseoperator.py", line 959, in __init__
    raise AirflowException(
airflow.exceptions.AirflowException: Invalid arguments were passed to DockerOperator (task_id: dbt_run). Invalid arguments were:
**kwargs: {'volumes': ['../dbt:/usr/app', '../dbt/profiles:/root/.dbt']}
[2026-09-10T23:33:19.058+0000] {processor.py:927} WARNING - No viable dags retrieved from /opt/airflow/dags/countries_dag.py
[2026-09-10T23:33:19.100+0000] {processor.py:208} INFO - Processing /opt/airflow/dags/countries_dag.py took 3.213 seconds
[2026-09-10T23:33:49.500+0000] {processor.py:186} INFO - Started process (PID=1813) to work on /opt/airflow/dags/countries_dag.py
[2026-09-10T23:33:49.502+0000] {processor.py:914} INFO - Processing file /opt/airflow/dags/countries_dag.py for tasks to queue
[2026-09-10T23:33:49.505+0000] {logging_mixin.py:190} INFO - [2026-09-10T23:33:49.504+0000] {dagbag.py:588} INFO - Filling up the DagBag from /opt/airflow/dags/countries_dag.py
[2026-09-10T23:33:52.159+0000] {logging_mixin.py:190} INFO - [2026-09-10T23:33:52.152+0000] {dagbag.py:387} ERROR - Failed to import: /opt/airflow/dags/countries_dag.py
Traceback (most recent call last):
  File "/home/airflow/.local/lib/python3.11/site-packages/airflow/models/dagbag.py", line 383, in parse
    loader.exec_module(new_module)
  File "<frozen importlib._bootstrap_external>", line 940, in exec_module
  File "<frozen importlib._bootstrap>", line 241, in _call_with_frames_removed
  File "/opt/airflow/dags/countries_dag.py", line 73, in <module>
    dbt_run = DockerOperator(
              ^^^^^^^^^^^^^^^
  File "/home/airflow/.local/lib/python3.11/site-packages/airflow/models/baseoperator.py", line 508, in apply_defaults
    result = func(self, **kwargs, default_args=default_args)
             ^^^^^^^^^^^^^^^^^^^^^^^^^^^^^^^^^^^^^^^^^^^^^^^
  File "/home/airflow/.local/lib/python3.11/site-packages/airflow/providers/docker/operators/docker.py", line 256, in __init__
    super().__init__(**kwargs)
  File "/home/airflow/.local/lib/python3.11/site-packages/airflow/models/baseoperator.py", line 508, in apply_defaults
    result = func(self, **kwargs, default_args=default_args)
             ^^^^^^^^^^^^^^^^^^^^^^^^^^^^^^^^^^^^^^^^^^^^^^^
  File "/home/airflow/.local/lib/python3.11/site-packages/airflow/models/baseoperator.py", line 959, in __init__
    raise AirflowException(
airflow.exceptions.AirflowException: Invalid arguments were passed to DockerOperator (task_id: dbt_run). Invalid arguments were:
**kwargs: {'volumes': ['../dbt:/usr/app', '../dbt/profiles:/root/.dbt']}
[2026-09-10T23:33:52.161+0000] {processor.py:927} WARNING - No viable dags retrieved from /opt/airflow/dags/countries_dag.py
[2026-09-10T23:33:52.188+0000] {processor.py:208} INFO - Processing /opt/airflow/dags/countries_dag.py took 2.698 seconds
[2026-09-10T23:34:22.634+0000] {processor.py:186} INFO - Started process (PID=1820) to work on /opt/airflow/dags/countries_dag.py
[2026-09-10T23:34:22.636+0000] {processor.py:914} INFO - Processing file /opt/airflow/dags/countries_dag.py for tasks to queue
[2026-09-10T23:34:22.640+0000] {logging_mixin.py:190} INFO - [2026-09-10T23:34:22.639+0000] {dagbag.py:588} INFO - Filling up the DagBag from /opt/airflow/dags/countries_dag.py
[2026-09-10T23:34:26.381+0000] {logging_mixin.py:190} INFO - [2026-09-10T23:34:26.351+0000] {dagbag.py:387} ERROR - Failed to import: /opt/airflow/dags/countries_dag.py
Traceback (most recent call last):
  File "/home/airflow/.local/lib/python3.11/site-packages/airflow/models/dagbag.py", line 383, in parse
    loader.exec_module(new_module)
  File "<frozen importlib._bootstrap_external>", line 940, in exec_module
  File "<frozen importlib._bootstrap>", line 241, in _call_with_frames_removed
  File "/opt/airflow/dags/countries_dag.py", line 73, in <module>
    dbt_run = DockerOperator(
              ^^^^^^^^^^^^^^^
  File "/home/airflow/.local/lib/python3.11/site-packages/airflow/models/baseoperator.py", line 508, in apply_defaults
    result = func(self, **kwargs, default_args=default_args)
             ^^^^^^^^^^^^^^^^^^^^^^^^^^^^^^^^^^^^^^^^^^^^^^^
  File "/home/airflow/.local/lib/python3.11/site-packages/airflow/providers/docker/operators/docker.py", line 256, in __init__
    super().__init__(**kwargs)
  File "/home/airflow/.local/lib/python3.11/site-packages/airflow/models/baseoperator.py", line 508, in apply_defaults
    result = func(self, **kwargs, default_args=default_args)
             ^^^^^^^^^^^^^^^^^^^^^^^^^^^^^^^^^^^^^^^^^^^^^^^
  File "/home/airflow/.local/lib/python3.11/site-packages/airflow/models/baseoperator.py", line 959, in __init__
    raise AirflowException(
airflow.exceptions.AirflowException: Invalid arguments were passed to DockerOperator (task_id: dbt_run). Invalid arguments were:
**kwargs: {'volumes': ['../dbt:/usr/app', '../dbt/profiles:/root/.dbt']}
[2026-09-10T23:34:26.384+0000] {processor.py:927} WARNING - No viable dags retrieved from /opt/airflow/dags/countries_dag.py
[2026-09-10T23:34:26.459+0000] {processor.py:208} INFO - Processing /opt/airflow/dags/countries_dag.py took 3.845 seconds
[2026-09-10T23:34:56.614+0000] {processor.py:186} INFO - Started process (PID=1827) to work on /opt/airflow/dags/countries_dag.py
[2026-09-10T23:34:56.617+0000] {processor.py:914} INFO - Processing file /opt/airflow/dags/countries_dag.py for tasks to queue
[2026-09-10T23:34:56.620+0000] {logging_mixin.py:190} INFO - [2026-09-10T23:34:56.619+0000] {dagbag.py:588} INFO - Filling up the DagBag from /opt/airflow/dags/countries_dag.py
[2026-09-10T23:34:58.981+0000] {logging_mixin.py:190} INFO - [2026-09-10T23:34:58.966+0000] {dagbag.py:387} ERROR - Failed to import: /opt/airflow/dags/countries_dag.py
Traceback (most recent call last):
  File "/home/airflow/.local/lib/python3.11/site-packages/airflow/models/dagbag.py", line 383, in parse
    loader.exec_module(new_module)
  File "<frozen importlib._bootstrap_external>", line 940, in exec_module
  File "<frozen importlib._bootstrap>", line 241, in _call_with_frames_removed
  File "/opt/airflow/dags/countries_dag.py", line 73, in <module>
    dbt_run = DockerOperator(
              ^^^^^^^^^^^^^^^
  File "/home/airflow/.local/lib/python3.11/site-packages/airflow/models/baseoperator.py", line 508, in apply_defaults
    result = func(self, **kwargs, default_args=default_args)
             ^^^^^^^^^^^^^^^^^^^^^^^^^^^^^^^^^^^^^^^^^^^^^^^
  File "/home/airflow/.local/lib/python3.11/site-packages/airflow/providers/docker/operators/docker.py", line 256, in __init__
    super().__init__(**kwargs)
  File "/home/airflow/.local/lib/python3.11/site-packages/airflow/models/baseoperator.py", line 508, in apply_defaults
    result = func(self, **kwargs, default_args=default_args)
             ^^^^^^^^^^^^^^^^^^^^^^^^^^^^^^^^^^^^^^^^^^^^^^^
  File "/home/airflow/.local/lib/python3.11/site-packages/airflow/models/baseoperator.py", line 959, in __init__
    raise AirflowException(
airflow.exceptions.AirflowException: Invalid arguments were passed to DockerOperator (task_id: dbt_run). Invalid arguments were:
**kwargs: {'volumes': ['../dbt:/usr/app', '../dbt/profiles:/root/.dbt']}
[2026-09-10T23:34:58.984+0000] {processor.py:927} WARNING - No viable dags retrieved from /opt/airflow/dags/countries_dag.py
[2026-09-10T23:34:59.017+0000] {processor.py:208} INFO - Processing /opt/airflow/dags/countries_dag.py took 2.422 seconds
[2026-09-10T23:35:29.533+0000] {processor.py:186} INFO - Started process (PID=1834) to work on /opt/airflow/dags/countries_dag.py
[2026-09-10T23:35:29.535+0000] {processor.py:914} INFO - Processing file /opt/airflow/dags/countries_dag.py for tasks to queue
[2026-09-10T23:35:29.537+0000] {logging_mixin.py:190} INFO - [2026-09-10T23:35:29.537+0000] {dagbag.py:588} INFO - Filling up the DagBag from /opt/airflow/dags/countries_dag.py
[2026-09-10T23:35:32.077+0000] {logging_mixin.py:190} INFO - [2026-09-10T23:35:32.046+0000] {dagbag.py:387} ERROR - Failed to import: /opt/airflow/dags/countries_dag.py
Traceback (most recent call last):
  File "/home/airflow/.local/lib/python3.11/site-packages/airflow/models/dagbag.py", line 383, in parse
    loader.exec_module(new_module)
  File "<frozen importlib._bootstrap_external>", line 940, in exec_module
  File "<frozen importlib._bootstrap>", line 241, in _call_with_frames_removed
  File "/opt/airflow/dags/countries_dag.py", line 73, in <module>
    dbt_run = DockerOperator(
              ^^^^^^^^^^^^^^^
  File "/home/airflow/.local/lib/python3.11/site-packages/airflow/models/baseoperator.py", line 508, in apply_defaults
    result = func(self, **kwargs, default_args=default_args)
             ^^^^^^^^^^^^^^^^^^^^^^^^^^^^^^^^^^^^^^^^^^^^^^^
  File "/home/airflow/.local/lib/python3.11/site-packages/airflow/providers/docker/operators/docker.py", line 256, in __init__
    super().__init__(**kwargs)
  File "/home/airflow/.local/lib/python3.11/site-packages/airflow/models/baseoperator.py", line 508, in apply_defaults
    result = func(self, **kwargs, default_args=default_args)
             ^^^^^^^^^^^^^^^^^^^^^^^^^^^^^^^^^^^^^^^^^^^^^^^
  File "/home/airflow/.local/lib/python3.11/site-packages/airflow/models/baseoperator.py", line 959, in __init__
    raise AirflowException(
airflow.exceptions.AirflowException: Invalid arguments were passed to DockerOperator (task_id: dbt_run). Invalid arguments were:
**kwargs: {'volumes': ['../dbt:/usr/app', '../dbt/profiles:/root/.dbt']}
[2026-09-10T23:35:32.079+0000] {processor.py:927} WARNING - No viable dags retrieved from /opt/airflow/dags/countries_dag.py
[2026-09-10T23:35:32.132+0000] {processor.py:208} INFO - Processing /opt/airflow/dags/countries_dag.py took 2.612 seconds
[2026-09-10T23:36:02.441+0000] {processor.py:186} INFO - Started process (PID=1841) to work on /opt/airflow/dags/countries_dag.py
[2026-09-10T23:36:02.446+0000] {processor.py:914} INFO - Processing file /opt/airflow/dags/countries_dag.py for tasks to queue
[2026-09-10T23:36:02.449+0000] {logging_mixin.py:190} INFO - [2026-09-10T23:36:02.448+0000] {dagbag.py:588} INFO - Filling up the DagBag from /opt/airflow/dags/countries_dag.py
[2026-09-10T23:36:04.283+0000] {logging_mixin.py:190} INFO - [2026-09-10T23:36:04.275+0000] {dagbag.py:387} ERROR - Failed to import: /opt/airflow/dags/countries_dag.py
Traceback (most recent call last):
  File "/home/airflow/.local/lib/python3.11/site-packages/airflow/models/dagbag.py", line 383, in parse
    loader.exec_module(new_module)
  File "<frozen importlib._bootstrap_external>", line 940, in exec_module
  File "<frozen importlib._bootstrap>", line 241, in _call_with_frames_removed
  File "/opt/airflow/dags/countries_dag.py", line 73, in <module>
    dbt_run = DockerOperator(
              ^^^^^^^^^^^^^^^
  File "/home/airflow/.local/lib/python3.11/site-packages/airflow/models/baseoperator.py", line 508, in apply_defaults
    result = func(self, **kwargs, default_args=default_args)
             ^^^^^^^^^^^^^^^^^^^^^^^^^^^^^^^^^^^^^^^^^^^^^^^
  File "/home/airflow/.local/lib/python3.11/site-packages/airflow/providers/docker/operators/docker.py", line 256, in __init__
    super().__init__(**kwargs)
  File "/home/airflow/.local/lib/python3.11/site-packages/airflow/models/baseoperator.py", line 508, in apply_defaults
    result = func(self, **kwargs, default_args=default_args)
             ^^^^^^^^^^^^^^^^^^^^^^^^^^^^^^^^^^^^^^^^^^^^^^^
  File "/home/airflow/.local/lib/python3.11/site-packages/airflow/models/baseoperator.py", line 959, in __init__
    raise AirflowException(
airflow.exceptions.AirflowException: Invalid arguments were passed to DockerOperator (task_id: dbt_run). Invalid arguments were:
**kwargs: {'volumes': ['../dbt:/usr/app', '../dbt/profiles:/root/.dbt']}
[2026-09-10T23:36:04.285+0000] {processor.py:927} WARNING - No viable dags retrieved from /opt/airflow/dags/countries_dag.py
[2026-09-10T23:36:04.314+0000] {processor.py:208} INFO - Processing /opt/airflow/dags/countries_dag.py took 1.884 seconds
[2026-09-10T23:36:34.763+0000] {processor.py:186} INFO - Started process (PID=1848) to work on /opt/airflow/dags/countries_dag.py
[2026-09-10T23:36:34.766+0000] {processor.py:914} INFO - Processing file /opt/airflow/dags/countries_dag.py for tasks to queue
[2026-09-10T23:36:34.769+0000] {logging_mixin.py:190} INFO - [2026-09-10T23:36:34.768+0000] {dagbag.py:588} INFO - Filling up the DagBag from /opt/airflow/dags/countries_dag.py
[2026-09-10T23:36:36.774+0000] {logging_mixin.py:190} INFO - [2026-09-10T23:36:36.751+0000] {dagbag.py:387} ERROR - Failed to import: /opt/airflow/dags/countries_dag.py
Traceback (most recent call last):
  File "/home/airflow/.local/lib/python3.11/site-packages/airflow/models/dagbag.py", line 383, in parse
    loader.exec_module(new_module)
  File "<frozen importlib._bootstrap_external>", line 940, in exec_module
  File "<frozen importlib._bootstrap>", line 241, in _call_with_frames_removed
  File "/opt/airflow/dags/countries_dag.py", line 73, in <module>
    dbt_run = DockerOperator(
              ^^^^^^^^^^^^^^^
  File "/home/airflow/.local/lib/python3.11/site-packages/airflow/models/baseoperator.py", line 508, in apply_defaults
    result = func(self, **kwargs, default_args=default_args)
             ^^^^^^^^^^^^^^^^^^^^^^^^^^^^^^^^^^^^^^^^^^^^^^^
  File "/home/airflow/.local/lib/python3.11/site-packages/airflow/providers/docker/operators/docker.py", line 256, in __init__
    super().__init__(**kwargs)
  File "/home/airflow/.local/lib/python3.11/site-packages/airflow/models/baseoperator.py", line 508, in apply_defaults
    result = func(self, **kwargs, default_args=default_args)
             ^^^^^^^^^^^^^^^^^^^^^^^^^^^^^^^^^^^^^^^^^^^^^^^
  File "/home/airflow/.local/lib/python3.11/site-packages/airflow/models/baseoperator.py", line 959, in __init__
    raise AirflowException(
airflow.exceptions.AirflowException: Invalid arguments were passed to DockerOperator (task_id: dbt_run). Invalid arguments were:
**kwargs: {'volumes': ['../dbt:/usr/app', '../dbt/profiles:/root/.dbt']}
[2026-09-10T23:36:36.777+0000] {processor.py:927} WARNING - No viable dags retrieved from /opt/airflow/dags/countries_dag.py
[2026-09-10T23:36:36.846+0000] {processor.py:208} INFO - Processing /opt/airflow/dags/countries_dag.py took 2.096 seconds
[2026-09-10T23:37:07.352+0000] {processor.py:186} INFO - Started process (PID=1855) to work on /opt/airflow/dags/countries_dag.py
[2026-09-10T23:37:07.355+0000] {processor.py:914} INFO - Processing file /opt/airflow/dags/countries_dag.py for tasks to queue
[2026-09-10T23:37:07.367+0000] {logging_mixin.py:190} INFO - [2026-09-10T23:37:07.357+0000] {dagbag.py:588} INFO - Filling up the DagBag from /opt/airflow/dags/countries_dag.py
[2026-09-10T23:37:12.033+0000] {logging_mixin.py:190} INFO - [2026-09-10T23:37:11.996+0000] {dagbag.py:387} ERROR - Failed to import: /opt/airflow/dags/countries_dag.py
Traceback (most recent call last):
  File "/home/airflow/.local/lib/python3.11/site-packages/airflow/models/dagbag.py", line 383, in parse
    loader.exec_module(new_module)
  File "<frozen importlib._bootstrap_external>", line 940, in exec_module
  File "<frozen importlib._bootstrap>", line 241, in _call_with_frames_removed
  File "/opt/airflow/dags/countries_dag.py", line 73, in <module>
    dbt_run = DockerOperator(
              ^^^^^^^^^^^^^^^
  File "/home/airflow/.local/lib/python3.11/site-packages/airflow/models/baseoperator.py", line 508, in apply_defaults
    result = func(self, **kwargs, default_args=default_args)
             ^^^^^^^^^^^^^^^^^^^^^^^^^^^^^^^^^^^^^^^^^^^^^^^
  File "/home/airflow/.local/lib/python3.11/site-packages/airflow/providers/docker/operators/docker.py", line 256, in __init__
    super().__init__(**kwargs)
  File "/home/airflow/.local/lib/python3.11/site-packages/airflow/models/baseoperator.py", line 508, in apply_defaults
    result = func(self, **kwargs, default_args=default_args)
             ^^^^^^^^^^^^^^^^^^^^^^^^^^^^^^^^^^^^^^^^^^^^^^^
  File "/home/airflow/.local/lib/python3.11/site-packages/airflow/models/baseoperator.py", line 959, in __init__
    raise AirflowException(
airflow.exceptions.AirflowException: Invalid arguments were passed to DockerOperator (task_id: dbt_run). Invalid arguments were:
**kwargs: {'volumes': ['../dbt:/usr/app', '../dbt/profiles:/root/.dbt']}
[2026-09-10T23:37:12.036+0000] {processor.py:927} WARNING - No viable dags retrieved from /opt/airflow/dags/countries_dag.py
[2026-09-10T23:37:12.132+0000] {processor.py:208} INFO - Processing /opt/airflow/dags/countries_dag.py took 4.815 seconds
[2026-09-10T23:37:42.654+0000] {processor.py:186} INFO - Started process (PID=1862) to work on /opt/airflow/dags/countries_dag.py
[2026-09-10T23:37:42.657+0000] {processor.py:914} INFO - Processing file /opt/airflow/dags/countries_dag.py for tasks to queue
[2026-09-10T23:37:42.660+0000] {logging_mixin.py:190} INFO - [2026-09-10T23:37:42.659+0000] {dagbag.py:588} INFO - Filling up the DagBag from /opt/airflow/dags/countries_dag.py
[2026-09-10T23:37:44.282+0000] {logging_mixin.py:190} INFO - [2026-09-10T23:37:44.274+0000] {dagbag.py:387} ERROR - Failed to import: /opt/airflow/dags/countries_dag.py
Traceback (most recent call last):
  File "/home/airflow/.local/lib/python3.11/site-packages/airflow/models/dagbag.py", line 383, in parse
    loader.exec_module(new_module)
  File "<frozen importlib._bootstrap_external>", line 940, in exec_module
  File "<frozen importlib._bootstrap>", line 241, in _call_with_frames_removed
  File "/opt/airflow/dags/countries_dag.py", line 73, in <module>
    dbt_run = DockerOperator(
              ^^^^^^^^^^^^^^^
  File "/home/airflow/.local/lib/python3.11/site-packages/airflow/models/baseoperator.py", line 508, in apply_defaults
    result = func(self, **kwargs, default_args=default_args)
             ^^^^^^^^^^^^^^^^^^^^^^^^^^^^^^^^^^^^^^^^^^^^^^^
  File "/home/airflow/.local/lib/python3.11/site-packages/airflow/providers/docker/operators/docker.py", line 256, in __init__
    super().__init__(**kwargs)
  File "/home/airflow/.local/lib/python3.11/site-packages/airflow/models/baseoperator.py", line 508, in apply_defaults
    result = func(self, **kwargs, default_args=default_args)
             ^^^^^^^^^^^^^^^^^^^^^^^^^^^^^^^^^^^^^^^^^^^^^^^
  File "/home/airflow/.local/lib/python3.11/site-packages/airflow/models/baseoperator.py", line 959, in __init__
    raise AirflowException(
airflow.exceptions.AirflowException: Invalid arguments were passed to DockerOperator (task_id: dbt_run). Invalid arguments were:
**kwargs: {'volumes': ['../dbt:/usr/app', '../dbt/profiles:/root/.dbt']}
[2026-09-10T23:37:44.284+0000] {processor.py:927} WARNING - No viable dags retrieved from /opt/airflow/dags/countries_dag.py
[2026-09-10T23:37:44.312+0000] {processor.py:208} INFO - Processing /opt/airflow/dags/countries_dag.py took 1.668 seconds
[2026-09-10T23:38:14.790+0000] {processor.py:186} INFO - Started process (PID=1869) to work on /opt/airflow/dags/countries_dag.py
[2026-09-10T23:38:14.793+0000] {processor.py:914} INFO - Processing file /opt/airflow/dags/countries_dag.py for tasks to queue
[2026-09-10T23:38:14.796+0000] {logging_mixin.py:190} INFO - [2026-09-10T23:38:14.796+0000] {dagbag.py:588} INFO - Filling up the DagBag from /opt/airflow/dags/countries_dag.py
[2026-09-10T23:38:16.659+0000] {logging_mixin.py:190} INFO - [2026-09-10T23:38:16.652+0000] {dagbag.py:387} ERROR - Failed to import: /opt/airflow/dags/countries_dag.py
Traceback (most recent call last):
  File "/home/airflow/.local/lib/python3.11/site-packages/airflow/models/dagbag.py", line 383, in parse
    loader.exec_module(new_module)
  File "<frozen importlib._bootstrap_external>", line 940, in exec_module
  File "<frozen importlib._bootstrap>", line 241, in _call_with_frames_removed
  File "/opt/airflow/dags/countries_dag.py", line 73, in <module>
    dbt_run = DockerOperator(
              ^^^^^^^^^^^^^^^
  File "/home/airflow/.local/lib/python3.11/site-packages/airflow/models/baseoperator.py", line 508, in apply_defaults
    result = func(self, **kwargs, default_args=default_args)
             ^^^^^^^^^^^^^^^^^^^^^^^^^^^^^^^^^^^^^^^^^^^^^^^
  File "/home/airflow/.local/lib/python3.11/site-packages/airflow/providers/docker/operators/docker.py", line 256, in __init__
    super().__init__(**kwargs)
  File "/home/airflow/.local/lib/python3.11/site-packages/airflow/models/baseoperator.py", line 508, in apply_defaults
    result = func(self, **kwargs, default_args=default_args)
             ^^^^^^^^^^^^^^^^^^^^^^^^^^^^^^^^^^^^^^^^^^^^^^^
  File "/home/airflow/.local/lib/python3.11/site-packages/airflow/models/baseoperator.py", line 959, in __init__
    raise AirflowException(
airflow.exceptions.AirflowException: Invalid arguments were passed to DockerOperator (task_id: dbt_run). Invalid arguments were:
**kwargs: {'volumes': ['../dbt:/usr/app', '../dbt/profiles:/root/.dbt']}
[2026-09-10T23:38:16.661+0000] {processor.py:927} WARNING - No viable dags retrieved from /opt/airflow/dags/countries_dag.py
[2026-09-10T23:38:16.693+0000] {processor.py:208} INFO - Processing /opt/airflow/dags/countries_dag.py took 1.921 seconds
[2026-09-10T23:38:47.084+0000] {processor.py:186} INFO - Started process (PID=1876) to work on /opt/airflow/dags/countries_dag.py
[2026-09-10T23:38:47.085+0000] {processor.py:914} INFO - Processing file /opt/airflow/dags/countries_dag.py for tasks to queue
[2026-09-10T23:38:47.088+0000] {logging_mixin.py:190} INFO - [2026-09-10T23:38:47.088+0000] {dagbag.py:588} INFO - Filling up the DagBag from /opt/airflow/dags/countries_dag.py
[2026-09-10T23:38:49.211+0000] {logging_mixin.py:190} INFO - [2026-09-10T23:38:49.201+0000] {dagbag.py:387} ERROR - Failed to import: /opt/airflow/dags/countries_dag.py
Traceback (most recent call last):
  File "/home/airflow/.local/lib/python3.11/site-packages/airflow/models/dagbag.py", line 383, in parse
    loader.exec_module(new_module)
  File "<frozen importlib._bootstrap_external>", line 940, in exec_module
  File "<frozen importlib._bootstrap>", line 241, in _call_with_frames_removed
  File "/opt/airflow/dags/countries_dag.py", line 73, in <module>
    dbt_run = DockerOperator(
              ^^^^^^^^^^^^^^^
  File "/home/airflow/.local/lib/python3.11/site-packages/airflow/models/baseoperator.py", line 508, in apply_defaults
    result = func(self, **kwargs, default_args=default_args)
             ^^^^^^^^^^^^^^^^^^^^^^^^^^^^^^^^^^^^^^^^^^^^^^^
  File "/home/airflow/.local/lib/python3.11/site-packages/airflow/providers/docker/operators/docker.py", line 256, in __init__
    super().__init__(**kwargs)
  File "/home/airflow/.local/lib/python3.11/site-packages/airflow/models/baseoperator.py", line 508, in apply_defaults
    result = func(self, **kwargs, default_args=default_args)
             ^^^^^^^^^^^^^^^^^^^^^^^^^^^^^^^^^^^^^^^^^^^^^^^
  File "/home/airflow/.local/lib/python3.11/site-packages/airflow/models/baseoperator.py", line 959, in __init__
    raise AirflowException(
airflow.exceptions.AirflowException: Invalid arguments were passed to DockerOperator (task_id: dbt_run). Invalid arguments were:
**kwargs: {'volumes': ['../dbt:/usr/app', '../dbt/profiles:/root/.dbt']}
[2026-09-10T23:38:49.214+0000] {processor.py:927} WARNING - No viable dags retrieved from /opt/airflow/dags/countries_dag.py
[2026-09-10T23:38:49.238+0000] {processor.py:208} INFO - Processing /opt/airflow/dags/countries_dag.py took 2.167 seconds
[2026-09-10T23:39:19.502+0000] {processor.py:186} INFO - Started process (PID=1883) to work on /opt/airflow/dags/countries_dag.py
[2026-09-10T23:39:19.505+0000] {processor.py:914} INFO - Processing file /opt/airflow/dags/countries_dag.py for tasks to queue
[2026-09-10T23:39:19.510+0000] {logging_mixin.py:190} INFO - [2026-09-10T23:39:19.509+0000] {dagbag.py:588} INFO - Filling up the DagBag from /opt/airflow/dags/countries_dag.py
[2026-09-10T23:39:22.075+0000] {logging_mixin.py:190} INFO - [2026-09-10T23:39:22.067+0000] {dagbag.py:387} ERROR - Failed to import: /opt/airflow/dags/countries_dag.py
Traceback (most recent call last):
  File "/home/airflow/.local/lib/python3.11/site-packages/airflow/models/dagbag.py", line 383, in parse
    loader.exec_module(new_module)
  File "<frozen importlib._bootstrap_external>", line 940, in exec_module
  File "<frozen importlib._bootstrap>", line 241, in _call_with_frames_removed
  File "/opt/airflow/dags/countries_dag.py", line 73, in <module>
    dbt_run = DockerOperator(
              ^^^^^^^^^^^^^^^
  File "/home/airflow/.local/lib/python3.11/site-packages/airflow/models/baseoperator.py", line 508, in apply_defaults
    result = func(self, **kwargs, default_args=default_args)
             ^^^^^^^^^^^^^^^^^^^^^^^^^^^^^^^^^^^^^^^^^^^^^^^
  File "/home/airflow/.local/lib/python3.11/site-packages/airflow/providers/docker/operators/docker.py", line 256, in __init__
    super().__init__(**kwargs)
  File "/home/airflow/.local/lib/python3.11/site-packages/airflow/models/baseoperator.py", line 508, in apply_defaults
    result = func(self, **kwargs, default_args=default_args)
             ^^^^^^^^^^^^^^^^^^^^^^^^^^^^^^^^^^^^^^^^^^^^^^^
  File "/home/airflow/.local/lib/python3.11/site-packages/airflow/models/baseoperator.py", line 959, in __init__
    raise AirflowException(
airflow.exceptions.AirflowException: Invalid arguments were passed to DockerOperator (task_id: dbt_run). Invalid arguments were:
**kwargs: {'volumes': ['../dbt:/usr/app', '../dbt/profiles:/root/.dbt']}
[2026-09-10T23:39:22.077+0000] {processor.py:927} WARNING - No viable dags retrieved from /opt/airflow/dags/countries_dag.py
[2026-09-10T23:39:22.112+0000] {processor.py:208} INFO - Processing /opt/airflow/dags/countries_dag.py took 2.626 seconds
[2026-09-10T23:39:52.570+0000] {processor.py:186} INFO - Started process (PID=1890) to work on /opt/airflow/dags/countries_dag.py
[2026-09-10T23:39:52.572+0000] {processor.py:914} INFO - Processing file /opt/airflow/dags/countries_dag.py for tasks to queue
[2026-09-10T23:39:52.574+0000] {logging_mixin.py:190} INFO - [2026-09-10T23:39:52.573+0000] {dagbag.py:588} INFO - Filling up the DagBag from /opt/airflow/dags/countries_dag.py
[2026-09-10T23:39:54.780+0000] {logging_mixin.py:190} INFO - [2026-09-10T23:39:54.766+0000] {dagbag.py:387} ERROR - Failed to import: /opt/airflow/dags/countries_dag.py
Traceback (most recent call last):
  File "/home/airflow/.local/lib/python3.11/site-packages/airflow/models/dagbag.py", line 383, in parse
    loader.exec_module(new_module)
  File "<frozen importlib._bootstrap_external>", line 940, in exec_module
  File "<frozen importlib._bootstrap>", line 241, in _call_with_frames_removed
  File "/opt/airflow/dags/countries_dag.py", line 73, in <module>
    dbt_run = DockerOperator(
              ^^^^^^^^^^^^^^^
  File "/home/airflow/.local/lib/python3.11/site-packages/airflow/models/baseoperator.py", line 508, in apply_defaults
    result = func(self, **kwargs, default_args=default_args)
             ^^^^^^^^^^^^^^^^^^^^^^^^^^^^^^^^^^^^^^^^^^^^^^^
  File "/home/airflow/.local/lib/python3.11/site-packages/airflow/providers/docker/operators/docker.py", line 256, in __init__
    super().__init__(**kwargs)
  File "/home/airflow/.local/lib/python3.11/site-packages/airflow/models/baseoperator.py", line 508, in apply_defaults
    result = func(self, **kwargs, default_args=default_args)
             ^^^^^^^^^^^^^^^^^^^^^^^^^^^^^^^^^^^^^^^^^^^^^^^
  File "/home/airflow/.local/lib/python3.11/site-packages/airflow/models/baseoperator.py", line 959, in __init__
    raise AirflowException(
airflow.exceptions.AirflowException: Invalid arguments were passed to DockerOperator (task_id: dbt_run). Invalid arguments were:
**kwargs: {'volumes': ['../dbt:/usr/app', '../dbt/profiles:/root/.dbt']}
[2026-09-10T23:39:54.782+0000] {processor.py:927} WARNING - No viable dags retrieved from /opt/airflow/dags/countries_dag.py
[2026-09-10T23:39:54.821+0000] {processor.py:208} INFO - Processing /opt/airflow/dags/countries_dag.py took 2.263 seconds
[2026-09-10T23:40:24.990+0000] {processor.py:186} INFO - Started process (PID=1897) to work on /opt/airflow/dags/countries_dag.py
[2026-09-10T23:40:24.992+0000] {processor.py:914} INFO - Processing file /opt/airflow/dags/countries_dag.py for tasks to queue
[2026-09-10T23:40:25.003+0000] {logging_mixin.py:190} INFO - [2026-09-10T23:40:24.995+0000] {dagbag.py:588} INFO - Filling up the DagBag from /opt/airflow/dags/countries_dag.py
[2026-09-10T23:40:26.744+0000] {logging_mixin.py:190} INFO - [2026-09-10T23:40:26.735+0000] {dagbag.py:387} ERROR - Failed to import: /opt/airflow/dags/countries_dag.py
Traceback (most recent call last):
  File "/home/airflow/.local/lib/python3.11/site-packages/airflow/models/dagbag.py", line 383, in parse
    loader.exec_module(new_module)
  File "<frozen importlib._bootstrap_external>", line 940, in exec_module
  File "<frozen importlib._bootstrap>", line 241, in _call_with_frames_removed
  File "/opt/airflow/dags/countries_dag.py", line 73, in <module>
    dbt_run = DockerOperator(
              ^^^^^^^^^^^^^^^
  File "/home/airflow/.local/lib/python3.11/site-packages/airflow/models/baseoperator.py", line 508, in apply_defaults
    result = func(self, **kwargs, default_args=default_args)
             ^^^^^^^^^^^^^^^^^^^^^^^^^^^^^^^^^^^^^^^^^^^^^^^
  File "/home/airflow/.local/lib/python3.11/site-packages/airflow/providers/docker/operators/docker.py", line 256, in __init__
    super().__init__(**kwargs)
  File "/home/airflow/.local/lib/python3.11/site-packages/airflow/models/baseoperator.py", line 508, in apply_defaults
    result = func(self, **kwargs, default_args=default_args)
             ^^^^^^^^^^^^^^^^^^^^^^^^^^^^^^^^^^^^^^^^^^^^^^^
  File "/home/airflow/.local/lib/python3.11/site-packages/airflow/models/baseoperator.py", line 959, in __init__
    raise AirflowException(
airflow.exceptions.AirflowException: Invalid arguments were passed to DockerOperator (task_id: dbt_run). Invalid arguments were:
**kwargs: {'volumes': ['../dbt:/usr/app', '../dbt/profiles:/root/.dbt']}
[2026-09-10T23:40:26.746+0000] {processor.py:927} WARNING - No viable dags retrieved from /opt/airflow/dags/countries_dag.py
[2026-09-10T23:40:26.787+0000] {processor.py:208} INFO - Processing /opt/airflow/dags/countries_dag.py took 1.816 seconds
[2026-09-10T23:40:57.187+0000] {processor.py:186} INFO - Started process (PID=1904) to work on /opt/airflow/dags/countries_dag.py
[2026-09-10T23:40:57.189+0000] {processor.py:914} INFO - Processing file /opt/airflow/dags/countries_dag.py for tasks to queue
[2026-09-10T23:40:57.193+0000] {logging_mixin.py:190} INFO - [2026-09-10T23:40:57.192+0000] {dagbag.py:588} INFO - Filling up the DagBag from /opt/airflow/dags/countries_dag.py
[2026-09-10T23:40:58.984+0000] {logging_mixin.py:190} INFO - [2026-09-10T23:40:58.971+0000] {dagbag.py:387} ERROR - Failed to import: /opt/airflow/dags/countries_dag.py
Traceback (most recent call last):
  File "/home/airflow/.local/lib/python3.11/site-packages/airflow/models/dagbag.py", line 383, in parse
    loader.exec_module(new_module)
  File "<frozen importlib._bootstrap_external>", line 940, in exec_module
  File "<frozen importlib._bootstrap>", line 241, in _call_with_frames_removed
  File "/opt/airflow/dags/countries_dag.py", line 73, in <module>
    dbt_run = DockerOperator(
              ^^^^^^^^^^^^^^^
  File "/home/airflow/.local/lib/python3.11/site-packages/airflow/models/baseoperator.py", line 508, in apply_defaults
    result = func(self, **kwargs, default_args=default_args)
             ^^^^^^^^^^^^^^^^^^^^^^^^^^^^^^^^^^^^^^^^^^^^^^^
  File "/home/airflow/.local/lib/python3.11/site-packages/airflow/providers/docker/operators/docker.py", line 256, in __init__
    super().__init__(**kwargs)
  File "/home/airflow/.local/lib/python3.11/site-packages/airflow/models/baseoperator.py", line 508, in apply_defaults
    result = func(self, **kwargs, default_args=default_args)
             ^^^^^^^^^^^^^^^^^^^^^^^^^^^^^^^^^^^^^^^^^^^^^^^
  File "/home/airflow/.local/lib/python3.11/site-packages/airflow/models/baseoperator.py", line 959, in __init__
    raise AirflowException(
airflow.exceptions.AirflowException: Invalid arguments were passed to DockerOperator (task_id: dbt_run). Invalid arguments were:
**kwargs: {'volumes': ['../dbt:/usr/app', '../dbt/profiles:/root/.dbt']}
[2026-09-10T23:40:58.986+0000] {processor.py:927} WARNING - No viable dags retrieved from /opt/airflow/dags/countries_dag.py
[2026-09-10T23:40:59.019+0000] {processor.py:208} INFO - Processing /opt/airflow/dags/countries_dag.py took 1.844 seconds
[2026-09-10T23:41:29.498+0000] {processor.py:186} INFO - Started process (PID=1911) to work on /opt/airflow/dags/countries_dag.py
[2026-09-10T23:41:29.502+0000] {processor.py:914} INFO - Processing file /opt/airflow/dags/countries_dag.py for tasks to queue
[2026-09-10T23:41:29.506+0000] {logging_mixin.py:190} INFO - [2026-09-10T23:41:29.505+0000] {dagbag.py:588} INFO - Filling up the DagBag from /opt/airflow/dags/countries_dag.py
[2026-09-10T23:41:33.465+0000] {logging_mixin.py:190} INFO - [2026-09-10T23:41:33.432+0000] {dagbag.py:387} ERROR - Failed to import: /opt/airflow/dags/countries_dag.py
Traceback (most recent call last):
  File "/home/airflow/.local/lib/python3.11/site-packages/airflow/models/dagbag.py", line 383, in parse
    loader.exec_module(new_module)
  File "<frozen importlib._bootstrap_external>", line 940, in exec_module
  File "<frozen importlib._bootstrap>", line 241, in _call_with_frames_removed
  File "/opt/airflow/dags/countries_dag.py", line 73, in <module>
    dbt_run = DockerOperator(
              ^^^^^^^^^^^^^^^
  File "/home/airflow/.local/lib/python3.11/site-packages/airflow/models/baseoperator.py", line 508, in apply_defaults
    result = func(self, **kwargs, default_args=default_args)
             ^^^^^^^^^^^^^^^^^^^^^^^^^^^^^^^^^^^^^^^^^^^^^^^
  File "/home/airflow/.local/lib/python3.11/site-packages/airflow/providers/docker/operators/docker.py", line 256, in __init__
    super().__init__(**kwargs)
  File "/home/airflow/.local/lib/python3.11/site-packages/airflow/models/baseoperator.py", line 508, in apply_defaults
    result = func(self, **kwargs, default_args=default_args)
             ^^^^^^^^^^^^^^^^^^^^^^^^^^^^^^^^^^^^^^^^^^^^^^^
  File "/home/airflow/.local/lib/python3.11/site-packages/airflow/models/baseoperator.py", line 959, in __init__
    raise AirflowException(
airflow.exceptions.AirflowException: Invalid arguments were passed to DockerOperator (task_id: dbt_run). Invalid arguments were:
**kwargs: {'volumes': ['../dbt:/usr/app', '../dbt/profiles:/root/.dbt']}
[2026-09-10T23:41:33.470+0000] {processor.py:927} WARNING - No viable dags retrieved from /opt/airflow/dags/countries_dag.py
[2026-09-10T23:41:33.523+0000] {processor.py:208} INFO - Processing /opt/airflow/dags/countries_dag.py took 4.041 seconds
[2026-09-10T23:42:04.056+0000] {processor.py:186} INFO - Started process (PID=1918) to work on /opt/airflow/dags/countries_dag.py
[2026-09-10T23:42:04.074+0000] {processor.py:914} INFO - Processing file /opt/airflow/dags/countries_dag.py for tasks to queue
[2026-09-10T23:42:04.079+0000] {logging_mixin.py:190} INFO - [2026-09-10T23:42:04.078+0000] {dagbag.py:588} INFO - Filling up the DagBag from /opt/airflow/dags/countries_dag.py
[2026-09-10T23:42:06.024+0000] {logging_mixin.py:190} INFO - [2026-09-10T23:42:06.016+0000] {dagbag.py:387} ERROR - Failed to import: /opt/airflow/dags/countries_dag.py
Traceback (most recent call last):
  File "/home/airflow/.local/lib/python3.11/site-packages/airflow/models/dagbag.py", line 383, in parse
    loader.exec_module(new_module)
  File "<frozen importlib._bootstrap_external>", line 940, in exec_module
  File "<frozen importlib._bootstrap>", line 241, in _call_with_frames_removed
  File "/opt/airflow/dags/countries_dag.py", line 73, in <module>
    dbt_run = DockerOperator(
              ^^^^^^^^^^^^^^^
  File "/home/airflow/.local/lib/python3.11/site-packages/airflow/models/baseoperator.py", line 508, in apply_defaults
    result = func(self, **kwargs, default_args=default_args)
             ^^^^^^^^^^^^^^^^^^^^^^^^^^^^^^^^^^^^^^^^^^^^^^^
  File "/home/airflow/.local/lib/python3.11/site-packages/airflow/providers/docker/operators/docker.py", line 256, in __init__
    super().__init__(**kwargs)
  File "/home/airflow/.local/lib/python3.11/site-packages/airflow/models/baseoperator.py", line 508, in apply_defaults
    result = func(self, **kwargs, default_args=default_args)
             ^^^^^^^^^^^^^^^^^^^^^^^^^^^^^^^^^^^^^^^^^^^^^^^
  File "/home/airflow/.local/lib/python3.11/site-packages/airflow/models/baseoperator.py", line 959, in __init__
    raise AirflowException(
airflow.exceptions.AirflowException: Invalid arguments were passed to DockerOperator (task_id: dbt_run). Invalid arguments were:
**kwargs: {'volumes': ['../dbt:/usr/app', '../dbt/profiles:/root/.dbt']}
[2026-09-10T23:42:06.025+0000] {processor.py:927} WARNING - No viable dags retrieved from /opt/airflow/dags/countries_dag.py
[2026-09-10T23:42:06.062+0000] {processor.py:208} INFO - Processing /opt/airflow/dags/countries_dag.py took 2.028 seconds
[2026-09-10T23:42:36.395+0000] {processor.py:186} INFO - Started process (PID=1925) to work on /opt/airflow/dags/countries_dag.py
[2026-09-10T23:42:36.399+0000] {processor.py:914} INFO - Processing file /opt/airflow/dags/countries_dag.py for tasks to queue
[2026-09-10T23:42:36.402+0000] {logging_mixin.py:190} INFO - [2026-09-10T23:42:36.401+0000] {dagbag.py:588} INFO - Filling up the DagBag from /opt/airflow/dags/countries_dag.py
[2026-09-10T23:42:38.648+0000] {logging_mixin.py:190} INFO - [2026-09-10T23:42:38.639+0000] {dagbag.py:387} ERROR - Failed to import: /opt/airflow/dags/countries_dag.py
Traceback (most recent call last):
  File "/home/airflow/.local/lib/python3.11/site-packages/airflow/models/dagbag.py", line 383, in parse
    loader.exec_module(new_module)
  File "<frozen importlib._bootstrap_external>", line 940, in exec_module
  File "<frozen importlib._bootstrap>", line 241, in _call_with_frames_removed
  File "/opt/airflow/dags/countries_dag.py", line 73, in <module>
    dbt_run = DockerOperator(
              ^^^^^^^^^^^^^^^
  File "/home/airflow/.local/lib/python3.11/site-packages/airflow/models/baseoperator.py", line 508, in apply_defaults
    result = func(self, **kwargs, default_args=default_args)
             ^^^^^^^^^^^^^^^^^^^^^^^^^^^^^^^^^^^^^^^^^^^^^^^
  File "/home/airflow/.local/lib/python3.11/site-packages/airflow/providers/docker/operators/docker.py", line 256, in __init__
    super().__init__(**kwargs)
  File "/home/airflow/.local/lib/python3.11/site-packages/airflow/models/baseoperator.py", line 508, in apply_defaults
    result = func(self, **kwargs, default_args=default_args)
             ^^^^^^^^^^^^^^^^^^^^^^^^^^^^^^^^^^^^^^^^^^^^^^^
  File "/home/airflow/.local/lib/python3.11/site-packages/airflow/models/baseoperator.py", line 959, in __init__
    raise AirflowException(
airflow.exceptions.AirflowException: Invalid arguments were passed to DockerOperator (task_id: dbt_run). Invalid arguments were:
**kwargs: {'volumes': ['../dbt:/usr/app', '../dbt/profiles:/root/.dbt']}
[2026-09-10T23:42:38.650+0000] {processor.py:927} WARNING - No viable dags retrieved from /opt/airflow/dags/countries_dag.py
[2026-09-10T23:42:38.689+0000] {processor.py:208} INFO - Processing /opt/airflow/dags/countries_dag.py took 2.314 seconds
[2026-09-10T23:43:08.873+0000] {processor.py:186} INFO - Started process (PID=1932) to work on /opt/airflow/dags/countries_dag.py
[2026-09-10T23:43:08.874+0000] {processor.py:914} INFO - Processing file /opt/airflow/dags/countries_dag.py for tasks to queue
[2026-09-10T23:43:08.878+0000] {logging_mixin.py:190} INFO - [2026-09-10T23:43:08.877+0000] {dagbag.py:588} INFO - Filling up the DagBag from /opt/airflow/dags/countries_dag.py
[2026-09-10T23:43:12.360+0000] {logging_mixin.py:190} INFO - [2026-09-10T23:43:12.335+0000] {dagbag.py:387} ERROR - Failed to import: /opt/airflow/dags/countries_dag.py
Traceback (most recent call last):
  File "/home/airflow/.local/lib/python3.11/site-packages/airflow/models/dagbag.py", line 383, in parse
    loader.exec_module(new_module)
  File "<frozen importlib._bootstrap_external>", line 940, in exec_module
  File "<frozen importlib._bootstrap>", line 241, in _call_with_frames_removed
  File "/opt/airflow/dags/countries_dag.py", line 73, in <module>
    dbt_run = DockerOperator(
              ^^^^^^^^^^^^^^^
  File "/home/airflow/.local/lib/python3.11/site-packages/airflow/models/baseoperator.py", line 508, in apply_defaults
    result = func(self, **kwargs, default_args=default_args)
             ^^^^^^^^^^^^^^^^^^^^^^^^^^^^^^^^^^^^^^^^^^^^^^^
  File "/home/airflow/.local/lib/python3.11/site-packages/airflow/providers/docker/operators/docker.py", line 256, in __init__
    super().__init__(**kwargs)
  File "/home/airflow/.local/lib/python3.11/site-packages/airflow/models/baseoperator.py", line 508, in apply_defaults
    result = func(self, **kwargs, default_args=default_args)
             ^^^^^^^^^^^^^^^^^^^^^^^^^^^^^^^^^^^^^^^^^^^^^^^
  File "/home/airflow/.local/lib/python3.11/site-packages/airflow/models/baseoperator.py", line 959, in __init__
    raise AirflowException(
airflow.exceptions.AirflowException: Invalid arguments were passed to DockerOperator (task_id: dbt_run). Invalid arguments were:
**kwargs: {'volumes': ['../dbt:/usr/app', '../dbt/profiles:/root/.dbt']}
[2026-09-10T23:43:12.362+0000] {processor.py:927} WARNING - No viable dags retrieved from /opt/airflow/dags/countries_dag.py
[2026-09-10T23:43:12.486+0000] {processor.py:208} INFO - Processing /opt/airflow/dags/countries_dag.py took 3.627 seconds
[2026-09-10T23:43:42.708+0000] {processor.py:186} INFO - Started process (PID=1939) to work on /opt/airflow/dags/countries_dag.py
[2026-09-10T23:43:42.710+0000] {processor.py:914} INFO - Processing file /opt/airflow/dags/countries_dag.py for tasks to queue
[2026-09-10T23:43:42.713+0000] {logging_mixin.py:190} INFO - [2026-09-10T23:43:42.712+0000] {dagbag.py:588} INFO - Filling up the DagBag from /opt/airflow/dags/countries_dag.py
[2026-09-10T23:43:44.245+0000] {logging_mixin.py:190} INFO - [2026-09-10T23:43:44.229+0000] {dagbag.py:387} ERROR - Failed to import: /opt/airflow/dags/countries_dag.py
Traceback (most recent call last):
  File "/home/airflow/.local/lib/python3.11/site-packages/airflow/models/dagbag.py", line 383, in parse
    loader.exec_module(new_module)
  File "<frozen importlib._bootstrap_external>", line 940, in exec_module
  File "<frozen importlib._bootstrap>", line 241, in _call_with_frames_removed
  File "/opt/airflow/dags/countries_dag.py", line 73, in <module>
    dbt_run = DockerOperator(
              ^^^^^^^^^^^^^^^
  File "/home/airflow/.local/lib/python3.11/site-packages/airflow/models/baseoperator.py", line 508, in apply_defaults
    result = func(self, **kwargs, default_args=default_args)
             ^^^^^^^^^^^^^^^^^^^^^^^^^^^^^^^^^^^^^^^^^^^^^^^
  File "/home/airflow/.local/lib/python3.11/site-packages/airflow/providers/docker/operators/docker.py", line 256, in __init__
    super().__init__(**kwargs)
  File "/home/airflow/.local/lib/python3.11/site-packages/airflow/models/baseoperator.py", line 508, in apply_defaults
    result = func(self, **kwargs, default_args=default_args)
             ^^^^^^^^^^^^^^^^^^^^^^^^^^^^^^^^^^^^^^^^^^^^^^^
  File "/home/airflow/.local/lib/python3.11/site-packages/airflow/models/baseoperator.py", line 959, in __init__
    raise AirflowException(
airflow.exceptions.AirflowException: Invalid arguments were passed to DockerOperator (task_id: dbt_run). Invalid arguments were:
**kwargs: {'volumes': ['../dbt:/usr/app', '../dbt/profiles:/root/.dbt']}
[2026-09-10T23:43:44.251+0000] {processor.py:927} WARNING - No viable dags retrieved from /opt/airflow/dags/countries_dag.py
[2026-09-10T23:43:44.281+0000] {processor.py:208} INFO - Processing /opt/airflow/dags/countries_dag.py took 1.592 seconds
[2026-09-10T23:44:14.747+0000] {processor.py:186} INFO - Started process (PID=1946) to work on /opt/airflow/dags/countries_dag.py
[2026-09-10T23:44:14.749+0000] {processor.py:914} INFO - Processing file /opt/airflow/dags/countries_dag.py for tasks to queue
[2026-09-10T23:44:14.751+0000] {logging_mixin.py:190} INFO - [2026-09-10T23:44:14.750+0000] {dagbag.py:588} INFO - Filling up the DagBag from /opt/airflow/dags/countries_dag.py
[2026-09-10T23:44:16.605+0000] {logging_mixin.py:190} INFO - [2026-09-10T23:44:16.586+0000] {dagbag.py:387} ERROR - Failed to import: /opt/airflow/dags/countries_dag.py
Traceback (most recent call last):
  File "/home/airflow/.local/lib/python3.11/site-packages/airflow/models/dagbag.py", line 383, in parse
    loader.exec_module(new_module)
  File "<frozen importlib._bootstrap_external>", line 940, in exec_module
  File "<frozen importlib._bootstrap>", line 241, in _call_with_frames_removed
  File "/opt/airflow/dags/countries_dag.py", line 73, in <module>
    dbt_run = DockerOperator(
              ^^^^^^^^^^^^^^^
  File "/home/airflow/.local/lib/python3.11/site-packages/airflow/models/baseoperator.py", line 508, in apply_defaults
    result = func(self, **kwargs, default_args=default_args)
             ^^^^^^^^^^^^^^^^^^^^^^^^^^^^^^^^^^^^^^^^^^^^^^^
  File "/home/airflow/.local/lib/python3.11/site-packages/airflow/providers/docker/operators/docker.py", line 256, in __init__
    super().__init__(**kwargs)
  File "/home/airflow/.local/lib/python3.11/site-packages/airflow/models/baseoperator.py", line 508, in apply_defaults
    result = func(self, **kwargs, default_args=default_args)
             ^^^^^^^^^^^^^^^^^^^^^^^^^^^^^^^^^^^^^^^^^^^^^^^
  File "/home/airflow/.local/lib/python3.11/site-packages/airflow/models/baseoperator.py", line 959, in __init__
    raise AirflowException(
airflow.exceptions.AirflowException: Invalid arguments were passed to DockerOperator (task_id: dbt_run). Invalid arguments were:
**kwargs: {'volumes': ['../dbt:/usr/app', '../dbt/profiles:/root/.dbt']}
[2026-09-10T23:44:16.607+0000] {processor.py:927} WARNING - No viable dags retrieved from /opt/airflow/dags/countries_dag.py
[2026-09-10T23:44:16.644+0000] {processor.py:208} INFO - Processing /opt/airflow/dags/countries_dag.py took 1.910 seconds
[2026-09-10T23:44:46.803+0000] {processor.py:186} INFO - Started process (PID=1953) to work on /opt/airflow/dags/countries_dag.py
[2026-09-10T23:44:46.809+0000] {processor.py:914} INFO - Processing file /opt/airflow/dags/countries_dag.py for tasks to queue
[2026-09-10T23:44:46.814+0000] {logging_mixin.py:190} INFO - [2026-09-10T23:44:46.813+0000] {dagbag.py:588} INFO - Filling up the DagBag from /opt/airflow/dags/countries_dag.py
[2026-09-10T23:44:48.597+0000] {logging_mixin.py:190} INFO - [2026-09-10T23:44:48.589+0000] {dagbag.py:387} ERROR - Failed to import: /opt/airflow/dags/countries_dag.py
Traceback (most recent call last):
  File "/home/airflow/.local/lib/python3.11/site-packages/airflow/models/dagbag.py", line 383, in parse
    loader.exec_module(new_module)
  File "<frozen importlib._bootstrap_external>", line 940, in exec_module
  File "<frozen importlib._bootstrap>", line 241, in _call_with_frames_removed
  File "/opt/airflow/dags/countries_dag.py", line 73, in <module>
    dbt_run = DockerOperator(
              ^^^^^^^^^^^^^^^
  File "/home/airflow/.local/lib/python3.11/site-packages/airflow/models/baseoperator.py", line 508, in apply_defaults
    result = func(self, **kwargs, default_args=default_args)
             ^^^^^^^^^^^^^^^^^^^^^^^^^^^^^^^^^^^^^^^^^^^^^^^
  File "/home/airflow/.local/lib/python3.11/site-packages/airflow/providers/docker/operators/docker.py", line 256, in __init__
    super().__init__(**kwargs)
  File "/home/airflow/.local/lib/python3.11/site-packages/airflow/models/baseoperator.py", line 508, in apply_defaults
    result = func(self, **kwargs, default_args=default_args)
             ^^^^^^^^^^^^^^^^^^^^^^^^^^^^^^^^^^^^^^^^^^^^^^^
  File "/home/airflow/.local/lib/python3.11/site-packages/airflow/models/baseoperator.py", line 959, in __init__
    raise AirflowException(
airflow.exceptions.AirflowException: Invalid arguments were passed to DockerOperator (task_id: dbt_run). Invalid arguments were:
**kwargs: {'volumes': ['../dbt:/usr/app', '../dbt/profiles:/root/.dbt']}
[2026-09-10T23:44:48.599+0000] {processor.py:927} WARNING - No viable dags retrieved from /opt/airflow/dags/countries_dag.py
[2026-09-10T23:44:48.627+0000] {processor.py:208} INFO - Processing /opt/airflow/dags/countries_dag.py took 1.850 seconds
[2026-09-10T23:45:19.096+0000] {processor.py:186} INFO - Started process (PID=1960) to work on /opt/airflow/dags/countries_dag.py
[2026-09-10T23:45:19.099+0000] {processor.py:914} INFO - Processing file /opt/airflow/dags/countries_dag.py for tasks to queue
[2026-09-10T23:45:19.103+0000] {logging_mixin.py:190} INFO - [2026-09-10T23:45:19.102+0000] {dagbag.py:588} INFO - Filling up the DagBag from /opt/airflow/dags/countries_dag.py
[2026-09-10T23:45:21.241+0000] {logging_mixin.py:190} INFO - [2026-09-10T23:45:21.233+0000] {dagbag.py:387} ERROR - Failed to import: /opt/airflow/dags/countries_dag.py
Traceback (most recent call last):
  File "/home/airflow/.local/lib/python3.11/site-packages/airflow/models/dagbag.py", line 383, in parse
    loader.exec_module(new_module)
  File "<frozen importlib._bootstrap_external>", line 940, in exec_module
  File "<frozen importlib._bootstrap>", line 241, in _call_with_frames_removed
  File "/opt/airflow/dags/countries_dag.py", line 73, in <module>
    dbt_run = DockerOperator(
              ^^^^^^^^^^^^^^^
  File "/home/airflow/.local/lib/python3.11/site-packages/airflow/models/baseoperator.py", line 508, in apply_defaults
    result = func(self, **kwargs, default_args=default_args)
             ^^^^^^^^^^^^^^^^^^^^^^^^^^^^^^^^^^^^^^^^^^^^^^^
  File "/home/airflow/.local/lib/python3.11/site-packages/airflow/providers/docker/operators/docker.py", line 256, in __init__
    super().__init__(**kwargs)
  File "/home/airflow/.local/lib/python3.11/site-packages/airflow/models/baseoperator.py", line 508, in apply_defaults
    result = func(self, **kwargs, default_args=default_args)
             ^^^^^^^^^^^^^^^^^^^^^^^^^^^^^^^^^^^^^^^^^^^^^^^
  File "/home/airflow/.local/lib/python3.11/site-packages/airflow/models/baseoperator.py", line 959, in __init__
    raise AirflowException(
airflow.exceptions.AirflowException: Invalid arguments were passed to DockerOperator (task_id: dbt_run). Invalid arguments were:
**kwargs: {'volumes': ['../dbt:/usr/app', '../dbt/profiles:/root/.dbt']}
[2026-09-10T23:45:21.243+0000] {processor.py:927} WARNING - No viable dags retrieved from /opt/airflow/dags/countries_dag.py
[2026-09-10T23:45:21.283+0000] {processor.py:208} INFO - Processing /opt/airflow/dags/countries_dag.py took 2.199 seconds
[2026-09-10T23:45:51.762+0000] {processor.py:186} INFO - Started process (PID=1967) to work on /opt/airflow/dags/countries_dag.py
[2026-09-10T23:45:51.766+0000] {processor.py:914} INFO - Processing file /opt/airflow/dags/countries_dag.py for tasks to queue
[2026-09-10T23:45:51.777+0000] {logging_mixin.py:190} INFO - [2026-09-10T23:45:51.776+0000] {dagbag.py:588} INFO - Filling up the DagBag from /opt/airflow/dags/countries_dag.py
[2026-09-10T23:45:53.916+0000] {logging_mixin.py:190} INFO - [2026-09-10T23:45:53.907+0000] {dagbag.py:387} ERROR - Failed to import: /opt/airflow/dags/countries_dag.py
Traceback (most recent call last):
  File "/home/airflow/.local/lib/python3.11/site-packages/airflow/models/dagbag.py", line 383, in parse
    loader.exec_module(new_module)
  File "<frozen importlib._bootstrap_external>", line 940, in exec_module
  File "<frozen importlib._bootstrap>", line 241, in _call_with_frames_removed
  File "/opt/airflow/dags/countries_dag.py", line 73, in <module>
    dbt_run = DockerOperator(
              ^^^^^^^^^^^^^^^
  File "/home/airflow/.local/lib/python3.11/site-packages/airflow/models/baseoperator.py", line 508, in apply_defaults
    result = func(self, **kwargs, default_args=default_args)
             ^^^^^^^^^^^^^^^^^^^^^^^^^^^^^^^^^^^^^^^^^^^^^^^
  File "/home/airflow/.local/lib/python3.11/site-packages/airflow/providers/docker/operators/docker.py", line 256, in __init__
    super().__init__(**kwargs)
  File "/home/airflow/.local/lib/python3.11/site-packages/airflow/models/baseoperator.py", line 508, in apply_defaults
    result = func(self, **kwargs, default_args=default_args)
             ^^^^^^^^^^^^^^^^^^^^^^^^^^^^^^^^^^^^^^^^^^^^^^^
  File "/home/airflow/.local/lib/python3.11/site-packages/airflow/models/baseoperator.py", line 959, in __init__
    raise AirflowException(
airflow.exceptions.AirflowException: Invalid arguments were passed to DockerOperator (task_id: dbt_run). Invalid arguments were:
**kwargs: {'volumes': ['../dbt:/usr/app', '../dbt/profiles:/root/.dbt']}
[2026-09-10T23:45:53.918+0000] {processor.py:927} WARNING - No viable dags retrieved from /opt/airflow/dags/countries_dag.py
[2026-09-10T23:45:53.947+0000] {processor.py:208} INFO - Processing /opt/airflow/dags/countries_dag.py took 2.212 seconds
[2026-09-10T23:46:24.424+0000] {processor.py:186} INFO - Started process (PID=1974) to work on /opt/airflow/dags/countries_dag.py
[2026-09-10T23:46:24.430+0000] {processor.py:914} INFO - Processing file /opt/airflow/dags/countries_dag.py for tasks to queue
[2026-09-10T23:46:24.440+0000] {logging_mixin.py:190} INFO - [2026-09-10T23:46:24.439+0000] {dagbag.py:588} INFO - Filling up the DagBag from /opt/airflow/dags/countries_dag.py
[2026-09-10T23:46:27.424+0000] {logging_mixin.py:190} INFO - [2026-09-10T23:46:27.410+0000] {dagbag.py:387} ERROR - Failed to import: /opt/airflow/dags/countries_dag.py
Traceback (most recent call last):
  File "/home/airflow/.local/lib/python3.11/site-packages/airflow/models/dagbag.py", line 383, in parse
    loader.exec_module(new_module)
  File "<frozen importlib._bootstrap_external>", line 940, in exec_module
  File "<frozen importlib._bootstrap>", line 241, in _call_with_frames_removed
  File "/opt/airflow/dags/countries_dag.py", line 73, in <module>
    dbt_run = DockerOperator(
              ^^^^^^^^^^^^^^^
  File "/home/airflow/.local/lib/python3.11/site-packages/airflow/models/baseoperator.py", line 508, in apply_defaults
    result = func(self, **kwargs, default_args=default_args)
             ^^^^^^^^^^^^^^^^^^^^^^^^^^^^^^^^^^^^^^^^^^^^^^^
  File "/home/airflow/.local/lib/python3.11/site-packages/airflow/providers/docker/operators/docker.py", line 256, in __init__
    super().__init__(**kwargs)
  File "/home/airflow/.local/lib/python3.11/site-packages/airflow/models/baseoperator.py", line 508, in apply_defaults
    result = func(self, **kwargs, default_args=default_args)
             ^^^^^^^^^^^^^^^^^^^^^^^^^^^^^^^^^^^^^^^^^^^^^^^
  File "/home/airflow/.local/lib/python3.11/site-packages/airflow/models/baseoperator.py", line 959, in __init__
    raise AirflowException(
airflow.exceptions.AirflowException: Invalid arguments were passed to DockerOperator (task_id: dbt_run). Invalid arguments were:
**kwargs: {'volumes': ['../dbt:/usr/app', '../dbt/profiles:/root/.dbt']}
[2026-09-10T23:46:27.429+0000] {processor.py:927} WARNING - No viable dags retrieved from /opt/airflow/dags/countries_dag.py
[2026-09-10T23:46:27.479+0000] {processor.py:208} INFO - Processing /opt/airflow/dags/countries_dag.py took 3.078 seconds
[2026-09-10T23:46:57.753+0000] {processor.py:186} INFO - Started process (PID=1981) to work on /opt/airflow/dags/countries_dag.py
[2026-09-10T23:46:57.755+0000] {processor.py:914} INFO - Processing file /opt/airflow/dags/countries_dag.py for tasks to queue
[2026-09-10T23:46:57.759+0000] {logging_mixin.py:190} INFO - [2026-09-10T23:46:57.758+0000] {dagbag.py:588} INFO - Filling up the DagBag from /opt/airflow/dags/countries_dag.py
[2026-09-10T23:46:59.801+0000] {logging_mixin.py:190} INFO - [2026-09-10T23:46:59.789+0000] {dagbag.py:387} ERROR - Failed to import: /opt/airflow/dags/countries_dag.py
Traceback (most recent call last):
  File "/home/airflow/.local/lib/python3.11/site-packages/airflow/models/dagbag.py", line 383, in parse
    loader.exec_module(new_module)
  File "<frozen importlib._bootstrap_external>", line 940, in exec_module
  File "<frozen importlib._bootstrap>", line 241, in _call_with_frames_removed
  File "/opt/airflow/dags/countries_dag.py", line 73, in <module>
    dbt_run = DockerOperator(
              ^^^^^^^^^^^^^^^
  File "/home/airflow/.local/lib/python3.11/site-packages/airflow/models/baseoperator.py", line 508, in apply_defaults
    result = func(self, **kwargs, default_args=default_args)
             ^^^^^^^^^^^^^^^^^^^^^^^^^^^^^^^^^^^^^^^^^^^^^^^
  File "/home/airflow/.local/lib/python3.11/site-packages/airflow/providers/docker/operators/docker.py", line 256, in __init__
    super().__init__(**kwargs)
  File "/home/airflow/.local/lib/python3.11/site-packages/airflow/models/baseoperator.py", line 508, in apply_defaults
    result = func(self, **kwargs, default_args=default_args)
             ^^^^^^^^^^^^^^^^^^^^^^^^^^^^^^^^^^^^^^^^^^^^^^^
  File "/home/airflow/.local/lib/python3.11/site-packages/airflow/models/baseoperator.py", line 959, in __init__
    raise AirflowException(
airflow.exceptions.AirflowException: Invalid arguments were passed to DockerOperator (task_id: dbt_run). Invalid arguments were:
**kwargs: {'volumes': ['../dbt:/usr/app', '../dbt/profiles:/root/.dbt']}
[2026-09-10T23:46:59.802+0000] {processor.py:927} WARNING - No viable dags retrieved from /opt/airflow/dags/countries_dag.py
[2026-09-10T23:46:59.839+0000] {processor.py:208} INFO - Processing /opt/airflow/dags/countries_dag.py took 2.099 seconds
[2026-09-10T23:47:30.126+0000] {processor.py:186} INFO - Started process (PID=1988) to work on /opt/airflow/dags/countries_dag.py
[2026-09-10T23:47:30.128+0000] {processor.py:914} INFO - Processing file /opt/airflow/dags/countries_dag.py for tasks to queue
[2026-09-10T23:47:30.130+0000] {logging_mixin.py:190} INFO - [2026-09-10T23:47:30.130+0000] {dagbag.py:588} INFO - Filling up the DagBag from /opt/airflow/dags/countries_dag.py
[2026-09-10T23:47:32.585+0000] {logging_mixin.py:190} INFO - [2026-09-10T23:47:32.556+0000] {dagbag.py:387} ERROR - Failed to import: /opt/airflow/dags/countries_dag.py
Traceback (most recent call last):
  File "/home/airflow/.local/lib/python3.11/site-packages/airflow/models/dagbag.py", line 383, in parse
    loader.exec_module(new_module)
  File "<frozen importlib._bootstrap_external>", line 940, in exec_module
  File "<frozen importlib._bootstrap>", line 241, in _call_with_frames_removed
  File "/opt/airflow/dags/countries_dag.py", line 73, in <module>
    dbt_run = DockerOperator(
              ^^^^^^^^^^^^^^^
  File "/home/airflow/.local/lib/python3.11/site-packages/airflow/models/baseoperator.py", line 508, in apply_defaults
    result = func(self, **kwargs, default_args=default_args)
             ^^^^^^^^^^^^^^^^^^^^^^^^^^^^^^^^^^^^^^^^^^^^^^^
  File "/home/airflow/.local/lib/python3.11/site-packages/airflow/providers/docker/operators/docker.py", line 256, in __init__
    super().__init__(**kwargs)
  File "/home/airflow/.local/lib/python3.11/site-packages/airflow/models/baseoperator.py", line 508, in apply_defaults
    result = func(self, **kwargs, default_args=default_args)
             ^^^^^^^^^^^^^^^^^^^^^^^^^^^^^^^^^^^^^^^^^^^^^^^
  File "/home/airflow/.local/lib/python3.11/site-packages/airflow/models/baseoperator.py", line 959, in __init__
    raise AirflowException(
airflow.exceptions.AirflowException: Invalid arguments were passed to DockerOperator (task_id: dbt_run). Invalid arguments were:
**kwargs: {'volumes': ['../dbt:/usr/app', '../dbt/profiles:/root/.dbt']}
[2026-09-10T23:47:32.587+0000] {processor.py:927} WARNING - No viable dags retrieved from /opt/airflow/dags/countries_dag.py
[2026-09-10T23:47:32.640+0000] {processor.py:208} INFO - Processing /opt/airflow/dags/countries_dag.py took 2.525 seconds
[2026-09-10T23:48:03.180+0000] {processor.py:186} INFO - Started process (PID=1995) to work on /opt/airflow/dags/countries_dag.py
[2026-09-10T23:48:03.182+0000] {processor.py:914} INFO - Processing file /opt/airflow/dags/countries_dag.py for tasks to queue
[2026-09-10T23:48:03.186+0000] {logging_mixin.py:190} INFO - [2026-09-10T23:48:03.186+0000] {dagbag.py:588} INFO - Filling up the DagBag from /opt/airflow/dags/countries_dag.py
[2026-09-10T23:48:05.972+0000] {logging_mixin.py:190} INFO - [2026-09-10T23:48:05.960+0000] {dagbag.py:387} ERROR - Failed to import: /opt/airflow/dags/countries_dag.py
Traceback (most recent call last):
  File "/home/airflow/.local/lib/python3.11/site-packages/airflow/models/dagbag.py", line 383, in parse
    loader.exec_module(new_module)
  File "<frozen importlib._bootstrap_external>", line 940, in exec_module
  File "<frozen importlib._bootstrap>", line 241, in _call_with_frames_removed
  File "/opt/airflow/dags/countries_dag.py", line 73, in <module>
    dbt_run = DockerOperator(
              ^^^^^^^^^^^^^^^
  File "/home/airflow/.local/lib/python3.11/site-packages/airflow/models/baseoperator.py", line 508, in apply_defaults
    result = func(self, **kwargs, default_args=default_args)
             ^^^^^^^^^^^^^^^^^^^^^^^^^^^^^^^^^^^^^^^^^^^^^^^
  File "/home/airflow/.local/lib/python3.11/site-packages/airflow/providers/docker/operators/docker.py", line 256, in __init__
    super().__init__(**kwargs)
  File "/home/airflow/.local/lib/python3.11/site-packages/airflow/models/baseoperator.py", line 508, in apply_defaults
    result = func(self, **kwargs, default_args=default_args)
             ^^^^^^^^^^^^^^^^^^^^^^^^^^^^^^^^^^^^^^^^^^^^^^^
  File "/home/airflow/.local/lib/python3.11/site-packages/airflow/models/baseoperator.py", line 959, in __init__
    raise AirflowException(
airflow.exceptions.AirflowException: Invalid arguments were passed to DockerOperator (task_id: dbt_run). Invalid arguments were:
**kwargs: {'volumes': ['../dbt:/usr/app', '../dbt/profiles:/root/.dbt']}
[2026-09-10T23:48:05.974+0000] {processor.py:927} WARNING - No viable dags retrieved from /opt/airflow/dags/countries_dag.py
[2026-09-10T23:48:06.038+0000] {processor.py:208} INFO - Processing /opt/airflow/dags/countries_dag.py took 2.875 seconds
[2026-09-10T23:48:36.468+0000] {processor.py:186} INFO - Started process (PID=2002) to work on /opt/airflow/dags/countries_dag.py
[2026-09-10T23:48:36.471+0000] {processor.py:914} INFO - Processing file /opt/airflow/dags/countries_dag.py for tasks to queue
[2026-09-10T23:48:36.473+0000] {logging_mixin.py:190} INFO - [2026-09-10T23:48:36.473+0000] {dagbag.py:588} INFO - Filling up the DagBag from /opt/airflow/dags/countries_dag.py
[2026-09-10T23:48:39.089+0000] {logging_mixin.py:190} INFO - [2026-09-10T23:48:39.076+0000] {dagbag.py:387} ERROR - Failed to import: /opt/airflow/dags/countries_dag.py
Traceback (most recent call last):
  File "/home/airflow/.local/lib/python3.11/site-packages/airflow/models/dagbag.py", line 383, in parse
    loader.exec_module(new_module)
  File "<frozen importlib._bootstrap_external>", line 940, in exec_module
  File "<frozen importlib._bootstrap>", line 241, in _call_with_frames_removed
  File "/opt/airflow/dags/countries_dag.py", line 73, in <module>
    dbt_run = DockerOperator(
              ^^^^^^^^^^^^^^^
  File "/home/airflow/.local/lib/python3.11/site-packages/airflow/models/baseoperator.py", line 508, in apply_defaults
    result = func(self, **kwargs, default_args=default_args)
             ^^^^^^^^^^^^^^^^^^^^^^^^^^^^^^^^^^^^^^^^^^^^^^^
  File "/home/airflow/.local/lib/python3.11/site-packages/airflow/providers/docker/operators/docker.py", line 256, in __init__
    super().__init__(**kwargs)
  File "/home/airflow/.local/lib/python3.11/site-packages/airflow/models/baseoperator.py", line 508, in apply_defaults
    result = func(self, **kwargs, default_args=default_args)
             ^^^^^^^^^^^^^^^^^^^^^^^^^^^^^^^^^^^^^^^^^^^^^^^
  File "/home/airflow/.local/lib/python3.11/site-packages/airflow/models/baseoperator.py", line 959, in __init__
    raise AirflowException(
airflow.exceptions.AirflowException: Invalid arguments were passed to DockerOperator (task_id: dbt_run). Invalid arguments were:
**kwargs: {'volumes': ['../dbt:/usr/app', '../dbt/profiles:/root/.dbt']}
[2026-09-10T23:48:39.091+0000] {processor.py:927} WARNING - No viable dags retrieved from /opt/airflow/dags/countries_dag.py
[2026-09-10T23:48:39.124+0000] {processor.py:208} INFO - Processing /opt/airflow/dags/countries_dag.py took 2.668 seconds
[2026-09-10T23:49:09.289+0000] {processor.py:186} INFO - Started process (PID=2009) to work on /opt/airflow/dags/countries_dag.py
[2026-09-10T23:49:09.292+0000] {processor.py:914} INFO - Processing file /opt/airflow/dags/countries_dag.py for tasks to queue
[2026-09-10T23:49:09.296+0000] {logging_mixin.py:190} INFO - [2026-09-10T23:49:09.295+0000] {dagbag.py:588} INFO - Filling up the DagBag from /opt/airflow/dags/countries_dag.py
[2026-09-10T23:49:11.921+0000] {logging_mixin.py:190} INFO - [2026-09-10T23:49:11.904+0000] {dagbag.py:387} ERROR - Failed to import: /opt/airflow/dags/countries_dag.py
Traceback (most recent call last):
  File "/home/airflow/.local/lib/python3.11/site-packages/airflow/models/dagbag.py", line 383, in parse
    loader.exec_module(new_module)
  File "<frozen importlib._bootstrap_external>", line 940, in exec_module
  File "<frozen importlib._bootstrap>", line 241, in _call_with_frames_removed
  File "/opt/airflow/dags/countries_dag.py", line 73, in <module>
    dbt_run = DockerOperator(
              ^^^^^^^^^^^^^^^
  File "/home/airflow/.local/lib/python3.11/site-packages/airflow/models/baseoperator.py", line 508, in apply_defaults
    result = func(self, **kwargs, default_args=default_args)
             ^^^^^^^^^^^^^^^^^^^^^^^^^^^^^^^^^^^^^^^^^^^^^^^
  File "/home/airflow/.local/lib/python3.11/site-packages/airflow/providers/docker/operators/docker.py", line 256, in __init__
    super().__init__(**kwargs)
  File "/home/airflow/.local/lib/python3.11/site-packages/airflow/models/baseoperator.py", line 508, in apply_defaults
    result = func(self, **kwargs, default_args=default_args)
             ^^^^^^^^^^^^^^^^^^^^^^^^^^^^^^^^^^^^^^^^^^^^^^^
  File "/home/airflow/.local/lib/python3.11/site-packages/airflow/models/baseoperator.py", line 959, in __init__
    raise AirflowException(
airflow.exceptions.AirflowException: Invalid arguments were passed to DockerOperator (task_id: dbt_run). Invalid arguments were:
**kwargs: {'volumes': ['../dbt:/usr/app', '../dbt/profiles:/root/.dbt']}
[2026-09-10T23:49:11.925+0000] {processor.py:927} WARNING - No viable dags retrieved from /opt/airflow/dags/countries_dag.py
[2026-09-10T23:49:11.984+0000] {processor.py:208} INFO - Processing /opt/airflow/dags/countries_dag.py took 2.711 seconds
[2026-09-10T23:49:42.397+0000] {processor.py:186} INFO - Started process (PID=2016) to work on /opt/airflow/dags/countries_dag.py
[2026-09-10T23:49:42.399+0000] {processor.py:914} INFO - Processing file /opt/airflow/dags/countries_dag.py for tasks to queue
[2026-09-10T23:49:42.402+0000] {logging_mixin.py:190} INFO - [2026-09-10T23:49:42.402+0000] {dagbag.py:588} INFO - Filling up the DagBag from /opt/airflow/dags/countries_dag.py
[2026-09-10T23:49:44.189+0000] {logging_mixin.py:190} INFO - [2026-09-10T23:49:44.181+0000] {dagbag.py:387} ERROR - Failed to import: /opt/airflow/dags/countries_dag.py
Traceback (most recent call last):
  File "/home/airflow/.local/lib/python3.11/site-packages/airflow/models/dagbag.py", line 383, in parse
    loader.exec_module(new_module)
  File "<frozen importlib._bootstrap_external>", line 940, in exec_module
  File "<frozen importlib._bootstrap>", line 241, in _call_with_frames_removed
  File "/opt/airflow/dags/countries_dag.py", line 73, in <module>
    dbt_run = DockerOperator(
              ^^^^^^^^^^^^^^^
  File "/home/airflow/.local/lib/python3.11/site-packages/airflow/models/baseoperator.py", line 508, in apply_defaults
    result = func(self, **kwargs, default_args=default_args)
             ^^^^^^^^^^^^^^^^^^^^^^^^^^^^^^^^^^^^^^^^^^^^^^^
  File "/home/airflow/.local/lib/python3.11/site-packages/airflow/providers/docker/operators/docker.py", line 256, in __init__
    super().__init__(**kwargs)
  File "/home/airflow/.local/lib/python3.11/site-packages/airflow/models/baseoperator.py", line 508, in apply_defaults
    result = func(self, **kwargs, default_args=default_args)
             ^^^^^^^^^^^^^^^^^^^^^^^^^^^^^^^^^^^^^^^^^^^^^^^
  File "/home/airflow/.local/lib/python3.11/site-packages/airflow/models/baseoperator.py", line 959, in __init__
    raise AirflowException(
airflow.exceptions.AirflowException: Invalid arguments were passed to DockerOperator (task_id: dbt_run). Invalid arguments were:
**kwargs: {'volumes': ['../dbt:/usr/app', '../dbt/profiles:/root/.dbt']}
[2026-09-10T23:49:44.190+0000] {processor.py:927} WARNING - No viable dags retrieved from /opt/airflow/dags/countries_dag.py
[2026-09-10T23:49:44.228+0000] {processor.py:208} INFO - Processing /opt/airflow/dags/countries_dag.py took 1.845 seconds
[2026-09-10T23:50:14.620+0000] {processor.py:186} INFO - Started process (PID=2023) to work on /opt/airflow/dags/countries_dag.py
[2026-09-10T23:50:14.627+0000] {processor.py:914} INFO - Processing file /opt/airflow/dags/countries_dag.py for tasks to queue
[2026-09-10T23:50:14.631+0000] {logging_mixin.py:190} INFO - [2026-09-10T23:50:14.631+0000] {dagbag.py:588} INFO - Filling up the DagBag from /opt/airflow/dags/countries_dag.py
[2026-09-10T23:50:16.763+0000] {logging_mixin.py:190} INFO - [2026-09-10T23:50:16.751+0000] {dagbag.py:387} ERROR - Failed to import: /opt/airflow/dags/countries_dag.py
Traceback (most recent call last):
  File "/home/airflow/.local/lib/python3.11/site-packages/airflow/models/dagbag.py", line 383, in parse
    loader.exec_module(new_module)
  File "<frozen importlib._bootstrap_external>", line 940, in exec_module
  File "<frozen importlib._bootstrap>", line 241, in _call_with_frames_removed
  File "/opt/airflow/dags/countries_dag.py", line 73, in <module>
    dbt_run = DockerOperator(
              ^^^^^^^^^^^^^^^
  File "/home/airflow/.local/lib/python3.11/site-packages/airflow/models/baseoperator.py", line 508, in apply_defaults
    result = func(self, **kwargs, default_args=default_args)
             ^^^^^^^^^^^^^^^^^^^^^^^^^^^^^^^^^^^^^^^^^^^^^^^
  File "/home/airflow/.local/lib/python3.11/site-packages/airflow/providers/docker/operators/docker.py", line 256, in __init__
    super().__init__(**kwargs)
  File "/home/airflow/.local/lib/python3.11/site-packages/airflow/models/baseoperator.py", line 508, in apply_defaults
    result = func(self, **kwargs, default_args=default_args)
             ^^^^^^^^^^^^^^^^^^^^^^^^^^^^^^^^^^^^^^^^^^^^^^^
  File "/home/airflow/.local/lib/python3.11/site-packages/airflow/models/baseoperator.py", line 959, in __init__
    raise AirflowException(
airflow.exceptions.AirflowException: Invalid arguments were passed to DockerOperator (task_id: dbt_run). Invalid arguments were:
**kwargs: {'volumes': ['../dbt:/usr/app', '../dbt/profiles:/root/.dbt']}
[2026-09-10T23:50:16.765+0000] {processor.py:927} WARNING - No viable dags retrieved from /opt/airflow/dags/countries_dag.py
[2026-09-10T23:50:16.797+0000] {processor.py:208} INFO - Processing /opt/airflow/dags/countries_dag.py took 2.196 seconds
[2026-09-10T23:50:46.929+0000] {processor.py:186} INFO - Started process (PID=2030) to work on /opt/airflow/dags/countries_dag.py
[2026-09-10T23:50:46.930+0000] {processor.py:914} INFO - Processing file /opt/airflow/dags/countries_dag.py for tasks to queue
[2026-09-10T23:50:46.932+0000] {logging_mixin.py:190} INFO - [2026-09-10T23:50:46.932+0000] {dagbag.py:588} INFO - Filling up the DagBag from /opt/airflow/dags/countries_dag.py
[2026-09-10T23:50:48.470+0000] {logging_mixin.py:190} INFO - [2026-09-10T23:50:48.458+0000] {dagbag.py:387} ERROR - Failed to import: /opt/airflow/dags/countries_dag.py
Traceback (most recent call last):
  File "/home/airflow/.local/lib/python3.11/site-packages/airflow/models/dagbag.py", line 383, in parse
    loader.exec_module(new_module)
  File "<frozen importlib._bootstrap_external>", line 940, in exec_module
  File "<frozen importlib._bootstrap>", line 241, in _call_with_frames_removed
  File "/opt/airflow/dags/countries_dag.py", line 73, in <module>
    dbt_run = DockerOperator(
              ^^^^^^^^^^^^^^^
  File "/home/airflow/.local/lib/python3.11/site-packages/airflow/models/baseoperator.py", line 508, in apply_defaults
    result = func(self, **kwargs, default_args=default_args)
             ^^^^^^^^^^^^^^^^^^^^^^^^^^^^^^^^^^^^^^^^^^^^^^^
  File "/home/airflow/.local/lib/python3.11/site-packages/airflow/providers/docker/operators/docker.py", line 256, in __init__
    super().__init__(**kwargs)
  File "/home/airflow/.local/lib/python3.11/site-packages/airflow/models/baseoperator.py", line 508, in apply_defaults
    result = func(self, **kwargs, default_args=default_args)
             ^^^^^^^^^^^^^^^^^^^^^^^^^^^^^^^^^^^^^^^^^^^^^^^
  File "/home/airflow/.local/lib/python3.11/site-packages/airflow/models/baseoperator.py", line 959, in __init__
    raise AirflowException(
airflow.exceptions.AirflowException: Invalid arguments were passed to DockerOperator (task_id: dbt_run). Invalid arguments were:
**kwargs: {'volumes': ['../dbt:/usr/app', '../dbt/profiles:/root/.dbt']}
[2026-09-10T23:50:48.472+0000] {processor.py:927} WARNING - No viable dags retrieved from /opt/airflow/dags/countries_dag.py
[2026-09-10T23:50:48.515+0000] {processor.py:208} INFO - Processing /opt/airflow/dags/countries_dag.py took 1.599 seconds
[2026-09-10T23:51:18.914+0000] {processor.py:186} INFO - Started process (PID=2037) to work on /opt/airflow/dags/countries_dag.py
[2026-09-10T23:51:18.916+0000] {processor.py:914} INFO - Processing file /opt/airflow/dags/countries_dag.py for tasks to queue
[2026-09-10T23:51:18.919+0000] {logging_mixin.py:190} INFO - [2026-09-10T23:51:18.918+0000] {dagbag.py:588} INFO - Filling up the DagBag from /opt/airflow/dags/countries_dag.py
[2026-09-10T23:51:20.499+0000] {logging_mixin.py:190} INFO - [2026-09-10T23:51:20.489+0000] {dagbag.py:387} ERROR - Failed to import: /opt/airflow/dags/countries_dag.py
Traceback (most recent call last):
  File "/home/airflow/.local/lib/python3.11/site-packages/airflow/models/dagbag.py", line 383, in parse
    loader.exec_module(new_module)
  File "<frozen importlib._bootstrap_external>", line 940, in exec_module
  File "<frozen importlib._bootstrap>", line 241, in _call_with_frames_removed
  File "/opt/airflow/dags/countries_dag.py", line 73, in <module>
    dbt_run = DockerOperator(
              ^^^^^^^^^^^^^^^
  File "/home/airflow/.local/lib/python3.11/site-packages/airflow/models/baseoperator.py", line 508, in apply_defaults
    result = func(self, **kwargs, default_args=default_args)
             ^^^^^^^^^^^^^^^^^^^^^^^^^^^^^^^^^^^^^^^^^^^^^^^
  File "/home/airflow/.local/lib/python3.11/site-packages/airflow/providers/docker/operators/docker.py", line 256, in __init__
    super().__init__(**kwargs)
  File "/home/airflow/.local/lib/python3.11/site-packages/airflow/models/baseoperator.py", line 508, in apply_defaults
    result = func(self, **kwargs, default_args=default_args)
             ^^^^^^^^^^^^^^^^^^^^^^^^^^^^^^^^^^^^^^^^^^^^^^^
  File "/home/airflow/.local/lib/python3.11/site-packages/airflow/models/baseoperator.py", line 959, in __init__
    raise AirflowException(
airflow.exceptions.AirflowException: Invalid arguments were passed to DockerOperator (task_id: dbt_run). Invalid arguments were:
**kwargs: {'volumes': ['../dbt:/usr/app', '../dbt/profiles:/root/.dbt']}
[2026-09-10T23:51:20.501+0000] {processor.py:927} WARNING - No viable dags retrieved from /opt/airflow/dags/countries_dag.py
[2026-09-10T23:51:20.540+0000] {processor.py:208} INFO - Processing /opt/airflow/dags/countries_dag.py took 1.634 seconds
[2026-09-10T23:51:50.783+0000] {processor.py:186} INFO - Started process (PID=2044) to work on /opt/airflow/dags/countries_dag.py
[2026-09-10T23:51:50.786+0000] {processor.py:914} INFO - Processing file /opt/airflow/dags/countries_dag.py for tasks to queue
[2026-09-10T23:51:50.791+0000] {logging_mixin.py:190} INFO - [2026-09-10T23:51:50.791+0000] {dagbag.py:588} INFO - Filling up the DagBag from /opt/airflow/dags/countries_dag.py
[2026-09-10T23:51:52.900+0000] {logging_mixin.py:190} INFO - [2026-09-10T23:51:52.892+0000] {dagbag.py:387} ERROR - Failed to import: /opt/airflow/dags/countries_dag.py
Traceback (most recent call last):
  File "/home/airflow/.local/lib/python3.11/site-packages/airflow/models/dagbag.py", line 383, in parse
    loader.exec_module(new_module)
  File "<frozen importlib._bootstrap_external>", line 940, in exec_module
  File "<frozen importlib._bootstrap>", line 241, in _call_with_frames_removed
  File "/opt/airflow/dags/countries_dag.py", line 73, in <module>
    dbt_run = DockerOperator(
              ^^^^^^^^^^^^^^^
  File "/home/airflow/.local/lib/python3.11/site-packages/airflow/models/baseoperator.py", line 508, in apply_defaults
    result = func(self, **kwargs, default_args=default_args)
             ^^^^^^^^^^^^^^^^^^^^^^^^^^^^^^^^^^^^^^^^^^^^^^^
  File "/home/airflow/.local/lib/python3.11/site-packages/airflow/providers/docker/operators/docker.py", line 256, in __init__
    super().__init__(**kwargs)
  File "/home/airflow/.local/lib/python3.11/site-packages/airflow/models/baseoperator.py", line 508, in apply_defaults
    result = func(self, **kwargs, default_args=default_args)
             ^^^^^^^^^^^^^^^^^^^^^^^^^^^^^^^^^^^^^^^^^^^^^^^
  File "/home/airflow/.local/lib/python3.11/site-packages/airflow/models/baseoperator.py", line 959, in __init__
    raise AirflowException(
airflow.exceptions.AirflowException: Invalid arguments were passed to DockerOperator (task_id: dbt_run). Invalid arguments were:
**kwargs: {'volumes': ['../dbt:/usr/app', '../dbt/profiles:/root/.dbt']}
[2026-09-10T23:51:52.902+0000] {processor.py:927} WARNING - No viable dags retrieved from /opt/airflow/dags/countries_dag.py
[2026-09-10T23:51:52.929+0000] {processor.py:208} INFO - Processing /opt/airflow/dags/countries_dag.py took 2.157 seconds
[2026-09-10T23:52:23.247+0000] {processor.py:186} INFO - Started process (PID=2051) to work on /opt/airflow/dags/countries_dag.py
[2026-09-10T23:52:23.249+0000] {processor.py:914} INFO - Processing file /opt/airflow/dags/countries_dag.py for tasks to queue
[2026-09-10T23:52:23.251+0000] {logging_mixin.py:190} INFO - [2026-09-10T23:52:23.251+0000] {dagbag.py:588} INFO - Filling up the DagBag from /opt/airflow/dags/countries_dag.py
[2026-09-10T23:52:25.029+0000] {logging_mixin.py:190} INFO - [2026-09-10T23:52:25.021+0000] {dagbag.py:387} ERROR - Failed to import: /opt/airflow/dags/countries_dag.py
Traceback (most recent call last):
  File "/home/airflow/.local/lib/python3.11/site-packages/airflow/models/dagbag.py", line 383, in parse
    loader.exec_module(new_module)
  File "<frozen importlib._bootstrap_external>", line 940, in exec_module
  File "<frozen importlib._bootstrap>", line 241, in _call_with_frames_removed
  File "/opt/airflow/dags/countries_dag.py", line 73, in <module>
    dbt_run = DockerOperator(
              ^^^^^^^^^^^^^^^
  File "/home/airflow/.local/lib/python3.11/site-packages/airflow/models/baseoperator.py", line 508, in apply_defaults
    result = func(self, **kwargs, default_args=default_args)
             ^^^^^^^^^^^^^^^^^^^^^^^^^^^^^^^^^^^^^^^^^^^^^^^
  File "/home/airflow/.local/lib/python3.11/site-packages/airflow/providers/docker/operators/docker.py", line 256, in __init__
    super().__init__(**kwargs)
  File "/home/airflow/.local/lib/python3.11/site-packages/airflow/models/baseoperator.py", line 508, in apply_defaults
    result = func(self, **kwargs, default_args=default_args)
             ^^^^^^^^^^^^^^^^^^^^^^^^^^^^^^^^^^^^^^^^^^^^^^^
  File "/home/airflow/.local/lib/python3.11/site-packages/airflow/models/baseoperator.py", line 959, in __init__
    raise AirflowException(
airflow.exceptions.AirflowException: Invalid arguments were passed to DockerOperator (task_id: dbt_run). Invalid arguments were:
**kwargs: {'volumes': ['../dbt:/usr/app', '../dbt/profiles:/root/.dbt']}
[2026-09-10T23:52:25.030+0000] {processor.py:927} WARNING - No viable dags retrieved from /opt/airflow/dags/countries_dag.py
[2026-09-10T23:52:25.055+0000] {processor.py:208} INFO - Processing /opt/airflow/dags/countries_dag.py took 1.817 seconds
[2026-09-10T23:52:55.569+0000] {processor.py:186} INFO - Started process (PID=2058) to work on /opt/airflow/dags/countries_dag.py
[2026-09-10T23:52:55.572+0000] {processor.py:914} INFO - Processing file /opt/airflow/dags/countries_dag.py for tasks to queue
[2026-09-10T23:52:55.582+0000] {logging_mixin.py:190} INFO - [2026-09-10T23:52:55.581+0000] {dagbag.py:588} INFO - Filling up the DagBag from /opt/airflow/dags/countries_dag.py
[2026-09-10T23:52:58.281+0000] {logging_mixin.py:190} INFO - [2026-09-10T23:52:58.268+0000] {dagbag.py:387} ERROR - Failed to import: /opt/airflow/dags/countries_dag.py
Traceback (most recent call last):
  File "/home/airflow/.local/lib/python3.11/site-packages/airflow/models/dagbag.py", line 383, in parse
    loader.exec_module(new_module)
  File "<frozen importlib._bootstrap_external>", line 940, in exec_module
  File "<frozen importlib._bootstrap>", line 241, in _call_with_frames_removed
  File "/opt/airflow/dags/countries_dag.py", line 73, in <module>
    dbt_run = DockerOperator(
              ^^^^^^^^^^^^^^^
  File "/home/airflow/.local/lib/python3.11/site-packages/airflow/models/baseoperator.py", line 508, in apply_defaults
    result = func(self, **kwargs, default_args=default_args)
             ^^^^^^^^^^^^^^^^^^^^^^^^^^^^^^^^^^^^^^^^^^^^^^^
  File "/home/airflow/.local/lib/python3.11/site-packages/airflow/providers/docker/operators/docker.py", line 256, in __init__
    super().__init__(**kwargs)
  File "/home/airflow/.local/lib/python3.11/site-packages/airflow/models/baseoperator.py", line 508, in apply_defaults
    result = func(self, **kwargs, default_args=default_args)
             ^^^^^^^^^^^^^^^^^^^^^^^^^^^^^^^^^^^^^^^^^^^^^^^
  File "/home/airflow/.local/lib/python3.11/site-packages/airflow/models/baseoperator.py", line 959, in __init__
    raise AirflowException(
airflow.exceptions.AirflowException: Invalid arguments were passed to DockerOperator (task_id: dbt_run). Invalid arguments were:
**kwargs: {'volumes': ['../dbt:/usr/app', '../dbt/profiles:/root/.dbt']}
[2026-09-10T23:52:58.283+0000] {processor.py:927} WARNING - No viable dags retrieved from /opt/airflow/dags/countries_dag.py
[2026-09-10T23:52:58.312+0000] {processor.py:208} INFO - Processing /opt/airflow/dags/countries_dag.py took 2.775 seconds
[2026-09-10T23:53:28.693+0000] {processor.py:186} INFO - Started process (PID=2065) to work on /opt/airflow/dags/countries_dag.py
[2026-09-10T23:53:28.695+0000] {processor.py:914} INFO - Processing file /opt/airflow/dags/countries_dag.py for tasks to queue
[2026-09-10T23:53:28.697+0000] {logging_mixin.py:190} INFO - [2026-09-10T23:53:28.696+0000] {dagbag.py:588} INFO - Filling up the DagBag from /opt/airflow/dags/countries_dag.py
[2026-09-10T23:53:30.548+0000] {logging_mixin.py:190} INFO - [2026-09-10T23:53:30.534+0000] {dagbag.py:387} ERROR - Failed to import: /opt/airflow/dags/countries_dag.py
Traceback (most recent call last):
  File "/home/airflow/.local/lib/python3.11/site-packages/airflow/models/dagbag.py", line 383, in parse
    loader.exec_module(new_module)
  File "<frozen importlib._bootstrap_external>", line 940, in exec_module
  File "<frozen importlib._bootstrap>", line 241, in _call_with_frames_removed
  File "/opt/airflow/dags/countries_dag.py", line 73, in <module>
    dbt_run = DockerOperator(
              ^^^^^^^^^^^^^^^
  File "/home/airflow/.local/lib/python3.11/site-packages/airflow/models/baseoperator.py", line 508, in apply_defaults
    result = func(self, **kwargs, default_args=default_args)
             ^^^^^^^^^^^^^^^^^^^^^^^^^^^^^^^^^^^^^^^^^^^^^^^
  File "/home/airflow/.local/lib/python3.11/site-packages/airflow/providers/docker/operators/docker.py", line 256, in __init__
    super().__init__(**kwargs)
  File "/home/airflow/.local/lib/python3.11/site-packages/airflow/models/baseoperator.py", line 508, in apply_defaults
    result = func(self, **kwargs, default_args=default_args)
             ^^^^^^^^^^^^^^^^^^^^^^^^^^^^^^^^^^^^^^^^^^^^^^^
  File "/home/airflow/.local/lib/python3.11/site-packages/airflow/models/baseoperator.py", line 959, in __init__
    raise AirflowException(
airflow.exceptions.AirflowException: Invalid arguments were passed to DockerOperator (task_id: dbt_run). Invalid arguments were:
**kwargs: {'volumes': ['../dbt:/usr/app', '../dbt/profiles:/root/.dbt']}
[2026-09-10T23:53:30.550+0000] {processor.py:927} WARNING - No viable dags retrieved from /opt/airflow/dags/countries_dag.py
[2026-09-10T23:53:30.591+0000] {processor.py:208} INFO - Processing /opt/airflow/dags/countries_dag.py took 1.906 seconds
[2026-09-10T23:54:01.009+0000] {processor.py:186} INFO - Started process (PID=2072) to work on /opt/airflow/dags/countries_dag.py
[2026-09-10T23:54:01.011+0000] {processor.py:914} INFO - Processing file /opt/airflow/dags/countries_dag.py for tasks to queue
[2026-09-10T23:54:01.015+0000] {logging_mixin.py:190} INFO - [2026-09-10T23:54:01.014+0000] {dagbag.py:588} INFO - Filling up the DagBag from /opt/airflow/dags/countries_dag.py
[2026-09-10T23:54:03.371+0000] {logging_mixin.py:190} INFO - [2026-09-10T23:54:03.362+0000] {dagbag.py:387} ERROR - Failed to import: /opt/airflow/dags/countries_dag.py
Traceback (most recent call last):
  File "/home/airflow/.local/lib/python3.11/site-packages/airflow/models/dagbag.py", line 383, in parse
    loader.exec_module(new_module)
  File "<frozen importlib._bootstrap_external>", line 940, in exec_module
  File "<frozen importlib._bootstrap>", line 241, in _call_with_frames_removed
  File "/opt/airflow/dags/countries_dag.py", line 73, in <module>
    dbt_run = DockerOperator(
              ^^^^^^^^^^^^^^^
  File "/home/airflow/.local/lib/python3.11/site-packages/airflow/models/baseoperator.py", line 508, in apply_defaults
    result = func(self, **kwargs, default_args=default_args)
             ^^^^^^^^^^^^^^^^^^^^^^^^^^^^^^^^^^^^^^^^^^^^^^^
  File "/home/airflow/.local/lib/python3.11/site-packages/airflow/providers/docker/operators/docker.py", line 256, in __init__
    super().__init__(**kwargs)
  File "/home/airflow/.local/lib/python3.11/site-packages/airflow/models/baseoperator.py", line 508, in apply_defaults
    result = func(self, **kwargs, default_args=default_args)
             ^^^^^^^^^^^^^^^^^^^^^^^^^^^^^^^^^^^^^^^^^^^^^^^
  File "/home/airflow/.local/lib/python3.11/site-packages/airflow/models/baseoperator.py", line 959, in __init__
    raise AirflowException(
airflow.exceptions.AirflowException: Invalid arguments were passed to DockerOperator (task_id: dbt_run). Invalid arguments were:
**kwargs: {'volumes': ['../dbt:/usr/app', '../dbt/profiles:/root/.dbt']}
[2026-09-10T23:54:03.372+0000] {processor.py:927} WARNING - No viable dags retrieved from /opt/airflow/dags/countries_dag.py
[2026-09-10T23:54:03.398+0000] {processor.py:208} INFO - Processing /opt/airflow/dags/countries_dag.py took 2.405 seconds
[2026-09-10T23:54:33.493+0000] {processor.py:186} INFO - Started process (PID=2079) to work on /opt/airflow/dags/countries_dag.py
[2026-09-10T23:54:33.494+0000] {processor.py:914} INFO - Processing file /opt/airflow/dags/countries_dag.py for tasks to queue
[2026-09-10T23:54:33.500+0000] {logging_mixin.py:190} INFO - [2026-09-10T23:54:33.498+0000] {dagbag.py:588} INFO - Filling up the DagBag from /opt/airflow/dags/countries_dag.py
[2026-09-10T23:54:35.212+0000] {logging_mixin.py:190} INFO - [2026-09-10T23:54:35.203+0000] {dagbag.py:387} ERROR - Failed to import: /opt/airflow/dags/countries_dag.py
Traceback (most recent call last):
  File "/home/airflow/.local/lib/python3.11/site-packages/airflow/models/dagbag.py", line 383, in parse
    loader.exec_module(new_module)
  File "<frozen importlib._bootstrap_external>", line 940, in exec_module
  File "<frozen importlib._bootstrap>", line 241, in _call_with_frames_removed
  File "/opt/airflow/dags/countries_dag.py", line 73, in <module>
    dbt_run = DockerOperator(
              ^^^^^^^^^^^^^^^
  File "/home/airflow/.local/lib/python3.11/site-packages/airflow/models/baseoperator.py", line 508, in apply_defaults
    result = func(self, **kwargs, default_args=default_args)
             ^^^^^^^^^^^^^^^^^^^^^^^^^^^^^^^^^^^^^^^^^^^^^^^
  File "/home/airflow/.local/lib/python3.11/site-packages/airflow/providers/docker/operators/docker.py", line 256, in __init__
    super().__init__(**kwargs)
  File "/home/airflow/.local/lib/python3.11/site-packages/airflow/models/baseoperator.py", line 508, in apply_defaults
    result = func(self, **kwargs, default_args=default_args)
             ^^^^^^^^^^^^^^^^^^^^^^^^^^^^^^^^^^^^^^^^^^^^^^^
  File "/home/airflow/.local/lib/python3.11/site-packages/airflow/models/baseoperator.py", line 959, in __init__
    raise AirflowException(
airflow.exceptions.AirflowException: Invalid arguments were passed to DockerOperator (task_id: dbt_run). Invalid arguments were:
**kwargs: {'volumes': ['../dbt:/usr/app', '../dbt/profiles:/root/.dbt']}
[2026-09-10T23:54:35.213+0000] {processor.py:927} WARNING - No viable dags retrieved from /opt/airflow/dags/countries_dag.py
[2026-09-10T23:54:35.251+0000] {processor.py:208} INFO - Processing /opt/airflow/dags/countries_dag.py took 1.767 seconds
[2026-09-10T23:55:05.831+0000] {processor.py:186} INFO - Started process (PID=2086) to work on /opt/airflow/dags/countries_dag.py
[2026-09-10T23:55:05.835+0000] {processor.py:914} INFO - Processing file /opt/airflow/dags/countries_dag.py for tasks to queue
[2026-09-10T23:55:05.838+0000] {logging_mixin.py:190} INFO - [2026-09-10T23:55:05.838+0000] {dagbag.py:588} INFO - Filling up the DagBag from /opt/airflow/dags/countries_dag.py
[2026-09-10T23:55:07.442+0000] {logging_mixin.py:190} INFO - [2026-09-10T23:55:07.434+0000] {dagbag.py:387} ERROR - Failed to import: /opt/airflow/dags/countries_dag.py
Traceback (most recent call last):
  File "/home/airflow/.local/lib/python3.11/site-packages/airflow/models/dagbag.py", line 383, in parse
    loader.exec_module(new_module)
  File "<frozen importlib._bootstrap_external>", line 940, in exec_module
  File "<frozen importlib._bootstrap>", line 241, in _call_with_frames_removed
  File "/opt/airflow/dags/countries_dag.py", line 73, in <module>
    dbt_run = DockerOperator(
              ^^^^^^^^^^^^^^^
  File "/home/airflow/.local/lib/python3.11/site-packages/airflow/models/baseoperator.py", line 508, in apply_defaults
    result = func(self, **kwargs, default_args=default_args)
             ^^^^^^^^^^^^^^^^^^^^^^^^^^^^^^^^^^^^^^^^^^^^^^^
  File "/home/airflow/.local/lib/python3.11/site-packages/airflow/providers/docker/operators/docker.py", line 256, in __init__
    super().__init__(**kwargs)
  File "/home/airflow/.local/lib/python3.11/site-packages/airflow/models/baseoperator.py", line 508, in apply_defaults
    result = func(self, **kwargs, default_args=default_args)
             ^^^^^^^^^^^^^^^^^^^^^^^^^^^^^^^^^^^^^^^^^^^^^^^
  File "/home/airflow/.local/lib/python3.11/site-packages/airflow/models/baseoperator.py", line 959, in __init__
    raise AirflowException(
airflow.exceptions.AirflowException: Invalid arguments were passed to DockerOperator (task_id: dbt_run). Invalid arguments were:
**kwargs: {'volumes': ['../dbt:/usr/app', '../dbt/profiles:/root/.dbt']}
[2026-09-10T23:55:07.444+0000] {processor.py:927} WARNING - No viable dags retrieved from /opt/airflow/dags/countries_dag.py
[2026-09-10T23:55:07.473+0000] {processor.py:208} INFO - Processing /opt/airflow/dags/countries_dag.py took 1.663 seconds
[2026-09-10T23:55:37.837+0000] {processor.py:186} INFO - Started process (PID=2093) to work on /opt/airflow/dags/countries_dag.py
[2026-09-10T23:55:37.838+0000] {processor.py:914} INFO - Processing file /opt/airflow/dags/countries_dag.py for tasks to queue
[2026-09-10T23:55:37.841+0000] {logging_mixin.py:190} INFO - [2026-09-10T23:55:37.840+0000] {dagbag.py:588} INFO - Filling up the DagBag from /opt/airflow/dags/countries_dag.py
[2026-09-10T23:55:39.413+0000] {logging_mixin.py:190} INFO - [2026-09-10T23:55:39.402+0000] {dagbag.py:387} ERROR - Failed to import: /opt/airflow/dags/countries_dag.py
Traceback (most recent call last):
  File "/home/airflow/.local/lib/python3.11/site-packages/airflow/models/dagbag.py", line 383, in parse
    loader.exec_module(new_module)
  File "<frozen importlib._bootstrap_external>", line 940, in exec_module
  File "<frozen importlib._bootstrap>", line 241, in _call_with_frames_removed
  File "/opt/airflow/dags/countries_dag.py", line 73, in <module>
    dbt_run = DockerOperator(
              ^^^^^^^^^^^^^^^
  File "/home/airflow/.local/lib/python3.11/site-packages/airflow/models/baseoperator.py", line 508, in apply_defaults
    result = func(self, **kwargs, default_args=default_args)
             ^^^^^^^^^^^^^^^^^^^^^^^^^^^^^^^^^^^^^^^^^^^^^^^
  File "/home/airflow/.local/lib/python3.11/site-packages/airflow/providers/docker/operators/docker.py", line 256, in __init__
    super().__init__(**kwargs)
  File "/home/airflow/.local/lib/python3.11/site-packages/airflow/models/baseoperator.py", line 508, in apply_defaults
    result = func(self, **kwargs, default_args=default_args)
             ^^^^^^^^^^^^^^^^^^^^^^^^^^^^^^^^^^^^^^^^^^^^^^^
  File "/home/airflow/.local/lib/python3.11/site-packages/airflow/models/baseoperator.py", line 959, in __init__
    raise AirflowException(
airflow.exceptions.AirflowException: Invalid arguments were passed to DockerOperator (task_id: dbt_run). Invalid arguments were:
**kwargs: {'volumes': ['../dbt:/usr/app', '../dbt/profiles:/root/.dbt']}
[2026-09-10T23:55:39.414+0000] {processor.py:927} WARNING - No viable dags retrieved from /opt/airflow/dags/countries_dag.py
[2026-09-10T23:55:39.454+0000] {processor.py:208} INFO - Processing /opt/airflow/dags/countries_dag.py took 1.630 seconds
[2026-09-10T23:56:09.797+0000] {processor.py:186} INFO - Started process (PID=2100) to work on /opt/airflow/dags/countries_dag.py
[2026-09-10T23:56:09.798+0000] {processor.py:914} INFO - Processing file /opt/airflow/dags/countries_dag.py for tasks to queue
[2026-09-10T23:56:09.800+0000] {logging_mixin.py:190} INFO - [2026-09-10T23:56:09.800+0000] {dagbag.py:588} INFO - Filling up the DagBag from /opt/airflow/dags/countries_dag.py
[2026-09-10T23:56:12.238+0000] {logging_mixin.py:190} INFO - [2026-09-10T23:56:12.218+0000] {dagbag.py:387} ERROR - Failed to import: /opt/airflow/dags/countries_dag.py
Traceback (most recent call last):
  File "/home/airflow/.local/lib/python3.11/site-packages/airflow/models/dagbag.py", line 383, in parse
    loader.exec_module(new_module)
  File "<frozen importlib._bootstrap_external>", line 940, in exec_module
  File "<frozen importlib._bootstrap>", line 241, in _call_with_frames_removed
  File "/opt/airflow/dags/countries_dag.py", line 73, in <module>
    dbt_run = DockerOperator(
              ^^^^^^^^^^^^^^^
  File "/home/airflow/.local/lib/python3.11/site-packages/airflow/models/baseoperator.py", line 508, in apply_defaults
    result = func(self, **kwargs, default_args=default_args)
             ^^^^^^^^^^^^^^^^^^^^^^^^^^^^^^^^^^^^^^^^^^^^^^^
  File "/home/airflow/.local/lib/python3.11/site-packages/airflow/providers/docker/operators/docker.py", line 256, in __init__
    super().__init__(**kwargs)
  File "/home/airflow/.local/lib/python3.11/site-packages/airflow/models/baseoperator.py", line 508, in apply_defaults
    result = func(self, **kwargs, default_args=default_args)
             ^^^^^^^^^^^^^^^^^^^^^^^^^^^^^^^^^^^^^^^^^^^^^^^
  File "/home/airflow/.local/lib/python3.11/site-packages/airflow/models/baseoperator.py", line 959, in __init__
    raise AirflowException(
airflow.exceptions.AirflowException: Invalid arguments were passed to DockerOperator (task_id: dbt_run). Invalid arguments were:
**kwargs: {'volumes': ['../dbt:/usr/app', '../dbt/profiles:/root/.dbt']}
[2026-09-10T23:56:12.241+0000] {processor.py:927} WARNING - No viable dags retrieved from /opt/airflow/dags/countries_dag.py
[2026-09-10T23:56:12.297+0000] {processor.py:208} INFO - Processing /opt/airflow/dags/countries_dag.py took 2.511 seconds
[2026-09-10T23:56:42.759+0000] {processor.py:186} INFO - Started process (PID=2107) to work on /opt/airflow/dags/countries_dag.py
[2026-09-10T23:56:42.763+0000] {processor.py:914} INFO - Processing file /opt/airflow/dags/countries_dag.py for tasks to queue
[2026-09-10T23:56:42.784+0000] {logging_mixin.py:190} INFO - [2026-09-10T23:56:42.783+0000] {dagbag.py:588} INFO - Filling up the DagBag from /opt/airflow/dags/countries_dag.py
[2026-09-10T23:56:44.565+0000] {logging_mixin.py:190} INFO - [2026-09-10T23:56:44.547+0000] {dagbag.py:387} ERROR - Failed to import: /opt/airflow/dags/countries_dag.py
Traceback (most recent call last):
  File "/home/airflow/.local/lib/python3.11/site-packages/airflow/models/dagbag.py", line 383, in parse
    loader.exec_module(new_module)
  File "<frozen importlib._bootstrap_external>", line 940, in exec_module
  File "<frozen importlib._bootstrap>", line 241, in _call_with_frames_removed
  File "/opt/airflow/dags/countries_dag.py", line 73, in <module>
    dbt_run = DockerOperator(
              ^^^^^^^^^^^^^^^
  File "/home/airflow/.local/lib/python3.11/site-packages/airflow/models/baseoperator.py", line 508, in apply_defaults
    result = func(self, **kwargs, default_args=default_args)
             ^^^^^^^^^^^^^^^^^^^^^^^^^^^^^^^^^^^^^^^^^^^^^^^
  File "/home/airflow/.local/lib/python3.11/site-packages/airflow/providers/docker/operators/docker.py", line 256, in __init__
    super().__init__(**kwargs)
  File "/home/airflow/.local/lib/python3.11/site-packages/airflow/models/baseoperator.py", line 508, in apply_defaults
    result = func(self, **kwargs, default_args=default_args)
             ^^^^^^^^^^^^^^^^^^^^^^^^^^^^^^^^^^^^^^^^^^^^^^^
  File "/home/airflow/.local/lib/python3.11/site-packages/airflow/models/baseoperator.py", line 959, in __init__
    raise AirflowException(
airflow.exceptions.AirflowException: Invalid arguments were passed to DockerOperator (task_id: dbt_run). Invalid arguments were:
**kwargs: {'volumes': ['../dbt:/usr/app', '../dbt/profiles:/root/.dbt']}
[2026-09-10T23:56:44.567+0000] {processor.py:927} WARNING - No viable dags retrieved from /opt/airflow/dags/countries_dag.py
[2026-09-10T23:56:44.623+0000] {processor.py:208} INFO - Processing /opt/airflow/dags/countries_dag.py took 1.885 seconds
[2026-09-10T23:57:15.073+0000] {processor.py:186} INFO - Started process (PID=2114) to work on /opt/airflow/dags/countries_dag.py
[2026-09-10T23:57:15.075+0000] {processor.py:914} INFO - Processing file /opt/airflow/dags/countries_dag.py for tasks to queue
[2026-09-10T23:57:15.078+0000] {logging_mixin.py:190} INFO - [2026-09-10T23:57:15.077+0000] {dagbag.py:588} INFO - Filling up the DagBag from /opt/airflow/dags/countries_dag.py
[2026-09-10T23:57:17.201+0000] {logging_mixin.py:190} INFO - [2026-09-10T23:57:17.192+0000] {dagbag.py:387} ERROR - Failed to import: /opt/airflow/dags/countries_dag.py
Traceback (most recent call last):
  File "/home/airflow/.local/lib/python3.11/site-packages/airflow/models/dagbag.py", line 383, in parse
    loader.exec_module(new_module)
  File "<frozen importlib._bootstrap_external>", line 940, in exec_module
  File "<frozen importlib._bootstrap>", line 241, in _call_with_frames_removed
  File "/opt/airflow/dags/countries_dag.py", line 73, in <module>
    dbt_run = DockerOperator(
              ^^^^^^^^^^^^^^^
  File "/home/airflow/.local/lib/python3.11/site-packages/airflow/models/baseoperator.py", line 508, in apply_defaults
    result = func(self, **kwargs, default_args=default_args)
             ^^^^^^^^^^^^^^^^^^^^^^^^^^^^^^^^^^^^^^^^^^^^^^^
  File "/home/airflow/.local/lib/python3.11/site-packages/airflow/providers/docker/operators/docker.py", line 256, in __init__
    super().__init__(**kwargs)
  File "/home/airflow/.local/lib/python3.11/site-packages/airflow/models/baseoperator.py", line 508, in apply_defaults
    result = func(self, **kwargs, default_args=default_args)
             ^^^^^^^^^^^^^^^^^^^^^^^^^^^^^^^^^^^^^^^^^^^^^^^
  File "/home/airflow/.local/lib/python3.11/site-packages/airflow/models/baseoperator.py", line 959, in __init__
    raise AirflowException(
airflow.exceptions.AirflowException: Invalid arguments were passed to DockerOperator (task_id: dbt_run). Invalid arguments were:
**kwargs: {'volumes': ['../dbt:/usr/app', '../dbt/profiles:/root/.dbt']}
[2026-09-10T23:57:17.202+0000] {processor.py:927} WARNING - No viable dags retrieved from /opt/airflow/dags/countries_dag.py
[2026-09-10T23:57:17.229+0000] {processor.py:208} INFO - Processing /opt/airflow/dags/countries_dag.py took 2.170 seconds
[2026-09-10T23:57:47.407+0000] {processor.py:186} INFO - Started process (PID=2121) to work on /opt/airflow/dags/countries_dag.py
[2026-09-10T23:57:47.409+0000] {processor.py:914} INFO - Processing file /opt/airflow/dags/countries_dag.py for tasks to queue
[2026-09-10T23:57:47.410+0000] {logging_mixin.py:190} INFO - [2026-09-10T23:57:47.410+0000] {dagbag.py:588} INFO - Filling up the DagBag from /opt/airflow/dags/countries_dag.py
[2026-09-10T23:57:49.344+0000] {logging_mixin.py:190} INFO - [2026-09-10T23:57:49.336+0000] {dagbag.py:387} ERROR - Failed to import: /opt/airflow/dags/countries_dag.py
Traceback (most recent call last):
  File "/home/airflow/.local/lib/python3.11/site-packages/airflow/models/dagbag.py", line 383, in parse
    loader.exec_module(new_module)
  File "<frozen importlib._bootstrap_external>", line 940, in exec_module
  File "<frozen importlib._bootstrap>", line 241, in _call_with_frames_removed
  File "/opt/airflow/dags/countries_dag.py", line 73, in <module>
    dbt_run = DockerOperator(
              ^^^^^^^^^^^^^^^
  File "/home/airflow/.local/lib/python3.11/site-packages/airflow/models/baseoperator.py", line 508, in apply_defaults
    result = func(self, **kwargs, default_args=default_args)
             ^^^^^^^^^^^^^^^^^^^^^^^^^^^^^^^^^^^^^^^^^^^^^^^
  File "/home/airflow/.local/lib/python3.11/site-packages/airflow/providers/docker/operators/docker.py", line 256, in __init__
    super().__init__(**kwargs)
  File "/home/airflow/.local/lib/python3.11/site-packages/airflow/models/baseoperator.py", line 508, in apply_defaults
    result = func(self, **kwargs, default_args=default_args)
             ^^^^^^^^^^^^^^^^^^^^^^^^^^^^^^^^^^^^^^^^^^^^^^^
  File "/home/airflow/.local/lib/python3.11/site-packages/airflow/models/baseoperator.py", line 959, in __init__
    raise AirflowException(
airflow.exceptions.AirflowException: Invalid arguments were passed to DockerOperator (task_id: dbt_run). Invalid arguments were:
**kwargs: {'volumes': ['../dbt:/usr/app', '../dbt/profiles:/root/.dbt']}
[2026-09-10T23:57:49.345+0000] {processor.py:927} WARNING - No viable dags retrieved from /opt/airflow/dags/countries_dag.py
[2026-09-10T23:57:49.368+0000] {processor.py:208} INFO - Processing /opt/airflow/dags/countries_dag.py took 1.970 seconds
[2026-09-10T23:58:19.773+0000] {processor.py:186} INFO - Started process (PID=2128) to work on /opt/airflow/dags/countries_dag.py
[2026-09-10T23:58:19.774+0000] {processor.py:914} INFO - Processing file /opt/airflow/dags/countries_dag.py for tasks to queue
[2026-09-10T23:58:19.778+0000] {logging_mixin.py:190} INFO - [2026-09-10T23:58:19.777+0000] {dagbag.py:588} INFO - Filling up the DagBag from /opt/airflow/dags/countries_dag.py
[2026-09-10T23:58:21.624+0000] {logging_mixin.py:190} INFO - [2026-09-10T23:58:21.614+0000] {dagbag.py:387} ERROR - Failed to import: /opt/airflow/dags/countries_dag.py
Traceback (most recent call last):
  File "/home/airflow/.local/lib/python3.11/site-packages/airflow/models/dagbag.py", line 383, in parse
    loader.exec_module(new_module)
  File "<frozen importlib._bootstrap_external>", line 940, in exec_module
  File "<frozen importlib._bootstrap>", line 241, in _call_with_frames_removed
  File "/opt/airflow/dags/countries_dag.py", line 73, in <module>
    dbt_run = DockerOperator(
              ^^^^^^^^^^^^^^^
  File "/home/airflow/.local/lib/python3.11/site-packages/airflow/models/baseoperator.py", line 508, in apply_defaults
    result = func(self, **kwargs, default_args=default_args)
             ^^^^^^^^^^^^^^^^^^^^^^^^^^^^^^^^^^^^^^^^^^^^^^^
  File "/home/airflow/.local/lib/python3.11/site-packages/airflow/providers/docker/operators/docker.py", line 256, in __init__
    super().__init__(**kwargs)
  File "/home/airflow/.local/lib/python3.11/site-packages/airflow/models/baseoperator.py", line 508, in apply_defaults
    result = func(self, **kwargs, default_args=default_args)
             ^^^^^^^^^^^^^^^^^^^^^^^^^^^^^^^^^^^^^^^^^^^^^^^
  File "/home/airflow/.local/lib/python3.11/site-packages/airflow/models/baseoperator.py", line 959, in __init__
    raise AirflowException(
airflow.exceptions.AirflowException: Invalid arguments were passed to DockerOperator (task_id: dbt_run). Invalid arguments were:
**kwargs: {'volumes': ['../dbt:/usr/app', '../dbt/profiles:/root/.dbt']}
[2026-09-10T23:58:21.626+0000] {processor.py:927} WARNING - No viable dags retrieved from /opt/airflow/dags/countries_dag.py
[2026-09-10T23:58:21.682+0000] {processor.py:208} INFO - Processing /opt/airflow/dags/countries_dag.py took 1.916 seconds
[2026-09-10T23:58:52.114+0000] {processor.py:186} INFO - Started process (PID=2135) to work on /opt/airflow/dags/countries_dag.py
[2026-09-10T23:58:52.117+0000] {processor.py:914} INFO - Processing file /opt/airflow/dags/countries_dag.py for tasks to queue
[2026-09-10T23:58:52.124+0000] {logging_mixin.py:190} INFO - [2026-09-10T23:58:52.123+0000] {dagbag.py:588} INFO - Filling up the DagBag from /opt/airflow/dags/countries_dag.py
[2026-09-10T23:58:53.971+0000] {logging_mixin.py:190} INFO - [2026-09-10T23:58:53.944+0000] {dagbag.py:387} ERROR - Failed to import: /opt/airflow/dags/countries_dag.py
Traceback (most recent call last):
  File "/home/airflow/.local/lib/python3.11/site-packages/airflow/models/dagbag.py", line 383, in parse
    loader.exec_module(new_module)
  File "<frozen importlib._bootstrap_external>", line 940, in exec_module
  File "<frozen importlib._bootstrap>", line 241, in _call_with_frames_removed
  File "/opt/airflow/dags/countries_dag.py", line 73, in <module>
    dbt_run = DockerOperator(
              ^^^^^^^^^^^^^^^
  File "/home/airflow/.local/lib/python3.11/site-packages/airflow/models/baseoperator.py", line 508, in apply_defaults
    result = func(self, **kwargs, default_args=default_args)
             ^^^^^^^^^^^^^^^^^^^^^^^^^^^^^^^^^^^^^^^^^^^^^^^
  File "/home/airflow/.local/lib/python3.11/site-packages/airflow/providers/docker/operators/docker.py", line 256, in __init__
    super().__init__(**kwargs)
  File "/home/airflow/.local/lib/python3.11/site-packages/airflow/models/baseoperator.py", line 508, in apply_defaults
    result = func(self, **kwargs, default_args=default_args)
             ^^^^^^^^^^^^^^^^^^^^^^^^^^^^^^^^^^^^^^^^^^^^^^^
  File "/home/airflow/.local/lib/python3.11/site-packages/airflow/models/baseoperator.py", line 959, in __init__
    raise AirflowException(
airflow.exceptions.AirflowException: Invalid arguments were passed to DockerOperator (task_id: dbt_run). Invalid arguments were:
**kwargs: {'volumes': ['../dbt:/usr/app', '../dbt/profiles:/root/.dbt']}
[2026-09-10T23:58:53.975+0000] {processor.py:927} WARNING - No viable dags retrieved from /opt/airflow/dags/countries_dag.py
[2026-09-10T23:58:54.025+0000] {processor.py:208} INFO - Processing /opt/airflow/dags/countries_dag.py took 1.929 seconds
