[2026-09-11T00:46:10.449+0000] {processor.py:186} INFO - Started process (PID=2142) to work on /opt/airflow/dags/countries_dag.py
[2026-09-11T00:46:10.455+0000] {processor.py:914} INFO - Processing file /opt/airflow/dags/countries_dag.py for tasks to queue
[2026-09-11T00:46:10.459+0000] {logging_mixin.py:190} INFO - [2026-09-11T00:46:10.458+0000] {dagbag.py:588} INFO - Filling up the DagBag from /opt/airflow/dags/countries_dag.py
[2026-09-11T00:46:20.436+0000] {logging_mixin.py:190} INFO - [2026-09-11T00:46:20.142+0000] {dagbag.py:387} ERROR - Failed to import: /opt/airflow/dags/countries_dag.py
Traceback (most recent call last):
  File "/home/airflow/.local/lib/python3.11/site-packages/airflow/models/dagbag.py", line 383, in parse
    loader.exec_module(new_module)
  File "<frozen importlib._bootstrap_external>", line 940, in exec_module
  File "<frozen importlib._bootstrap>", line 241, in _call_with_frames_removed
  File "/opt/airflow/dags/countries_dag.py", line 73, in <module>
    dbt_run = DockerOperator(
              ^^^^^^^^^^^^^^^
  File "/home/airflow/.local/lib/python3.11/site-packages/airflow/models/baseoperator.py", line 508, in apply_defaults
    result = func(self, **kwargs, default_args=default_args)
             ^^^^^^^^^^^^^^^^^^^^^^^^^^^^^^^^^^^^^^^^^^^^^^^
  File "/home/airflow/.local/lib/python3.11/site-packages/airflow/providers/docker/operators/docker.py", line 256, in __init__
    super().__init__(**kwargs)
  File "/home/airflow/.local/lib/python3.11/site-packages/airflow/models/baseoperator.py", line 508, in apply_defaults
    result = func(self, **kwargs, default_args=default_args)
             ^^^^^^^^^^^^^^^^^^^^^^^^^^^^^^^^^^^^^^^^^^^^^^^
  File "/home/airflow/.local/lib/python3.11/site-packages/airflow/models/baseoperator.py", line 959, in __init__
    raise AirflowException(
airflow.exceptions.AirflowException: Invalid arguments were passed to DockerOperator (task_id: dbt_run). Invalid arguments were:
**kwargs: {'volumes': ['../dbt:/usr/app', '../dbt/profiles:/root/.dbt']}
[2026-09-11T00:46:20.488+0000] {processor.py:927} WARNING - No viable dags retrieved from /opt/airflow/dags/countries_dag.py
[2026-09-11T00:46:20.603+0000] {processor.py:208} INFO - Processing /opt/airflow/dags/countries_dag.py took 10.177 seconds
[2026-09-11T00:46:51.559+0000] {processor.py:186} INFO - Started process (PID=2149) to work on /opt/airflow/dags/countries_dag.py
[2026-09-11T00:46:51.561+0000] {processor.py:914} INFO - Processing file /opt/airflow/dags/countries_dag.py for tasks to queue
[2026-09-11T00:46:51.573+0000] {logging_mixin.py:190} INFO - [2026-09-11T00:46:51.564+0000] {dagbag.py:588} INFO - Filling up the DagBag from /opt/airflow/dags/countries_dag.py
[2026-09-11T00:46:56.484+0000] {logging_mixin.py:190} INFO - [2026-09-11T00:46:56.468+0000] {dagbag.py:387} ERROR - Failed to import: /opt/airflow/dags/countries_dag.py
Traceback (most recent call last):
  File "/home/airflow/.local/lib/python3.11/site-packages/airflow/models/dagbag.py", line 383, in parse
    loader.exec_module(new_module)
  File "<frozen importlib._bootstrap_external>", line 940, in exec_module
  File "<frozen importlib._bootstrap>", line 241, in _call_with_frames_removed
  File "/opt/airflow/dags/countries_dag.py", line 73, in <module>
    dbt_run = DockerOperator(
              ^^^^^^^^^^^^^^^
  File "/home/airflow/.local/lib/python3.11/site-packages/airflow/models/baseoperator.py", line 508, in apply_defaults
    result = func(self, **kwargs, default_args=default_args)
             ^^^^^^^^^^^^^^^^^^^^^^^^^^^^^^^^^^^^^^^^^^^^^^^
  File "/home/airflow/.local/lib/python3.11/site-packages/airflow/providers/docker/operators/docker.py", line 256, in __init__
    super().__init__(**kwargs)
  File "/home/airflow/.local/lib/python3.11/site-packages/airflow/models/baseoperator.py", line 508, in apply_defaults
    result = func(self, **kwargs, default_args=default_args)
             ^^^^^^^^^^^^^^^^^^^^^^^^^^^^^^^^^^^^^^^^^^^^^^^
  File "/home/airflow/.local/lib/python3.11/site-packages/airflow/models/baseoperator.py", line 959, in __init__
    raise AirflowException(
airflow.exceptions.AirflowException: Invalid arguments were passed to DockerOperator (task_id: dbt_run). Invalid arguments were:
**kwargs: {'volumes': ['../dbt:/usr/app', '../dbt/profiles:/root/.dbt']}
[2026-09-11T00:46:56.487+0000] {processor.py:927} WARNING - No viable dags retrieved from /opt/airflow/dags/countries_dag.py
[2026-09-11T00:46:56.544+0000] {processor.py:208} INFO - Processing /opt/airflow/dags/countries_dag.py took 5.016 seconds
[2026-09-11T00:47:27.061+0000] {processor.py:186} INFO - Started process (PID=2156) to work on /opt/airflow/dags/countries_dag.py
[2026-09-11T00:47:27.064+0000] {processor.py:914} INFO - Processing file /opt/airflow/dags/countries_dag.py for tasks to queue
[2026-09-11T00:47:27.068+0000] {logging_mixin.py:190} INFO - [2026-09-11T00:47:27.067+0000] {dagbag.py:588} INFO - Filling up the DagBag from /opt/airflow/dags/countries_dag.py
[2026-09-11T00:47:29.053+0000] {logging_mixin.py:190} INFO - [2026-09-11T00:47:29.045+0000] {dagbag.py:387} ERROR - Failed to import: /opt/airflow/dags/countries_dag.py
Traceback (most recent call last):
  File "/home/airflow/.local/lib/python3.11/site-packages/airflow/models/dagbag.py", line 383, in parse
    loader.exec_module(new_module)
  File "<frozen importlib._bootstrap_external>", line 940, in exec_module
  File "<frozen importlib._bootstrap>", line 241, in _call_with_frames_removed
  File "/opt/airflow/dags/countries_dag.py", line 73, in <module>
    dbt_run = DockerOperator(
              ^^^^^^^^^^^^^^^
  File "/home/airflow/.local/lib/python3.11/site-packages/airflow/models/baseoperator.py", line 508, in apply_defaults
    result = func(self, **kwargs, default_args=default_args)
             ^^^^^^^^^^^^^^^^^^^^^^^^^^^^^^^^^^^^^^^^^^^^^^^
  File "/home/airflow/.local/lib/python3.11/site-packages/airflow/providers/docker/operators/docker.py", line 256, in __init__
    super().__init__(**kwargs)
  File "/home/airflow/.local/lib/python3.11/site-packages/airflow/models/baseoperator.py", line 508, in apply_defaults
    result = func(self, **kwargs, default_args=default_args)
             ^^^^^^^^^^^^^^^^^^^^^^^^^^^^^^^^^^^^^^^^^^^^^^^
  File "/home/airflow/.local/lib/python3.11/site-packages/airflow/models/baseoperator.py", line 959, in __init__
    raise AirflowException(
airflow.exceptions.AirflowException: Invalid arguments were passed to DockerOperator (task_id: dbt_run). Invalid arguments were:
**kwargs: {'volumes': ['../dbt:/usr/app', '../dbt/profiles:/root/.dbt']}
[2026-09-11T00:47:29.055+0000] {processor.py:927} WARNING - No viable dags retrieved from /opt/airflow/dags/countries_dag.py
[2026-09-11T00:47:29.088+0000] {processor.py:208} INFO - Processing /opt/airflow/dags/countries_dag.py took 2.045 seconds
[2026-09-11T00:47:59.391+0000] {processor.py:186} INFO - Started process (PID=2163) to work on /opt/airflow/dags/countries_dag.py
[2026-09-11T00:47:59.393+0000] {processor.py:914} INFO - Processing file /opt/airflow/dags/countries_dag.py for tasks to queue
[2026-09-11T00:47:59.402+0000] {logging_mixin.py:190} INFO - [2026-09-11T00:47:59.401+0000] {dagbag.py:588} INFO - Filling up the DagBag from /opt/airflow/dags/countries_dag.py
[2026-09-11T00:48:01.571+0000] {logging_mixin.py:190} INFO - [2026-09-11T00:48:01.563+0000] {dagbag.py:387} ERROR - Failed to import: /opt/airflow/dags/countries_dag.py
Traceback (most recent call last):
  File "/home/airflow/.local/lib/python3.11/site-packages/airflow/models/dagbag.py", line 383, in parse
    loader.exec_module(new_module)
  File "<frozen importlib._bootstrap_external>", line 940, in exec_module
  File "<frozen importlib._bootstrap>", line 241, in _call_with_frames_removed
  File "/opt/airflow/dags/countries_dag.py", line 73, in <module>
    dbt_run = DockerOperator(
              ^^^^^^^^^^^^^^^
  File "/home/airflow/.local/lib/python3.11/site-packages/airflow/models/baseoperator.py", line 508, in apply_defaults
    result = func(self, **kwargs, default_args=default_args)
             ^^^^^^^^^^^^^^^^^^^^^^^^^^^^^^^^^^^^^^^^^^^^^^^
  File "/home/airflow/.local/lib/python3.11/site-packages/airflow/providers/docker/operators/docker.py", line 256, in __init__
    super().__init__(**kwargs)
  File "/home/airflow/.local/lib/python3.11/site-packages/airflow/models/baseoperator.py", line 508, in apply_defaults
    result = func(self, **kwargs, default_args=default_args)
             ^^^^^^^^^^^^^^^^^^^^^^^^^^^^^^^^^^^^^^^^^^^^^^^
  File "/home/airflow/.local/lib/python3.11/site-packages/airflow/models/baseoperator.py", line 959, in __init__
    raise AirflowException(
airflow.exceptions.AirflowException: Invalid arguments were passed to DockerOperator (task_id: dbt_run). Invalid arguments were:
**kwargs: {'volumes': ['../dbt:/usr/app', '../dbt/profiles:/root/.dbt']}
[2026-09-11T00:48:01.573+0000] {processor.py:927} WARNING - No viable dags retrieved from /opt/airflow/dags/countries_dag.py
[2026-09-11T00:48:01.609+0000] {processor.py:208} INFO - Processing /opt/airflow/dags/countries_dag.py took 2.231 seconds
[2026-09-11T00:48:31.733+0000] {processor.py:186} INFO - Started process (PID=2170) to work on /opt/airflow/dags/countries_dag.py
[2026-09-11T00:48:31.736+0000] {processor.py:914} INFO - Processing file /opt/airflow/dags/countries_dag.py for tasks to queue
[2026-09-11T00:48:31.740+0000] {logging_mixin.py:190} INFO - [2026-09-11T00:48:31.739+0000] {dagbag.py:588} INFO - Filling up the DagBag from /opt/airflow/dags/countries_dag.py
[2026-09-11T00:48:33.555+0000] {logging_mixin.py:190} INFO - [2026-09-11T00:48:33.548+0000] {dagbag.py:387} ERROR - Failed to import: /opt/airflow/dags/countries_dag.py
Traceback (most recent call last):
  File "/home/airflow/.local/lib/python3.11/site-packages/airflow/models/dagbag.py", line 383, in parse
    loader.exec_module(new_module)
  File "<frozen importlib._bootstrap_external>", line 940, in exec_module
  File "<frozen importlib._bootstrap>", line 241, in _call_with_frames_removed
  File "/opt/airflow/dags/countries_dag.py", line 73, in <module>
    dbt_run = DockerOperator(
              ^^^^^^^^^^^^^^^
  File "/home/airflow/.local/lib/python3.11/site-packages/airflow/models/baseoperator.py", line 508, in apply_defaults
    result = func(self, **kwargs, default_args=default_args)
             ^^^^^^^^^^^^^^^^^^^^^^^^^^^^^^^^^^^^^^^^^^^^^^^
  File "/home/airflow/.local/lib/python3.11/site-packages/airflow/providers/docker/operators/docker.py", line 256, in __init__
    super().__init__(**kwargs)
  File "/home/airflow/.local/lib/python3.11/site-packages/airflow/models/baseoperator.py", line 508, in apply_defaults
    result = func(self, **kwargs, default_args=default_args)
             ^^^^^^^^^^^^^^^^^^^^^^^^^^^^^^^^^^^^^^^^^^^^^^^
  File "/home/airflow/.local/lib/python3.11/site-packages/airflow/models/baseoperator.py", line 959, in __init__
    raise AirflowException(
airflow.exceptions.AirflowException: Invalid arguments were passed to DockerOperator (task_id: dbt_run). Invalid arguments were:
**kwargs: {'volumes': ['../dbt:/usr/app', '../dbt/profiles:/root/.dbt']}
[2026-09-11T00:48:33.557+0000] {processor.py:927} WARNING - No viable dags retrieved from /opt/airflow/dags/countries_dag.py
[2026-09-11T00:48:33.581+0000] {processor.py:208} INFO - Processing /opt/airflow/dags/countries_dag.py took 1.866 seconds
[2026-09-11T00:49:03.961+0000] {processor.py:186} INFO - Started process (PID=2177) to work on /opt/airflow/dags/countries_dag.py
[2026-09-11T00:49:03.963+0000] {processor.py:914} INFO - Processing file /opt/airflow/dags/countries_dag.py for tasks to queue
[2026-09-11T00:49:03.966+0000] {logging_mixin.py:190} INFO - [2026-09-11T00:49:03.965+0000] {dagbag.py:588} INFO - Filling up the DagBag from /opt/airflow/dags/countries_dag.py
[2026-09-11T00:49:05.851+0000] {logging_mixin.py:190} INFO - [2026-09-11T00:49:05.836+0000] {dagbag.py:387} ERROR - Failed to import: /opt/airflow/dags/countries_dag.py
Traceback (most recent call last):
  File "/home/airflow/.local/lib/python3.11/site-packages/airflow/models/dagbag.py", line 383, in parse
    loader.exec_module(new_module)
  File "<frozen importlib._bootstrap_external>", line 940, in exec_module
  File "<frozen importlib._bootstrap>", line 241, in _call_with_frames_removed
  File "/opt/airflow/dags/countries_dag.py", line 73, in <module>
    dbt_run = DockerOperator(
              ^^^^^^^^^^^^^^^
  File "/home/airflow/.local/lib/python3.11/site-packages/airflow/models/baseoperator.py", line 508, in apply_defaults
    result = func(self, **kwargs, default_args=default_args)
             ^^^^^^^^^^^^^^^^^^^^^^^^^^^^^^^^^^^^^^^^^^^^^^^
  File "/home/airflow/.local/lib/python3.11/site-packages/airflow/providers/docker/operators/docker.py", line 256, in __init__
    super().__init__(**kwargs)
  File "/home/airflow/.local/lib/python3.11/site-packages/airflow/models/baseoperator.py", line 508, in apply_defaults
    result = func(self, **kwargs, default_args=default_args)
             ^^^^^^^^^^^^^^^^^^^^^^^^^^^^^^^^^^^^^^^^^^^^^^^
  File "/home/airflow/.local/lib/python3.11/site-packages/airflow/models/baseoperator.py", line 959, in __init__
    raise AirflowException(
airflow.exceptions.AirflowException: Invalid arguments were passed to DockerOperator (task_id: dbt_run). Invalid arguments were:
**kwargs: {'volumes': ['../dbt:/usr/app', '../dbt/profiles:/root/.dbt']}
[2026-09-11T00:49:05.853+0000] {processor.py:927} WARNING - No viable dags retrieved from /opt/airflow/dags/countries_dag.py
[2026-09-11T00:49:05.893+0000] {processor.py:208} INFO - Processing /opt/airflow/dags/countries_dag.py took 1.948 seconds
[2026-09-11T00:49:36.635+0000] {processor.py:186} INFO - Started process (PID=2184) to work on /opt/airflow/dags/countries_dag.py
[2026-09-11T00:49:36.639+0000] {processor.py:914} INFO - Processing file /opt/airflow/dags/countries_dag.py for tasks to queue
[2026-09-11T00:49:36.652+0000] {logging_mixin.py:190} INFO - [2026-09-11T00:49:36.651+0000] {dagbag.py:588} INFO - Filling up the DagBag from /opt/airflow/dags/countries_dag.py
[2026-09-11T00:49:41.671+0000] {logging_mixin.py:190} INFO - [2026-09-11T00:49:41.656+0000] {dagbag.py:387} ERROR - Failed to import: /opt/airflow/dags/countries_dag.py
Traceback (most recent call last):
  File "/home/airflow/.local/lib/python3.11/site-packages/airflow/models/dagbag.py", line 383, in parse
    loader.exec_module(new_module)
  File "<frozen importlib._bootstrap_external>", line 940, in exec_module
  File "<frozen importlib._bootstrap>", line 241, in _call_with_frames_removed
  File "/opt/airflow/dags/countries_dag.py", line 73, in <module>
    dbt_run = DockerOperator(
              ^^^^^^^^^^^^^^^
  File "/home/airflow/.local/lib/python3.11/site-packages/airflow/models/baseoperator.py", line 508, in apply_defaults
    result = func(self, **kwargs, default_args=default_args)
             ^^^^^^^^^^^^^^^^^^^^^^^^^^^^^^^^^^^^^^^^^^^^^^^
  File "/home/airflow/.local/lib/python3.11/site-packages/airflow/providers/docker/operators/docker.py", line 256, in __init__
    super().__init__(**kwargs)
  File "/home/airflow/.local/lib/python3.11/site-packages/airflow/models/baseoperator.py", line 508, in apply_defaults
    result = func(self, **kwargs, default_args=default_args)
             ^^^^^^^^^^^^^^^^^^^^^^^^^^^^^^^^^^^^^^^^^^^^^^^
  File "/home/airflow/.local/lib/python3.11/site-packages/airflow/models/baseoperator.py", line 959, in __init__
    raise AirflowException(
airflow.exceptions.AirflowException: Invalid arguments were passed to DockerOperator (task_id: dbt_run). Invalid arguments were:
**kwargs: {'volumes': ['../dbt:/usr/app', '../dbt/profiles:/root/.dbt']}
[2026-09-11T00:49:41.673+0000] {processor.py:927} WARNING - No viable dags retrieved from /opt/airflow/dags/countries_dag.py
[2026-09-11T00:49:41.738+0000] {processor.py:208} INFO - Processing /opt/airflow/dags/countries_dag.py took 5.138 seconds
[2026-09-11T00:50:12.213+0000] {processor.py:186} INFO - Started process (PID=2191) to work on /opt/airflow/dags/countries_dag.py
[2026-09-11T00:50:12.220+0000] {processor.py:914} INFO - Processing file /opt/airflow/dags/countries_dag.py for tasks to queue
[2026-09-11T00:50:12.227+0000] {logging_mixin.py:190} INFO - [2026-09-11T00:50:12.226+0000] {dagbag.py:588} INFO - Filling up the DagBag from /opt/airflow/dags/countries_dag.py
[2026-09-11T00:50:14.410+0000] {logging_mixin.py:190} INFO - [2026-09-11T00:50:14.397+0000] {dagbag.py:387} ERROR - Failed to import: /opt/airflow/dags/countries_dag.py
Traceback (most recent call last):
  File "/home/airflow/.local/lib/python3.11/site-packages/airflow/models/dagbag.py", line 383, in parse
    loader.exec_module(new_module)
  File "<frozen importlib._bootstrap_external>", line 940, in exec_module
  File "<frozen importlib._bootstrap>", line 241, in _call_with_frames_removed
  File "/opt/airflow/dags/countries_dag.py", line 73, in <module>
    dbt_run = DockerOperator(
              ^^^^^^^^^^^^^^^
  File "/home/airflow/.local/lib/python3.11/site-packages/airflow/models/baseoperator.py", line 508, in apply_defaults
    result = func(self, **kwargs, default_args=default_args)
             ^^^^^^^^^^^^^^^^^^^^^^^^^^^^^^^^^^^^^^^^^^^^^^^
  File "/home/airflow/.local/lib/python3.11/site-packages/airflow/providers/docker/operators/docker.py", line 256, in __init__
    super().__init__(**kwargs)
  File "/home/airflow/.local/lib/python3.11/site-packages/airflow/models/baseoperator.py", line 508, in apply_defaults
    result = func(self, **kwargs, default_args=default_args)
             ^^^^^^^^^^^^^^^^^^^^^^^^^^^^^^^^^^^^^^^^^^^^^^^
  File "/home/airflow/.local/lib/python3.11/site-packages/airflow/models/baseoperator.py", line 959, in __init__
    raise AirflowException(
airflow.exceptions.AirflowException: Invalid arguments were passed to DockerOperator (task_id: dbt_run). Invalid arguments were:
**kwargs: {'volumes': ['../dbt:/usr/app', '../dbt/profiles:/root/.dbt']}
[2026-09-11T00:50:14.412+0000] {processor.py:927} WARNING - No viable dags retrieved from /opt/airflow/dags/countries_dag.py
[2026-09-11T00:50:14.470+0000] {processor.py:208} INFO - Processing /opt/airflow/dags/countries_dag.py took 2.273 seconds
[2026-09-11T00:50:44.933+0000] {processor.py:186} INFO - Started process (PID=2198) to work on /opt/airflow/dags/countries_dag.py
[2026-09-11T00:50:44.935+0000] {processor.py:914} INFO - Processing file /opt/airflow/dags/countries_dag.py for tasks to queue
[2026-09-11T00:50:44.938+0000] {logging_mixin.py:190} INFO - [2026-09-11T00:50:44.937+0000] {dagbag.py:588} INFO - Filling up the DagBag from /opt/airflow/dags/countries_dag.py
[2026-09-11T00:50:46.523+0000] {logging_mixin.py:190} INFO - [2026-09-11T00:50:46.515+0000] {dagbag.py:387} ERROR - Failed to import: /opt/airflow/dags/countries_dag.py
Traceback (most recent call last):
  File "/home/airflow/.local/lib/python3.11/site-packages/airflow/models/dagbag.py", line 383, in parse
    loader.exec_module(new_module)
  File "<frozen importlib._bootstrap_external>", line 940, in exec_module
  File "<frozen importlib._bootstrap>", line 241, in _call_with_frames_removed
  File "/opt/airflow/dags/countries_dag.py", line 73, in <module>
    dbt_run = DockerOperator(
              ^^^^^^^^^^^^^^^
  File "/home/airflow/.local/lib/python3.11/site-packages/airflow/models/baseoperator.py", line 508, in apply_defaults
    result = func(self, **kwargs, default_args=default_args)
             ^^^^^^^^^^^^^^^^^^^^^^^^^^^^^^^^^^^^^^^^^^^^^^^
  File "/home/airflow/.local/lib/python3.11/site-packages/airflow/providers/docker/operators/docker.py", line 256, in __init__
    super().__init__(**kwargs)
  File "/home/airflow/.local/lib/python3.11/site-packages/airflow/models/baseoperator.py", line 508, in apply_defaults
    result = func(self, **kwargs, default_args=default_args)
             ^^^^^^^^^^^^^^^^^^^^^^^^^^^^^^^^^^^^^^^^^^^^^^^
  File "/home/airflow/.local/lib/python3.11/site-packages/airflow/models/baseoperator.py", line 959, in __init__
    raise AirflowException(
airflow.exceptions.AirflowException: Invalid arguments were passed to DockerOperator (task_id: dbt_run). Invalid arguments were:
**kwargs: {'volumes': ['../dbt:/usr/app', '../dbt/profiles:/root/.dbt']}
[2026-09-11T00:50:46.526+0000] {processor.py:927} WARNING - No viable dags retrieved from /opt/airflow/dags/countries_dag.py
[2026-09-11T00:50:46.553+0000] {processor.py:208} INFO - Processing /opt/airflow/dags/countries_dag.py took 1.631 seconds
[2026-09-11T00:51:16.923+0000] {processor.py:186} INFO - Started process (PID=2205) to work on /opt/airflow/dags/countries_dag.py
[2026-09-11T00:51:16.925+0000] {processor.py:914} INFO - Processing file /opt/airflow/dags/countries_dag.py for tasks to queue
[2026-09-11T00:51:16.927+0000] {logging_mixin.py:190} INFO - [2026-09-11T00:51:16.926+0000] {dagbag.py:588} INFO - Filling up the DagBag from /opt/airflow/dags/countries_dag.py
[2026-09-11T00:51:18.834+0000] {logging_mixin.py:190} INFO - [2026-09-11T00:51:18.827+0000] {dagbag.py:387} ERROR - Failed to import: /opt/airflow/dags/countries_dag.py
Traceback (most recent call last):
  File "/home/airflow/.local/lib/python3.11/site-packages/airflow/models/dagbag.py", line 383, in parse
    loader.exec_module(new_module)
  File "<frozen importlib._bootstrap_external>", line 940, in exec_module
  File "<frozen importlib._bootstrap>", line 241, in _call_with_frames_removed
  File "/opt/airflow/dags/countries_dag.py", line 73, in <module>
    dbt_run = DockerOperator(
              ^^^^^^^^^^^^^^^
  File "/home/airflow/.local/lib/python3.11/site-packages/airflow/models/baseoperator.py", line 508, in apply_defaults
    result = func(self, **kwargs, default_args=default_args)
             ^^^^^^^^^^^^^^^^^^^^^^^^^^^^^^^^^^^^^^^^^^^^^^^
  File "/home/airflow/.local/lib/python3.11/site-packages/airflow/providers/docker/operators/docker.py", line 256, in __init__
    super().__init__(**kwargs)
  File "/home/airflow/.local/lib/python3.11/site-packages/airflow/models/baseoperator.py", line 508, in apply_defaults
    result = func(self, **kwargs, default_args=default_args)
             ^^^^^^^^^^^^^^^^^^^^^^^^^^^^^^^^^^^^^^^^^^^^^^^
  File "/home/airflow/.local/lib/python3.11/site-packages/airflow/models/baseoperator.py", line 959, in __init__
    raise AirflowException(
airflow.exceptions.AirflowException: Invalid arguments were passed to DockerOperator (task_id: dbt_run). Invalid arguments were:
**kwargs: {'volumes': ['../dbt:/usr/app', '../dbt/profiles:/root/.dbt']}
[2026-09-11T00:51:18.836+0000] {processor.py:927} WARNING - No viable dags retrieved from /opt/airflow/dags/countries_dag.py
[2026-09-11T00:51:18.873+0000] {processor.py:208} INFO - Processing /opt/airflow/dags/countries_dag.py took 1.960 seconds
[2026-09-11T00:51:49.262+0000] {processor.py:186} INFO - Started process (PID=2212) to work on /opt/airflow/dags/countries_dag.py
[2026-09-11T00:51:49.264+0000] {processor.py:914} INFO - Processing file /opt/airflow/dags/countries_dag.py for tasks to queue
[2026-09-11T00:51:49.268+0000] {logging_mixin.py:190} INFO - [2026-09-11T00:51:49.267+0000] {dagbag.py:588} INFO - Filling up the DagBag from /opt/airflow/dags/countries_dag.py
[2026-09-11T00:51:51.132+0000] {logging_mixin.py:190} INFO - [2026-09-11T00:51:51.122+0000] {dagbag.py:387} ERROR - Failed to import: /opt/airflow/dags/countries_dag.py
Traceback (most recent call last):
  File "/home/airflow/.local/lib/python3.11/site-packages/airflow/models/dagbag.py", line 383, in parse
    loader.exec_module(new_module)
  File "<frozen importlib._bootstrap_external>", line 940, in exec_module
  File "<frozen importlib._bootstrap>", line 241, in _call_with_frames_removed
  File "/opt/airflow/dags/countries_dag.py", line 73, in <module>
    dbt_run = DockerOperator(
              ^^^^^^^^^^^^^^^
  File "/home/airflow/.local/lib/python3.11/site-packages/airflow/models/baseoperator.py", line 508, in apply_defaults
    result = func(self, **kwargs, default_args=default_args)
             ^^^^^^^^^^^^^^^^^^^^^^^^^^^^^^^^^^^^^^^^^^^^^^^
  File "/home/airflow/.local/lib/python3.11/site-packages/airflow/providers/docker/operators/docker.py", line 256, in __init__
    super().__init__(**kwargs)
  File "/home/airflow/.local/lib/python3.11/site-packages/airflow/models/baseoperator.py", line 508, in apply_defaults
    result = func(self, **kwargs, default_args=default_args)
             ^^^^^^^^^^^^^^^^^^^^^^^^^^^^^^^^^^^^^^^^^^^^^^^
  File "/home/airflow/.local/lib/python3.11/site-packages/airflow/models/baseoperator.py", line 959, in __init__
    raise AirflowException(
airflow.exceptions.AirflowException: Invalid arguments were passed to DockerOperator (task_id: dbt_run). Invalid arguments were:
**kwargs: {'volumes': ['../dbt:/usr/app', '../dbt/profiles:/root/.dbt']}
[2026-09-11T00:51:51.134+0000] {processor.py:927} WARNING - No viable dags retrieved from /opt/airflow/dags/countries_dag.py
[2026-09-11T00:51:51.176+0000] {processor.py:208} INFO - Processing /opt/airflow/dags/countries_dag.py took 1.926 seconds
[2026-09-11T00:52:21.590+0000] {processor.py:186} INFO - Started process (PID=2219) to work on /opt/airflow/dags/countries_dag.py
[2026-09-11T00:52:21.591+0000] {processor.py:914} INFO - Processing file /opt/airflow/dags/countries_dag.py for tasks to queue
[2026-09-11T00:52:21.594+0000] {logging_mixin.py:190} INFO - [2026-09-11T00:52:21.594+0000] {dagbag.py:588} INFO - Filling up the DagBag from /opt/airflow/dags/countries_dag.py
[2026-09-11T00:52:23.549+0000] {logging_mixin.py:190} INFO - [2026-09-11T00:52:23.541+0000] {dagbag.py:387} ERROR - Failed to import: /opt/airflow/dags/countries_dag.py
Traceback (most recent call last):
  File "/home/airflow/.local/lib/python3.11/site-packages/airflow/models/dagbag.py", line 383, in parse
    loader.exec_module(new_module)
  File "<frozen importlib._bootstrap_external>", line 940, in exec_module
  File "<frozen importlib._bootstrap>", line 241, in _call_with_frames_removed
  File "/opt/airflow/dags/countries_dag.py", line 73, in <module>
    dbt_run = DockerOperator(
              ^^^^^^^^^^^^^^^
  File "/home/airflow/.local/lib/python3.11/site-packages/airflow/models/baseoperator.py", line 508, in apply_defaults
    result = func(self, **kwargs, default_args=default_args)
             ^^^^^^^^^^^^^^^^^^^^^^^^^^^^^^^^^^^^^^^^^^^^^^^
  File "/home/airflow/.local/lib/python3.11/site-packages/airflow/providers/docker/operators/docker.py", line 256, in __init__
    super().__init__(**kwargs)
  File "/home/airflow/.local/lib/python3.11/site-packages/airflow/models/baseoperator.py", line 508, in apply_defaults
    result = func(self, **kwargs, default_args=default_args)
             ^^^^^^^^^^^^^^^^^^^^^^^^^^^^^^^^^^^^^^^^^^^^^^^
  File "/home/airflow/.local/lib/python3.11/site-packages/airflow/models/baseoperator.py", line 959, in __init__
    raise AirflowException(
airflow.exceptions.AirflowException: Invalid arguments were passed to DockerOperator (task_id: dbt_run). Invalid arguments were:
**kwargs: {'volumes': ['../dbt:/usr/app', '../dbt/profiles:/root/.dbt']}
[2026-09-11T00:52:23.551+0000] {processor.py:927} WARNING - No viable dags retrieved from /opt/airflow/dags/countries_dag.py
[2026-09-11T00:52:23.588+0000] {processor.py:208} INFO - Processing /opt/airflow/dags/countries_dag.py took 2.012 seconds
[2026-09-11T00:52:54.101+0000] {processor.py:186} INFO - Started process (PID=2226) to work on /opt/airflow/dags/countries_dag.py
[2026-09-11T00:52:54.102+0000] {processor.py:914} INFO - Processing file /opt/airflow/dags/countries_dag.py for tasks to queue
[2026-09-11T00:52:54.108+0000] {logging_mixin.py:190} INFO - [2026-09-11T00:52:54.107+0000] {dagbag.py:588} INFO - Filling up the DagBag from /opt/airflow/dags/countries_dag.py
[2026-09-11T00:52:55.749+0000] {logging_mixin.py:190} INFO - [2026-09-11T00:52:55.739+0000] {dagbag.py:387} ERROR - Failed to import: /opt/airflow/dags/countries_dag.py
Traceback (most recent call last):
  File "/home/airflow/.local/lib/python3.11/site-packages/airflow/models/dagbag.py", line 383, in parse
    loader.exec_module(new_module)
  File "<frozen importlib._bootstrap_external>", line 940, in exec_module
  File "<frozen importlib._bootstrap>", line 241, in _call_with_frames_removed
  File "/opt/airflow/dags/countries_dag.py", line 73, in <module>
    dbt_run = DockerOperator(
              ^^^^^^^^^^^^^^^
  File "/home/airflow/.local/lib/python3.11/site-packages/airflow/models/baseoperator.py", line 508, in apply_defaults
    result = func(self, **kwargs, default_args=default_args)
             ^^^^^^^^^^^^^^^^^^^^^^^^^^^^^^^^^^^^^^^^^^^^^^^
  File "/home/airflow/.local/lib/python3.11/site-packages/airflow/providers/docker/operators/docker.py", line 256, in __init__
    super().__init__(**kwargs)
  File "/home/airflow/.local/lib/python3.11/site-packages/airflow/models/baseoperator.py", line 508, in apply_defaults
    result = func(self, **kwargs, default_args=default_args)
             ^^^^^^^^^^^^^^^^^^^^^^^^^^^^^^^^^^^^^^^^^^^^^^^
  File "/home/airflow/.local/lib/python3.11/site-packages/airflow/models/baseoperator.py", line 959, in __init__
    raise AirflowException(
airflow.exceptions.AirflowException: Invalid arguments were passed to DockerOperator (task_id: dbt_run). Invalid arguments were:
**kwargs: {'volumes': ['../dbt:/usr/app', '../dbt/profiles:/root/.dbt']}
[2026-09-11T00:52:55.751+0000] {processor.py:927} WARNING - No viable dags retrieved from /opt/airflow/dags/countries_dag.py
[2026-09-11T00:52:55.787+0000] {processor.py:208} INFO - Processing /opt/airflow/dags/countries_dag.py took 1.696 seconds
[2026-09-11T00:53:26.203+0000] {processor.py:186} INFO - Started process (PID=2233) to work on /opt/airflow/dags/countries_dag.py
[2026-09-11T00:53:26.205+0000] {processor.py:914} INFO - Processing file /opt/airflow/dags/countries_dag.py for tasks to queue
[2026-09-11T00:53:26.210+0000] {logging_mixin.py:190} INFO - [2026-09-11T00:53:26.209+0000] {dagbag.py:588} INFO - Filling up the DagBag from /opt/airflow/dags/countries_dag.py
[2026-09-11T00:53:28.627+0000] {logging_mixin.py:190} INFO - [2026-09-11T00:53:28.617+0000] {dagbag.py:387} ERROR - Failed to import: /opt/airflow/dags/countries_dag.py
Traceback (most recent call last):
  File "/home/airflow/.local/lib/python3.11/site-packages/airflow/models/dagbag.py", line 383, in parse
    loader.exec_module(new_module)
  File "<frozen importlib._bootstrap_external>", line 940, in exec_module
  File "<frozen importlib._bootstrap>", line 241, in _call_with_frames_removed
  File "/opt/airflow/dags/countries_dag.py", line 73, in <module>
    dbt_run = DockerOperator(
              ^^^^^^^^^^^^^^^
  File "/home/airflow/.local/lib/python3.11/site-packages/airflow/models/baseoperator.py", line 508, in apply_defaults
    result = func(self, **kwargs, default_args=default_args)
             ^^^^^^^^^^^^^^^^^^^^^^^^^^^^^^^^^^^^^^^^^^^^^^^
  File "/home/airflow/.local/lib/python3.11/site-packages/airflow/providers/docker/operators/docker.py", line 256, in __init__
    super().__init__(**kwargs)
  File "/home/airflow/.local/lib/python3.11/site-packages/airflow/models/baseoperator.py", line 508, in apply_defaults
    result = func(self, **kwargs, default_args=default_args)
             ^^^^^^^^^^^^^^^^^^^^^^^^^^^^^^^^^^^^^^^^^^^^^^^
  File "/home/airflow/.local/lib/python3.11/site-packages/airflow/models/baseoperator.py", line 959, in __init__
    raise AirflowException(
airflow.exceptions.AirflowException: Invalid arguments were passed to DockerOperator (task_id: dbt_run). Invalid arguments were:
**kwargs: {'volumes': ['../dbt:/usr/app', '../dbt/profiles:/root/.dbt']}
[2026-09-11T00:53:28.630+0000] {processor.py:927} WARNING - No viable dags retrieved from /opt/airflow/dags/countries_dag.py
[2026-09-11T00:53:28.664+0000] {processor.py:208} INFO - Processing /opt/airflow/dags/countries_dag.py took 2.480 seconds
[2026-09-11T00:53:59.001+0000] {processor.py:186} INFO - Started process (PID=2240) to work on /opt/airflow/dags/countries_dag.py
[2026-09-11T00:53:59.003+0000] {processor.py:914} INFO - Processing file /opt/airflow/dags/countries_dag.py for tasks to queue
[2026-09-11T00:53:59.005+0000] {logging_mixin.py:190} INFO - [2026-09-11T00:53:59.004+0000] {dagbag.py:588} INFO - Filling up the DagBag from /opt/airflow/dags/countries_dag.py
[2026-09-11T00:54:00.537+0000] {logging_mixin.py:190} INFO - [2026-09-11T00:54:00.531+0000] {dagbag.py:387} ERROR - Failed to import: /opt/airflow/dags/countries_dag.py
Traceback (most recent call last):
  File "/home/airflow/.local/lib/python3.11/site-packages/airflow/models/dagbag.py", line 383, in parse
    loader.exec_module(new_module)
  File "<frozen importlib._bootstrap_external>", line 940, in exec_module
  File "<frozen importlib._bootstrap>", line 241, in _call_with_frames_removed
  File "/opt/airflow/dags/countries_dag.py", line 73, in <module>
    dbt_run = DockerOperator(
              ^^^^^^^^^^^^^^^
  File "/home/airflow/.local/lib/python3.11/site-packages/airflow/models/baseoperator.py", line 508, in apply_defaults
    result = func(self, **kwargs, default_args=default_args)
             ^^^^^^^^^^^^^^^^^^^^^^^^^^^^^^^^^^^^^^^^^^^^^^^
  File "/home/airflow/.local/lib/python3.11/site-packages/airflow/providers/docker/operators/docker.py", line 256, in __init__
    super().__init__(**kwargs)
  File "/home/airflow/.local/lib/python3.11/site-packages/airflow/models/baseoperator.py", line 508, in apply_defaults
    result = func(self, **kwargs, default_args=default_args)
             ^^^^^^^^^^^^^^^^^^^^^^^^^^^^^^^^^^^^^^^^^^^^^^^
  File "/home/airflow/.local/lib/python3.11/site-packages/airflow/models/baseoperator.py", line 959, in __init__
    raise AirflowException(
airflow.exceptions.AirflowException: Invalid arguments were passed to DockerOperator (task_id: dbt_run). Invalid arguments were:
**kwargs: {'volumes': ['../dbt:/usr/app', '../dbt/profiles:/root/.dbt']}
[2026-09-11T00:54:00.539+0000] {processor.py:927} WARNING - No viable dags retrieved from /opt/airflow/dags/countries_dag.py
[2026-09-11T00:54:00.564+0000] {processor.py:208} INFO - Processing /opt/airflow/dags/countries_dag.py took 1.574 seconds
[2026-09-11T00:54:31.048+0000] {processor.py:186} INFO - Started process (PID=2247) to work on /opt/airflow/dags/countries_dag.py
[2026-09-11T00:54:31.052+0000] {processor.py:914} INFO - Processing file /opt/airflow/dags/countries_dag.py for tasks to queue
[2026-09-11T00:54:31.055+0000] {logging_mixin.py:190} INFO - [2026-09-11T00:54:31.054+0000] {dagbag.py:588} INFO - Filling up the DagBag from /opt/airflow/dags/countries_dag.py
[2026-09-11T00:54:33.348+0000] {logging_mixin.py:190} INFO - [2026-09-11T00:54:33.339+0000] {dagbag.py:387} ERROR - Failed to import: /opt/airflow/dags/countries_dag.py
Traceback (most recent call last):
  File "/home/airflow/.local/lib/python3.11/site-packages/airflow/models/dagbag.py", line 383, in parse
    loader.exec_module(new_module)
  File "<frozen importlib._bootstrap_external>", line 940, in exec_module
  File "<frozen importlib._bootstrap>", line 241, in _call_with_frames_removed
  File "/opt/airflow/dags/countries_dag.py", line 73, in <module>
    dbt_run = DockerOperator(
              ^^^^^^^^^^^^^^^
  File "/home/airflow/.local/lib/python3.11/site-packages/airflow/models/baseoperator.py", line 508, in apply_defaults
    result = func(self, **kwargs, default_args=default_args)
             ^^^^^^^^^^^^^^^^^^^^^^^^^^^^^^^^^^^^^^^^^^^^^^^
  File "/home/airflow/.local/lib/python3.11/site-packages/airflow/providers/docker/operators/docker.py", line 256, in __init__
    super().__init__(**kwargs)
  File "/home/airflow/.local/lib/python3.11/site-packages/airflow/models/baseoperator.py", line 508, in apply_defaults
    result = func(self, **kwargs, default_args=default_args)
             ^^^^^^^^^^^^^^^^^^^^^^^^^^^^^^^^^^^^^^^^^^^^^^^
  File "/home/airflow/.local/lib/python3.11/site-packages/airflow/models/baseoperator.py", line 959, in __init__
    raise AirflowException(
airflow.exceptions.AirflowException: Invalid arguments were passed to DockerOperator (task_id: dbt_run). Invalid arguments were:
**kwargs: {'volumes': ['../dbt:/usr/app', '../dbt/profiles:/root/.dbt']}
[2026-09-11T00:54:33.350+0000] {processor.py:927} WARNING - No viable dags retrieved from /opt/airflow/dags/countries_dag.py
[2026-09-11T00:54:33.396+0000] {processor.py:208} INFO - Processing /opt/airflow/dags/countries_dag.py took 2.382 seconds
[2026-09-11T00:55:03.580+0000] {processor.py:186} INFO - Started process (PID=2254) to work on /opt/airflow/dags/countries_dag.py
[2026-09-11T00:55:03.581+0000] {processor.py:914} INFO - Processing file /opt/airflow/dags/countries_dag.py for tasks to queue
[2026-09-11T00:55:03.583+0000] {logging_mixin.py:190} INFO - [2026-09-11T00:55:03.582+0000] {dagbag.py:588} INFO - Filling up the DagBag from /opt/airflow/dags/countries_dag.py
[2026-09-11T00:55:05.181+0000] {logging_mixin.py:190} INFO - [2026-09-11T00:55:05.170+0000] {dagbag.py:387} ERROR - Failed to import: /opt/airflow/dags/countries_dag.py
Traceback (most recent call last):
  File "/home/airflow/.local/lib/python3.11/site-packages/airflow/models/dagbag.py", line 383, in parse
    loader.exec_module(new_module)
  File "<frozen importlib._bootstrap_external>", line 940, in exec_module
  File "<frozen importlib._bootstrap>", line 241, in _call_with_frames_removed
  File "/opt/airflow/dags/countries_dag.py", line 73, in <module>
    dbt_run = DockerOperator(
              ^^^^^^^^^^^^^^^
  File "/home/airflow/.local/lib/python3.11/site-packages/airflow/models/baseoperator.py", line 508, in apply_defaults
    result = func(self, **kwargs, default_args=default_args)
             ^^^^^^^^^^^^^^^^^^^^^^^^^^^^^^^^^^^^^^^^^^^^^^^
  File "/home/airflow/.local/lib/python3.11/site-packages/airflow/providers/docker/operators/docker.py", line 256, in __init__
    super().__init__(**kwargs)
  File "/home/airflow/.local/lib/python3.11/site-packages/airflow/models/baseoperator.py", line 508, in apply_defaults
    result = func(self, **kwargs, default_args=default_args)
             ^^^^^^^^^^^^^^^^^^^^^^^^^^^^^^^^^^^^^^^^^^^^^^^
  File "/home/airflow/.local/lib/python3.11/site-packages/airflow/models/baseoperator.py", line 959, in __init__
    raise AirflowException(
airflow.exceptions.AirflowException: Invalid arguments were passed to DockerOperator (task_id: dbt_run). Invalid arguments were:
**kwargs: {'volumes': ['../dbt:/usr/app', '../dbt/profiles:/root/.dbt']}
[2026-09-11T00:55:05.183+0000] {processor.py:927} WARNING - No viable dags retrieved from /opt/airflow/dags/countries_dag.py
[2026-09-11T00:55:05.213+0000] {processor.py:208} INFO - Processing /opt/airflow/dags/countries_dag.py took 1.643 seconds
[2026-09-11T00:55:35.586+0000] {processor.py:186} INFO - Started process (PID=2261) to work on /opt/airflow/dags/countries_dag.py
[2026-09-11T00:55:35.587+0000] {processor.py:914} INFO - Processing file /opt/airflow/dags/countries_dag.py for tasks to queue
[2026-09-11T00:55:35.591+0000] {logging_mixin.py:190} INFO - [2026-09-11T00:55:35.590+0000] {dagbag.py:588} INFO - Filling up the DagBag from /opt/airflow/dags/countries_dag.py
[2026-09-11T00:55:37.096+0000] {logging_mixin.py:190} INFO - [2026-09-11T00:55:37.084+0000] {dagbag.py:387} ERROR - Failed to import: /opt/airflow/dags/countries_dag.py
Traceback (most recent call last):
  File "/home/airflow/.local/lib/python3.11/site-packages/airflow/models/dagbag.py", line 383, in parse
    loader.exec_module(new_module)
  File "<frozen importlib._bootstrap_external>", line 940, in exec_module
  File "<frozen importlib._bootstrap>", line 241, in _call_with_frames_removed
  File "/opt/airflow/dags/countries_dag.py", line 73, in <module>
    dbt_run = DockerOperator(
              ^^^^^^^^^^^^^^^
  File "/home/airflow/.local/lib/python3.11/site-packages/airflow/models/baseoperator.py", line 508, in apply_defaults
    result = func(self, **kwargs, default_args=default_args)
             ^^^^^^^^^^^^^^^^^^^^^^^^^^^^^^^^^^^^^^^^^^^^^^^
  File "/home/airflow/.local/lib/python3.11/site-packages/airflow/providers/docker/operators/docker.py", line 256, in __init__
    super().__init__(**kwargs)
  File "/home/airflow/.local/lib/python3.11/site-packages/airflow/models/baseoperator.py", line 508, in apply_defaults
    result = func(self, **kwargs, default_args=default_args)
             ^^^^^^^^^^^^^^^^^^^^^^^^^^^^^^^^^^^^^^^^^^^^^^^
  File "/home/airflow/.local/lib/python3.11/site-packages/airflow/models/baseoperator.py", line 959, in __init__
    raise AirflowException(
airflow.exceptions.AirflowException: Invalid arguments were passed to DockerOperator (task_id: dbt_run). Invalid arguments were:
**kwargs: {'volumes': ['../dbt:/usr/app', '../dbt/profiles:/root/.dbt']}
[2026-09-11T00:55:37.098+0000] {processor.py:927} WARNING - No viable dags retrieved from /opt/airflow/dags/countries_dag.py
[2026-09-11T00:55:37.122+0000] {processor.py:208} INFO - Processing /opt/airflow/dags/countries_dag.py took 1.549 seconds
[2026-09-11T00:56:07.538+0000] {processor.py:186} INFO - Started process (PID=2268) to work on /opt/airflow/dags/countries_dag.py
[2026-09-11T00:56:07.540+0000] {processor.py:914} INFO - Processing file /opt/airflow/dags/countries_dag.py for tasks to queue
[2026-09-11T00:56:07.543+0000] {logging_mixin.py:190} INFO - [2026-09-11T00:56:07.542+0000] {dagbag.py:588} INFO - Filling up the DagBag from /opt/airflow/dags/countries_dag.py
[2026-09-11T00:56:09.674+0000] {logging_mixin.py:190} INFO - [2026-09-11T00:56:09.667+0000] {dagbag.py:387} ERROR - Failed to import: /opt/airflow/dags/countries_dag.py
Traceback (most recent call last):
  File "/home/airflow/.local/lib/python3.11/site-packages/airflow/models/dagbag.py", line 383, in parse
    loader.exec_module(new_module)
  File "<frozen importlib._bootstrap_external>", line 940, in exec_module
  File "<frozen importlib._bootstrap>", line 241, in _call_with_frames_removed
  File "/opt/airflow/dags/countries_dag.py", line 73, in <module>
    dbt_run = DockerOperator(
              ^^^^^^^^^^^^^^^
  File "/home/airflow/.local/lib/python3.11/site-packages/airflow/models/baseoperator.py", line 508, in apply_defaults
    result = func(self, **kwargs, default_args=default_args)
             ^^^^^^^^^^^^^^^^^^^^^^^^^^^^^^^^^^^^^^^^^^^^^^^
  File "/home/airflow/.local/lib/python3.11/site-packages/airflow/providers/docker/operators/docker.py", line 256, in __init__
    super().__init__(**kwargs)
  File "/home/airflow/.local/lib/python3.11/site-packages/airflow/models/baseoperator.py", line 508, in apply_defaults
    result = func(self, **kwargs, default_args=default_args)
             ^^^^^^^^^^^^^^^^^^^^^^^^^^^^^^^^^^^^^^^^^^^^^^^
  File "/home/airflow/.local/lib/python3.11/site-packages/airflow/models/baseoperator.py", line 959, in __init__
    raise AirflowException(
airflow.exceptions.AirflowException: Invalid arguments were passed to DockerOperator (task_id: dbt_run). Invalid arguments were:
**kwargs: {'volumes': ['../dbt:/usr/app', '../dbt/profiles:/root/.dbt']}
[2026-09-11T00:56:09.676+0000] {processor.py:927} WARNING - No viable dags retrieved from /opt/airflow/dags/countries_dag.py
[2026-09-11T00:56:09.706+0000] {processor.py:208} INFO - Processing /opt/airflow/dags/countries_dag.py took 2.180 seconds
[2026-09-11T00:56:39.846+0000] {processor.py:186} INFO - Started process (PID=2275) to work on /opt/airflow/dags/countries_dag.py
[2026-09-11T00:56:39.848+0000] {processor.py:914} INFO - Processing file /opt/airflow/dags/countries_dag.py for tasks to queue
[2026-09-11T00:56:39.850+0000] {logging_mixin.py:190} INFO - [2026-09-11T00:56:39.849+0000] {dagbag.py:588} INFO - Filling up the DagBag from /opt/airflow/dags/countries_dag.py
[2026-09-11T00:56:41.654+0000] {logging_mixin.py:190} INFO - [2026-09-11T00:56:41.646+0000] {dagbag.py:387} ERROR - Failed to import: /opt/airflow/dags/countries_dag.py
Traceback (most recent call last):
  File "/home/airflow/.local/lib/python3.11/site-packages/airflow/models/dagbag.py", line 383, in parse
    loader.exec_module(new_module)
  File "<frozen importlib._bootstrap_external>", line 940, in exec_module
  File "<frozen importlib._bootstrap>", line 241, in _call_with_frames_removed
  File "/opt/airflow/dags/countries_dag.py", line 73, in <module>
    dbt_run = DockerOperator(
              ^^^^^^^^^^^^^^^
  File "/home/airflow/.local/lib/python3.11/site-packages/airflow/models/baseoperator.py", line 508, in apply_defaults
    result = func(self, **kwargs, default_args=default_args)
             ^^^^^^^^^^^^^^^^^^^^^^^^^^^^^^^^^^^^^^^^^^^^^^^
  File "/home/airflow/.local/lib/python3.11/site-packages/airflow/providers/docker/operators/docker.py", line 256, in __init__
    super().__init__(**kwargs)
  File "/home/airflow/.local/lib/python3.11/site-packages/airflow/models/baseoperator.py", line 508, in apply_defaults
    result = func(self, **kwargs, default_args=default_args)
             ^^^^^^^^^^^^^^^^^^^^^^^^^^^^^^^^^^^^^^^^^^^^^^^
  File "/home/airflow/.local/lib/python3.11/site-packages/airflow/models/baseoperator.py", line 959, in __init__
    raise AirflowException(
airflow.exceptions.AirflowException: Invalid arguments were passed to DockerOperator (task_id: dbt_run). Invalid arguments were:
**kwargs: {'volumes': ['../dbt:/usr/app', '../dbt/profiles:/root/.dbt']}
[2026-09-11T00:56:41.658+0000] {processor.py:927} WARNING - No viable dags retrieved from /opt/airflow/dags/countries_dag.py
[2026-09-11T00:56:41.685+0000] {processor.py:208} INFO - Processing /opt/airflow/dags/countries_dag.py took 1.848 seconds
[2026-09-11T00:57:12.096+0000] {processor.py:186} INFO - Started process (PID=2282) to work on /opt/airflow/dags/countries_dag.py
[2026-09-11T00:57:12.099+0000] {processor.py:914} INFO - Processing file /opt/airflow/dags/countries_dag.py for tasks to queue
[2026-09-11T00:57:12.102+0000] {logging_mixin.py:190} INFO - [2026-09-11T00:57:12.102+0000] {dagbag.py:588} INFO - Filling up the DagBag from /opt/airflow/dags/countries_dag.py
[2026-09-11T00:57:13.727+0000] {logging_mixin.py:190} INFO - [2026-09-11T00:57:13.720+0000] {dagbag.py:387} ERROR - Failed to import: /opt/airflow/dags/countries_dag.py
Traceback (most recent call last):
  File "/home/airflow/.local/lib/python3.11/site-packages/airflow/models/dagbag.py", line 383, in parse
    loader.exec_module(new_module)
  File "<frozen importlib._bootstrap_external>", line 940, in exec_module
  File "<frozen importlib._bootstrap>", line 241, in _call_with_frames_removed
  File "/opt/airflow/dags/countries_dag.py", line 73, in <module>
    dbt_run = DockerOperator(
              ^^^^^^^^^^^^^^^
  File "/home/airflow/.local/lib/python3.11/site-packages/airflow/models/baseoperator.py", line 508, in apply_defaults
    result = func(self, **kwargs, default_args=default_args)
             ^^^^^^^^^^^^^^^^^^^^^^^^^^^^^^^^^^^^^^^^^^^^^^^
  File "/home/airflow/.local/lib/python3.11/site-packages/airflow/providers/docker/operators/docker.py", line 256, in __init__
    super().__init__(**kwargs)
  File "/home/airflow/.local/lib/python3.11/site-packages/airflow/models/baseoperator.py", line 508, in apply_defaults
    result = func(self, **kwargs, default_args=default_args)
             ^^^^^^^^^^^^^^^^^^^^^^^^^^^^^^^^^^^^^^^^^^^^^^^
  File "/home/airflow/.local/lib/python3.11/site-packages/airflow/models/baseoperator.py", line 959, in __init__
    raise AirflowException(
airflow.exceptions.AirflowException: Invalid arguments were passed to DockerOperator (task_id: dbt_run). Invalid arguments were:
**kwargs: {'volumes': ['../dbt:/usr/app', '../dbt/profiles:/root/.dbt']}
[2026-09-11T00:57:13.728+0000] {processor.py:927} WARNING - No viable dags retrieved from /opt/airflow/dags/countries_dag.py
[2026-09-11T00:57:13.751+0000] {processor.py:208} INFO - Processing /opt/airflow/dags/countries_dag.py took 1.668 seconds
[2026-09-11T00:57:44.110+0000] {processor.py:186} INFO - Started process (PID=2289) to work on /opt/airflow/dags/countries_dag.py
[2026-09-11T00:57:44.112+0000] {processor.py:914} INFO - Processing file /opt/airflow/dags/countries_dag.py for tasks to queue
[2026-09-11T00:57:44.125+0000] {logging_mixin.py:190} INFO - [2026-09-11T00:57:44.124+0000] {dagbag.py:588} INFO - Filling up the DagBag from /opt/airflow/dags/countries_dag.py
[2026-09-11T00:57:45.481+0000] {logging_mixin.py:190} INFO - [2026-09-11T00:57:45.466+0000] {dagbag.py:387} ERROR - Failed to import: /opt/airflow/dags/countries_dag.py
Traceback (most recent call last):
  File "/home/airflow/.local/lib/python3.11/site-packages/airflow/models/dagbag.py", line 383, in parse
    loader.exec_module(new_module)
  File "<frozen importlib._bootstrap_external>", line 940, in exec_module
  File "<frozen importlib._bootstrap>", line 241, in _call_with_frames_removed
  File "/opt/airflow/dags/countries_dag.py", line 73, in <module>
    dbt_run = DockerOperator(
              ^^^^^^^^^^^^^^^
  File "/home/airflow/.local/lib/python3.11/site-packages/airflow/models/baseoperator.py", line 508, in apply_defaults
    result = func(self, **kwargs, default_args=default_args)
             ^^^^^^^^^^^^^^^^^^^^^^^^^^^^^^^^^^^^^^^^^^^^^^^
  File "/home/airflow/.local/lib/python3.11/site-packages/airflow/providers/docker/operators/docker.py", line 256, in __init__
    super().__init__(**kwargs)
  File "/home/airflow/.local/lib/python3.11/site-packages/airflow/models/baseoperator.py", line 508, in apply_defaults
    result = func(self, **kwargs, default_args=default_args)
             ^^^^^^^^^^^^^^^^^^^^^^^^^^^^^^^^^^^^^^^^^^^^^^^
  File "/home/airflow/.local/lib/python3.11/site-packages/airflow/models/baseoperator.py", line 959, in __init__
    raise AirflowException(
airflow.exceptions.AirflowException: Invalid arguments were passed to DockerOperator (task_id: dbt_run). Invalid arguments were:
**kwargs: {'volumes': ['../dbt:/usr/app', '../dbt/profiles:/root/.dbt']}
[2026-09-11T00:57:45.483+0000] {processor.py:927} WARNING - No viable dags retrieved from /opt/airflow/dags/countries_dag.py
[2026-09-11T00:57:45.511+0000] {processor.py:208} INFO - Processing /opt/airflow/dags/countries_dag.py took 1.413 seconds
[2026-09-11T00:58:15.846+0000] {processor.py:186} INFO - Started process (PID=2296) to work on /opt/airflow/dags/countries_dag.py
[2026-09-11T00:58:15.848+0000] {processor.py:914} INFO - Processing file /opt/airflow/dags/countries_dag.py for tasks to queue
[2026-09-11T00:58:15.850+0000] {logging_mixin.py:190} INFO - [2026-09-11T00:58:15.850+0000] {dagbag.py:588} INFO - Filling up the DagBag from /opt/airflow/dags/countries_dag.py
[2026-09-11T00:58:17.225+0000] {logging_mixin.py:190} INFO - [2026-09-11T00:58:17.217+0000] {dagbag.py:387} ERROR - Failed to import: /opt/airflow/dags/countries_dag.py
Traceback (most recent call last):
  File "/home/airflow/.local/lib/python3.11/site-packages/airflow/models/dagbag.py", line 383, in parse
    loader.exec_module(new_module)
  File "<frozen importlib._bootstrap_external>", line 940, in exec_module
  File "<frozen importlib._bootstrap>", line 241, in _call_with_frames_removed
  File "/opt/airflow/dags/countries_dag.py", line 73, in <module>
    dbt_run = DockerOperator(
              ^^^^^^^^^^^^^^^
  File "/home/airflow/.local/lib/python3.11/site-packages/airflow/models/baseoperator.py", line 508, in apply_defaults
    result = func(self, **kwargs, default_args=default_args)
             ^^^^^^^^^^^^^^^^^^^^^^^^^^^^^^^^^^^^^^^^^^^^^^^
  File "/home/airflow/.local/lib/python3.11/site-packages/airflow/providers/docker/operators/docker.py", line 256, in __init__
    super().__init__(**kwargs)
  File "/home/airflow/.local/lib/python3.11/site-packages/airflow/models/baseoperator.py", line 508, in apply_defaults
    result = func(self, **kwargs, default_args=default_args)
             ^^^^^^^^^^^^^^^^^^^^^^^^^^^^^^^^^^^^^^^^^^^^^^^
  File "/home/airflow/.local/lib/python3.11/site-packages/airflow/models/baseoperator.py", line 959, in __init__
    raise AirflowException(
airflow.exceptions.AirflowException: Invalid arguments were passed to DockerOperator (task_id: dbt_run). Invalid arguments were:
**kwargs: {'volumes': ['../dbt:/usr/app', '../dbt/profiles:/root/.dbt']}
[2026-09-11T00:58:17.226+0000] {processor.py:927} WARNING - No viable dags retrieved from /opt/airflow/dags/countries_dag.py
[2026-09-11T00:58:17.258+0000] {processor.py:208} INFO - Processing /opt/airflow/dags/countries_dag.py took 1.423 seconds
[2026-09-11T00:58:47.626+0000] {processor.py:186} INFO - Started process (PID=2303) to work on /opt/airflow/dags/countries_dag.py
[2026-09-11T00:58:47.629+0000] {processor.py:914} INFO - Processing file /opt/airflow/dags/countries_dag.py for tasks to queue
[2026-09-11T00:58:47.632+0000] {logging_mixin.py:190} INFO - [2026-09-11T00:58:47.631+0000] {dagbag.py:588} INFO - Filling up the DagBag from /opt/airflow/dags/countries_dag.py
[2026-09-11T00:58:49.328+0000] {logging_mixin.py:190} INFO - [2026-09-11T00:58:49.310+0000] {dagbag.py:387} ERROR - Failed to import: /opt/airflow/dags/countries_dag.py
Traceback (most recent call last):
  File "/home/airflow/.local/lib/python3.11/site-packages/airflow/models/dagbag.py", line 383, in parse
    loader.exec_module(new_module)
  File "<frozen importlib._bootstrap_external>", line 940, in exec_module
  File "<frozen importlib._bootstrap>", line 241, in _call_with_frames_removed
  File "/opt/airflow/dags/countries_dag.py", line 73, in <module>
    dbt_run = DockerOperator(
              ^^^^^^^^^^^^^^^
  File "/home/airflow/.local/lib/python3.11/site-packages/airflow/models/baseoperator.py", line 508, in apply_defaults
    result = func(self, **kwargs, default_args=default_args)
             ^^^^^^^^^^^^^^^^^^^^^^^^^^^^^^^^^^^^^^^^^^^^^^^
  File "/home/airflow/.local/lib/python3.11/site-packages/airflow/providers/docker/operators/docker.py", line 256, in __init__
    super().__init__(**kwargs)
  File "/home/airflow/.local/lib/python3.11/site-packages/airflow/models/baseoperator.py", line 508, in apply_defaults
    result = func(self, **kwargs, default_args=default_args)
             ^^^^^^^^^^^^^^^^^^^^^^^^^^^^^^^^^^^^^^^^^^^^^^^
  File "/home/airflow/.local/lib/python3.11/site-packages/airflow/models/baseoperator.py", line 959, in __init__
    raise AirflowException(
airflow.exceptions.AirflowException: Invalid arguments were passed to DockerOperator (task_id: dbt_run). Invalid arguments were:
**kwargs: {'volumes': ['../dbt:/usr/app', '../dbt/profiles:/root/.dbt']}
[2026-09-11T00:58:49.334+0000] {processor.py:927} WARNING - No viable dags retrieved from /opt/airflow/dags/countries_dag.py
[2026-09-11T00:58:49.367+0000] {processor.py:208} INFO - Processing /opt/airflow/dags/countries_dag.py took 1.759 seconds
[2026-09-11T00:59:19.463+0000] {processor.py:186} INFO - Started process (PID=2310) to work on /opt/airflow/dags/countries_dag.py
[2026-09-11T00:59:19.464+0000] {processor.py:914} INFO - Processing file /opt/airflow/dags/countries_dag.py for tasks to queue
[2026-09-11T00:59:19.467+0000] {logging_mixin.py:190} INFO - [2026-09-11T00:59:19.466+0000] {dagbag.py:588} INFO - Filling up the DagBag from /opt/airflow/dags/countries_dag.py
[2026-09-11T00:59:21.484+0000] {logging_mixin.py:190} INFO - [2026-09-11T00:59:21.462+0000] {dagbag.py:387} ERROR - Failed to import: /opt/airflow/dags/countries_dag.py
Traceback (most recent call last):
  File "/home/airflow/.local/lib/python3.11/site-packages/airflow/models/dagbag.py", line 383, in parse
    loader.exec_module(new_module)
  File "<frozen importlib._bootstrap_external>", line 940, in exec_module
  File "<frozen importlib._bootstrap>", line 241, in _call_with_frames_removed
  File "/opt/airflow/dags/countries_dag.py", line 73, in <module>
    dbt_run = DockerOperator(
              ^^^^^^^^^^^^^^^
  File "/home/airflow/.local/lib/python3.11/site-packages/airflow/models/baseoperator.py", line 508, in apply_defaults
    result = func(self, **kwargs, default_args=default_args)
             ^^^^^^^^^^^^^^^^^^^^^^^^^^^^^^^^^^^^^^^^^^^^^^^
  File "/home/airflow/.local/lib/python3.11/site-packages/airflow/providers/docker/operators/docker.py", line 256, in __init__
    super().__init__(**kwargs)
  File "/home/airflow/.local/lib/python3.11/site-packages/airflow/models/baseoperator.py", line 508, in apply_defaults
    result = func(self, **kwargs, default_args=default_args)
             ^^^^^^^^^^^^^^^^^^^^^^^^^^^^^^^^^^^^^^^^^^^^^^^
  File "/home/airflow/.local/lib/python3.11/site-packages/airflow/models/baseoperator.py", line 959, in __init__
    raise AirflowException(
airflow.exceptions.AirflowException: Invalid arguments were passed to DockerOperator (task_id: dbt_run). Invalid arguments were:
**kwargs: {'volumes': ['../dbt:/usr/app', '../dbt/profiles:/root/.dbt']}
[2026-09-11T00:59:21.490+0000] {processor.py:927} WARNING - No viable dags retrieved from /opt/airflow/dags/countries_dag.py
[2026-09-11T00:59:21.525+0000] {processor.py:208} INFO - Processing /opt/airflow/dags/countries_dag.py took 2.073 seconds
[2026-09-11T00:59:51.977+0000] {processor.py:186} INFO - Started process (PID=2317) to work on /opt/airflow/dags/countries_dag.py
[2026-09-11T00:59:51.979+0000] {processor.py:914} INFO - Processing file /opt/airflow/dags/countries_dag.py for tasks to queue
[2026-09-11T00:59:51.993+0000] {logging_mixin.py:190} INFO - [2026-09-11T00:59:51.992+0000] {dagbag.py:588} INFO - Filling up the DagBag from /opt/airflow/dags/countries_dag.py
[2026-09-11T00:59:56.635+0000] {logging_mixin.py:190} INFO - [2026-09-11T00:59:56.618+0000] {dagbag.py:387} ERROR - Failed to import: /opt/airflow/dags/countries_dag.py
Traceback (most recent call last):
  File "/home/airflow/.local/lib/python3.11/site-packages/airflow/models/dagbag.py", line 383, in parse
    loader.exec_module(new_module)
  File "<frozen importlib._bootstrap_external>", line 940, in exec_module
  File "<frozen importlib._bootstrap>", line 241, in _call_with_frames_removed
  File "/opt/airflow/dags/countries_dag.py", line 73, in <module>
    dbt_run = DockerOperator(
              ^^^^^^^^^^^^^^^
  File "/home/airflow/.local/lib/python3.11/site-packages/airflow/models/baseoperator.py", line 508, in apply_defaults
    result = func(self, **kwargs, default_args=default_args)
             ^^^^^^^^^^^^^^^^^^^^^^^^^^^^^^^^^^^^^^^^^^^^^^^
  File "/home/airflow/.local/lib/python3.11/site-packages/airflow/providers/docker/operators/docker.py", line 256, in __init__
    super().__init__(**kwargs)
  File "/home/airflow/.local/lib/python3.11/site-packages/airflow/models/baseoperator.py", line 508, in apply_defaults
    result = func(self, **kwargs, default_args=default_args)
             ^^^^^^^^^^^^^^^^^^^^^^^^^^^^^^^^^^^^^^^^^^^^^^^
  File "/home/airflow/.local/lib/python3.11/site-packages/airflow/models/baseoperator.py", line 959, in __init__
    raise AirflowException(
airflow.exceptions.AirflowException: Invalid arguments were passed to DockerOperator (task_id: dbt_run). Invalid arguments were:
**kwargs: {'volumes': ['../dbt:/usr/app', '../dbt/profiles:/root/.dbt']}
[2026-09-11T00:59:56.640+0000] {processor.py:927} WARNING - No viable dags retrieved from /opt/airflow/dags/countries_dag.py
[2026-09-11T00:59:56.735+0000] {processor.py:208} INFO - Processing /opt/airflow/dags/countries_dag.py took 4.785 seconds
[2026-09-11T01:00:27.330+0000] {processor.py:186} INFO - Started process (PID=2324) to work on /opt/airflow/dags/countries_dag.py
[2026-09-11T01:00:27.335+0000] {processor.py:914} INFO - Processing file /opt/airflow/dags/countries_dag.py for tasks to queue
[2026-09-11T01:00:27.341+0000] {logging_mixin.py:190} INFO - [2026-09-11T01:00:27.338+0000] {dagbag.py:588} INFO - Filling up the DagBag from /opt/airflow/dags/countries_dag.py
[2026-09-11T01:00:30.095+0000] {logging_mixin.py:190} INFO - [2026-09-11T01:00:30.087+0000] {dagbag.py:387} ERROR - Failed to import: /opt/airflow/dags/countries_dag.py
Traceback (most recent call last):
  File "/home/airflow/.local/lib/python3.11/site-packages/airflow/models/dagbag.py", line 383, in parse
    loader.exec_module(new_module)
  File "<frozen importlib._bootstrap_external>", line 940, in exec_module
  File "<frozen importlib._bootstrap>", line 241, in _call_with_frames_removed
  File "/opt/airflow/dags/countries_dag.py", line 73, in <module>
    dbt_run = DockerOperator(
              ^^^^^^^^^^^^^^^
  File "/home/airflow/.local/lib/python3.11/site-packages/airflow/models/baseoperator.py", line 508, in apply_defaults
    result = func(self, **kwargs, default_args=default_args)
             ^^^^^^^^^^^^^^^^^^^^^^^^^^^^^^^^^^^^^^^^^^^^^^^
  File "/home/airflow/.local/lib/python3.11/site-packages/airflow/providers/docker/operators/docker.py", line 256, in __init__
    super().__init__(**kwargs)
  File "/home/airflow/.local/lib/python3.11/site-packages/airflow/models/baseoperator.py", line 508, in apply_defaults
    result = func(self, **kwargs, default_args=default_args)
             ^^^^^^^^^^^^^^^^^^^^^^^^^^^^^^^^^^^^^^^^^^^^^^^
  File "/home/airflow/.local/lib/python3.11/site-packages/airflow/models/baseoperator.py", line 959, in __init__
    raise AirflowException(
airflow.exceptions.AirflowException: Invalid arguments were passed to DockerOperator (task_id: dbt_run). Invalid arguments were:
**kwargs: {'volumes': ['../dbt:/usr/app', '../dbt/profiles:/root/.dbt']}
[2026-09-11T01:00:30.096+0000] {processor.py:927} WARNING - No viable dags retrieved from /opt/airflow/dags/countries_dag.py
[2026-09-11T01:00:30.140+0000] {processor.py:208} INFO - Processing /opt/airflow/dags/countries_dag.py took 2.824 seconds
[2026-09-11T01:01:00.580+0000] {processor.py:186} INFO - Started process (PID=2331) to work on /opt/airflow/dags/countries_dag.py
[2026-09-11T01:01:00.583+0000] {processor.py:914} INFO - Processing file /opt/airflow/dags/countries_dag.py for tasks to queue
[2026-09-11T01:01:00.589+0000] {logging_mixin.py:190} INFO - [2026-09-11T01:01:00.588+0000] {dagbag.py:588} INFO - Filling up the DagBag from /opt/airflow/dags/countries_dag.py
[2026-09-11T01:01:03.625+0000] {logging_mixin.py:190} INFO - [2026-09-11T01:01:03.599+0000] {dagbag.py:387} ERROR - Failed to import: /opt/airflow/dags/countries_dag.py
Traceback (most recent call last):
  File "/home/airflow/.local/lib/python3.11/site-packages/airflow/models/dagbag.py", line 383, in parse
    loader.exec_module(new_module)
  File "<frozen importlib._bootstrap_external>", line 940, in exec_module
  File "<frozen importlib._bootstrap>", line 241, in _call_with_frames_removed
  File "/opt/airflow/dags/countries_dag.py", line 73, in <module>
    dbt_run = DockerOperator(
              ^^^^^^^^^^^^^^^
  File "/home/airflow/.local/lib/python3.11/site-packages/airflow/models/baseoperator.py", line 508, in apply_defaults
    result = func(self, **kwargs, default_args=default_args)
             ^^^^^^^^^^^^^^^^^^^^^^^^^^^^^^^^^^^^^^^^^^^^^^^
  File "/home/airflow/.local/lib/python3.11/site-packages/airflow/providers/docker/operators/docker.py", line 256, in __init__
    super().__init__(**kwargs)
  File "/home/airflow/.local/lib/python3.11/site-packages/airflow/models/baseoperator.py", line 508, in apply_defaults
    result = func(self, **kwargs, default_args=default_args)
             ^^^^^^^^^^^^^^^^^^^^^^^^^^^^^^^^^^^^^^^^^^^^^^^
  File "/home/airflow/.local/lib/python3.11/site-packages/airflow/models/baseoperator.py", line 959, in __init__
    raise AirflowException(
airflow.exceptions.AirflowException: Invalid arguments were passed to DockerOperator (task_id: dbt_run). Invalid arguments were:
**kwargs: {'volumes': ['../dbt:/usr/app', '../dbt/profiles:/root/.dbt']}
[2026-09-11T01:01:03.639+0000] {processor.py:927} WARNING - No viable dags retrieved from /opt/airflow/dags/countries_dag.py
[2026-09-11T01:01:03.709+0000] {processor.py:208} INFO - Processing /opt/airflow/dags/countries_dag.py took 3.148 seconds
[2026-09-11T01:01:34.255+0000] {processor.py:186} INFO - Started process (PID=2338) to work on /opt/airflow/dags/countries_dag.py
[2026-09-11T01:01:34.268+0000] {processor.py:914} INFO - Processing file /opt/airflow/dags/countries_dag.py for tasks to queue
[2026-09-11T01:01:34.272+0000] {logging_mixin.py:190} INFO - [2026-09-11T01:01:34.271+0000] {dagbag.py:588} INFO - Filling up the DagBag from /opt/airflow/dags/countries_dag.py
[2026-09-11T01:01:37.590+0000] {logging_mixin.py:190} INFO - [2026-09-11T01:01:37.577+0000] {dagbag.py:387} ERROR - Failed to import: /opt/airflow/dags/countries_dag.py
Traceback (most recent call last):
  File "/home/airflow/.local/lib/python3.11/site-packages/airflow/models/dagbag.py", line 383, in parse
    loader.exec_module(new_module)
  File "<frozen importlib._bootstrap_external>", line 940, in exec_module
  File "<frozen importlib._bootstrap>", line 241, in _call_with_frames_removed
  File "/opt/airflow/dags/countries_dag.py", line 73, in <module>
    dbt_run = DockerOperator(
              ^^^^^^^^^^^^^^^
  File "/home/airflow/.local/lib/python3.11/site-packages/airflow/models/baseoperator.py", line 508, in apply_defaults
    result = func(self, **kwargs, default_args=default_args)
             ^^^^^^^^^^^^^^^^^^^^^^^^^^^^^^^^^^^^^^^^^^^^^^^
  File "/home/airflow/.local/lib/python3.11/site-packages/airflow/providers/docker/operators/docker.py", line 256, in __init__
    super().__init__(**kwargs)
  File "/home/airflow/.local/lib/python3.11/site-packages/airflow/models/baseoperator.py", line 508, in apply_defaults
    result = func(self, **kwargs, default_args=default_args)
             ^^^^^^^^^^^^^^^^^^^^^^^^^^^^^^^^^^^^^^^^^^^^^^^
  File "/home/airflow/.local/lib/python3.11/site-packages/airflow/models/baseoperator.py", line 959, in __init__
    raise AirflowException(
airflow.exceptions.AirflowException: Invalid arguments were passed to DockerOperator (task_id: dbt_run). Invalid arguments were:
**kwargs: {'volumes': ['../dbt:/usr/app', '../dbt/profiles:/root/.dbt']}
[2026-09-11T01:01:37.592+0000] {processor.py:927} WARNING - No viable dags retrieved from /opt/airflow/dags/countries_dag.py
[2026-09-11T01:01:37.637+0000] {processor.py:208} INFO - Processing /opt/airflow/dags/countries_dag.py took 3.412 seconds
[2026-09-11T01:02:07.906+0000] {processor.py:186} INFO - Started process (PID=2345) to work on /opt/airflow/dags/countries_dag.py
[2026-09-11T01:02:07.911+0000] {processor.py:914} INFO - Processing file /opt/airflow/dags/countries_dag.py for tasks to queue
[2026-09-11T01:02:07.916+0000] {logging_mixin.py:190} INFO - [2026-09-11T01:02:07.915+0000] {dagbag.py:588} INFO - Filling up the DagBag from /opt/airflow/dags/countries_dag.py
[2026-09-11T01:02:10.482+0000] {logging_mixin.py:190} INFO - [2026-09-11T01:02:10.473+0000] {dagbag.py:387} ERROR - Failed to import: /opt/airflow/dags/countries_dag.py
Traceback (most recent call last):
  File "/home/airflow/.local/lib/python3.11/site-packages/airflow/models/dagbag.py", line 383, in parse
    loader.exec_module(new_module)
  File "<frozen importlib._bootstrap_external>", line 940, in exec_module
  File "<frozen importlib._bootstrap>", line 241, in _call_with_frames_removed
  File "/opt/airflow/dags/countries_dag.py", line 73, in <module>
    dbt_run = DockerOperator(
              ^^^^^^^^^^^^^^^
  File "/home/airflow/.local/lib/python3.11/site-packages/airflow/models/baseoperator.py", line 508, in apply_defaults
    result = func(self, **kwargs, default_args=default_args)
             ^^^^^^^^^^^^^^^^^^^^^^^^^^^^^^^^^^^^^^^^^^^^^^^
  File "/home/airflow/.local/lib/python3.11/site-packages/airflow/providers/docker/operators/docker.py", line 256, in __init__
    super().__init__(**kwargs)
  File "/home/airflow/.local/lib/python3.11/site-packages/airflow/models/baseoperator.py", line 508, in apply_defaults
    result = func(self, **kwargs, default_args=default_args)
             ^^^^^^^^^^^^^^^^^^^^^^^^^^^^^^^^^^^^^^^^^^^^^^^
  File "/home/airflow/.local/lib/python3.11/site-packages/airflow/models/baseoperator.py", line 959, in __init__
    raise AirflowException(
airflow.exceptions.AirflowException: Invalid arguments were passed to DockerOperator (task_id: dbt_run). Invalid arguments were:
**kwargs: {'volumes': ['../dbt:/usr/app', '../dbt/profiles:/root/.dbt']}
[2026-09-11T01:02:10.483+0000] {processor.py:927} WARNING - No viable dags retrieved from /opt/airflow/dags/countries_dag.py
[2026-09-11T01:02:10.507+0000] {processor.py:208} INFO - Processing /opt/airflow/dags/countries_dag.py took 2.622 seconds
[2026-09-11T01:02:40.953+0000] {processor.py:186} INFO - Started process (PID=2352) to work on /opt/airflow/dags/countries_dag.py
[2026-09-11T01:02:40.958+0000] {processor.py:914} INFO - Processing file /opt/airflow/dags/countries_dag.py for tasks to queue
[2026-09-11T01:02:40.960+0000] {logging_mixin.py:190} INFO - [2026-09-11T01:02:40.960+0000] {dagbag.py:588} INFO - Filling up the DagBag from /opt/airflow/dags/countries_dag.py
[2026-09-11T01:02:43.778+0000] {logging_mixin.py:190} INFO - [2026-09-11T01:02:43.770+0000] {dagbag.py:387} ERROR - Failed to import: /opt/airflow/dags/countries_dag.py
Traceback (most recent call last):
  File "/home/airflow/.local/lib/python3.11/site-packages/airflow/models/dagbag.py", line 383, in parse
    loader.exec_module(new_module)
  File "<frozen importlib._bootstrap_external>", line 940, in exec_module
  File "<frozen importlib._bootstrap>", line 241, in _call_with_frames_removed
  File "/opt/airflow/dags/countries_dag.py", line 73, in <module>
    dbt_run = DockerOperator(
              ^^^^^^^^^^^^^^^
  File "/home/airflow/.local/lib/python3.11/site-packages/airflow/models/baseoperator.py", line 508, in apply_defaults
    result = func(self, **kwargs, default_args=default_args)
             ^^^^^^^^^^^^^^^^^^^^^^^^^^^^^^^^^^^^^^^^^^^^^^^
  File "/home/airflow/.local/lib/python3.11/site-packages/airflow/providers/docker/operators/docker.py", line 256, in __init__
    super().__init__(**kwargs)
  File "/home/airflow/.local/lib/python3.11/site-packages/airflow/models/baseoperator.py", line 508, in apply_defaults
    result = func(self, **kwargs, default_args=default_args)
             ^^^^^^^^^^^^^^^^^^^^^^^^^^^^^^^^^^^^^^^^^^^^^^^
  File "/home/airflow/.local/lib/python3.11/site-packages/airflow/models/baseoperator.py", line 959, in __init__
    raise AirflowException(
airflow.exceptions.AirflowException: Invalid arguments were passed to DockerOperator (task_id: dbt_run). Invalid arguments were:
**kwargs: {'volumes': ['../dbt:/usr/app', '../dbt/profiles:/root/.dbt']}
[2026-09-11T01:02:43.782+0000] {processor.py:927} WARNING - No viable dags retrieved from /opt/airflow/dags/countries_dag.py
[2026-09-11T01:02:43.808+0000] {processor.py:208} INFO - Processing /opt/airflow/dags/countries_dag.py took 2.870 seconds
[2026-09-11T01:03:14.216+0000] {processor.py:186} INFO - Started process (PID=2359) to work on /opt/airflow/dags/countries_dag.py
[2026-09-11T01:03:14.219+0000] {processor.py:914} INFO - Processing file /opt/airflow/dags/countries_dag.py for tasks to queue
[2026-09-11T01:03:14.224+0000] {logging_mixin.py:190} INFO - [2026-09-11T01:03:14.223+0000] {dagbag.py:588} INFO - Filling up the DagBag from /opt/airflow/dags/countries_dag.py
[2026-09-11T01:03:16.410+0000] {logging_mixin.py:190} INFO - [2026-09-11T01:03:16.397+0000] {dagbag.py:387} ERROR - Failed to import: /opt/airflow/dags/countries_dag.py
Traceback (most recent call last):
  File "/home/airflow/.local/lib/python3.11/site-packages/airflow/models/dagbag.py", line 383, in parse
    loader.exec_module(new_module)
  File "<frozen importlib._bootstrap_external>", line 940, in exec_module
  File "<frozen importlib._bootstrap>", line 241, in _call_with_frames_removed
  File "/opt/airflow/dags/countries_dag.py", line 73, in <module>
    dbt_run = DockerOperator(
              ^^^^^^^^^^^^^^^
  File "/home/airflow/.local/lib/python3.11/site-packages/airflow/models/baseoperator.py", line 508, in apply_defaults
    result = func(self, **kwargs, default_args=default_args)
             ^^^^^^^^^^^^^^^^^^^^^^^^^^^^^^^^^^^^^^^^^^^^^^^
  File "/home/airflow/.local/lib/python3.11/site-packages/airflow/providers/docker/operators/docker.py", line 256, in __init__
    super().__init__(**kwargs)
  File "/home/airflow/.local/lib/python3.11/site-packages/airflow/models/baseoperator.py", line 508, in apply_defaults
    result = func(self, **kwargs, default_args=default_args)
             ^^^^^^^^^^^^^^^^^^^^^^^^^^^^^^^^^^^^^^^^^^^^^^^
  File "/home/airflow/.local/lib/python3.11/site-packages/airflow/models/baseoperator.py", line 959, in __init__
    raise AirflowException(
airflow.exceptions.AirflowException: Invalid arguments were passed to DockerOperator (task_id: dbt_run). Invalid arguments were:
**kwargs: {'volumes': ['../dbt:/usr/app', '../dbt/profiles:/root/.dbt']}
[2026-09-11T01:03:16.412+0000] {processor.py:927} WARNING - No viable dags retrieved from /opt/airflow/dags/countries_dag.py
[2026-09-11T01:03:16.444+0000] {processor.py:208} INFO - Processing /opt/airflow/dags/countries_dag.py took 2.246 seconds
[2026-09-11T01:03:46.595+0000] {processor.py:186} INFO - Started process (PID=2366) to work on /opt/airflow/dags/countries_dag.py
[2026-09-11T01:03:46.597+0000] {processor.py:914} INFO - Processing file /opt/airflow/dags/countries_dag.py for tasks to queue
[2026-09-11T01:03:46.600+0000] {logging_mixin.py:190} INFO - [2026-09-11T01:03:46.599+0000] {dagbag.py:588} INFO - Filling up the DagBag from /opt/airflow/dags/countries_dag.py
[2026-09-11T01:03:49.062+0000] {logging_mixin.py:190} INFO - [2026-09-11T01:03:49.052+0000] {dagbag.py:387} ERROR - Failed to import: /opt/airflow/dags/countries_dag.py
Traceback (most recent call last):
  File "/home/airflow/.local/lib/python3.11/site-packages/airflow/models/dagbag.py", line 383, in parse
    loader.exec_module(new_module)
  File "<frozen importlib._bootstrap_external>", line 940, in exec_module
  File "<frozen importlib._bootstrap>", line 241, in _call_with_frames_removed
  File "/opt/airflow/dags/countries_dag.py", line 73, in <module>
    dbt_run = DockerOperator(
              ^^^^^^^^^^^^^^^
  File "/home/airflow/.local/lib/python3.11/site-packages/airflow/models/baseoperator.py", line 508, in apply_defaults
    result = func(self, **kwargs, default_args=default_args)
             ^^^^^^^^^^^^^^^^^^^^^^^^^^^^^^^^^^^^^^^^^^^^^^^
  File "/home/airflow/.local/lib/python3.11/site-packages/airflow/providers/docker/operators/docker.py", line 256, in __init__
    super().__init__(**kwargs)
  File "/home/airflow/.local/lib/python3.11/site-packages/airflow/models/baseoperator.py", line 508, in apply_defaults
    result = func(self, **kwargs, default_args=default_args)
             ^^^^^^^^^^^^^^^^^^^^^^^^^^^^^^^^^^^^^^^^^^^^^^^
  File "/home/airflow/.local/lib/python3.11/site-packages/airflow/models/baseoperator.py", line 959, in __init__
    raise AirflowException(
airflow.exceptions.AirflowException: Invalid arguments were passed to DockerOperator (task_id: dbt_run). Invalid arguments were:
**kwargs: {'volumes': ['../dbt:/usr/app', '../dbt/profiles:/root/.dbt']}
[2026-09-11T01:03:49.063+0000] {processor.py:927} WARNING - No viable dags retrieved from /opt/airflow/dags/countries_dag.py
[2026-09-11T01:03:49.093+0000] {processor.py:208} INFO - Processing /opt/airflow/dags/countries_dag.py took 2.511 seconds
[2026-09-11T01:04:19.313+0000] {processor.py:186} INFO - Started process (PID=2373) to work on /opt/airflow/dags/countries_dag.py
[2026-09-11T01:04:19.318+0000] {processor.py:914} INFO - Processing file /opt/airflow/dags/countries_dag.py for tasks to queue
[2026-09-11T01:04:19.323+0000] {logging_mixin.py:190} INFO - [2026-09-11T01:04:19.321+0000] {dagbag.py:588} INFO - Filling up the DagBag from /opt/airflow/dags/countries_dag.py
[2026-09-11T01:04:22.311+0000] {logging_mixin.py:190} INFO - [2026-09-11T01:04:22.295+0000] {dagbag.py:387} ERROR - Failed to import: /opt/airflow/dags/countries_dag.py
Traceback (most recent call last):
  File "/home/airflow/.local/lib/python3.11/site-packages/airflow/models/dagbag.py", line 383, in parse
    loader.exec_module(new_module)
  File "<frozen importlib._bootstrap_external>", line 940, in exec_module
  File "<frozen importlib._bootstrap>", line 241, in _call_with_frames_removed
  File "/opt/airflow/dags/countries_dag.py", line 73, in <module>
    dbt_run = DockerOperator(
              ^^^^^^^^^^^^^^^
  File "/home/airflow/.local/lib/python3.11/site-packages/airflow/models/baseoperator.py", line 508, in apply_defaults
    result = func(self, **kwargs, default_args=default_args)
             ^^^^^^^^^^^^^^^^^^^^^^^^^^^^^^^^^^^^^^^^^^^^^^^
  File "/home/airflow/.local/lib/python3.11/site-packages/airflow/providers/docker/operators/docker.py", line 256, in __init__
    super().__init__(**kwargs)
  File "/home/airflow/.local/lib/python3.11/site-packages/airflow/models/baseoperator.py", line 508, in apply_defaults
    result = func(self, **kwargs, default_args=default_args)
             ^^^^^^^^^^^^^^^^^^^^^^^^^^^^^^^^^^^^^^^^^^^^^^^
  File "/home/airflow/.local/lib/python3.11/site-packages/airflow/models/baseoperator.py", line 959, in __init__
    raise AirflowException(
airflow.exceptions.AirflowException: Invalid arguments were passed to DockerOperator (task_id: dbt_run). Invalid arguments were:
**kwargs: {'volumes': ['../dbt:/usr/app', '../dbt/profiles:/root/.dbt']}
[2026-09-11T01:04:22.313+0000] {processor.py:927} WARNING - No viable dags retrieved from /opt/airflow/dags/countries_dag.py
[2026-09-11T01:04:22.364+0000] {processor.py:208} INFO - Processing /opt/airflow/dags/countries_dag.py took 3.066 seconds
[2026-09-11T01:04:52.803+0000] {processor.py:186} INFO - Started process (PID=2380) to work on /opt/airflow/dags/countries_dag.py
[2026-09-11T01:04:52.805+0000] {processor.py:914} INFO - Processing file /opt/airflow/dags/countries_dag.py for tasks to queue
[2026-09-11T01:04:52.807+0000] {logging_mixin.py:190} INFO - [2026-09-11T01:04:52.807+0000] {dagbag.py:588} INFO - Filling up the DagBag from /opt/airflow/dags/countries_dag.py
[2026-09-11T01:04:54.763+0000] {logging_mixin.py:190} INFO - [2026-09-11T01:04:54.756+0000] {dagbag.py:387} ERROR - Failed to import: /opt/airflow/dags/countries_dag.py
Traceback (most recent call last):
  File "/home/airflow/.local/lib/python3.11/site-packages/airflow/models/dagbag.py", line 383, in parse
    loader.exec_module(new_module)
  File "<frozen importlib._bootstrap_external>", line 940, in exec_module
  File "<frozen importlib._bootstrap>", line 241, in _call_with_frames_removed
  File "/opt/airflow/dags/countries_dag.py", line 73, in <module>
    dbt_run = DockerOperator(
              ^^^^^^^^^^^^^^^
  File "/home/airflow/.local/lib/python3.11/site-packages/airflow/models/baseoperator.py", line 508, in apply_defaults
    result = func(self, **kwargs, default_args=default_args)
             ^^^^^^^^^^^^^^^^^^^^^^^^^^^^^^^^^^^^^^^^^^^^^^^
  File "/home/airflow/.local/lib/python3.11/site-packages/airflow/providers/docker/operators/docker.py", line 256, in __init__
    super().__init__(**kwargs)
  File "/home/airflow/.local/lib/python3.11/site-packages/airflow/models/baseoperator.py", line 508, in apply_defaults
    result = func(self, **kwargs, default_args=default_args)
             ^^^^^^^^^^^^^^^^^^^^^^^^^^^^^^^^^^^^^^^^^^^^^^^
  File "/home/airflow/.local/lib/python3.11/site-packages/airflow/models/baseoperator.py", line 959, in __init__
    raise AirflowException(
airflow.exceptions.AirflowException: Invalid arguments were passed to DockerOperator (task_id: dbt_run). Invalid arguments were:
**kwargs: {'volumes': ['../dbt:/usr/app', '../dbt/profiles:/root/.dbt']}
[2026-09-11T01:04:54.764+0000] {processor.py:927} WARNING - No viable dags retrieved from /opt/airflow/dags/countries_dag.py
[2026-09-11T01:04:54.798+0000] {processor.py:208} INFO - Processing /opt/airflow/dags/countries_dag.py took 2.006 seconds
[2026-09-11T01:05:25.199+0000] {processor.py:186} INFO - Started process (PID=2387) to work on /opt/airflow/dags/countries_dag.py
[2026-09-11T01:05:25.200+0000] {processor.py:914} INFO - Processing file /opt/airflow/dags/countries_dag.py for tasks to queue
[2026-09-11T01:05:25.202+0000] {logging_mixin.py:190} INFO - [2026-09-11T01:05:25.202+0000] {dagbag.py:588} INFO - Filling up the DagBag from /opt/airflow/dags/countries_dag.py
[2026-09-11T01:05:27.110+0000] {logging_mixin.py:190} INFO - [2026-09-11T01:05:27.100+0000] {dagbag.py:387} ERROR - Failed to import: /opt/airflow/dags/countries_dag.py
Traceback (most recent call last):
  File "/home/airflow/.local/lib/python3.11/site-packages/airflow/models/dagbag.py", line 383, in parse
    loader.exec_module(new_module)
  File "<frozen importlib._bootstrap_external>", line 940, in exec_module
  File "<frozen importlib._bootstrap>", line 241, in _call_with_frames_removed
  File "/opt/airflow/dags/countries_dag.py", line 73, in <module>
    dbt_run = DockerOperator(
              ^^^^^^^^^^^^^^^
  File "/home/airflow/.local/lib/python3.11/site-packages/airflow/models/baseoperator.py", line 508, in apply_defaults
    result = func(self, **kwargs, default_args=default_args)
             ^^^^^^^^^^^^^^^^^^^^^^^^^^^^^^^^^^^^^^^^^^^^^^^
  File "/home/airflow/.local/lib/python3.11/site-packages/airflow/providers/docker/operators/docker.py", line 256, in __init__
    super().__init__(**kwargs)
  File "/home/airflow/.local/lib/python3.11/site-packages/airflow/models/baseoperator.py", line 508, in apply_defaults
    result = func(self, **kwargs, default_args=default_args)
             ^^^^^^^^^^^^^^^^^^^^^^^^^^^^^^^^^^^^^^^^^^^^^^^
  File "/home/airflow/.local/lib/python3.11/site-packages/airflow/models/baseoperator.py", line 959, in __init__
    raise AirflowException(
airflow.exceptions.AirflowException: Invalid arguments were passed to DockerOperator (task_id: dbt_run). Invalid arguments were:
**kwargs: {'volumes': ['../dbt:/usr/app', '../dbt/profiles:/root/.dbt']}
[2026-09-11T01:05:27.111+0000] {processor.py:927} WARNING - No viable dags retrieved from /opt/airflow/dags/countries_dag.py
[2026-09-11T01:05:27.156+0000] {processor.py:208} INFO - Processing /opt/airflow/dags/countries_dag.py took 1.968 seconds
[2026-09-11T01:05:57.687+0000] {processor.py:186} INFO - Started process (PID=2394) to work on /opt/airflow/dags/countries_dag.py
[2026-09-11T01:05:57.689+0000] {processor.py:914} INFO - Processing file /opt/airflow/dags/countries_dag.py for tasks to queue
[2026-09-11T01:05:57.699+0000] {logging_mixin.py:190} INFO - [2026-09-11T01:05:57.693+0000] {dagbag.py:588} INFO - Filling up the DagBag from /opt/airflow/dags/countries_dag.py
[2026-09-11T01:06:00.667+0000] {logging_mixin.py:190} INFO - [2026-09-11T01:06:00.625+0000] {dagbag.py:387} ERROR - Failed to import: /opt/airflow/dags/countries_dag.py
Traceback (most recent call last):
  File "/home/airflow/.local/lib/python3.11/site-packages/airflow/models/dagbag.py", line 383, in parse
    loader.exec_module(new_module)
  File "<frozen importlib._bootstrap_external>", line 940, in exec_module
  File "<frozen importlib._bootstrap>", line 241, in _call_with_frames_removed
  File "/opt/airflow/dags/countries_dag.py", line 73, in <module>
    dbt_run = DockerOperator(
              ^^^^^^^^^^^^^^^
  File "/home/airflow/.local/lib/python3.11/site-packages/airflow/models/baseoperator.py", line 508, in apply_defaults
    result = func(self, **kwargs, default_args=default_args)
             ^^^^^^^^^^^^^^^^^^^^^^^^^^^^^^^^^^^^^^^^^^^^^^^
  File "/home/airflow/.local/lib/python3.11/site-packages/airflow/providers/docker/operators/docker.py", line 256, in __init__
    super().__init__(**kwargs)
  File "/home/airflow/.local/lib/python3.11/site-packages/airflow/models/baseoperator.py", line 508, in apply_defaults
    result = func(self, **kwargs, default_args=default_args)
             ^^^^^^^^^^^^^^^^^^^^^^^^^^^^^^^^^^^^^^^^^^^^^^^
  File "/home/airflow/.local/lib/python3.11/site-packages/airflow/models/baseoperator.py", line 959, in __init__
    raise AirflowException(
airflow.exceptions.AirflowException: Invalid arguments were passed to DockerOperator (task_id: dbt_run). Invalid arguments were:
**kwargs: {'volumes': ['../dbt:/usr/app', '../dbt/profiles:/root/.dbt']}
[2026-09-11T01:06:00.673+0000] {processor.py:927} WARNING - No viable dags retrieved from /opt/airflow/dags/countries_dag.py
[2026-09-11T01:06:00.970+0000] {processor.py:208} INFO - Processing /opt/airflow/dags/countries_dag.py took 3.300 seconds
[2026-09-11T01:06:31.404+0000] {processor.py:186} INFO - Started process (PID=2401) to work on /opt/airflow/dags/countries_dag.py
[2026-09-11T01:06:31.406+0000] {processor.py:914} INFO - Processing file /opt/airflow/dags/countries_dag.py for tasks to queue
[2026-09-11T01:06:31.417+0000] {logging_mixin.py:190} INFO - [2026-09-11T01:06:31.417+0000] {dagbag.py:588} INFO - Filling up the DagBag from /opt/airflow/dags/countries_dag.py
[2026-09-11T01:06:33.696+0000] {logging_mixin.py:190} INFO - [2026-09-11T01:06:33.663+0000] {dagbag.py:387} ERROR - Failed to import: /opt/airflow/dags/countries_dag.py
Traceback (most recent call last):
  File "/home/airflow/.local/lib/python3.11/site-packages/airflow/models/dagbag.py", line 383, in parse
    loader.exec_module(new_module)
  File "<frozen importlib._bootstrap_external>", line 940, in exec_module
  File "<frozen importlib._bootstrap>", line 241, in _call_with_frames_removed
  File "/opt/airflow/dags/countries_dag.py", line 73, in <module>
    dbt_run = DockerOperator(
              ^^^^^^^^^^^^^^^
  File "/home/airflow/.local/lib/python3.11/site-packages/airflow/models/baseoperator.py", line 508, in apply_defaults
    result = func(self, **kwargs, default_args=default_args)
             ^^^^^^^^^^^^^^^^^^^^^^^^^^^^^^^^^^^^^^^^^^^^^^^
  File "/home/airflow/.local/lib/python3.11/site-packages/airflow/providers/docker/operators/docker.py", line 256, in __init__
    super().__init__(**kwargs)
  File "/home/airflow/.local/lib/python3.11/site-packages/airflow/models/baseoperator.py", line 508, in apply_defaults
    result = func(self, **kwargs, default_args=default_args)
             ^^^^^^^^^^^^^^^^^^^^^^^^^^^^^^^^^^^^^^^^^^^^^^^
  File "/home/airflow/.local/lib/python3.11/site-packages/airflow/models/baseoperator.py", line 959, in __init__
    raise AirflowException(
airflow.exceptions.AirflowException: Invalid arguments were passed to DockerOperator (task_id: dbt_run). Invalid arguments were:
**kwargs: {'volumes': ['../dbt:/usr/app', '../dbt/profiles:/root/.dbt']}
[2026-09-11T01:06:33.701+0000] {processor.py:927} WARNING - No viable dags retrieved from /opt/airflow/dags/countries_dag.py
[2026-09-11T01:06:33.757+0000] {processor.py:208} INFO - Processing /opt/airflow/dags/countries_dag.py took 2.377 seconds
[2026-09-11T01:07:04.198+0000] {processor.py:186} INFO - Started process (PID=2408) to work on /opt/airflow/dags/countries_dag.py
[2026-09-11T01:07:04.200+0000] {processor.py:914} INFO - Processing file /opt/airflow/dags/countries_dag.py for tasks to queue
[2026-09-11T01:07:04.204+0000] {logging_mixin.py:190} INFO - [2026-09-11T01:07:04.203+0000] {dagbag.py:588} INFO - Filling up the DagBag from /opt/airflow/dags/countries_dag.py
[2026-09-11T01:07:06.114+0000] {logging_mixin.py:190} INFO - [2026-09-11T01:07:06.102+0000] {dagbag.py:387} ERROR - Failed to import: /opt/airflow/dags/countries_dag.py
Traceback (most recent call last):
  File "/home/airflow/.local/lib/python3.11/site-packages/airflow/models/dagbag.py", line 383, in parse
    loader.exec_module(new_module)
  File "<frozen importlib._bootstrap_external>", line 940, in exec_module
  File "<frozen importlib._bootstrap>", line 241, in _call_with_frames_removed
  File "/opt/airflow/dags/countries_dag.py", line 73, in <module>
    dbt_run = DockerOperator(
              ^^^^^^^^^^^^^^^
  File "/home/airflow/.local/lib/python3.11/site-packages/airflow/models/baseoperator.py", line 508, in apply_defaults
    result = func(self, **kwargs, default_args=default_args)
             ^^^^^^^^^^^^^^^^^^^^^^^^^^^^^^^^^^^^^^^^^^^^^^^
  File "/home/airflow/.local/lib/python3.11/site-packages/airflow/providers/docker/operators/docker.py", line 256, in __init__
    super().__init__(**kwargs)
  File "/home/airflow/.local/lib/python3.11/site-packages/airflow/models/baseoperator.py", line 508, in apply_defaults
    result = func(self, **kwargs, default_args=default_args)
             ^^^^^^^^^^^^^^^^^^^^^^^^^^^^^^^^^^^^^^^^^^^^^^^
  File "/home/airflow/.local/lib/python3.11/site-packages/airflow/models/baseoperator.py", line 959, in __init__
    raise AirflowException(
airflow.exceptions.AirflowException: Invalid arguments were passed to DockerOperator (task_id: dbt_run). Invalid arguments were:
**kwargs: {'volumes': ['../dbt:/usr/app', '../dbt/profiles:/root/.dbt']}
[2026-09-11T01:07:06.119+0000] {processor.py:927} WARNING - No viable dags retrieved from /opt/airflow/dags/countries_dag.py
[2026-09-11T01:07:06.157+0000] {processor.py:208} INFO - Processing /opt/airflow/dags/countries_dag.py took 1.979 seconds
[2026-09-11T01:07:36.559+0000] {processor.py:186} INFO - Started process (PID=2415) to work on /opt/airflow/dags/countries_dag.py
[2026-09-11T01:07:36.563+0000] {processor.py:914} INFO - Processing file /opt/airflow/dags/countries_dag.py for tasks to queue
[2026-09-11T01:07:36.572+0000] {logging_mixin.py:190} INFO - [2026-09-11T01:07:36.571+0000] {dagbag.py:588} INFO - Filling up the DagBag from /opt/airflow/dags/countries_dag.py
[2026-09-11T01:07:38.500+0000] {logging_mixin.py:190} INFO - [2026-09-11T01:07:38.477+0000] {dagbag.py:387} ERROR - Failed to import: /opt/airflow/dags/countries_dag.py
Traceback (most recent call last):
  File "/home/airflow/.local/lib/python3.11/site-packages/airflow/models/dagbag.py", line 383, in parse
    loader.exec_module(new_module)
  File "<frozen importlib._bootstrap_external>", line 940, in exec_module
  File "<frozen importlib._bootstrap>", line 241, in _call_with_frames_removed
  File "/opt/airflow/dags/countries_dag.py", line 73, in <module>
    dbt_run = DockerOperator(
              ^^^^^^^^^^^^^^^
  File "/home/airflow/.local/lib/python3.11/site-packages/airflow/models/baseoperator.py", line 508, in apply_defaults
    result = func(self, **kwargs, default_args=default_args)
             ^^^^^^^^^^^^^^^^^^^^^^^^^^^^^^^^^^^^^^^^^^^^^^^
  File "/home/airflow/.local/lib/python3.11/site-packages/airflow/providers/docker/operators/docker.py", line 256, in __init__
    super().__init__(**kwargs)
  File "/home/airflow/.local/lib/python3.11/site-packages/airflow/models/baseoperator.py", line 508, in apply_defaults
    result = func(self, **kwargs, default_args=default_args)
             ^^^^^^^^^^^^^^^^^^^^^^^^^^^^^^^^^^^^^^^^^^^^^^^
  File "/home/airflow/.local/lib/python3.11/site-packages/airflow/models/baseoperator.py", line 959, in __init__
    raise AirflowException(
airflow.exceptions.AirflowException: Invalid arguments were passed to DockerOperator (task_id: dbt_run). Invalid arguments were:
**kwargs: {'volumes': ['../dbt:/usr/app', '../dbt/profiles:/root/.dbt']}
[2026-09-11T01:07:38.503+0000] {processor.py:927} WARNING - No viable dags retrieved from /opt/airflow/dags/countries_dag.py
[2026-09-11T01:07:38.574+0000] {processor.py:208} INFO - Processing /opt/airflow/dags/countries_dag.py took 2.036 seconds
[2026-09-11T01:08:09.143+0000] {processor.py:186} INFO - Started process (PID=2422) to work on /opt/airflow/dags/countries_dag.py
[2026-09-11T01:08:09.146+0000] {processor.py:914} INFO - Processing file /opt/airflow/dags/countries_dag.py for tasks to queue
[2026-09-11T01:08:09.155+0000] {logging_mixin.py:190} INFO - [2026-09-11T01:08:09.155+0000] {dagbag.py:588} INFO - Filling up the DagBag from /opt/airflow/dags/countries_dag.py
[2026-09-11T01:08:13.115+0000] {logging_mixin.py:190} INFO - [2026-09-11T01:08:13.100+0000] {dagbag.py:387} ERROR - Failed to import: /opt/airflow/dags/countries_dag.py
Traceback (most recent call last):
  File "/home/airflow/.local/lib/python3.11/site-packages/airflow/models/dagbag.py", line 383, in parse
    loader.exec_module(new_module)
  File "<frozen importlib._bootstrap_external>", line 940, in exec_module
  File "<frozen importlib._bootstrap>", line 241, in _call_with_frames_removed
  File "/opt/airflow/dags/countries_dag.py", line 73, in <module>
    dbt_run = DockerOperator(
              ^^^^^^^^^^^^^^^
  File "/home/airflow/.local/lib/python3.11/site-packages/airflow/models/baseoperator.py", line 508, in apply_defaults
    result = func(self, **kwargs, default_args=default_args)
             ^^^^^^^^^^^^^^^^^^^^^^^^^^^^^^^^^^^^^^^^^^^^^^^
  File "/home/airflow/.local/lib/python3.11/site-packages/airflow/providers/docker/operators/docker.py", line 256, in __init__
    super().__init__(**kwargs)
  File "/home/airflow/.local/lib/python3.11/site-packages/airflow/models/baseoperator.py", line 508, in apply_defaults
    result = func(self, **kwargs, default_args=default_args)
             ^^^^^^^^^^^^^^^^^^^^^^^^^^^^^^^^^^^^^^^^^^^^^^^
  File "/home/airflow/.local/lib/python3.11/site-packages/airflow/models/baseoperator.py", line 959, in __init__
    raise AirflowException(
airflow.exceptions.AirflowException: Invalid arguments were passed to DockerOperator (task_id: dbt_run). Invalid arguments were:
**kwargs: {'volumes': ['../dbt:/usr/app', '../dbt/profiles:/root/.dbt']}
[2026-09-11T01:08:13.117+0000] {processor.py:927} WARNING - No viable dags retrieved from /opt/airflow/dags/countries_dag.py
[2026-09-11T01:08:13.155+0000] {processor.py:208} INFO - Processing /opt/airflow/dags/countries_dag.py took 4.034 seconds
[2026-09-11T01:08:43.546+0000] {processor.py:186} INFO - Started process (PID=2429) to work on /opt/airflow/dags/countries_dag.py
[2026-09-11T01:08:43.548+0000] {processor.py:914} INFO - Processing file /opt/airflow/dags/countries_dag.py for tasks to queue
[2026-09-11T01:08:43.551+0000] {logging_mixin.py:190} INFO - [2026-09-11T01:08:43.550+0000] {dagbag.py:588} INFO - Filling up the DagBag from /opt/airflow/dags/countries_dag.py
[2026-09-11T01:08:45.320+0000] {logging_mixin.py:190} INFO - [2026-09-11T01:08:45.308+0000] {dagbag.py:387} ERROR - Failed to import: /opt/airflow/dags/countries_dag.py
Traceback (most recent call last):
  File "/home/airflow/.local/lib/python3.11/site-packages/airflow/models/dagbag.py", line 383, in parse
    loader.exec_module(new_module)
  File "<frozen importlib._bootstrap_external>", line 940, in exec_module
  File "<frozen importlib._bootstrap>", line 241, in _call_with_frames_removed
  File "/opt/airflow/dags/countries_dag.py", line 73, in <module>
    dbt_run = DockerOperator(
              ^^^^^^^^^^^^^^^
  File "/home/airflow/.local/lib/python3.11/site-packages/airflow/models/baseoperator.py", line 508, in apply_defaults
    result = func(self, **kwargs, default_args=default_args)
             ^^^^^^^^^^^^^^^^^^^^^^^^^^^^^^^^^^^^^^^^^^^^^^^
  File "/home/airflow/.local/lib/python3.11/site-packages/airflow/providers/docker/operators/docker.py", line 256, in __init__
    super().__init__(**kwargs)
  File "/home/airflow/.local/lib/python3.11/site-packages/airflow/models/baseoperator.py", line 508, in apply_defaults
    result = func(self, **kwargs, default_args=default_args)
             ^^^^^^^^^^^^^^^^^^^^^^^^^^^^^^^^^^^^^^^^^^^^^^^
  File "/home/airflow/.local/lib/python3.11/site-packages/airflow/models/baseoperator.py", line 959, in __init__
    raise AirflowException(
airflow.exceptions.AirflowException: Invalid arguments were passed to DockerOperator (task_id: dbt_run). Invalid arguments were:
**kwargs: {'volumes': ['../dbt:/usr/app', '../dbt/profiles:/root/.dbt']}
[2026-09-11T01:08:45.323+0000] {processor.py:927} WARNING - No viable dags retrieved from /opt/airflow/dags/countries_dag.py
[2026-09-11T01:08:45.387+0000] {processor.py:208} INFO - Processing /opt/airflow/dags/countries_dag.py took 1.853 seconds
[2026-09-11T01:09:15.886+0000] {processor.py:186} INFO - Started process (PID=2436) to work on /opt/airflow/dags/countries_dag.py
[2026-09-11T01:09:15.887+0000] {processor.py:914} INFO - Processing file /opt/airflow/dags/countries_dag.py for tasks to queue
[2026-09-11T01:09:15.889+0000] {logging_mixin.py:190} INFO - [2026-09-11T01:09:15.889+0000] {dagbag.py:588} INFO - Filling up the DagBag from /opt/airflow/dags/countries_dag.py
[2026-09-11T01:09:18.269+0000] {logging_mixin.py:190} INFO - [2026-09-11T01:09:18.254+0000] {dagbag.py:387} ERROR - Failed to import: /opt/airflow/dags/countries_dag.py
Traceback (most recent call last):
  File "/home/airflow/.local/lib/python3.11/site-packages/airflow/models/dagbag.py", line 383, in parse
    loader.exec_module(new_module)
  File "<frozen importlib._bootstrap_external>", line 940, in exec_module
  File "<frozen importlib._bootstrap>", line 241, in _call_with_frames_removed
  File "/opt/airflow/dags/countries_dag.py", line 73, in <module>
    dbt_run = DockerOperator(
              ^^^^^^^^^^^^^^^
  File "/home/airflow/.local/lib/python3.11/site-packages/airflow/models/baseoperator.py", line 508, in apply_defaults
    result = func(self, **kwargs, default_args=default_args)
             ^^^^^^^^^^^^^^^^^^^^^^^^^^^^^^^^^^^^^^^^^^^^^^^
  File "/home/airflow/.local/lib/python3.11/site-packages/airflow/providers/docker/operators/docker.py", line 256, in __init__
    super().__init__(**kwargs)
  File "/home/airflow/.local/lib/python3.11/site-packages/airflow/models/baseoperator.py", line 508, in apply_defaults
    result = func(self, **kwargs, default_args=default_args)
             ^^^^^^^^^^^^^^^^^^^^^^^^^^^^^^^^^^^^^^^^^^^^^^^
  File "/home/airflow/.local/lib/python3.11/site-packages/airflow/models/baseoperator.py", line 959, in __init__
    raise AirflowException(
airflow.exceptions.AirflowException: Invalid arguments were passed to DockerOperator (task_id: dbt_run). Invalid arguments were:
**kwargs: {'volumes': ['../dbt:/usr/app', '../dbt/profiles:/root/.dbt']}
[2026-09-11T01:09:18.272+0000] {processor.py:927} WARNING - No viable dags retrieved from /opt/airflow/dags/countries_dag.py
[2026-09-11T01:09:18.331+0000] {processor.py:208} INFO - Processing /opt/airflow/dags/countries_dag.py took 2.458 seconds
[2026-09-11T01:09:48.849+0000] {processor.py:186} INFO - Started process (PID=2443) to work on /opt/airflow/dags/countries_dag.py
[2026-09-11T01:09:48.852+0000] {processor.py:914} INFO - Processing file /opt/airflow/dags/countries_dag.py for tasks to queue
[2026-09-11T01:09:48.865+0000] {logging_mixin.py:190} INFO - [2026-09-11T01:09:48.863+0000] {dagbag.py:588} INFO - Filling up the DagBag from /opt/airflow/dags/countries_dag.py
[2026-09-11T01:09:50.879+0000] {logging_mixin.py:190} INFO - [2026-09-11T01:09:50.871+0000] {dagbag.py:387} ERROR - Failed to import: /opt/airflow/dags/countries_dag.py
Traceback (most recent call last):
  File "/home/airflow/.local/lib/python3.11/site-packages/airflow/models/dagbag.py", line 383, in parse
    loader.exec_module(new_module)
  File "<frozen importlib._bootstrap_external>", line 940, in exec_module
  File "<frozen importlib._bootstrap>", line 241, in _call_with_frames_removed
  File "/opt/airflow/dags/countries_dag.py", line 73, in <module>
    dbt_run = DockerOperator(
              ^^^^^^^^^^^^^^^
  File "/home/airflow/.local/lib/python3.11/site-packages/airflow/models/baseoperator.py", line 508, in apply_defaults
    result = func(self, **kwargs, default_args=default_args)
             ^^^^^^^^^^^^^^^^^^^^^^^^^^^^^^^^^^^^^^^^^^^^^^^
  File "/home/airflow/.local/lib/python3.11/site-packages/airflow/providers/docker/operators/docker.py", line 256, in __init__
    super().__init__(**kwargs)
  File "/home/airflow/.local/lib/python3.11/site-packages/airflow/models/baseoperator.py", line 508, in apply_defaults
    result = func(self, **kwargs, default_args=default_args)
             ^^^^^^^^^^^^^^^^^^^^^^^^^^^^^^^^^^^^^^^^^^^^^^^
  File "/home/airflow/.local/lib/python3.11/site-packages/airflow/models/baseoperator.py", line 959, in __init__
    raise AirflowException(
airflow.exceptions.AirflowException: Invalid arguments were passed to DockerOperator (task_id: dbt_run). Invalid arguments were:
**kwargs: {'volumes': ['../dbt:/usr/app', '../dbt/profiles:/root/.dbt']}
[2026-09-11T01:09:50.881+0000] {processor.py:927} WARNING - No viable dags retrieved from /opt/airflow/dags/countries_dag.py
[2026-09-11T01:09:50.913+0000] {processor.py:208} INFO - Processing /opt/airflow/dags/countries_dag.py took 2.090 seconds
[2026-09-11T01:10:21.140+0000] {processor.py:186} INFO - Started process (PID=2450) to work on /opt/airflow/dags/countries_dag.py
[2026-09-11T01:10:21.142+0000] {processor.py:914} INFO - Processing file /opt/airflow/dags/countries_dag.py for tasks to queue
[2026-09-11T01:10:21.145+0000] {logging_mixin.py:190} INFO - [2026-09-11T01:10:21.144+0000] {dagbag.py:588} INFO - Filling up the DagBag from /opt/airflow/dags/countries_dag.py
[2026-09-11T01:10:23.122+0000] {logging_mixin.py:190} INFO - [2026-09-11T01:10:23.113+0000] {dagbag.py:387} ERROR - Failed to import: /opt/airflow/dags/countries_dag.py
Traceback (most recent call last):
  File "/home/airflow/.local/lib/python3.11/site-packages/airflow/models/dagbag.py", line 383, in parse
    loader.exec_module(new_module)
  File "<frozen importlib._bootstrap_external>", line 940, in exec_module
  File "<frozen importlib._bootstrap>", line 241, in _call_with_frames_removed
  File "/opt/airflow/dags/countries_dag.py", line 73, in <module>
    dbt_run = DockerOperator(
              ^^^^^^^^^^^^^^^
  File "/home/airflow/.local/lib/python3.11/site-packages/airflow/models/baseoperator.py", line 508, in apply_defaults
    result = func(self, **kwargs, default_args=default_args)
             ^^^^^^^^^^^^^^^^^^^^^^^^^^^^^^^^^^^^^^^^^^^^^^^
  File "/home/airflow/.local/lib/python3.11/site-packages/airflow/providers/docker/operators/docker.py", line 256, in __init__
    super().__init__(**kwargs)
  File "/home/airflow/.local/lib/python3.11/site-packages/airflow/models/baseoperator.py", line 508, in apply_defaults
    result = func(self, **kwargs, default_args=default_args)
             ^^^^^^^^^^^^^^^^^^^^^^^^^^^^^^^^^^^^^^^^^^^^^^^
  File "/home/airflow/.local/lib/python3.11/site-packages/airflow/models/baseoperator.py", line 959, in __init__
    raise AirflowException(
airflow.exceptions.AirflowException: Invalid arguments were passed to DockerOperator (task_id: dbt_run). Invalid arguments were:
**kwargs: {'volumes': ['../dbt:/usr/app', '../dbt/profiles:/root/.dbt']}
[2026-09-11T01:10:23.123+0000] {processor.py:927} WARNING - No viable dags retrieved from /opt/airflow/dags/countries_dag.py
[2026-09-11T01:10:23.147+0000] {processor.py:208} INFO - Processing /opt/airflow/dags/countries_dag.py took 2.023 seconds
[2026-09-11T01:10:53.490+0000] {processor.py:186} INFO - Started process (PID=2457) to work on /opt/airflow/dags/countries_dag.py
[2026-09-11T01:10:53.493+0000] {processor.py:914} INFO - Processing file /opt/airflow/dags/countries_dag.py for tasks to queue
[2026-09-11T01:10:53.502+0000] {logging_mixin.py:190} INFO - [2026-09-11T01:10:53.501+0000] {dagbag.py:588} INFO - Filling up the DagBag from /opt/airflow/dags/countries_dag.py
[2026-09-11T01:10:55.291+0000] {logging_mixin.py:190} INFO - [2026-09-11T01:10:55.282+0000] {dagbag.py:387} ERROR - Failed to import: /opt/airflow/dags/countries_dag.py
Traceback (most recent call last):
  File "/home/airflow/.local/lib/python3.11/site-packages/airflow/models/dagbag.py", line 383, in parse
    loader.exec_module(new_module)
  File "<frozen importlib._bootstrap_external>", line 940, in exec_module
  File "<frozen importlib._bootstrap>", line 241, in _call_with_frames_removed
  File "/opt/airflow/dags/countries_dag.py", line 73, in <module>
    dbt_run = DockerOperator(
              ^^^^^^^^^^^^^^^
  File "/home/airflow/.local/lib/python3.11/site-packages/airflow/models/baseoperator.py", line 508, in apply_defaults
    result = func(self, **kwargs, default_args=default_args)
             ^^^^^^^^^^^^^^^^^^^^^^^^^^^^^^^^^^^^^^^^^^^^^^^
  File "/home/airflow/.local/lib/python3.11/site-packages/airflow/providers/docker/operators/docker.py", line 256, in __init__
    super().__init__(**kwargs)
  File "/home/airflow/.local/lib/python3.11/site-packages/airflow/models/baseoperator.py", line 508, in apply_defaults
    result = func(self, **kwargs, default_args=default_args)
             ^^^^^^^^^^^^^^^^^^^^^^^^^^^^^^^^^^^^^^^^^^^^^^^
  File "/home/airflow/.local/lib/python3.11/site-packages/airflow/models/baseoperator.py", line 959, in __init__
    raise AirflowException(
airflow.exceptions.AirflowException: Invalid arguments were passed to DockerOperator (task_id: dbt_run). Invalid arguments were:
**kwargs: {'volumes': ['../dbt:/usr/app', '../dbt/profiles:/root/.dbt']}
[2026-09-11T01:10:55.293+0000] {processor.py:927} WARNING - No viable dags retrieved from /opt/airflow/dags/countries_dag.py
[2026-09-11T01:10:55.327+0000] {processor.py:208} INFO - Processing /opt/airflow/dags/countries_dag.py took 1.858 seconds
[2026-09-11T01:11:25.825+0000] {processor.py:186} INFO - Started process (PID=2464) to work on /opt/airflow/dags/countries_dag.py
[2026-09-11T01:11:25.826+0000] {processor.py:914} INFO - Processing file /opt/airflow/dags/countries_dag.py for tasks to queue
[2026-09-11T01:11:25.828+0000] {logging_mixin.py:190} INFO - [2026-09-11T01:11:25.827+0000] {dagbag.py:588} INFO - Filling up the DagBag from /opt/airflow/dags/countries_dag.py
[2026-09-11T01:11:27.466+0000] {logging_mixin.py:190} INFO - [2026-09-11T01:11:27.456+0000] {dagbag.py:387} ERROR - Failed to import: /opt/airflow/dags/countries_dag.py
Traceback (most recent call last):
  File "/home/airflow/.local/lib/python3.11/site-packages/airflow/models/dagbag.py", line 383, in parse
    loader.exec_module(new_module)
  File "<frozen importlib._bootstrap_external>", line 940, in exec_module
  File "<frozen importlib._bootstrap>", line 241, in _call_with_frames_removed
  File "/opt/airflow/dags/countries_dag.py", line 73, in <module>
    dbt_run = DockerOperator(
              ^^^^^^^^^^^^^^^
  File "/home/airflow/.local/lib/python3.11/site-packages/airflow/models/baseoperator.py", line 508, in apply_defaults
    result = func(self, **kwargs, default_args=default_args)
             ^^^^^^^^^^^^^^^^^^^^^^^^^^^^^^^^^^^^^^^^^^^^^^^
  File "/home/airflow/.local/lib/python3.11/site-packages/airflow/providers/docker/operators/docker.py", line 256, in __init__
    super().__init__(**kwargs)
  File "/home/airflow/.local/lib/python3.11/site-packages/airflow/models/baseoperator.py", line 508, in apply_defaults
    result = func(self, **kwargs, default_args=default_args)
             ^^^^^^^^^^^^^^^^^^^^^^^^^^^^^^^^^^^^^^^^^^^^^^^
  File "/home/airflow/.local/lib/python3.11/site-packages/airflow/models/baseoperator.py", line 959, in __init__
    raise AirflowException(
airflow.exceptions.AirflowException: Invalid arguments were passed to DockerOperator (task_id: dbt_run). Invalid arguments were:
**kwargs: {'volumes': ['../dbt:/usr/app', '../dbt/profiles:/root/.dbt']}
[2026-09-11T01:11:27.468+0000] {processor.py:927} WARNING - No viable dags retrieved from /opt/airflow/dags/countries_dag.py
[2026-09-11T01:11:27.503+0000] {processor.py:208} INFO - Processing /opt/airflow/dags/countries_dag.py took 1.687 seconds
[2026-09-11T01:11:57.896+0000] {processor.py:186} INFO - Started process (PID=2471) to work on /opt/airflow/dags/countries_dag.py
[2026-09-11T01:11:57.898+0000] {processor.py:914} INFO - Processing file /opt/airflow/dags/countries_dag.py for tasks to queue
[2026-09-11T01:11:57.900+0000] {logging_mixin.py:190} INFO - [2026-09-11T01:11:57.899+0000] {dagbag.py:588} INFO - Filling up the DagBag from /opt/airflow/dags/countries_dag.py
[2026-09-11T01:11:59.997+0000] {logging_mixin.py:190} INFO - [2026-09-11T01:11:59.986+0000] {dagbag.py:387} ERROR - Failed to import: /opt/airflow/dags/countries_dag.py
Traceback (most recent call last):
  File "/home/airflow/.local/lib/python3.11/site-packages/airflow/models/dagbag.py", line 383, in parse
    loader.exec_module(new_module)
  File "<frozen importlib._bootstrap_external>", line 940, in exec_module
  File "<frozen importlib._bootstrap>", line 241, in _call_with_frames_removed
  File "/opt/airflow/dags/countries_dag.py", line 73, in <module>
    dbt_run = DockerOperator(
              ^^^^^^^^^^^^^^^
  File "/home/airflow/.local/lib/python3.11/site-packages/airflow/models/baseoperator.py", line 508, in apply_defaults
    result = func(self, **kwargs, default_args=default_args)
             ^^^^^^^^^^^^^^^^^^^^^^^^^^^^^^^^^^^^^^^^^^^^^^^
  File "/home/airflow/.local/lib/python3.11/site-packages/airflow/providers/docker/operators/docker.py", line 256, in __init__
    super().__init__(**kwargs)
  File "/home/airflow/.local/lib/python3.11/site-packages/airflow/models/baseoperator.py", line 508, in apply_defaults
    result = func(self, **kwargs, default_args=default_args)
             ^^^^^^^^^^^^^^^^^^^^^^^^^^^^^^^^^^^^^^^^^^^^^^^
  File "/home/airflow/.local/lib/python3.11/site-packages/airflow/models/baseoperator.py", line 959, in __init__
    raise AirflowException(
airflow.exceptions.AirflowException: Invalid arguments were passed to DockerOperator (task_id: dbt_run). Invalid arguments were:
**kwargs: {'volumes': ['../dbt:/usr/app', '../dbt/profiles:/root/.dbt']}
[2026-09-11T01:12:00.001+0000] {processor.py:927} WARNING - No viable dags retrieved from /opt/airflow/dags/countries_dag.py
[2026-09-11T01:12:00.042+0000] {processor.py:208} INFO - Processing /opt/airflow/dags/countries_dag.py took 2.157 seconds
[2026-09-11T01:12:30.322+0000] {processor.py:186} INFO - Started process (PID=2478) to work on /opt/airflow/dags/countries_dag.py
[2026-09-11T01:12:30.324+0000] {processor.py:914} INFO - Processing file /opt/airflow/dags/countries_dag.py for tasks to queue
[2026-09-11T01:12:30.327+0000] {logging_mixin.py:190} INFO - [2026-09-11T01:12:30.326+0000] {dagbag.py:588} INFO - Filling up the DagBag from /opt/airflow/dags/countries_dag.py
[2026-09-11T01:12:32.474+0000] {logging_mixin.py:190} INFO - [2026-09-11T01:12:32.457+0000] {dagbag.py:387} ERROR - Failed to import: /opt/airflow/dags/countries_dag.py
Traceback (most recent call last):
  File "/home/airflow/.local/lib/python3.11/site-packages/airflow/models/dagbag.py", line 383, in parse
    loader.exec_module(new_module)
  File "<frozen importlib._bootstrap_external>", line 940, in exec_module
  File "<frozen importlib._bootstrap>", line 241, in _call_with_frames_removed
  File "/opt/airflow/dags/countries_dag.py", line 73, in <module>
    dbt_run = DockerOperator(
              ^^^^^^^^^^^^^^^
  File "/home/airflow/.local/lib/python3.11/site-packages/airflow/models/baseoperator.py", line 508, in apply_defaults
    result = func(self, **kwargs, default_args=default_args)
             ^^^^^^^^^^^^^^^^^^^^^^^^^^^^^^^^^^^^^^^^^^^^^^^
  File "/home/airflow/.local/lib/python3.11/site-packages/airflow/providers/docker/operators/docker.py", line 256, in __init__
    super().__init__(**kwargs)
  File "/home/airflow/.local/lib/python3.11/site-packages/airflow/models/baseoperator.py", line 508, in apply_defaults
    result = func(self, **kwargs, default_args=default_args)
             ^^^^^^^^^^^^^^^^^^^^^^^^^^^^^^^^^^^^^^^^^^^^^^^
  File "/home/airflow/.local/lib/python3.11/site-packages/airflow/models/baseoperator.py", line 959, in __init__
    raise AirflowException(
airflow.exceptions.AirflowException: Invalid arguments were passed to DockerOperator (task_id: dbt_run). Invalid arguments were:
**kwargs: {'volumes': ['../dbt:/usr/app', '../dbt/profiles:/root/.dbt']}
[2026-09-11T01:12:32.477+0000] {processor.py:927} WARNING - No viable dags retrieved from /opt/airflow/dags/countries_dag.py
[2026-09-11T01:12:32.537+0000] {processor.py:208} INFO - Processing /opt/airflow/dags/countries_dag.py took 2.231 seconds
[2026-09-11T01:13:02.754+0000] {processor.py:186} INFO - Started process (PID=2485) to work on /opt/airflow/dags/countries_dag.py
[2026-09-11T01:13:02.756+0000] {processor.py:914} INFO - Processing file /opt/airflow/dags/countries_dag.py for tasks to queue
[2026-09-11T01:13:02.768+0000] {logging_mixin.py:190} INFO - [2026-09-11T01:13:02.767+0000] {dagbag.py:588} INFO - Filling up the DagBag from /opt/airflow/dags/countries_dag.py
[2026-09-11T01:13:04.527+0000] {logging_mixin.py:190} INFO - [2026-09-11T01:13:04.516+0000] {dagbag.py:387} ERROR - Failed to import: /opt/airflow/dags/countries_dag.py
Traceback (most recent call last):
  File "/home/airflow/.local/lib/python3.11/site-packages/airflow/models/dagbag.py", line 383, in parse
    loader.exec_module(new_module)
  File "<frozen importlib._bootstrap_external>", line 940, in exec_module
  File "<frozen importlib._bootstrap>", line 241, in _call_with_frames_removed
  File "/opt/airflow/dags/countries_dag.py", line 73, in <module>
    dbt_run = DockerOperator(
              ^^^^^^^^^^^^^^^
  File "/home/airflow/.local/lib/python3.11/site-packages/airflow/models/baseoperator.py", line 508, in apply_defaults
    result = func(self, **kwargs, default_args=default_args)
             ^^^^^^^^^^^^^^^^^^^^^^^^^^^^^^^^^^^^^^^^^^^^^^^
  File "/home/airflow/.local/lib/python3.11/site-packages/airflow/providers/docker/operators/docker.py", line 256, in __init__
    super().__init__(**kwargs)
  File "/home/airflow/.local/lib/python3.11/site-packages/airflow/models/baseoperator.py", line 508, in apply_defaults
    result = func(self, **kwargs, default_args=default_args)
             ^^^^^^^^^^^^^^^^^^^^^^^^^^^^^^^^^^^^^^^^^^^^^^^
  File "/home/airflow/.local/lib/python3.11/site-packages/airflow/models/baseoperator.py", line 959, in __init__
    raise AirflowException(
airflow.exceptions.AirflowException: Invalid arguments were passed to DockerOperator (task_id: dbt_run). Invalid arguments were:
**kwargs: {'volumes': ['../dbt:/usr/app', '../dbt/profiles:/root/.dbt']}
[2026-09-11T01:13:04.529+0000] {processor.py:927} WARNING - No viable dags retrieved from /opt/airflow/dags/countries_dag.py
[2026-09-11T01:13:04.557+0000] {processor.py:208} INFO - Processing /opt/airflow/dags/countries_dag.py took 1.826 seconds
[2026-09-11T01:13:34.957+0000] {processor.py:186} INFO - Started process (PID=2492) to work on /opt/airflow/dags/countries_dag.py
[2026-09-11T01:13:34.958+0000] {processor.py:914} INFO - Processing file /opt/airflow/dags/countries_dag.py for tasks to queue
[2026-09-11T01:13:34.961+0000] {logging_mixin.py:190} INFO - [2026-09-11T01:13:34.961+0000] {dagbag.py:588} INFO - Filling up the DagBag from /opt/airflow/dags/countries_dag.py
[2026-09-11T01:13:36.630+0000] {logging_mixin.py:190} INFO - [2026-09-11T01:13:36.621+0000] {dagbag.py:387} ERROR - Failed to import: /opt/airflow/dags/countries_dag.py
Traceback (most recent call last):
  File "/home/airflow/.local/lib/python3.11/site-packages/airflow/models/dagbag.py", line 383, in parse
    loader.exec_module(new_module)
  File "<frozen importlib._bootstrap_external>", line 940, in exec_module
  File "<frozen importlib._bootstrap>", line 241, in _call_with_frames_removed
  File "/opt/airflow/dags/countries_dag.py", line 73, in <module>
    dbt_run = DockerOperator(
              ^^^^^^^^^^^^^^^
  File "/home/airflow/.local/lib/python3.11/site-packages/airflow/models/baseoperator.py", line 508, in apply_defaults
    result = func(self, **kwargs, default_args=default_args)
             ^^^^^^^^^^^^^^^^^^^^^^^^^^^^^^^^^^^^^^^^^^^^^^^
  File "/home/airflow/.local/lib/python3.11/site-packages/airflow/providers/docker/operators/docker.py", line 256, in __init__
    super().__init__(**kwargs)
  File "/home/airflow/.local/lib/python3.11/site-packages/airflow/models/baseoperator.py", line 508, in apply_defaults
    result = func(self, **kwargs, default_args=default_args)
             ^^^^^^^^^^^^^^^^^^^^^^^^^^^^^^^^^^^^^^^^^^^^^^^
  File "/home/airflow/.local/lib/python3.11/site-packages/airflow/models/baseoperator.py", line 959, in __init__
    raise AirflowException(
airflow.exceptions.AirflowException: Invalid arguments were passed to DockerOperator (task_id: dbt_run). Invalid arguments were:
**kwargs: {'volumes': ['../dbt:/usr/app', '../dbt/profiles:/root/.dbt']}
[2026-09-11T01:13:36.633+0000] {processor.py:927} WARNING - No viable dags retrieved from /opt/airflow/dags/countries_dag.py
[2026-09-11T01:13:36.673+0000] {processor.py:208} INFO - Processing /opt/airflow/dags/countries_dag.py took 1.727 seconds
[2026-09-11T01:14:07.071+0000] {processor.py:186} INFO - Started process (PID=2499) to work on /opt/airflow/dags/countries_dag.py
[2026-09-11T01:14:07.073+0000] {processor.py:914} INFO - Processing file /opt/airflow/dags/countries_dag.py for tasks to queue
[2026-09-11T01:14:07.076+0000] {logging_mixin.py:190} INFO - [2026-09-11T01:14:07.076+0000] {dagbag.py:588} INFO - Filling up the DagBag from /opt/airflow/dags/countries_dag.py
[2026-09-11T01:14:10.080+0000] {logging_mixin.py:190} INFO - [2026-09-11T01:14:10.071+0000] {dagbag.py:387} ERROR - Failed to import: /opt/airflow/dags/countries_dag.py
Traceback (most recent call last):
  File "/home/airflow/.local/lib/python3.11/site-packages/airflow/models/dagbag.py", line 383, in parse
    loader.exec_module(new_module)
  File "<frozen importlib._bootstrap_external>", line 940, in exec_module
  File "<frozen importlib._bootstrap>", line 241, in _call_with_frames_removed
  File "/opt/airflow/dags/countries_dag.py", line 73, in <module>
    dbt_run = DockerOperator(
              ^^^^^^^^^^^^^^^
  File "/home/airflow/.local/lib/python3.11/site-packages/airflow/models/baseoperator.py", line 508, in apply_defaults
    result = func(self, **kwargs, default_args=default_args)
             ^^^^^^^^^^^^^^^^^^^^^^^^^^^^^^^^^^^^^^^^^^^^^^^
  File "/home/airflow/.local/lib/python3.11/site-packages/airflow/providers/docker/operators/docker.py", line 256, in __init__
    super().__init__(**kwargs)
  File "/home/airflow/.local/lib/python3.11/site-packages/airflow/models/baseoperator.py", line 508, in apply_defaults
    result = func(self, **kwargs, default_args=default_args)
             ^^^^^^^^^^^^^^^^^^^^^^^^^^^^^^^^^^^^^^^^^^^^^^^
  File "/home/airflow/.local/lib/python3.11/site-packages/airflow/models/baseoperator.py", line 959, in __init__
    raise AirflowException(
airflow.exceptions.AirflowException: Invalid arguments were passed to DockerOperator (task_id: dbt_run). Invalid arguments were:
**kwargs: {'volumes': ['../dbt:/usr/app', '../dbt/profiles:/root/.dbt']}
[2026-09-11T01:14:10.081+0000] {processor.py:927} WARNING - No viable dags retrieved from /opt/airflow/dags/countries_dag.py
[2026-09-11T01:14:10.123+0000] {processor.py:208} INFO - Processing /opt/airflow/dags/countries_dag.py took 3.067 seconds
[2026-09-11T01:14:40.435+0000] {processor.py:186} INFO - Started process (PID=2506) to work on /opt/airflow/dags/countries_dag.py
[2026-09-11T01:14:40.436+0000] {processor.py:914} INFO - Processing file /opt/airflow/dags/countries_dag.py for tasks to queue
[2026-09-11T01:14:40.438+0000] {logging_mixin.py:190} INFO - [2026-09-11T01:14:40.437+0000] {dagbag.py:588} INFO - Filling up the DagBag from /opt/airflow/dags/countries_dag.py
[2026-09-11T01:14:42.274+0000] {logging_mixin.py:190} INFO - [2026-09-11T01:14:42.267+0000] {dagbag.py:387} ERROR - Failed to import: /opt/airflow/dags/countries_dag.py
Traceback (most recent call last):
  File "/home/airflow/.local/lib/python3.11/site-packages/airflow/models/dagbag.py", line 383, in parse
    loader.exec_module(new_module)
  File "<frozen importlib._bootstrap_external>", line 940, in exec_module
  File "<frozen importlib._bootstrap>", line 241, in _call_with_frames_removed
  File "/opt/airflow/dags/countries_dag.py", line 73, in <module>
    dbt_run = DockerOperator(
              ^^^^^^^^^^^^^^^
  File "/home/airflow/.local/lib/python3.11/site-packages/airflow/models/baseoperator.py", line 508, in apply_defaults
    result = func(self, **kwargs, default_args=default_args)
             ^^^^^^^^^^^^^^^^^^^^^^^^^^^^^^^^^^^^^^^^^^^^^^^
  File "/home/airflow/.local/lib/python3.11/site-packages/airflow/providers/docker/operators/docker.py", line 256, in __init__
    super().__init__(**kwargs)
  File "/home/airflow/.local/lib/python3.11/site-packages/airflow/models/baseoperator.py", line 508, in apply_defaults
    result = func(self, **kwargs, default_args=default_args)
             ^^^^^^^^^^^^^^^^^^^^^^^^^^^^^^^^^^^^^^^^^^^^^^^
  File "/home/airflow/.local/lib/python3.11/site-packages/airflow/models/baseoperator.py", line 959, in __init__
    raise AirflowException(
airflow.exceptions.AirflowException: Invalid arguments were passed to DockerOperator (task_id: dbt_run). Invalid arguments were:
**kwargs: {'volumes': ['../dbt:/usr/app', '../dbt/profiles:/root/.dbt']}
[2026-09-11T01:14:42.277+0000] {processor.py:927} WARNING - No viable dags retrieved from /opt/airflow/dags/countries_dag.py
[2026-09-11T01:14:42.311+0000] {processor.py:208} INFO - Processing /opt/airflow/dags/countries_dag.py took 1.883 seconds
[2026-09-11T01:15:12.744+0000] {processor.py:186} INFO - Started process (PID=2513) to work on /opt/airflow/dags/countries_dag.py
[2026-09-11T01:15:12.746+0000] {processor.py:914} INFO - Processing file /opt/airflow/dags/countries_dag.py for tasks to queue
[2026-09-11T01:15:12.751+0000] {logging_mixin.py:190} INFO - [2026-09-11T01:15:12.750+0000] {dagbag.py:588} INFO - Filling up the DagBag from /opt/airflow/dags/countries_dag.py
[2026-09-11T01:15:14.554+0000] {logging_mixin.py:190} INFO - [2026-09-11T01:15:14.541+0000] {dagbag.py:387} ERROR - Failed to import: /opt/airflow/dags/countries_dag.py
Traceback (most recent call last):
  File "/home/airflow/.local/lib/python3.11/site-packages/airflow/models/dagbag.py", line 383, in parse
    loader.exec_module(new_module)
  File "<frozen importlib._bootstrap_external>", line 940, in exec_module
  File "<frozen importlib._bootstrap>", line 241, in _call_with_frames_removed
  File "/opt/airflow/dags/countries_dag.py", line 73, in <module>
    dbt_run = DockerOperator(
              ^^^^^^^^^^^^^^^
  File "/home/airflow/.local/lib/python3.11/site-packages/airflow/models/baseoperator.py", line 508, in apply_defaults
    result = func(self, **kwargs, default_args=default_args)
             ^^^^^^^^^^^^^^^^^^^^^^^^^^^^^^^^^^^^^^^^^^^^^^^
  File "/home/airflow/.local/lib/python3.11/site-packages/airflow/providers/docker/operators/docker.py", line 256, in __init__
    super().__init__(**kwargs)
  File "/home/airflow/.local/lib/python3.11/site-packages/airflow/models/baseoperator.py", line 508, in apply_defaults
    result = func(self, **kwargs, default_args=default_args)
             ^^^^^^^^^^^^^^^^^^^^^^^^^^^^^^^^^^^^^^^^^^^^^^^
  File "/home/airflow/.local/lib/python3.11/site-packages/airflow/models/baseoperator.py", line 959, in __init__
    raise AirflowException(
airflow.exceptions.AirflowException: Invalid arguments were passed to DockerOperator (task_id: dbt_run). Invalid arguments were:
**kwargs: {'volumes': ['../dbt:/usr/app', '../dbt/profiles:/root/.dbt']}
[2026-09-11T01:15:14.556+0000] {processor.py:927} WARNING - No viable dags retrieved from /opt/airflow/dags/countries_dag.py
[2026-09-11T01:15:14.605+0000] {processor.py:208} INFO - Processing /opt/airflow/dags/countries_dag.py took 1.871 seconds
[2026-09-11T01:15:45.039+0000] {processor.py:186} INFO - Started process (PID=2520) to work on /opt/airflow/dags/countries_dag.py
[2026-09-11T01:15:45.041+0000] {processor.py:914} INFO - Processing file /opt/airflow/dags/countries_dag.py for tasks to queue
[2026-09-11T01:15:45.043+0000] {logging_mixin.py:190} INFO - [2026-09-11T01:15:45.042+0000] {dagbag.py:588} INFO - Filling up the DagBag from /opt/airflow/dags/countries_dag.py
[2026-09-11T01:15:46.706+0000] {logging_mixin.py:190} INFO - [2026-09-11T01:15:46.696+0000] {dagbag.py:387} ERROR - Failed to import: /opt/airflow/dags/countries_dag.py
Traceback (most recent call last):
  File "/home/airflow/.local/lib/python3.11/site-packages/airflow/models/dagbag.py", line 383, in parse
    loader.exec_module(new_module)
  File "<frozen importlib._bootstrap_external>", line 940, in exec_module
  File "<frozen importlib._bootstrap>", line 241, in _call_with_frames_removed
  File "/opt/airflow/dags/countries_dag.py", line 73, in <module>
    dbt_run = DockerOperator(
              ^^^^^^^^^^^^^^^
  File "/home/airflow/.local/lib/python3.11/site-packages/airflow/models/baseoperator.py", line 508, in apply_defaults
    result = func(self, **kwargs, default_args=default_args)
             ^^^^^^^^^^^^^^^^^^^^^^^^^^^^^^^^^^^^^^^^^^^^^^^
  File "/home/airflow/.local/lib/python3.11/site-packages/airflow/providers/docker/operators/docker.py", line 256, in __init__
    super().__init__(**kwargs)
  File "/home/airflow/.local/lib/python3.11/site-packages/airflow/models/baseoperator.py", line 508, in apply_defaults
    result = func(self, **kwargs, default_args=default_args)
             ^^^^^^^^^^^^^^^^^^^^^^^^^^^^^^^^^^^^^^^^^^^^^^^
  File "/home/airflow/.local/lib/python3.11/site-packages/airflow/models/baseoperator.py", line 959, in __init__
    raise AirflowException(
airflow.exceptions.AirflowException: Invalid arguments were passed to DockerOperator (task_id: dbt_run). Invalid arguments were:
**kwargs: {'volumes': ['../dbt:/usr/app', '../dbt/profiles:/root/.dbt']}
[2026-09-11T01:15:46.708+0000] {processor.py:927} WARNING - No viable dags retrieved from /opt/airflow/dags/countries_dag.py
[2026-09-11T01:15:46.743+0000] {processor.py:208} INFO - Processing /opt/airflow/dags/countries_dag.py took 1.713 seconds
[2026-09-11T01:16:17.328+0000] {processor.py:186} INFO - Started process (PID=2527) to work on /opt/airflow/dags/countries_dag.py
[2026-09-11T01:16:17.339+0000] {processor.py:914} INFO - Processing file /opt/airflow/dags/countries_dag.py for tasks to queue
[2026-09-11T01:16:17.343+0000] {logging_mixin.py:190} INFO - [2026-09-11T01:16:17.342+0000] {dagbag.py:588} INFO - Filling up the DagBag from /opt/airflow/dags/countries_dag.py
[2026-09-11T01:16:20.671+0000] {logging_mixin.py:190} INFO - [2026-09-11T01:16:20.658+0000] {dagbag.py:387} ERROR - Failed to import: /opt/airflow/dags/countries_dag.py
Traceback (most recent call last):
  File "/home/airflow/.local/lib/python3.11/site-packages/airflow/models/dagbag.py", line 383, in parse
    loader.exec_module(new_module)
  File "<frozen importlib._bootstrap_external>", line 940, in exec_module
  File "<frozen importlib._bootstrap>", line 241, in _call_with_frames_removed
  File "/opt/airflow/dags/countries_dag.py", line 73, in <module>
    dbt_run = DockerOperator(
              ^^^^^^^^^^^^^^^
  File "/home/airflow/.local/lib/python3.11/site-packages/airflow/models/baseoperator.py", line 508, in apply_defaults
    result = func(self, **kwargs, default_args=default_args)
             ^^^^^^^^^^^^^^^^^^^^^^^^^^^^^^^^^^^^^^^^^^^^^^^
  File "/home/airflow/.local/lib/python3.11/site-packages/airflow/providers/docker/operators/docker.py", line 256, in __init__
    super().__init__(**kwargs)
  File "/home/airflow/.local/lib/python3.11/site-packages/airflow/models/baseoperator.py", line 508, in apply_defaults
    result = func(self, **kwargs, default_args=default_args)
             ^^^^^^^^^^^^^^^^^^^^^^^^^^^^^^^^^^^^^^^^^^^^^^^
  File "/home/airflow/.local/lib/python3.11/site-packages/airflow/models/baseoperator.py", line 959, in __init__
    raise AirflowException(
airflow.exceptions.AirflowException: Invalid arguments were passed to DockerOperator (task_id: dbt_run). Invalid arguments were:
**kwargs: {'volumes': ['../dbt:/usr/app', '../dbt/profiles:/root/.dbt']}
[2026-09-11T01:16:20.673+0000] {processor.py:927} WARNING - No viable dags retrieved from /opt/airflow/dags/countries_dag.py
[2026-09-11T01:16:20.714+0000] {processor.py:208} INFO - Processing /opt/airflow/dags/countries_dag.py took 3.411 seconds
[2026-09-11T01:16:50.875+0000] {processor.py:186} INFO - Started process (PID=2534) to work on /opt/airflow/dags/countries_dag.py
[2026-09-11T01:16:50.877+0000] {processor.py:914} INFO - Processing file /opt/airflow/dags/countries_dag.py for tasks to queue
[2026-09-11T01:16:50.879+0000] {logging_mixin.py:190} INFO - [2026-09-11T01:16:50.879+0000] {dagbag.py:588} INFO - Filling up the DagBag from /opt/airflow/dags/countries_dag.py
[2026-09-11T01:16:53.236+0000] {logging_mixin.py:190} INFO - [2026-09-11T01:16:53.224+0000] {dagbag.py:387} ERROR - Failed to import: /opt/airflow/dags/countries_dag.py
Traceback (most recent call last):
  File "/home/airflow/.local/lib/python3.11/site-packages/airflow/models/dagbag.py", line 383, in parse
    loader.exec_module(new_module)
  File "<frozen importlib._bootstrap_external>", line 940, in exec_module
  File "<frozen importlib._bootstrap>", line 241, in _call_with_frames_removed
  File "/opt/airflow/dags/countries_dag.py", line 73, in <module>
    dbt_run = DockerOperator(
              ^^^^^^^^^^^^^^^
  File "/home/airflow/.local/lib/python3.11/site-packages/airflow/models/baseoperator.py", line 508, in apply_defaults
    result = func(self, **kwargs, default_args=default_args)
             ^^^^^^^^^^^^^^^^^^^^^^^^^^^^^^^^^^^^^^^^^^^^^^^
  File "/home/airflow/.local/lib/python3.11/site-packages/airflow/providers/docker/operators/docker.py", line 256, in __init__
    super().__init__(**kwargs)
  File "/home/airflow/.local/lib/python3.11/site-packages/airflow/models/baseoperator.py", line 508, in apply_defaults
    result = func(self, **kwargs, default_args=default_args)
             ^^^^^^^^^^^^^^^^^^^^^^^^^^^^^^^^^^^^^^^^^^^^^^^
  File "/home/airflow/.local/lib/python3.11/site-packages/airflow/models/baseoperator.py", line 959, in __init__
    raise AirflowException(
airflow.exceptions.AirflowException: Invalid arguments were passed to DockerOperator (task_id: dbt_run). Invalid arguments were:
**kwargs: {'volumes': ['../dbt:/usr/app', '../dbt/profiles:/root/.dbt']}
[2026-09-11T01:16:53.238+0000] {processor.py:927} WARNING - No viable dags retrieved from /opt/airflow/dags/countries_dag.py
[2026-09-11T01:16:53.296+0000] {processor.py:208} INFO - Processing /opt/airflow/dags/countries_dag.py took 2.441 seconds
[2026-09-11T01:17:23.442+0000] {processor.py:186} INFO - Started process (PID=2541) to work on /opt/airflow/dags/countries_dag.py
[2026-09-11T01:17:23.445+0000] {processor.py:914} INFO - Processing file /opt/airflow/dags/countries_dag.py for tasks to queue
[2026-09-11T01:17:23.448+0000] {logging_mixin.py:190} INFO - [2026-09-11T01:17:23.447+0000] {dagbag.py:588} INFO - Filling up the DagBag from /opt/airflow/dags/countries_dag.py
[2026-09-11T01:17:25.312+0000] {logging_mixin.py:190} INFO - [2026-09-11T01:17:25.298+0000] {dagbag.py:387} ERROR - Failed to import: /opt/airflow/dags/countries_dag.py
Traceback (most recent call last):
  File "/home/airflow/.local/lib/python3.11/site-packages/airflow/models/dagbag.py", line 383, in parse
    loader.exec_module(new_module)
  File "<frozen importlib._bootstrap_external>", line 940, in exec_module
  File "<frozen importlib._bootstrap>", line 241, in _call_with_frames_removed
  File "/opt/airflow/dags/countries_dag.py", line 73, in <module>
    dbt_run = DockerOperator(
              ^^^^^^^^^^^^^^^
  File "/home/airflow/.local/lib/python3.11/site-packages/airflow/models/baseoperator.py", line 508, in apply_defaults
    result = func(self, **kwargs, default_args=default_args)
             ^^^^^^^^^^^^^^^^^^^^^^^^^^^^^^^^^^^^^^^^^^^^^^^
  File "/home/airflow/.local/lib/python3.11/site-packages/airflow/providers/docker/operators/docker.py", line 256, in __init__
    super().__init__(**kwargs)
  File "/home/airflow/.local/lib/python3.11/site-packages/airflow/models/baseoperator.py", line 508, in apply_defaults
    result = func(self, **kwargs, default_args=default_args)
             ^^^^^^^^^^^^^^^^^^^^^^^^^^^^^^^^^^^^^^^^^^^^^^^
  File "/home/airflow/.local/lib/python3.11/site-packages/airflow/models/baseoperator.py", line 959, in __init__
    raise AirflowException(
airflow.exceptions.AirflowException: Invalid arguments were passed to DockerOperator (task_id: dbt_run). Invalid arguments were:
**kwargs: {'volumes': ['../dbt:/usr/app', '../dbt/profiles:/root/.dbt']}
[2026-09-11T01:17:25.315+0000] {processor.py:927} WARNING - No viable dags retrieved from /opt/airflow/dags/countries_dag.py
[2026-09-11T01:17:25.367+0000] {processor.py:208} INFO - Processing /opt/airflow/dags/countries_dag.py took 1.936 seconds
[2026-09-11T01:17:55.793+0000] {processor.py:186} INFO - Started process (PID=2548) to work on /opt/airflow/dags/countries_dag.py
[2026-09-11T01:17:55.795+0000] {processor.py:914} INFO - Processing file /opt/airflow/dags/countries_dag.py for tasks to queue
[2026-09-11T01:17:55.796+0000] {logging_mixin.py:190} INFO - [2026-09-11T01:17:55.796+0000] {dagbag.py:588} INFO - Filling up the DagBag from /opt/airflow/dags/countries_dag.py
[2026-09-11T01:17:57.610+0000] {logging_mixin.py:190} INFO - [2026-09-11T01:17:57.598+0000] {dagbag.py:387} ERROR - Failed to import: /opt/airflow/dags/countries_dag.py
Traceback (most recent call last):
  File "/home/airflow/.local/lib/python3.11/site-packages/airflow/models/dagbag.py", line 383, in parse
    loader.exec_module(new_module)
  File "<frozen importlib._bootstrap_external>", line 940, in exec_module
  File "<frozen importlib._bootstrap>", line 241, in _call_with_frames_removed
  File "/opt/airflow/dags/countries_dag.py", line 73, in <module>
    dbt_run = DockerOperator(
              ^^^^^^^^^^^^^^^
  File "/home/airflow/.local/lib/python3.11/site-packages/airflow/models/baseoperator.py", line 508, in apply_defaults
    result = func(self, **kwargs, default_args=default_args)
             ^^^^^^^^^^^^^^^^^^^^^^^^^^^^^^^^^^^^^^^^^^^^^^^
  File "/home/airflow/.local/lib/python3.11/site-packages/airflow/providers/docker/operators/docker.py", line 256, in __init__
    super().__init__(**kwargs)
  File "/home/airflow/.local/lib/python3.11/site-packages/airflow/models/baseoperator.py", line 508, in apply_defaults
    result = func(self, **kwargs, default_args=default_args)
             ^^^^^^^^^^^^^^^^^^^^^^^^^^^^^^^^^^^^^^^^^^^^^^^
  File "/home/airflow/.local/lib/python3.11/site-packages/airflow/models/baseoperator.py", line 959, in __init__
    raise AirflowException(
airflow.exceptions.AirflowException: Invalid arguments were passed to DockerOperator (task_id: dbt_run). Invalid arguments were:
**kwargs: {'volumes': ['../dbt:/usr/app', '../dbt/profiles:/root/.dbt']}
[2026-09-11T01:17:57.613+0000] {processor.py:927} WARNING - No viable dags retrieved from /opt/airflow/dags/countries_dag.py
[2026-09-11T01:17:57.645+0000] {processor.py:208} INFO - Processing /opt/airflow/dags/countries_dag.py took 1.861 seconds
[2026-09-11T01:18:28.057+0000] {processor.py:186} INFO - Started process (PID=2555) to work on /opt/airflow/dags/countries_dag.py
[2026-09-11T01:18:28.059+0000] {processor.py:914} INFO - Processing file /opt/airflow/dags/countries_dag.py for tasks to queue
[2026-09-11T01:18:28.063+0000] {logging_mixin.py:190} INFO - [2026-09-11T01:18:28.062+0000] {dagbag.py:588} INFO - Filling up the DagBag from /opt/airflow/dags/countries_dag.py
[2026-09-11T01:18:30.363+0000] {logging_mixin.py:190} INFO - [2026-09-11T01:18:30.355+0000] {dagbag.py:387} ERROR - Failed to import: /opt/airflow/dags/countries_dag.py
Traceback (most recent call last):
  File "/home/airflow/.local/lib/python3.11/site-packages/airflow/models/dagbag.py", line 383, in parse
    loader.exec_module(new_module)
  File "<frozen importlib._bootstrap_external>", line 940, in exec_module
  File "<frozen importlib._bootstrap>", line 241, in _call_with_frames_removed
  File "/opt/airflow/dags/countries_dag.py", line 73, in <module>
    dbt_run = DockerOperator(
              ^^^^^^^^^^^^^^^
  File "/home/airflow/.local/lib/python3.11/site-packages/airflow/models/baseoperator.py", line 508, in apply_defaults
    result = func(self, **kwargs, default_args=default_args)
             ^^^^^^^^^^^^^^^^^^^^^^^^^^^^^^^^^^^^^^^^^^^^^^^
  File "/home/airflow/.local/lib/python3.11/site-packages/airflow/providers/docker/operators/docker.py", line 256, in __init__
    super().__init__(**kwargs)
  File "/home/airflow/.local/lib/python3.11/site-packages/airflow/models/baseoperator.py", line 508, in apply_defaults
    result = func(self, **kwargs, default_args=default_args)
             ^^^^^^^^^^^^^^^^^^^^^^^^^^^^^^^^^^^^^^^^^^^^^^^
  File "/home/airflow/.local/lib/python3.11/site-packages/airflow/models/baseoperator.py", line 959, in __init__
    raise AirflowException(
airflow.exceptions.AirflowException: Invalid arguments were passed to DockerOperator (task_id: dbt_run). Invalid arguments were:
**kwargs: {'volumes': ['../dbt:/usr/app', '../dbt/profiles:/root/.dbt']}
[2026-09-11T01:18:30.364+0000] {processor.py:927} WARNING - No viable dags retrieved from /opt/airflow/dags/countries_dag.py
[2026-09-11T01:18:30.388+0000] {processor.py:208} INFO - Processing /opt/airflow/dags/countries_dag.py took 2.341 seconds
[2026-09-11T01:19:00.681+0000] {processor.py:186} INFO - Started process (PID=2562) to work on /opt/airflow/dags/countries_dag.py
[2026-09-11T01:19:00.683+0000] {processor.py:914} INFO - Processing file /opt/airflow/dags/countries_dag.py for tasks to queue
[2026-09-11T01:19:00.686+0000] {logging_mixin.py:190} INFO - [2026-09-11T01:19:00.685+0000] {dagbag.py:588} INFO - Filling up the DagBag from /opt/airflow/dags/countries_dag.py
[2026-09-11T01:19:03.094+0000] {logging_mixin.py:190} INFO - [2026-09-11T01:19:03.086+0000] {dagbag.py:387} ERROR - Failed to import: /opt/airflow/dags/countries_dag.py
Traceback (most recent call last):
  File "/home/airflow/.local/lib/python3.11/site-packages/airflow/models/dagbag.py", line 383, in parse
    loader.exec_module(new_module)
  File "<frozen importlib._bootstrap_external>", line 940, in exec_module
  File "<frozen importlib._bootstrap>", line 241, in _call_with_frames_removed
  File "/opt/airflow/dags/countries_dag.py", line 73, in <module>
    dbt_run = DockerOperator(
              ^^^^^^^^^^^^^^^
  File "/home/airflow/.local/lib/python3.11/site-packages/airflow/models/baseoperator.py", line 508, in apply_defaults
    result = func(self, **kwargs, default_args=default_args)
             ^^^^^^^^^^^^^^^^^^^^^^^^^^^^^^^^^^^^^^^^^^^^^^^
  File "/home/airflow/.local/lib/python3.11/site-packages/airflow/providers/docker/operators/docker.py", line 256, in __init__
    super().__init__(**kwargs)
  File "/home/airflow/.local/lib/python3.11/site-packages/airflow/models/baseoperator.py", line 508, in apply_defaults
    result = func(self, **kwargs, default_args=default_args)
             ^^^^^^^^^^^^^^^^^^^^^^^^^^^^^^^^^^^^^^^^^^^^^^^
  File "/home/airflow/.local/lib/python3.11/site-packages/airflow/models/baseoperator.py", line 959, in __init__
    raise AirflowException(
airflow.exceptions.AirflowException: Invalid arguments were passed to DockerOperator (task_id: dbt_run). Invalid arguments were:
**kwargs: {'volumes': ['../dbt:/usr/app', '../dbt/profiles:/root/.dbt']}
[2026-09-11T01:19:03.096+0000] {processor.py:927} WARNING - No viable dags retrieved from /opt/airflow/dags/countries_dag.py
[2026-09-11T01:19:03.123+0000] {processor.py:208} INFO - Processing /opt/airflow/dags/countries_dag.py took 2.456 seconds
[2026-09-11T01:19:33.582+0000] {processor.py:186} INFO - Started process (PID=2569) to work on /opt/airflow/dags/countries_dag.py
[2026-09-11T01:19:33.585+0000] {processor.py:914} INFO - Processing file /opt/airflow/dags/countries_dag.py for tasks to queue
[2026-09-11T01:19:33.594+0000] {logging_mixin.py:190} INFO - [2026-09-11T01:19:33.593+0000] {dagbag.py:588} INFO - Filling up the DagBag from /opt/airflow/dags/countries_dag.py
[2026-09-11T01:19:35.281+0000] {logging_mixin.py:190} INFO - [2026-09-11T01:19:35.265+0000] {dagbag.py:387} ERROR - Failed to import: /opt/airflow/dags/countries_dag.py
Traceback (most recent call last):
  File "/home/airflow/.local/lib/python3.11/site-packages/airflow/models/dagbag.py", line 383, in parse
    loader.exec_module(new_module)
  File "<frozen importlib._bootstrap_external>", line 940, in exec_module
  File "<frozen importlib._bootstrap>", line 241, in _call_with_frames_removed
  File "/opt/airflow/dags/countries_dag.py", line 73, in <module>
    dbt_run = DockerOperator(
              ^^^^^^^^^^^^^^^
  File "/home/airflow/.local/lib/python3.11/site-packages/airflow/models/baseoperator.py", line 508, in apply_defaults
    result = func(self, **kwargs, default_args=default_args)
             ^^^^^^^^^^^^^^^^^^^^^^^^^^^^^^^^^^^^^^^^^^^^^^^
  File "/home/airflow/.local/lib/python3.11/site-packages/airflow/providers/docker/operators/docker.py", line 256, in __init__
    super().__init__(**kwargs)
  File "/home/airflow/.local/lib/python3.11/site-packages/airflow/models/baseoperator.py", line 508, in apply_defaults
    result = func(self, **kwargs, default_args=default_args)
             ^^^^^^^^^^^^^^^^^^^^^^^^^^^^^^^^^^^^^^^^^^^^^^^
  File "/home/airflow/.local/lib/python3.11/site-packages/airflow/models/baseoperator.py", line 959, in __init__
    raise AirflowException(
airflow.exceptions.AirflowException: Invalid arguments were passed to DockerOperator (task_id: dbt_run). Invalid arguments were:
**kwargs: {'volumes': ['../dbt:/usr/app', '../dbt/profiles:/root/.dbt']}
[2026-09-11T01:19:35.284+0000] {processor.py:927} WARNING - No viable dags retrieved from /opt/airflow/dags/countries_dag.py
[2026-09-11T01:19:35.323+0000] {processor.py:208} INFO - Processing /opt/airflow/dags/countries_dag.py took 1.757 seconds
[2026-09-11T01:20:05.503+0000] {processor.py:186} INFO - Started process (PID=2576) to work on /opt/airflow/dags/countries_dag.py
[2026-09-11T01:20:05.505+0000] {processor.py:914} INFO - Processing file /opt/airflow/dags/countries_dag.py for tasks to queue
[2026-09-11T01:20:05.507+0000] {logging_mixin.py:190} INFO - [2026-09-11T01:20:05.506+0000] {dagbag.py:588} INFO - Filling up the DagBag from /opt/airflow/dags/countries_dag.py
[2026-09-11T01:20:07.367+0000] {logging_mixin.py:190} INFO - [2026-09-11T01:20:07.360+0000] {dagbag.py:387} ERROR - Failed to import: /opt/airflow/dags/countries_dag.py
Traceback (most recent call last):
  File "/home/airflow/.local/lib/python3.11/site-packages/airflow/models/dagbag.py", line 383, in parse
    loader.exec_module(new_module)
  File "<frozen importlib._bootstrap_external>", line 940, in exec_module
  File "<frozen importlib._bootstrap>", line 241, in _call_with_frames_removed
  File "/opt/airflow/dags/countries_dag.py", line 73, in <module>
    dbt_run = DockerOperator(
              ^^^^^^^^^^^^^^^
  File "/home/airflow/.local/lib/python3.11/site-packages/airflow/models/baseoperator.py", line 508, in apply_defaults
    result = func(self, **kwargs, default_args=default_args)
             ^^^^^^^^^^^^^^^^^^^^^^^^^^^^^^^^^^^^^^^^^^^^^^^
  File "/home/airflow/.local/lib/python3.11/site-packages/airflow/providers/docker/operators/docker.py", line 256, in __init__
    super().__init__(**kwargs)
  File "/home/airflow/.local/lib/python3.11/site-packages/airflow/models/baseoperator.py", line 508, in apply_defaults
    result = func(self, **kwargs, default_args=default_args)
             ^^^^^^^^^^^^^^^^^^^^^^^^^^^^^^^^^^^^^^^^^^^^^^^
  File "/home/airflow/.local/lib/python3.11/site-packages/airflow/models/baseoperator.py", line 959, in __init__
    raise AirflowException(
airflow.exceptions.AirflowException: Invalid arguments were passed to DockerOperator (task_id: dbt_run). Invalid arguments were:
**kwargs: {'volumes': ['../dbt:/usr/app', '../dbt/profiles:/root/.dbt']}
[2026-09-11T01:20:07.368+0000] {processor.py:927} WARNING - No viable dags retrieved from /opt/airflow/dags/countries_dag.py
[2026-09-11T01:20:07.394+0000] {processor.py:208} INFO - Processing /opt/airflow/dags/countries_dag.py took 1.904 seconds
[2026-09-11T01:20:37.905+0000] {processor.py:186} INFO - Started process (PID=2583) to work on /opt/airflow/dags/countries_dag.py
[2026-09-11T01:20:37.909+0000] {processor.py:914} INFO - Processing file /opt/airflow/dags/countries_dag.py for tasks to queue
[2026-09-11T01:20:37.912+0000] {logging_mixin.py:190} INFO - [2026-09-11T01:20:37.911+0000] {dagbag.py:588} INFO - Filling up the DagBag from /opt/airflow/dags/countries_dag.py
[2026-09-11T01:20:40.298+0000] {logging_mixin.py:190} INFO - [2026-09-11T01:20:40.286+0000] {dagbag.py:387} ERROR - Failed to import: /opt/airflow/dags/countries_dag.py
Traceback (most recent call last):
  File "/home/airflow/.local/lib/python3.11/site-packages/airflow/models/dagbag.py", line 383, in parse
    loader.exec_module(new_module)
  File "<frozen importlib._bootstrap_external>", line 940, in exec_module
  File "<frozen importlib._bootstrap>", line 241, in _call_with_frames_removed
  File "/opt/airflow/dags/countries_dag.py", line 73, in <module>
    dbt_run = DockerOperator(
              ^^^^^^^^^^^^^^^
  File "/home/airflow/.local/lib/python3.11/site-packages/airflow/models/baseoperator.py", line 508, in apply_defaults
    result = func(self, **kwargs, default_args=default_args)
             ^^^^^^^^^^^^^^^^^^^^^^^^^^^^^^^^^^^^^^^^^^^^^^^
  File "/home/airflow/.local/lib/python3.11/site-packages/airflow/providers/docker/operators/docker.py", line 256, in __init__
    super().__init__(**kwargs)
  File "/home/airflow/.local/lib/python3.11/site-packages/airflow/models/baseoperator.py", line 508, in apply_defaults
    result = func(self, **kwargs, default_args=default_args)
             ^^^^^^^^^^^^^^^^^^^^^^^^^^^^^^^^^^^^^^^^^^^^^^^
  File "/home/airflow/.local/lib/python3.11/site-packages/airflow/models/baseoperator.py", line 959, in __init__
    raise AirflowException(
airflow.exceptions.AirflowException: Invalid arguments were passed to DockerOperator (task_id: dbt_run). Invalid arguments were:
**kwargs: {'volumes': ['../dbt:/usr/app', '../dbt/profiles:/root/.dbt']}
[2026-09-11T01:20:40.301+0000] {processor.py:927} WARNING - No viable dags retrieved from /opt/airflow/dags/countries_dag.py
[2026-09-11T01:20:40.334+0000] {processor.py:208} INFO - Processing /opt/airflow/dags/countries_dag.py took 2.444 seconds
[2026-09-11T01:21:10.516+0000] {processor.py:186} INFO - Started process (PID=2590) to work on /opt/airflow/dags/countries_dag.py
[2026-09-11T01:21:10.520+0000] {processor.py:914} INFO - Processing file /opt/airflow/dags/countries_dag.py for tasks to queue
[2026-09-11T01:21:10.524+0000] {logging_mixin.py:190} INFO - [2026-09-11T01:21:10.523+0000] {dagbag.py:588} INFO - Filling up the DagBag from /opt/airflow/dags/countries_dag.py
[2026-09-11T01:21:12.760+0000] {logging_mixin.py:190} INFO - [2026-09-11T01:21:12.751+0000] {dagbag.py:387} ERROR - Failed to import: /opt/airflow/dags/countries_dag.py
Traceback (most recent call last):
  File "/home/airflow/.local/lib/python3.11/site-packages/airflow/models/dagbag.py", line 383, in parse
    loader.exec_module(new_module)
  File "<frozen importlib._bootstrap_external>", line 940, in exec_module
  File "<frozen importlib._bootstrap>", line 241, in _call_with_frames_removed
  File "/opt/airflow/dags/countries_dag.py", line 73, in <module>
    dbt_run = DockerOperator(
              ^^^^^^^^^^^^^^^
  File "/home/airflow/.local/lib/python3.11/site-packages/airflow/models/baseoperator.py", line 508, in apply_defaults
    result = func(self, **kwargs, default_args=default_args)
             ^^^^^^^^^^^^^^^^^^^^^^^^^^^^^^^^^^^^^^^^^^^^^^^
  File "/home/airflow/.local/lib/python3.11/site-packages/airflow/providers/docker/operators/docker.py", line 256, in __init__
    super().__init__(**kwargs)
  File "/home/airflow/.local/lib/python3.11/site-packages/airflow/models/baseoperator.py", line 508, in apply_defaults
    result = func(self, **kwargs, default_args=default_args)
             ^^^^^^^^^^^^^^^^^^^^^^^^^^^^^^^^^^^^^^^^^^^^^^^
  File "/home/airflow/.local/lib/python3.11/site-packages/airflow/models/baseoperator.py", line 959, in __init__
    raise AirflowException(
airflow.exceptions.AirflowException: Invalid arguments were passed to DockerOperator (task_id: dbt_run). Invalid arguments were:
**kwargs: {'volumes': ['../dbt:/usr/app', '../dbt/profiles:/root/.dbt']}
[2026-09-11T01:21:12.762+0000] {processor.py:927} WARNING - No viable dags retrieved from /opt/airflow/dags/countries_dag.py
[2026-09-11T01:21:12.803+0000] {processor.py:208} INFO - Processing /opt/airflow/dags/countries_dag.py took 2.302 seconds
[2026-09-11T01:21:43.280+0000] {processor.py:186} INFO - Started process (PID=2597) to work on /opt/airflow/dags/countries_dag.py
[2026-09-11T01:21:43.282+0000] {processor.py:914} INFO - Processing file /opt/airflow/dags/countries_dag.py for tasks to queue
[2026-09-11T01:21:43.286+0000] {logging_mixin.py:190} INFO - [2026-09-11T01:21:43.285+0000] {dagbag.py:588} INFO - Filling up the DagBag from /opt/airflow/dags/countries_dag.py
[2026-09-11T01:21:46.885+0000] {logging_mixin.py:190} INFO - [2026-09-11T01:21:46.872+0000] {dagbag.py:387} ERROR - Failed to import: /opt/airflow/dags/countries_dag.py
Traceback (most recent call last):
  File "/home/airflow/.local/lib/python3.11/site-packages/airflow/models/dagbag.py", line 383, in parse
    loader.exec_module(new_module)
  File "<frozen importlib._bootstrap_external>", line 940, in exec_module
  File "<frozen importlib._bootstrap>", line 241, in _call_with_frames_removed
  File "/opt/airflow/dags/countries_dag.py", line 73, in <module>
    dbt_run = DockerOperator(
              ^^^^^^^^^^^^^^^
  File "/home/airflow/.local/lib/python3.11/site-packages/airflow/models/baseoperator.py", line 508, in apply_defaults
    result = func(self, **kwargs, default_args=default_args)
             ^^^^^^^^^^^^^^^^^^^^^^^^^^^^^^^^^^^^^^^^^^^^^^^
  File "/home/airflow/.local/lib/python3.11/site-packages/airflow/providers/docker/operators/docker.py", line 256, in __init__
    super().__init__(**kwargs)
  File "/home/airflow/.local/lib/python3.11/site-packages/airflow/models/baseoperator.py", line 508, in apply_defaults
    result = func(self, **kwargs, default_args=default_args)
             ^^^^^^^^^^^^^^^^^^^^^^^^^^^^^^^^^^^^^^^^^^^^^^^
  File "/home/airflow/.local/lib/python3.11/site-packages/airflow/models/baseoperator.py", line 959, in __init__
    raise AirflowException(
airflow.exceptions.AirflowException: Invalid arguments were passed to DockerOperator (task_id: dbt_run). Invalid arguments were:
**kwargs: {'volumes': ['../dbt:/usr/app', '../dbt/profiles:/root/.dbt']}
[2026-09-11T01:21:46.887+0000] {processor.py:927} WARNING - No viable dags retrieved from /opt/airflow/dags/countries_dag.py
[2026-09-11T01:21:46.923+0000] {processor.py:208} INFO - Processing /opt/airflow/dags/countries_dag.py took 3.663 seconds
[2026-09-11T01:22:17.588+0000] {processor.py:186} INFO - Started process (PID=2604) to work on /opt/airflow/dags/countries_dag.py
[2026-09-11T01:22:17.590+0000] {processor.py:914} INFO - Processing file /opt/airflow/dags/countries_dag.py for tasks to queue
[2026-09-11T01:22:17.605+0000] {logging_mixin.py:190} INFO - [2026-09-11T01:22:17.603+0000] {dagbag.py:588} INFO - Filling up the DagBag from /opt/airflow/dags/countries_dag.py
[2026-09-11T01:22:21.542+0000] {logging_mixin.py:190} INFO - [2026-09-11T01:22:21.530+0000] {dagbag.py:387} ERROR - Failed to import: /opt/airflow/dags/countries_dag.py
Traceback (most recent call last):
  File "/home/airflow/.local/lib/python3.11/site-packages/airflow/models/dagbag.py", line 383, in parse
    loader.exec_module(new_module)
  File "<frozen importlib._bootstrap_external>", line 940, in exec_module
  File "<frozen importlib._bootstrap>", line 241, in _call_with_frames_removed
  File "/opt/airflow/dags/countries_dag.py", line 73, in <module>
    dbt_run = DockerOperator(
              ^^^^^^^^^^^^^^^
  File "/home/airflow/.local/lib/python3.11/site-packages/airflow/models/baseoperator.py", line 508, in apply_defaults
    result = func(self, **kwargs, default_args=default_args)
             ^^^^^^^^^^^^^^^^^^^^^^^^^^^^^^^^^^^^^^^^^^^^^^^
  File "/home/airflow/.local/lib/python3.11/site-packages/airflow/providers/docker/operators/docker.py", line 256, in __init__
    super().__init__(**kwargs)
  File "/home/airflow/.local/lib/python3.11/site-packages/airflow/models/baseoperator.py", line 508, in apply_defaults
    result = func(self, **kwargs, default_args=default_args)
             ^^^^^^^^^^^^^^^^^^^^^^^^^^^^^^^^^^^^^^^^^^^^^^^
  File "/home/airflow/.local/lib/python3.11/site-packages/airflow/models/baseoperator.py", line 959, in __init__
    raise AirflowException(
airflow.exceptions.AirflowException: Invalid arguments were passed to DockerOperator (task_id: dbt_run). Invalid arguments were:
**kwargs: {'volumes': ['../dbt:/usr/app', '../dbt/profiles:/root/.dbt']}
[2026-09-11T01:22:21.545+0000] {processor.py:927} WARNING - No viable dags retrieved from /opt/airflow/dags/countries_dag.py
[2026-09-11T01:22:21.609+0000] {processor.py:208} INFO - Processing /opt/airflow/dags/countries_dag.py took 4.061 seconds
[2026-09-11T01:22:52.000+0000] {processor.py:186} INFO - Started process (PID=2611) to work on /opt/airflow/dags/countries_dag.py
[2026-09-11T01:22:52.001+0000] {processor.py:914} INFO - Processing file /opt/airflow/dags/countries_dag.py for tasks to queue
[2026-09-11T01:22:52.003+0000] {logging_mixin.py:190} INFO - [2026-09-11T01:22:52.003+0000] {dagbag.py:588} INFO - Filling up the DagBag from /opt/airflow/dags/countries_dag.py
[2026-09-11T01:22:53.956+0000] {logging_mixin.py:190} INFO - [2026-09-11T01:22:53.947+0000] {dagbag.py:387} ERROR - Failed to import: /opt/airflow/dags/countries_dag.py
Traceback (most recent call last):
  File "/home/airflow/.local/lib/python3.11/site-packages/airflow/models/dagbag.py", line 383, in parse
    loader.exec_module(new_module)
  File "<frozen importlib._bootstrap_external>", line 940, in exec_module
  File "<frozen importlib._bootstrap>", line 241, in _call_with_frames_removed
  File "/opt/airflow/dags/countries_dag.py", line 73, in <module>
    dbt_run = DockerOperator(
              ^^^^^^^^^^^^^^^
  File "/home/airflow/.local/lib/python3.11/site-packages/airflow/models/baseoperator.py", line 508, in apply_defaults
    result = func(self, **kwargs, default_args=default_args)
             ^^^^^^^^^^^^^^^^^^^^^^^^^^^^^^^^^^^^^^^^^^^^^^^
  File "/home/airflow/.local/lib/python3.11/site-packages/airflow/providers/docker/operators/docker.py", line 256, in __init__
    super().__init__(**kwargs)
  File "/home/airflow/.local/lib/python3.11/site-packages/airflow/models/baseoperator.py", line 508, in apply_defaults
    result = func(self, **kwargs, default_args=default_args)
             ^^^^^^^^^^^^^^^^^^^^^^^^^^^^^^^^^^^^^^^^^^^^^^^
  File "/home/airflow/.local/lib/python3.11/site-packages/airflow/models/baseoperator.py", line 959, in __init__
    raise AirflowException(
airflow.exceptions.AirflowException: Invalid arguments were passed to DockerOperator (task_id: dbt_run). Invalid arguments were:
**kwargs: {'volumes': ['../dbt:/usr/app', '../dbt/profiles:/root/.dbt']}
[2026-09-11T01:22:53.958+0000] {processor.py:927} WARNING - No viable dags retrieved from /opt/airflow/dags/countries_dag.py
[2026-09-11T01:22:53.999+0000] {processor.py:208} INFO - Processing /opt/airflow/dags/countries_dag.py took 2.010 seconds
[2026-09-11T01:23:24.385+0000] {processor.py:186} INFO - Started process (PID=2618) to work on /opt/airflow/dags/countries_dag.py
[2026-09-11T01:23:24.386+0000] {processor.py:914} INFO - Processing file /opt/airflow/dags/countries_dag.py for tasks to queue
[2026-09-11T01:23:24.388+0000] {logging_mixin.py:190} INFO - [2026-09-11T01:23:24.387+0000] {dagbag.py:588} INFO - Filling up the DagBag from /opt/airflow/dags/countries_dag.py
[2026-09-11T01:23:26.341+0000] {logging_mixin.py:190} INFO - [2026-09-11T01:23:26.333+0000] {dagbag.py:387} ERROR - Failed to import: /opt/airflow/dags/countries_dag.py
Traceback (most recent call last):
  File "/home/airflow/.local/lib/python3.11/site-packages/airflow/models/dagbag.py", line 383, in parse
    loader.exec_module(new_module)
  File "<frozen importlib._bootstrap_external>", line 940, in exec_module
  File "<frozen importlib._bootstrap>", line 241, in _call_with_frames_removed
  File "/opt/airflow/dags/countries_dag.py", line 73, in <module>
    dbt_run = DockerOperator(
              ^^^^^^^^^^^^^^^
  File "/home/airflow/.local/lib/python3.11/site-packages/airflow/models/baseoperator.py", line 508, in apply_defaults
    result = func(self, **kwargs, default_args=default_args)
             ^^^^^^^^^^^^^^^^^^^^^^^^^^^^^^^^^^^^^^^^^^^^^^^
  File "/home/airflow/.local/lib/python3.11/site-packages/airflow/providers/docker/operators/docker.py", line 256, in __init__
    super().__init__(**kwargs)
  File "/home/airflow/.local/lib/python3.11/site-packages/airflow/models/baseoperator.py", line 508, in apply_defaults
    result = func(self, **kwargs, default_args=default_args)
             ^^^^^^^^^^^^^^^^^^^^^^^^^^^^^^^^^^^^^^^^^^^^^^^
  File "/home/airflow/.local/lib/python3.11/site-packages/airflow/models/baseoperator.py", line 959, in __init__
    raise AirflowException(
airflow.exceptions.AirflowException: Invalid arguments were passed to DockerOperator (task_id: dbt_run). Invalid arguments were:
**kwargs: {'volumes': ['../dbt:/usr/app', '../dbt/profiles:/root/.dbt']}
[2026-09-11T01:23:26.343+0000] {processor.py:927} WARNING - No viable dags retrieved from /opt/airflow/dags/countries_dag.py
[2026-09-11T01:23:26.382+0000] {processor.py:208} INFO - Processing /opt/airflow/dags/countries_dag.py took 2.005 seconds
[2026-09-11T01:23:56.743+0000] {processor.py:186} INFO - Started process (PID=2625) to work on /opt/airflow/dags/countries_dag.py
[2026-09-11T01:23:56.744+0000] {processor.py:914} INFO - Processing file /opt/airflow/dags/countries_dag.py for tasks to queue
[2026-09-11T01:23:56.746+0000] {logging_mixin.py:190} INFO - [2026-09-11T01:23:56.746+0000] {dagbag.py:588} INFO - Filling up the DagBag from /opt/airflow/dags/countries_dag.py
[2026-09-11T01:23:58.238+0000] {logging_mixin.py:190} INFO - [2026-09-11T01:23:58.227+0000] {dagbag.py:387} ERROR - Failed to import: /opt/airflow/dags/countries_dag.py
Traceback (most recent call last):
  File "/home/airflow/.local/lib/python3.11/site-packages/airflow/models/dagbag.py", line 383, in parse
    loader.exec_module(new_module)
  File "<frozen importlib._bootstrap_external>", line 940, in exec_module
  File "<frozen importlib._bootstrap>", line 241, in _call_with_frames_removed
  File "/opt/airflow/dags/countries_dag.py", line 73, in <module>
    dbt_run = DockerOperator(
              ^^^^^^^^^^^^^^^
  File "/home/airflow/.local/lib/python3.11/site-packages/airflow/models/baseoperator.py", line 508, in apply_defaults
    result = func(self, **kwargs, default_args=default_args)
             ^^^^^^^^^^^^^^^^^^^^^^^^^^^^^^^^^^^^^^^^^^^^^^^
  File "/home/airflow/.local/lib/python3.11/site-packages/airflow/providers/docker/operators/docker.py", line 256, in __init__
    super().__init__(**kwargs)
  File "/home/airflow/.local/lib/python3.11/site-packages/airflow/models/baseoperator.py", line 508, in apply_defaults
    result = func(self, **kwargs, default_args=default_args)
             ^^^^^^^^^^^^^^^^^^^^^^^^^^^^^^^^^^^^^^^^^^^^^^^
  File "/home/airflow/.local/lib/python3.11/site-packages/airflow/models/baseoperator.py", line 959, in __init__
    raise AirflowException(
airflow.exceptions.AirflowException: Invalid arguments were passed to DockerOperator (task_id: dbt_run). Invalid arguments were:
**kwargs: {'volumes': ['../dbt:/usr/app', '../dbt/profiles:/root/.dbt']}
[2026-09-11T01:23:58.240+0000] {processor.py:927} WARNING - No viable dags retrieved from /opt/airflow/dags/countries_dag.py
[2026-09-11T01:23:58.267+0000] {processor.py:208} INFO - Processing /opt/airflow/dags/countries_dag.py took 1.535 seconds
[2026-09-11T01:24:28.671+0000] {processor.py:186} INFO - Started process (PID=2632) to work on /opt/airflow/dags/countries_dag.py
[2026-09-11T01:24:28.677+0000] {processor.py:914} INFO - Processing file /opt/airflow/dags/countries_dag.py for tasks to queue
[2026-09-11T01:24:28.680+0000] {logging_mixin.py:190} INFO - [2026-09-11T01:24:28.680+0000] {dagbag.py:588} INFO - Filling up the DagBag from /opt/airflow/dags/countries_dag.py
[2026-09-11T01:24:31.779+0000] {logging_mixin.py:190} INFO - [2026-09-11T01:24:31.770+0000] {dagbag.py:387} ERROR - Failed to import: /opt/airflow/dags/countries_dag.py
Traceback (most recent call last):
  File "/home/airflow/.local/lib/python3.11/site-packages/airflow/models/dagbag.py", line 383, in parse
    loader.exec_module(new_module)
  File "<frozen importlib._bootstrap_external>", line 940, in exec_module
  File "<frozen importlib._bootstrap>", line 241, in _call_with_frames_removed
  File "/opt/airflow/dags/countries_dag.py", line 73, in <module>
    dbt_run = DockerOperator(
              ^^^^^^^^^^^^^^^
  File "/home/airflow/.local/lib/python3.11/site-packages/airflow/models/baseoperator.py", line 508, in apply_defaults
    result = func(self, **kwargs, default_args=default_args)
             ^^^^^^^^^^^^^^^^^^^^^^^^^^^^^^^^^^^^^^^^^^^^^^^
  File "/home/airflow/.local/lib/python3.11/site-packages/airflow/providers/docker/operators/docker.py", line 256, in __init__
    super().__init__(**kwargs)
  File "/home/airflow/.local/lib/python3.11/site-packages/airflow/models/baseoperator.py", line 508, in apply_defaults
    result = func(self, **kwargs, default_args=default_args)
             ^^^^^^^^^^^^^^^^^^^^^^^^^^^^^^^^^^^^^^^^^^^^^^^
  File "/home/airflow/.local/lib/python3.11/site-packages/airflow/models/baseoperator.py", line 959, in __init__
    raise AirflowException(
airflow.exceptions.AirflowException: Invalid arguments were passed to DockerOperator (task_id: dbt_run). Invalid arguments were:
**kwargs: {'volumes': ['../dbt:/usr/app', '../dbt/profiles:/root/.dbt']}
[2026-09-11T01:24:31.781+0000] {processor.py:927} WARNING - No viable dags retrieved from /opt/airflow/dags/countries_dag.py
[2026-09-11T01:24:31.830+0000] {processor.py:208} INFO - Processing /opt/airflow/dags/countries_dag.py took 3.170 seconds
[2026-09-11T01:25:02.011+0000] {processor.py:186} INFO - Started process (PID=2639) to work on /opt/airflow/dags/countries_dag.py
[2026-09-11T01:25:02.014+0000] {processor.py:914} INFO - Processing file /opt/airflow/dags/countries_dag.py for tasks to queue
[2026-09-11T01:25:02.017+0000] {logging_mixin.py:190} INFO - [2026-09-11T01:25:02.017+0000] {dagbag.py:588} INFO - Filling up the DagBag from /opt/airflow/dags/countries_dag.py
[2026-09-11T01:25:03.867+0000] {logging_mixin.py:190} INFO - [2026-09-11T01:25:03.857+0000] {dagbag.py:387} ERROR - Failed to import: /opt/airflow/dags/countries_dag.py
Traceback (most recent call last):
  File "/home/airflow/.local/lib/python3.11/site-packages/airflow/models/dagbag.py", line 383, in parse
    loader.exec_module(new_module)
  File "<frozen importlib._bootstrap_external>", line 940, in exec_module
  File "<frozen importlib._bootstrap>", line 241, in _call_with_frames_removed
  File "/opt/airflow/dags/countries_dag.py", line 73, in <module>
    dbt_run = DockerOperator(
              ^^^^^^^^^^^^^^^
  File "/home/airflow/.local/lib/python3.11/site-packages/airflow/models/baseoperator.py", line 508, in apply_defaults
    result = func(self, **kwargs, default_args=default_args)
             ^^^^^^^^^^^^^^^^^^^^^^^^^^^^^^^^^^^^^^^^^^^^^^^
  File "/home/airflow/.local/lib/python3.11/site-packages/airflow/providers/docker/operators/docker.py", line 256, in __init__
    super().__init__(**kwargs)
  File "/home/airflow/.local/lib/python3.11/site-packages/airflow/models/baseoperator.py", line 508, in apply_defaults
    result = func(self, **kwargs, default_args=default_args)
             ^^^^^^^^^^^^^^^^^^^^^^^^^^^^^^^^^^^^^^^^^^^^^^^
  File "/home/airflow/.local/lib/python3.11/site-packages/airflow/models/baseoperator.py", line 959, in __init__
    raise AirflowException(
airflow.exceptions.AirflowException: Invalid arguments were passed to DockerOperator (task_id: dbt_run). Invalid arguments were:
**kwargs: {'volumes': ['../dbt:/usr/app', '../dbt/profiles:/root/.dbt']}
[2026-09-11T01:25:03.869+0000] {processor.py:927} WARNING - No viable dags retrieved from /opt/airflow/dags/countries_dag.py
[2026-09-11T01:25:03.906+0000] {processor.py:208} INFO - Processing /opt/airflow/dags/countries_dag.py took 1.910 seconds
[2026-09-11T01:25:34.295+0000] {processor.py:186} INFO - Started process (PID=2646) to work on /opt/airflow/dags/countries_dag.py
[2026-09-11T01:25:34.296+0000] {processor.py:914} INFO - Processing file /opt/airflow/dags/countries_dag.py for tasks to queue
[2026-09-11T01:25:34.298+0000] {logging_mixin.py:190} INFO - [2026-09-11T01:25:34.298+0000] {dagbag.py:588} INFO - Filling up the DagBag from /opt/airflow/dags/countries_dag.py
[2026-09-11T01:25:36.187+0000] {logging_mixin.py:190} INFO - [2026-09-11T01:25:36.177+0000] {dagbag.py:387} ERROR - Failed to import: /opt/airflow/dags/countries_dag.py
Traceback (most recent call last):
  File "/home/airflow/.local/lib/python3.11/site-packages/airflow/models/dagbag.py", line 383, in parse
    loader.exec_module(new_module)
  File "<frozen importlib._bootstrap_external>", line 940, in exec_module
  File "<frozen importlib._bootstrap>", line 241, in _call_with_frames_removed
  File "/opt/airflow/dags/countries_dag.py", line 73, in <module>
    dbt_run = DockerOperator(
              ^^^^^^^^^^^^^^^
  File "/home/airflow/.local/lib/python3.11/site-packages/airflow/models/baseoperator.py", line 508, in apply_defaults
    result = func(self, **kwargs, default_args=default_args)
             ^^^^^^^^^^^^^^^^^^^^^^^^^^^^^^^^^^^^^^^^^^^^^^^
  File "/home/airflow/.local/lib/python3.11/site-packages/airflow/providers/docker/operators/docker.py", line 256, in __init__
    super().__init__(**kwargs)
  File "/home/airflow/.local/lib/python3.11/site-packages/airflow/models/baseoperator.py", line 508, in apply_defaults
    result = func(self, **kwargs, default_args=default_args)
             ^^^^^^^^^^^^^^^^^^^^^^^^^^^^^^^^^^^^^^^^^^^^^^^
  File "/home/airflow/.local/lib/python3.11/site-packages/airflow/models/baseoperator.py", line 959, in __init__
    raise AirflowException(
airflow.exceptions.AirflowException: Invalid arguments were passed to DockerOperator (task_id: dbt_run). Invalid arguments were:
**kwargs: {'volumes': ['../dbt:/usr/app', '../dbt/profiles:/root/.dbt']}
[2026-09-11T01:25:36.189+0000] {processor.py:927} WARNING - No viable dags retrieved from /opt/airflow/dags/countries_dag.py
[2026-09-11T01:25:36.231+0000] {processor.py:208} INFO - Processing /opt/airflow/dags/countries_dag.py took 1.950 seconds
[2026-09-11T01:26:06.710+0000] {processor.py:186} INFO - Started process (PID=2653) to work on /opt/airflow/dags/countries_dag.py
[2026-09-11T01:26:06.712+0000] {processor.py:914} INFO - Processing file /opt/airflow/dags/countries_dag.py for tasks to queue
[2026-09-11T01:26:06.715+0000] {logging_mixin.py:190} INFO - [2026-09-11T01:26:06.714+0000] {dagbag.py:588} INFO - Filling up the DagBag from /opt/airflow/dags/countries_dag.py
[2026-09-11T01:26:09.324+0000] {logging_mixin.py:190} INFO - [2026-09-11T01:26:09.312+0000] {dagbag.py:387} ERROR - Failed to import: /opt/airflow/dags/countries_dag.py
Traceback (most recent call last):
  File "/home/airflow/.local/lib/python3.11/site-packages/airflow/models/dagbag.py", line 383, in parse
    loader.exec_module(new_module)
  File "<frozen importlib._bootstrap_external>", line 940, in exec_module
  File "<frozen importlib._bootstrap>", line 241, in _call_with_frames_removed
  File "/opt/airflow/dags/countries_dag.py", line 73, in <module>
    dbt_run = DockerOperator(
              ^^^^^^^^^^^^^^^
  File "/home/airflow/.local/lib/python3.11/site-packages/airflow/models/baseoperator.py", line 508, in apply_defaults
    result = func(self, **kwargs, default_args=default_args)
             ^^^^^^^^^^^^^^^^^^^^^^^^^^^^^^^^^^^^^^^^^^^^^^^
  File "/home/airflow/.local/lib/python3.11/site-packages/airflow/providers/docker/operators/docker.py", line 256, in __init__
    super().__init__(**kwargs)
  File "/home/airflow/.local/lib/python3.11/site-packages/airflow/models/baseoperator.py", line 508, in apply_defaults
    result = func(self, **kwargs, default_args=default_args)
             ^^^^^^^^^^^^^^^^^^^^^^^^^^^^^^^^^^^^^^^^^^^^^^^
  File "/home/airflow/.local/lib/python3.11/site-packages/airflow/models/baseoperator.py", line 959, in __init__
    raise AirflowException(
airflow.exceptions.AirflowException: Invalid arguments were passed to DockerOperator (task_id: dbt_run). Invalid arguments were:
**kwargs: {'volumes': ['../dbt:/usr/app', '../dbt/profiles:/root/.dbt']}
[2026-09-11T01:26:09.329+0000] {processor.py:927} WARNING - No viable dags retrieved from /opt/airflow/dags/countries_dag.py
[2026-09-11T01:26:09.389+0000] {processor.py:208} INFO - Processing /opt/airflow/dags/countries_dag.py took 2.692 seconds
[2026-09-11T01:26:40.006+0000] {processor.py:186} INFO - Started process (PID=2660) to work on /opt/airflow/dags/countries_dag.py
[2026-09-11T01:26:40.008+0000] {processor.py:914} INFO - Processing file /opt/airflow/dags/countries_dag.py for tasks to queue
[2026-09-11T01:26:40.012+0000] {logging_mixin.py:190} INFO - [2026-09-11T01:26:40.011+0000] {dagbag.py:588} INFO - Filling up the DagBag from /opt/airflow/dags/countries_dag.py
[2026-09-11T01:26:41.674+0000] {logging_mixin.py:190} INFO - [2026-09-11T01:26:41.667+0000] {dagbag.py:387} ERROR - Failed to import: /opt/airflow/dags/countries_dag.py
Traceback (most recent call last):
  File "/home/airflow/.local/lib/python3.11/site-packages/airflow/models/dagbag.py", line 383, in parse
    loader.exec_module(new_module)
  File "<frozen importlib._bootstrap_external>", line 940, in exec_module
  File "<frozen importlib._bootstrap>", line 241, in _call_with_frames_removed
  File "/opt/airflow/dags/countries_dag.py", line 73, in <module>
    dbt_run = DockerOperator(
              ^^^^^^^^^^^^^^^
  File "/home/airflow/.local/lib/python3.11/site-packages/airflow/models/baseoperator.py", line 508, in apply_defaults
    result = func(self, **kwargs, default_args=default_args)
             ^^^^^^^^^^^^^^^^^^^^^^^^^^^^^^^^^^^^^^^^^^^^^^^
  File "/home/airflow/.local/lib/python3.11/site-packages/airflow/providers/docker/operators/docker.py", line 256, in __init__
    super().__init__(**kwargs)
  File "/home/airflow/.local/lib/python3.11/site-packages/airflow/models/baseoperator.py", line 508, in apply_defaults
    result = func(self, **kwargs, default_args=default_args)
             ^^^^^^^^^^^^^^^^^^^^^^^^^^^^^^^^^^^^^^^^^^^^^^^
  File "/home/airflow/.local/lib/python3.11/site-packages/airflow/models/baseoperator.py", line 959, in __init__
    raise AirflowException(
airflow.exceptions.AirflowException: Invalid arguments were passed to DockerOperator (task_id: dbt_run). Invalid arguments were:
**kwargs: {'volumes': ['../dbt:/usr/app', '../dbt/profiles:/root/.dbt']}
[2026-09-11T01:26:41.676+0000] {processor.py:927} WARNING - No viable dags retrieved from /opt/airflow/dags/countries_dag.py
[2026-09-11T01:26:41.704+0000] {processor.py:208} INFO - Processing /opt/airflow/dags/countries_dag.py took 1.715 seconds
[2026-09-11T01:27:12.098+0000] {processor.py:186} INFO - Started process (PID=2667) to work on /opt/airflow/dags/countries_dag.py
[2026-09-11T01:27:12.102+0000] {processor.py:914} INFO - Processing file /opt/airflow/dags/countries_dag.py for tasks to queue
[2026-09-11T01:27:12.106+0000] {logging_mixin.py:190} INFO - [2026-09-11T01:27:12.105+0000] {dagbag.py:588} INFO - Filling up the DagBag from /opt/airflow/dags/countries_dag.py
[2026-09-11T01:27:14.519+0000] {logging_mixin.py:190} INFO - [2026-09-11T01:27:14.505+0000] {dagbag.py:387} ERROR - Failed to import: /opt/airflow/dags/countries_dag.py
Traceback (most recent call last):
  File "/home/airflow/.local/lib/python3.11/site-packages/airflow/models/dagbag.py", line 383, in parse
    loader.exec_module(new_module)
  File "<frozen importlib._bootstrap_external>", line 940, in exec_module
  File "<frozen importlib._bootstrap>", line 241, in _call_with_frames_removed
  File "/opt/airflow/dags/countries_dag.py", line 73, in <module>
    dbt_run = DockerOperator(
              ^^^^^^^^^^^^^^^
  File "/home/airflow/.local/lib/python3.11/site-packages/airflow/models/baseoperator.py", line 508, in apply_defaults
    result = func(self, **kwargs, default_args=default_args)
             ^^^^^^^^^^^^^^^^^^^^^^^^^^^^^^^^^^^^^^^^^^^^^^^
  File "/home/airflow/.local/lib/python3.11/site-packages/airflow/providers/docker/operators/docker.py", line 256, in __init__
    super().__init__(**kwargs)
  File "/home/airflow/.local/lib/python3.11/site-packages/airflow/models/baseoperator.py", line 508, in apply_defaults
    result = func(self, **kwargs, default_args=default_args)
             ^^^^^^^^^^^^^^^^^^^^^^^^^^^^^^^^^^^^^^^^^^^^^^^
  File "/home/airflow/.local/lib/python3.11/site-packages/airflow/models/baseoperator.py", line 959, in __init__
    raise AirflowException(
airflow.exceptions.AirflowException: Invalid arguments were passed to DockerOperator (task_id: dbt_run). Invalid arguments were:
**kwargs: {'volumes': ['../dbt:/usr/app', '../dbt/profiles:/root/.dbt']}
[2026-09-11T01:27:14.521+0000] {processor.py:927} WARNING - No viable dags retrieved from /opt/airflow/dags/countries_dag.py
[2026-09-11T01:27:14.557+0000] {processor.py:208} INFO - Processing /opt/airflow/dags/countries_dag.py took 2.477 seconds
[2026-09-11T01:27:45.053+0000] {processor.py:186} INFO - Started process (PID=2674) to work on /opt/airflow/dags/countries_dag.py
[2026-09-11T01:27:45.055+0000] {processor.py:914} INFO - Processing file /opt/airflow/dags/countries_dag.py for tasks to queue
[2026-09-11T01:27:45.058+0000] {logging_mixin.py:190} INFO - [2026-09-11T01:27:45.057+0000] {dagbag.py:588} INFO - Filling up the DagBag from /opt/airflow/dags/countries_dag.py
[2026-09-11T01:27:46.929+0000] {logging_mixin.py:190} INFO - [2026-09-11T01:27:46.917+0000] {dagbag.py:387} ERROR - Failed to import: /opt/airflow/dags/countries_dag.py
Traceback (most recent call last):
  File "/home/airflow/.local/lib/python3.11/site-packages/airflow/models/dagbag.py", line 383, in parse
    loader.exec_module(new_module)
  File "<frozen importlib._bootstrap_external>", line 940, in exec_module
  File "<frozen importlib._bootstrap>", line 241, in _call_with_frames_removed
  File "/opt/airflow/dags/countries_dag.py", line 73, in <module>
    dbt_run = DockerOperator(
              ^^^^^^^^^^^^^^^
  File "/home/airflow/.local/lib/python3.11/site-packages/airflow/models/baseoperator.py", line 508, in apply_defaults
    result = func(self, **kwargs, default_args=default_args)
             ^^^^^^^^^^^^^^^^^^^^^^^^^^^^^^^^^^^^^^^^^^^^^^^
  File "/home/airflow/.local/lib/python3.11/site-packages/airflow/providers/docker/operators/docker.py", line 256, in __init__
    super().__init__(**kwargs)
  File "/home/airflow/.local/lib/python3.11/site-packages/airflow/models/baseoperator.py", line 508, in apply_defaults
    result = func(self, **kwargs, default_args=default_args)
             ^^^^^^^^^^^^^^^^^^^^^^^^^^^^^^^^^^^^^^^^^^^^^^^
  File "/home/airflow/.local/lib/python3.11/site-packages/airflow/models/baseoperator.py", line 959, in __init__
    raise AirflowException(
airflow.exceptions.AirflowException: Invalid arguments were passed to DockerOperator (task_id: dbt_run). Invalid arguments were:
**kwargs: {'volumes': ['../dbt:/usr/app', '../dbt/profiles:/root/.dbt']}
[2026-09-11T01:27:46.931+0000] {processor.py:927} WARNING - No viable dags retrieved from /opt/airflow/dags/countries_dag.py
[2026-09-11T01:27:46.962+0000] {processor.py:208} INFO - Processing /opt/airflow/dags/countries_dag.py took 1.929 seconds
[2026-09-11T01:28:17.451+0000] {processor.py:186} INFO - Started process (PID=2681) to work on /opt/airflow/dags/countries_dag.py
[2026-09-11T01:28:17.455+0000] {processor.py:914} INFO - Processing file /opt/airflow/dags/countries_dag.py for tasks to queue
[2026-09-11T01:28:17.459+0000] {logging_mixin.py:190} INFO - [2026-09-11T01:28:17.459+0000] {dagbag.py:588} INFO - Filling up the DagBag from /opt/airflow/dags/countries_dag.py
[2026-09-11T01:28:20.100+0000] {logging_mixin.py:190} INFO - [2026-09-11T01:28:20.089+0000] {dagbag.py:387} ERROR - Failed to import: /opt/airflow/dags/countries_dag.py
Traceback (most recent call last):
  File "/home/airflow/.local/lib/python3.11/site-packages/airflow/models/dagbag.py", line 383, in parse
    loader.exec_module(new_module)
  File "<frozen importlib._bootstrap_external>", line 940, in exec_module
  File "<frozen importlib._bootstrap>", line 241, in _call_with_frames_removed
  File "/opt/airflow/dags/countries_dag.py", line 73, in <module>
    dbt_run = DockerOperator(
              ^^^^^^^^^^^^^^^
  File "/home/airflow/.local/lib/python3.11/site-packages/airflow/models/baseoperator.py", line 508, in apply_defaults
    result = func(self, **kwargs, default_args=default_args)
             ^^^^^^^^^^^^^^^^^^^^^^^^^^^^^^^^^^^^^^^^^^^^^^^
  File "/home/airflow/.local/lib/python3.11/site-packages/airflow/providers/docker/operators/docker.py", line 256, in __init__
    super().__init__(**kwargs)
  File "/home/airflow/.local/lib/python3.11/site-packages/airflow/models/baseoperator.py", line 508, in apply_defaults
    result = func(self, **kwargs, default_args=default_args)
             ^^^^^^^^^^^^^^^^^^^^^^^^^^^^^^^^^^^^^^^^^^^^^^^
  File "/home/airflow/.local/lib/python3.11/site-packages/airflow/models/baseoperator.py", line 959, in __init__
    raise AirflowException(
airflow.exceptions.AirflowException: Invalid arguments were passed to DockerOperator (task_id: dbt_run). Invalid arguments were:
**kwargs: {'volumes': ['../dbt:/usr/app', '../dbt/profiles:/root/.dbt']}
[2026-09-11T01:28:20.102+0000] {processor.py:927} WARNING - No viable dags retrieved from /opt/airflow/dags/countries_dag.py
[2026-09-11T01:28:20.139+0000] {processor.py:208} INFO - Processing /opt/airflow/dags/countries_dag.py took 2.720 seconds
[2026-09-11T01:28:50.515+0000] {processor.py:186} INFO - Started process (PID=2688) to work on /opt/airflow/dags/countries_dag.py
[2026-09-11T01:28:50.517+0000] {processor.py:914} INFO - Processing file /opt/airflow/dags/countries_dag.py for tasks to queue
[2026-09-11T01:28:50.520+0000] {logging_mixin.py:190} INFO - [2026-09-11T01:28:50.519+0000] {dagbag.py:588} INFO - Filling up the DagBag from /opt/airflow/dags/countries_dag.py
[2026-09-11T01:28:52.267+0000] {logging_mixin.py:190} INFO - [2026-09-11T01:28:52.258+0000] {dagbag.py:387} ERROR - Failed to import: /opt/airflow/dags/countries_dag.py
Traceback (most recent call last):
  File "/home/airflow/.local/lib/python3.11/site-packages/airflow/models/dagbag.py", line 383, in parse
    loader.exec_module(new_module)
  File "<frozen importlib._bootstrap_external>", line 940, in exec_module
  File "<frozen importlib._bootstrap>", line 241, in _call_with_frames_removed
  File "/opt/airflow/dags/countries_dag.py", line 73, in <module>
    dbt_run = DockerOperator(
              ^^^^^^^^^^^^^^^
  File "/home/airflow/.local/lib/python3.11/site-packages/airflow/models/baseoperator.py", line 508, in apply_defaults
    result = func(self, **kwargs, default_args=default_args)
             ^^^^^^^^^^^^^^^^^^^^^^^^^^^^^^^^^^^^^^^^^^^^^^^
  File "/home/airflow/.local/lib/python3.11/site-packages/airflow/providers/docker/operators/docker.py", line 256, in __init__
    super().__init__(**kwargs)
  File "/home/airflow/.local/lib/python3.11/site-packages/airflow/models/baseoperator.py", line 508, in apply_defaults
    result = func(self, **kwargs, default_args=default_args)
             ^^^^^^^^^^^^^^^^^^^^^^^^^^^^^^^^^^^^^^^^^^^^^^^
  File "/home/airflow/.local/lib/python3.11/site-packages/airflow/models/baseoperator.py", line 959, in __init__
    raise AirflowException(
airflow.exceptions.AirflowException: Invalid arguments were passed to DockerOperator (task_id: dbt_run). Invalid arguments were:
**kwargs: {'volumes': ['../dbt:/usr/app', '../dbt/profiles:/root/.dbt']}
[2026-09-11T01:28:52.268+0000] {processor.py:927} WARNING - No viable dags retrieved from /opt/airflow/dags/countries_dag.py
[2026-09-11T01:28:52.300+0000] {processor.py:208} INFO - Processing /opt/airflow/dags/countries_dag.py took 1.798 seconds
[2026-09-11T01:29:22.728+0000] {processor.py:186} INFO - Started process (PID=2695) to work on /opt/airflow/dags/countries_dag.py
[2026-09-11T01:29:22.737+0000] {processor.py:914} INFO - Processing file /opt/airflow/dags/countries_dag.py for tasks to queue
[2026-09-11T01:29:22.741+0000] {logging_mixin.py:190} INFO - [2026-09-11T01:29:22.740+0000] {dagbag.py:588} INFO - Filling up the DagBag from /opt/airflow/dags/countries_dag.py
[2026-09-11T01:29:25.819+0000] {logging_mixin.py:190} INFO - [2026-09-11T01:29:25.715+0000] {dagbag.py:387} ERROR - Failed to import: /opt/airflow/dags/countries_dag.py
Traceback (most recent call last):
  File "/home/airflow/.local/lib/python3.11/site-packages/airflow/models/dagbag.py", line 383, in parse
    loader.exec_module(new_module)
  File "<frozen importlib._bootstrap_external>", line 940, in exec_module
  File "<frozen importlib._bootstrap>", line 241, in _call_with_frames_removed
  File "/opt/airflow/dags/countries_dag.py", line 73, in <module>
    dbt_run = DockerOperator(
              ^^^^^^^^^^^^^^^
  File "/home/airflow/.local/lib/python3.11/site-packages/airflow/models/baseoperator.py", line 508, in apply_defaults
    result = func(self, **kwargs, default_args=default_args)
             ^^^^^^^^^^^^^^^^^^^^^^^^^^^^^^^^^^^^^^^^^^^^^^^
  File "/home/airflow/.local/lib/python3.11/site-packages/airflow/providers/docker/operators/docker.py", line 256, in __init__
    super().__init__(**kwargs)
  File "/home/airflow/.local/lib/python3.11/site-packages/airflow/models/baseoperator.py", line 508, in apply_defaults
    result = func(self, **kwargs, default_args=default_args)
             ^^^^^^^^^^^^^^^^^^^^^^^^^^^^^^^^^^^^^^^^^^^^^^^
  File "/home/airflow/.local/lib/python3.11/site-packages/airflow/models/baseoperator.py", line 959, in __init__
    raise AirflowException(
airflow.exceptions.AirflowException: Invalid arguments were passed to DockerOperator (task_id: dbt_run). Invalid arguments were:
**kwargs: {'volumes': ['../dbt:/usr/app', '../dbt/profiles:/root/.dbt']}
[2026-09-11T01:29:25.821+0000] {processor.py:927} WARNING - No viable dags retrieved from /opt/airflow/dags/countries_dag.py
[2026-09-11T01:29:25.927+0000] {processor.py:208} INFO - Processing /opt/airflow/dags/countries_dag.py took 3.222 seconds
[2026-09-11T01:29:56.058+0000] {processor.py:186} INFO - Started process (PID=2702) to work on /opt/airflow/dags/countries_dag.py
[2026-09-11T01:29:56.060+0000] {processor.py:914} INFO - Processing file /opt/airflow/dags/countries_dag.py for tasks to queue
[2026-09-11T01:29:56.062+0000] {logging_mixin.py:190} INFO - [2026-09-11T01:29:56.061+0000] {dagbag.py:588} INFO - Filling up the DagBag from /opt/airflow/dags/countries_dag.py
[2026-09-11T01:29:57.966+0000] {logging_mixin.py:190} INFO - [2026-09-11T01:29:57.952+0000] {dagbag.py:387} ERROR - Failed to import: /opt/airflow/dags/countries_dag.py
Traceback (most recent call last):
  File "/home/airflow/.local/lib/python3.11/site-packages/airflow/models/dagbag.py", line 383, in parse
    loader.exec_module(new_module)
  File "<frozen importlib._bootstrap_external>", line 940, in exec_module
  File "<frozen importlib._bootstrap>", line 241, in _call_with_frames_removed
  File "/opt/airflow/dags/countries_dag.py", line 73, in <module>
    dbt_run = DockerOperator(
              ^^^^^^^^^^^^^^^
  File "/home/airflow/.local/lib/python3.11/site-packages/airflow/models/baseoperator.py", line 508, in apply_defaults
    result = func(self, **kwargs, default_args=default_args)
             ^^^^^^^^^^^^^^^^^^^^^^^^^^^^^^^^^^^^^^^^^^^^^^^
  File "/home/airflow/.local/lib/python3.11/site-packages/airflow/providers/docker/operators/docker.py", line 256, in __init__
    super().__init__(**kwargs)
  File "/home/airflow/.local/lib/python3.11/site-packages/airflow/models/baseoperator.py", line 508, in apply_defaults
    result = func(self, **kwargs, default_args=default_args)
             ^^^^^^^^^^^^^^^^^^^^^^^^^^^^^^^^^^^^^^^^^^^^^^^
  File "/home/airflow/.local/lib/python3.11/site-packages/airflow/models/baseoperator.py", line 959, in __init__
    raise AirflowException(
airflow.exceptions.AirflowException: Invalid arguments were passed to DockerOperator (task_id: dbt_run). Invalid arguments were:
**kwargs: {'volumes': ['../dbt:/usr/app', '../dbt/profiles:/root/.dbt']}
[2026-09-11T01:29:57.968+0000] {processor.py:927} WARNING - No viable dags retrieved from /opt/airflow/dags/countries_dag.py
[2026-09-11T01:29:58.004+0000] {processor.py:208} INFO - Processing /opt/airflow/dags/countries_dag.py took 1.958 seconds
[2026-09-11T01:30:28.527+0000] {processor.py:186} INFO - Started process (PID=2709) to work on /opt/airflow/dags/countries_dag.py
[2026-09-11T01:30:28.532+0000] {processor.py:914} INFO - Processing file /opt/airflow/dags/countries_dag.py for tasks to queue
[2026-09-11T01:30:28.539+0000] {logging_mixin.py:190} INFO - [2026-09-11T01:30:28.538+0000] {dagbag.py:588} INFO - Filling up the DagBag from /opt/airflow/dags/countries_dag.py
[2026-09-11T01:30:31.750+0000] {logging_mixin.py:190} INFO - [2026-09-11T01:30:31.731+0000] {dagbag.py:387} ERROR - Failed to import: /opt/airflow/dags/countries_dag.py
Traceback (most recent call last):
  File "/home/airflow/.local/lib/python3.11/site-packages/airflow/models/dagbag.py", line 383, in parse
    loader.exec_module(new_module)
  File "<frozen importlib._bootstrap_external>", line 940, in exec_module
  File "<frozen importlib._bootstrap>", line 241, in _call_with_frames_removed
  File "/opt/airflow/dags/countries_dag.py", line 73, in <module>
    dbt_run = DockerOperator(
              ^^^^^^^^^^^^^^^
  File "/home/airflow/.local/lib/python3.11/site-packages/airflow/models/baseoperator.py", line 508, in apply_defaults
    result = func(self, **kwargs, default_args=default_args)
             ^^^^^^^^^^^^^^^^^^^^^^^^^^^^^^^^^^^^^^^^^^^^^^^
  File "/home/airflow/.local/lib/python3.11/site-packages/airflow/providers/docker/operators/docker.py", line 256, in __init__
    super().__init__(**kwargs)
  File "/home/airflow/.local/lib/python3.11/site-packages/airflow/models/baseoperator.py", line 508, in apply_defaults
    result = func(self, **kwargs, default_args=default_args)
             ^^^^^^^^^^^^^^^^^^^^^^^^^^^^^^^^^^^^^^^^^^^^^^^
  File "/home/airflow/.local/lib/python3.11/site-packages/airflow/models/baseoperator.py", line 959, in __init__
    raise AirflowException(
airflow.exceptions.AirflowException: Invalid arguments were passed to DockerOperator (task_id: dbt_run). Invalid arguments were:
**kwargs: {'volumes': ['../dbt:/usr/app', '../dbt/profiles:/root/.dbt']}
[2026-09-11T01:30:31.753+0000] {processor.py:927} WARNING - No viable dags retrieved from /opt/airflow/dags/countries_dag.py
[2026-09-11T01:30:31.792+0000] {processor.py:208} INFO - Processing /opt/airflow/dags/countries_dag.py took 3.283 seconds
[2026-09-11T01:31:02.057+0000] {processor.py:186} INFO - Started process (PID=2716) to work on /opt/airflow/dags/countries_dag.py
[2026-09-11T01:31:02.061+0000] {processor.py:914} INFO - Processing file /opt/airflow/dags/countries_dag.py for tasks to queue
[2026-09-11T01:31:02.066+0000] {logging_mixin.py:190} INFO - [2026-09-11T01:31:02.065+0000] {dagbag.py:588} INFO - Filling up the DagBag from /opt/airflow/dags/countries_dag.py
[2026-09-11T01:31:05.489+0000] {logging_mixin.py:190} INFO - [2026-09-11T01:31:05.480+0000] {dagbag.py:387} ERROR - Failed to import: /opt/airflow/dags/countries_dag.py
Traceback (most recent call last):
  File "/home/airflow/.local/lib/python3.11/site-packages/airflow/models/dagbag.py", line 383, in parse
    loader.exec_module(new_module)
  File "<frozen importlib._bootstrap_external>", line 940, in exec_module
  File "<frozen importlib._bootstrap>", line 241, in _call_with_frames_removed
  File "/opt/airflow/dags/countries_dag.py", line 73, in <module>
    dbt_run = DockerOperator(
              ^^^^^^^^^^^^^^^
  File "/home/airflow/.local/lib/python3.11/site-packages/airflow/models/baseoperator.py", line 508, in apply_defaults
    result = func(self, **kwargs, default_args=default_args)
             ^^^^^^^^^^^^^^^^^^^^^^^^^^^^^^^^^^^^^^^^^^^^^^^
  File "/home/airflow/.local/lib/python3.11/site-packages/airflow/providers/docker/operators/docker.py", line 256, in __init__
    super().__init__(**kwargs)
  File "/home/airflow/.local/lib/python3.11/site-packages/airflow/models/baseoperator.py", line 508, in apply_defaults
    result = func(self, **kwargs, default_args=default_args)
             ^^^^^^^^^^^^^^^^^^^^^^^^^^^^^^^^^^^^^^^^^^^^^^^
  File "/home/airflow/.local/lib/python3.11/site-packages/airflow/models/baseoperator.py", line 959, in __init__
    raise AirflowException(
airflow.exceptions.AirflowException: Invalid arguments were passed to DockerOperator (task_id: dbt_run). Invalid arguments were:
**kwargs: {'volumes': ['../dbt:/usr/app', '../dbt/profiles:/root/.dbt']}
[2026-09-11T01:31:05.491+0000] {processor.py:927} WARNING - No viable dags retrieved from /opt/airflow/dags/countries_dag.py
[2026-09-11T01:31:05.519+0000] {processor.py:208} INFO - Processing /opt/airflow/dags/countries_dag.py took 3.485 seconds
[2026-09-11T01:31:35.623+0000] {processor.py:186} INFO - Started process (PID=2723) to work on /opt/airflow/dags/countries_dag.py
[2026-09-11T01:31:35.625+0000] {processor.py:914} INFO - Processing file /opt/airflow/dags/countries_dag.py for tasks to queue
[2026-09-11T01:31:35.629+0000] {logging_mixin.py:190} INFO - [2026-09-11T01:31:35.628+0000] {dagbag.py:588} INFO - Filling up the DagBag from /opt/airflow/dags/countries_dag.py
[2026-09-11T01:31:38.045+0000] {logging_mixin.py:190} INFO - [2026-09-11T01:31:38.036+0000] {dagbag.py:387} ERROR - Failed to import: /opt/airflow/dags/countries_dag.py
Traceback (most recent call last):
  File "/home/airflow/.local/lib/python3.11/site-packages/airflow/models/dagbag.py", line 383, in parse
    loader.exec_module(new_module)
  File "<frozen importlib._bootstrap_external>", line 940, in exec_module
  File "<frozen importlib._bootstrap>", line 241, in _call_with_frames_removed
  File "/opt/airflow/dags/countries_dag.py", line 73, in <module>
    dbt_run = DockerOperator(
              ^^^^^^^^^^^^^^^
  File "/home/airflow/.local/lib/python3.11/site-packages/airflow/models/baseoperator.py", line 508, in apply_defaults
    result = func(self, **kwargs, default_args=default_args)
             ^^^^^^^^^^^^^^^^^^^^^^^^^^^^^^^^^^^^^^^^^^^^^^^
  File "/home/airflow/.local/lib/python3.11/site-packages/airflow/providers/docker/operators/docker.py", line 256, in __init__
    super().__init__(**kwargs)
  File "/home/airflow/.local/lib/python3.11/site-packages/airflow/models/baseoperator.py", line 508, in apply_defaults
    result = func(self, **kwargs, default_args=default_args)
             ^^^^^^^^^^^^^^^^^^^^^^^^^^^^^^^^^^^^^^^^^^^^^^^
  File "/home/airflow/.local/lib/python3.11/site-packages/airflow/models/baseoperator.py", line 959, in __init__
    raise AirflowException(
airflow.exceptions.AirflowException: Invalid arguments were passed to DockerOperator (task_id: dbt_run). Invalid arguments were:
**kwargs: {'volumes': ['../dbt:/usr/app', '../dbt/profiles:/root/.dbt']}
[2026-09-11T01:31:38.047+0000] {processor.py:927} WARNING - No viable dags retrieved from /opt/airflow/dags/countries_dag.py
[2026-09-11T01:31:38.084+0000] {processor.py:208} INFO - Processing /opt/airflow/dags/countries_dag.py took 2.476 seconds
[2026-09-11T01:32:08.272+0000] {processor.py:186} INFO - Started process (PID=2730) to work on /opt/airflow/dags/countries_dag.py
[2026-09-11T01:32:08.273+0000] {processor.py:914} INFO - Processing file /opt/airflow/dags/countries_dag.py for tasks to queue
[2026-09-11T01:32:08.276+0000] {logging_mixin.py:190} INFO - [2026-09-11T01:32:08.275+0000] {dagbag.py:588} INFO - Filling up the DagBag from /opt/airflow/dags/countries_dag.py
[2026-09-11T01:32:10.393+0000] {logging_mixin.py:190} INFO - [2026-09-11T01:32:10.384+0000] {dagbag.py:387} ERROR - Failed to import: /opt/airflow/dags/countries_dag.py
Traceback (most recent call last):
  File "/home/airflow/.local/lib/python3.11/site-packages/airflow/models/dagbag.py", line 383, in parse
    loader.exec_module(new_module)
  File "<frozen importlib._bootstrap_external>", line 940, in exec_module
  File "<frozen importlib._bootstrap>", line 241, in _call_with_frames_removed
  File "/opt/airflow/dags/countries_dag.py", line 73, in <module>
    dbt_run = DockerOperator(
              ^^^^^^^^^^^^^^^
  File "/home/airflow/.local/lib/python3.11/site-packages/airflow/models/baseoperator.py", line 508, in apply_defaults
    result = func(self, **kwargs, default_args=default_args)
             ^^^^^^^^^^^^^^^^^^^^^^^^^^^^^^^^^^^^^^^^^^^^^^^
  File "/home/airflow/.local/lib/python3.11/site-packages/airflow/providers/docker/operators/docker.py", line 256, in __init__
    super().__init__(**kwargs)
  File "/home/airflow/.local/lib/python3.11/site-packages/airflow/models/baseoperator.py", line 508, in apply_defaults
    result = func(self, **kwargs, default_args=default_args)
             ^^^^^^^^^^^^^^^^^^^^^^^^^^^^^^^^^^^^^^^^^^^^^^^
  File "/home/airflow/.local/lib/python3.11/site-packages/airflow/models/baseoperator.py", line 959, in __init__
    raise AirflowException(
airflow.exceptions.AirflowException: Invalid arguments were passed to DockerOperator (task_id: dbt_run). Invalid arguments were:
**kwargs: {'volumes': ['../dbt:/usr/app', '../dbt/profiles:/root/.dbt']}
[2026-09-11T01:32:10.396+0000] {processor.py:927} WARNING - No viable dags retrieved from /opt/airflow/dags/countries_dag.py
[2026-09-11T01:32:10.422+0000] {processor.py:208} INFO - Processing /opt/airflow/dags/countries_dag.py took 2.162 seconds
[2026-09-11T01:32:40.777+0000] {processor.py:186} INFO - Started process (PID=2737) to work on /opt/airflow/dags/countries_dag.py
[2026-09-11T01:32:40.780+0000] {processor.py:914} INFO - Processing file /opt/airflow/dags/countries_dag.py for tasks to queue
[2026-09-11T01:32:40.782+0000] {logging_mixin.py:190} INFO - [2026-09-11T01:32:40.782+0000] {dagbag.py:588} INFO - Filling up the DagBag from /opt/airflow/dags/countries_dag.py
[2026-09-11T01:32:42.408+0000] {logging_mixin.py:190} INFO - [2026-09-11T01:32:42.397+0000] {dagbag.py:387} ERROR - Failed to import: /opt/airflow/dags/countries_dag.py
Traceback (most recent call last):
  File "/home/airflow/.local/lib/python3.11/site-packages/airflow/models/dagbag.py", line 383, in parse
    loader.exec_module(new_module)
  File "<frozen importlib._bootstrap_external>", line 940, in exec_module
  File "<frozen importlib._bootstrap>", line 241, in _call_with_frames_removed
  File "/opt/airflow/dags/countries_dag.py", line 73, in <module>
    dbt_run = DockerOperator(
              ^^^^^^^^^^^^^^^
  File "/home/airflow/.local/lib/python3.11/site-packages/airflow/models/baseoperator.py", line 508, in apply_defaults
    result = func(self, **kwargs, default_args=default_args)
             ^^^^^^^^^^^^^^^^^^^^^^^^^^^^^^^^^^^^^^^^^^^^^^^
  File "/home/airflow/.local/lib/python3.11/site-packages/airflow/providers/docker/operators/docker.py", line 256, in __init__
    super().__init__(**kwargs)
  File "/home/airflow/.local/lib/python3.11/site-packages/airflow/models/baseoperator.py", line 508, in apply_defaults
    result = func(self, **kwargs, default_args=default_args)
             ^^^^^^^^^^^^^^^^^^^^^^^^^^^^^^^^^^^^^^^^^^^^^^^
  File "/home/airflow/.local/lib/python3.11/site-packages/airflow/models/baseoperator.py", line 959, in __init__
    raise AirflowException(
airflow.exceptions.AirflowException: Invalid arguments were passed to DockerOperator (task_id: dbt_run). Invalid arguments were:
**kwargs: {'volumes': ['../dbt:/usr/app', '../dbt/profiles:/root/.dbt']}
[2026-09-11T01:32:42.411+0000] {processor.py:927} WARNING - No viable dags retrieved from /opt/airflow/dags/countries_dag.py
[2026-09-11T01:32:42.454+0000] {processor.py:208} INFO - Processing /opt/airflow/dags/countries_dag.py took 1.691 seconds
[2026-09-11T01:33:12.879+0000] {processor.py:186} INFO - Started process (PID=2744) to work on /opt/airflow/dags/countries_dag.py
[2026-09-11T01:33:12.884+0000] {processor.py:914} INFO - Processing file /opt/airflow/dags/countries_dag.py for tasks to queue
[2026-09-11T01:33:12.887+0000] {logging_mixin.py:190} INFO - [2026-09-11T01:33:12.887+0000] {dagbag.py:588} INFO - Filling up the DagBag from /opt/airflow/dags/countries_dag.py
[2026-09-11T01:33:15.090+0000] {logging_mixin.py:190} INFO - [2026-09-11T01:33:15.080+0000] {dagbag.py:387} ERROR - Failed to import: /opt/airflow/dags/countries_dag.py
Traceback (most recent call last):
  File "/home/airflow/.local/lib/python3.11/site-packages/airflow/models/dagbag.py", line 383, in parse
    loader.exec_module(new_module)
  File "<frozen importlib._bootstrap_external>", line 940, in exec_module
  File "<frozen importlib._bootstrap>", line 241, in _call_with_frames_removed
  File "/opt/airflow/dags/countries_dag.py", line 73, in <module>
    dbt_run = DockerOperator(
              ^^^^^^^^^^^^^^^
  File "/home/airflow/.local/lib/python3.11/site-packages/airflow/models/baseoperator.py", line 508, in apply_defaults
    result = func(self, **kwargs, default_args=default_args)
             ^^^^^^^^^^^^^^^^^^^^^^^^^^^^^^^^^^^^^^^^^^^^^^^
  File "/home/airflow/.local/lib/python3.11/site-packages/airflow/providers/docker/operators/docker.py", line 256, in __init__
    super().__init__(**kwargs)
  File "/home/airflow/.local/lib/python3.11/site-packages/airflow/models/baseoperator.py", line 508, in apply_defaults
    result = func(self, **kwargs, default_args=default_args)
             ^^^^^^^^^^^^^^^^^^^^^^^^^^^^^^^^^^^^^^^^^^^^^^^
  File "/home/airflow/.local/lib/python3.11/site-packages/airflow/models/baseoperator.py", line 959, in __init__
    raise AirflowException(
airflow.exceptions.AirflowException: Invalid arguments were passed to DockerOperator (task_id: dbt_run). Invalid arguments were:
**kwargs: {'volumes': ['../dbt:/usr/app', '../dbt/profiles:/root/.dbt']}
[2026-09-11T01:33:15.091+0000] {processor.py:927} WARNING - No viable dags retrieved from /opt/airflow/dags/countries_dag.py
[2026-09-11T01:33:15.118+0000] {processor.py:208} INFO - Processing /opt/airflow/dags/countries_dag.py took 2.259 seconds
[2026-09-11T01:33:45.489+0000] {processor.py:186} INFO - Started process (PID=2751) to work on /opt/airflow/dags/countries_dag.py
[2026-09-11T01:33:45.491+0000] {processor.py:914} INFO - Processing file /opt/airflow/dags/countries_dag.py for tasks to queue
[2026-09-11T01:33:45.494+0000] {logging_mixin.py:190} INFO - [2026-09-11T01:33:45.493+0000] {dagbag.py:588} INFO - Filling up the DagBag from /opt/airflow/dags/countries_dag.py
[2026-09-11T01:33:47.121+0000] {logging_mixin.py:190} INFO - [2026-09-11T01:33:47.111+0000] {dagbag.py:387} ERROR - Failed to import: /opt/airflow/dags/countries_dag.py
Traceback (most recent call last):
  File "/home/airflow/.local/lib/python3.11/site-packages/airflow/models/dagbag.py", line 383, in parse
    loader.exec_module(new_module)
  File "<frozen importlib._bootstrap_external>", line 940, in exec_module
  File "<frozen importlib._bootstrap>", line 241, in _call_with_frames_removed
  File "/opt/airflow/dags/countries_dag.py", line 73, in <module>
    dbt_run = DockerOperator(
              ^^^^^^^^^^^^^^^
  File "/home/airflow/.local/lib/python3.11/site-packages/airflow/models/baseoperator.py", line 508, in apply_defaults
    result = func(self, **kwargs, default_args=default_args)
             ^^^^^^^^^^^^^^^^^^^^^^^^^^^^^^^^^^^^^^^^^^^^^^^
  File "/home/airflow/.local/lib/python3.11/site-packages/airflow/providers/docker/operators/docker.py", line 256, in __init__
    super().__init__(**kwargs)
  File "/home/airflow/.local/lib/python3.11/site-packages/airflow/models/baseoperator.py", line 508, in apply_defaults
    result = func(self, **kwargs, default_args=default_args)
             ^^^^^^^^^^^^^^^^^^^^^^^^^^^^^^^^^^^^^^^^^^^^^^^
  File "/home/airflow/.local/lib/python3.11/site-packages/airflow/models/baseoperator.py", line 959, in __init__
    raise AirflowException(
airflow.exceptions.AirflowException: Invalid arguments were passed to DockerOperator (task_id: dbt_run). Invalid arguments were:
**kwargs: {'volumes': ['../dbt:/usr/app', '../dbt/profiles:/root/.dbt']}
[2026-09-11T01:33:47.123+0000] {processor.py:927} WARNING - No viable dags retrieved from /opt/airflow/dags/countries_dag.py
[2026-09-11T01:33:47.164+0000] {processor.py:208} INFO - Processing /opt/airflow/dags/countries_dag.py took 1.686 seconds
[2026-09-11T01:34:17.504+0000] {processor.py:186} INFO - Started process (PID=2758) to work on /opt/airflow/dags/countries_dag.py
[2026-09-11T01:34:17.505+0000] {processor.py:914} INFO - Processing file /opt/airflow/dags/countries_dag.py for tasks to queue
[2026-09-11T01:34:17.510+0000] {logging_mixin.py:190} INFO - [2026-09-11T01:34:17.509+0000] {dagbag.py:588} INFO - Filling up the DagBag from /opt/airflow/dags/countries_dag.py
[2026-09-11T01:34:19.237+0000] {logging_mixin.py:190} INFO - [2026-09-11T01:34:19.224+0000] {dagbag.py:387} ERROR - Failed to import: /opt/airflow/dags/countries_dag.py
Traceback (most recent call last):
  File "/home/airflow/.local/lib/python3.11/site-packages/airflow/models/dagbag.py", line 383, in parse
    loader.exec_module(new_module)
  File "<frozen importlib._bootstrap_external>", line 940, in exec_module
  File "<frozen importlib._bootstrap>", line 241, in _call_with_frames_removed
  File "/opt/airflow/dags/countries_dag.py", line 73, in <module>
    dbt_run = DockerOperator(
              ^^^^^^^^^^^^^^^
  File "/home/airflow/.local/lib/python3.11/site-packages/airflow/models/baseoperator.py", line 508, in apply_defaults
    result = func(self, **kwargs, default_args=default_args)
             ^^^^^^^^^^^^^^^^^^^^^^^^^^^^^^^^^^^^^^^^^^^^^^^
  File "/home/airflow/.local/lib/python3.11/site-packages/airflow/providers/docker/operators/docker.py", line 256, in __init__
    super().__init__(**kwargs)
  File "/home/airflow/.local/lib/python3.11/site-packages/airflow/models/baseoperator.py", line 508, in apply_defaults
    result = func(self, **kwargs, default_args=default_args)
             ^^^^^^^^^^^^^^^^^^^^^^^^^^^^^^^^^^^^^^^^^^^^^^^
  File "/home/airflow/.local/lib/python3.11/site-packages/airflow/models/baseoperator.py", line 959, in __init__
    raise AirflowException(
airflow.exceptions.AirflowException: Invalid arguments were passed to DockerOperator (task_id: dbt_run). Invalid arguments were:
**kwargs: {'volumes': ['../dbt:/usr/app', '../dbt/profiles:/root/.dbt']}
[2026-09-11T01:34:19.238+0000] {processor.py:927} WARNING - No viable dags retrieved from /opt/airflow/dags/countries_dag.py
[2026-09-11T01:34:19.291+0000] {processor.py:208} INFO - Processing /opt/airflow/dags/countries_dag.py took 1.796 seconds
[2026-09-11T01:34:49.693+0000] {processor.py:186} INFO - Started process (PID=2765) to work on /opt/airflow/dags/countries_dag.py
[2026-09-11T01:34:49.695+0000] {processor.py:914} INFO - Processing file /opt/airflow/dags/countries_dag.py for tasks to queue
[2026-09-11T01:34:49.698+0000] {logging_mixin.py:190} INFO - [2026-09-11T01:34:49.697+0000] {dagbag.py:588} INFO - Filling up the DagBag from /opt/airflow/dags/countries_dag.py
[2026-09-11T01:34:51.893+0000] {logging_mixin.py:190} INFO - [2026-09-11T01:34:51.884+0000] {dagbag.py:387} ERROR - Failed to import: /opt/airflow/dags/countries_dag.py
Traceback (most recent call last):
  File "/home/airflow/.local/lib/python3.11/site-packages/airflow/models/dagbag.py", line 383, in parse
    loader.exec_module(new_module)
  File "<frozen importlib._bootstrap_external>", line 940, in exec_module
  File "<frozen importlib._bootstrap>", line 241, in _call_with_frames_removed
  File "/opt/airflow/dags/countries_dag.py", line 73, in <module>
    dbt_run = DockerOperator(
              ^^^^^^^^^^^^^^^
  File "/home/airflow/.local/lib/python3.11/site-packages/airflow/models/baseoperator.py", line 508, in apply_defaults
    result = func(self, **kwargs, default_args=default_args)
             ^^^^^^^^^^^^^^^^^^^^^^^^^^^^^^^^^^^^^^^^^^^^^^^
  File "/home/airflow/.local/lib/python3.11/site-packages/airflow/providers/docker/operators/docker.py", line 256, in __init__
    super().__init__(**kwargs)
  File "/home/airflow/.local/lib/python3.11/site-packages/airflow/models/baseoperator.py", line 508, in apply_defaults
    result = func(self, **kwargs, default_args=default_args)
             ^^^^^^^^^^^^^^^^^^^^^^^^^^^^^^^^^^^^^^^^^^^^^^^
  File "/home/airflow/.local/lib/python3.11/site-packages/airflow/models/baseoperator.py", line 959, in __init__
    raise AirflowException(
airflow.exceptions.AirflowException: Invalid arguments were passed to DockerOperator (task_id: dbt_run). Invalid arguments were:
**kwargs: {'volumes': ['../dbt:/usr/app', '../dbt/profiles:/root/.dbt']}
[2026-09-11T01:34:51.894+0000] {processor.py:927} WARNING - No viable dags retrieved from /opt/airflow/dags/countries_dag.py
[2026-09-11T01:34:51.931+0000] {processor.py:208} INFO - Processing /opt/airflow/dags/countries_dag.py took 2.251 seconds
[2026-09-11T01:35:22.105+0000] {processor.py:186} INFO - Started process (PID=2772) to work on /opt/airflow/dags/countries_dag.py
[2026-09-11T01:35:22.106+0000] {processor.py:914} INFO - Processing file /opt/airflow/dags/countries_dag.py for tasks to queue
[2026-09-11T01:35:22.108+0000] {logging_mixin.py:190} INFO - [2026-09-11T01:35:22.108+0000] {dagbag.py:588} INFO - Filling up the DagBag from /opt/airflow/dags/countries_dag.py
[2026-09-11T01:35:24.007+0000] {logging_mixin.py:190} INFO - [2026-09-11T01:35:23.999+0000] {dagbag.py:387} ERROR - Failed to import: /opt/airflow/dags/countries_dag.py
Traceback (most recent call last):
  File "/home/airflow/.local/lib/python3.11/site-packages/airflow/models/dagbag.py", line 383, in parse
    loader.exec_module(new_module)
  File "<frozen importlib._bootstrap_external>", line 940, in exec_module
  File "<frozen importlib._bootstrap>", line 241, in _call_with_frames_removed
  File "/opt/airflow/dags/countries_dag.py", line 73, in <module>
    dbt_run = DockerOperator(
              ^^^^^^^^^^^^^^^
  File "/home/airflow/.local/lib/python3.11/site-packages/airflow/models/baseoperator.py", line 508, in apply_defaults
    result = func(self, **kwargs, default_args=default_args)
             ^^^^^^^^^^^^^^^^^^^^^^^^^^^^^^^^^^^^^^^^^^^^^^^
  File "/home/airflow/.local/lib/python3.11/site-packages/airflow/providers/docker/operators/docker.py", line 256, in __init__
    super().__init__(**kwargs)
  File "/home/airflow/.local/lib/python3.11/site-packages/airflow/models/baseoperator.py", line 508, in apply_defaults
    result = func(self, **kwargs, default_args=default_args)
             ^^^^^^^^^^^^^^^^^^^^^^^^^^^^^^^^^^^^^^^^^^^^^^^
  File "/home/airflow/.local/lib/python3.11/site-packages/airflow/models/baseoperator.py", line 959, in __init__
    raise AirflowException(
airflow.exceptions.AirflowException: Invalid arguments were passed to DockerOperator (task_id: dbt_run). Invalid arguments were:
**kwargs: {'volumes': ['../dbt:/usr/app', '../dbt/profiles:/root/.dbt']}
[2026-09-11T01:35:24.009+0000] {processor.py:927} WARNING - No viable dags retrieved from /opt/airflow/dags/countries_dag.py
[2026-09-11T01:35:24.051+0000] {processor.py:208} INFO - Processing /opt/airflow/dags/countries_dag.py took 1.957 seconds
[2026-09-11T01:35:54.648+0000] {processor.py:186} INFO - Started process (PID=2780) to work on /opt/airflow/dags/countries_dag.py
[2026-09-11T01:35:54.662+0000] {processor.py:914} INFO - Processing file /opt/airflow/dags/countries_dag.py for tasks to queue
[2026-09-11T01:35:54.677+0000] {logging_mixin.py:190} INFO - [2026-09-11T01:35:54.675+0000] {dagbag.py:588} INFO - Filling up the DagBag from /opt/airflow/dags/countries_dag.py
[2026-09-11T01:35:56.992+0000] {logging_mixin.py:190} INFO - [2026-09-11T01:35:56.985+0000] {dagbag.py:387} ERROR - Failed to import: /opt/airflow/dags/countries_dag.py
Traceback (most recent call last):
  File "/home/airflow/.local/lib/python3.11/site-packages/airflow/models/dagbag.py", line 383, in parse
    loader.exec_module(new_module)
  File "<frozen importlib._bootstrap_external>", line 940, in exec_module
  File "<frozen importlib._bootstrap>", line 241, in _call_with_frames_removed
  File "/opt/airflow/dags/countries_dag.py", line 73, in <module>
    dbt_run = DockerOperator(
              ^^^^^^^^^^^^^^^
  File "/home/airflow/.local/lib/python3.11/site-packages/airflow/models/baseoperator.py", line 508, in apply_defaults
    result = func(self, **kwargs, default_args=default_args)
             ^^^^^^^^^^^^^^^^^^^^^^^^^^^^^^^^^^^^^^^^^^^^^^^
  File "/home/airflow/.local/lib/python3.11/site-packages/airflow/providers/docker/operators/docker.py", line 256, in __init__
    super().__init__(**kwargs)
  File "/home/airflow/.local/lib/python3.11/site-packages/airflow/models/baseoperator.py", line 508, in apply_defaults
    result = func(self, **kwargs, default_args=default_args)
             ^^^^^^^^^^^^^^^^^^^^^^^^^^^^^^^^^^^^^^^^^^^^^^^
  File "/home/airflow/.local/lib/python3.11/site-packages/airflow/models/baseoperator.py", line 959, in __init__
    raise AirflowException(
airflow.exceptions.AirflowException: Invalid arguments were passed to DockerOperator (task_id: dbt_run). Invalid arguments were:
**kwargs: {'volumes': ['../dbt:/usr/app', '../dbt/profiles:/root/.dbt']}
[2026-09-11T01:35:56.993+0000] {processor.py:927} WARNING - No viable dags retrieved from /opt/airflow/dags/countries_dag.py
[2026-09-11T01:35:57.067+0000] {processor.py:208} INFO - Processing /opt/airflow/dags/countries_dag.py took 2.531 seconds
[2026-09-11T01:36:27.176+0000] {processor.py:186} INFO - Started process (PID=2787) to work on /opt/airflow/dags/countries_dag.py
[2026-09-11T01:36:27.178+0000] {processor.py:914} INFO - Processing file /opt/airflow/dags/countries_dag.py for tasks to queue
[2026-09-11T01:36:27.181+0000] {logging_mixin.py:190} INFO - [2026-09-11T01:36:27.180+0000] {dagbag.py:588} INFO - Filling up the DagBag from /opt/airflow/dags/countries_dag.py
[2026-09-11T01:36:29.075+0000] {logging_mixin.py:190} INFO - [2026-09-11T01:36:29.065+0000] {dagbag.py:387} ERROR - Failed to import: /opt/airflow/dags/countries_dag.py
Traceback (most recent call last):
  File "/home/airflow/.local/lib/python3.11/site-packages/airflow/models/dagbag.py", line 383, in parse
    loader.exec_module(new_module)
  File "<frozen importlib._bootstrap_external>", line 940, in exec_module
  File "<frozen importlib._bootstrap>", line 241, in _call_with_frames_removed
  File "/opt/airflow/dags/countries_dag.py", line 73, in <module>
    dbt_run = DockerOperator(
              ^^^^^^^^^^^^^^^
  File "/home/airflow/.local/lib/python3.11/site-packages/airflow/models/baseoperator.py", line 508, in apply_defaults
    result = func(self, **kwargs, default_args=default_args)
             ^^^^^^^^^^^^^^^^^^^^^^^^^^^^^^^^^^^^^^^^^^^^^^^
  File "/home/airflow/.local/lib/python3.11/site-packages/airflow/providers/docker/operators/docker.py", line 256, in __init__
    super().__init__(**kwargs)
  File "/home/airflow/.local/lib/python3.11/site-packages/airflow/models/baseoperator.py", line 508, in apply_defaults
    result = func(self, **kwargs, default_args=default_args)
             ^^^^^^^^^^^^^^^^^^^^^^^^^^^^^^^^^^^^^^^^^^^^^^^
  File "/home/airflow/.local/lib/python3.11/site-packages/airflow/models/baseoperator.py", line 959, in __init__
    raise AirflowException(
airflow.exceptions.AirflowException: Invalid arguments were passed to DockerOperator (task_id: dbt_run). Invalid arguments were:
**kwargs: {'volumes': ['../dbt:/usr/app', '../dbt/profiles:/root/.dbt']}
[2026-09-11T01:36:29.077+0000] {processor.py:927} WARNING - No viable dags retrieved from /opt/airflow/dags/countries_dag.py
[2026-09-11T01:36:29.125+0000] {processor.py:208} INFO - Processing /opt/airflow/dags/countries_dag.py took 1.964 seconds
[2026-09-11T01:36:59.714+0000] {processor.py:186} INFO - Started process (PID=2794) to work on /opt/airflow/dags/countries_dag.py
[2026-09-11T01:36:59.736+0000] {processor.py:914} INFO - Processing file /opt/airflow/dags/countries_dag.py for tasks to queue
[2026-09-11T01:36:59.751+0000] {logging_mixin.py:190} INFO - [2026-09-11T01:36:59.745+0000] {dagbag.py:588} INFO - Filling up the DagBag from /opt/airflow/dags/countries_dag.py
[2026-09-11T01:37:02.774+0000] {logging_mixin.py:190} INFO - [2026-09-11T01:37:02.754+0000] {dagbag.py:387} ERROR - Failed to import: /opt/airflow/dags/countries_dag.py
Traceback (most recent call last):
  File "/home/airflow/.local/lib/python3.11/site-packages/airflow/models/dagbag.py", line 383, in parse
    loader.exec_module(new_module)
  File "<frozen importlib._bootstrap_external>", line 940, in exec_module
  File "<frozen importlib._bootstrap>", line 241, in _call_with_frames_removed
  File "/opt/airflow/dags/countries_dag.py", line 73, in <module>
    dbt_run = DockerOperator(
              ^^^^^^^^^^^^^^^
  File "/home/airflow/.local/lib/python3.11/site-packages/airflow/models/baseoperator.py", line 508, in apply_defaults
    result = func(self, **kwargs, default_args=default_args)
             ^^^^^^^^^^^^^^^^^^^^^^^^^^^^^^^^^^^^^^^^^^^^^^^
  File "/home/airflow/.local/lib/python3.11/site-packages/airflow/providers/docker/operators/docker.py", line 256, in __init__
    super().__init__(**kwargs)
  File "/home/airflow/.local/lib/python3.11/site-packages/airflow/models/baseoperator.py", line 508, in apply_defaults
    result = func(self, **kwargs, default_args=default_args)
             ^^^^^^^^^^^^^^^^^^^^^^^^^^^^^^^^^^^^^^^^^^^^^^^
  File "/home/airflow/.local/lib/python3.11/site-packages/airflow/models/baseoperator.py", line 959, in __init__
    raise AirflowException(
airflow.exceptions.AirflowException: Invalid arguments were passed to DockerOperator (task_id: dbt_run). Invalid arguments were:
**kwargs: {'volumes': ['../dbt:/usr/app', '../dbt/profiles:/root/.dbt']}
[2026-09-11T01:37:02.779+0000] {processor.py:927} WARNING - No viable dags retrieved from /opt/airflow/dags/countries_dag.py
[2026-09-11T01:37:02.828+0000] {processor.py:208} INFO - Processing /opt/airflow/dags/countries_dag.py took 3.222 seconds
[2026-09-11T01:37:32.995+0000] {processor.py:186} INFO - Started process (PID=2801) to work on /opt/airflow/dags/countries_dag.py
[2026-09-11T01:37:33.001+0000] {processor.py:914} INFO - Processing file /opt/airflow/dags/countries_dag.py for tasks to queue
[2026-09-11T01:37:33.007+0000] {logging_mixin.py:190} INFO - [2026-09-11T01:37:33.005+0000] {dagbag.py:588} INFO - Filling up the DagBag from /opt/airflow/dags/countries_dag.py
[2026-09-11T01:37:35.310+0000] {logging_mixin.py:190} INFO - [2026-09-11T01:37:35.301+0000] {dagbag.py:387} ERROR - Failed to import: /opt/airflow/dags/countries_dag.py
Traceback (most recent call last):
  File "/home/airflow/.local/lib/python3.11/site-packages/airflow/models/dagbag.py", line 383, in parse
    loader.exec_module(new_module)
  File "<frozen importlib._bootstrap_external>", line 940, in exec_module
  File "<frozen importlib._bootstrap>", line 241, in _call_with_frames_removed
  File "/opt/airflow/dags/countries_dag.py", line 73, in <module>
    dbt_run = DockerOperator(
              ^^^^^^^^^^^^^^^
  File "/home/airflow/.local/lib/python3.11/site-packages/airflow/models/baseoperator.py", line 508, in apply_defaults
    result = func(self, **kwargs, default_args=default_args)
             ^^^^^^^^^^^^^^^^^^^^^^^^^^^^^^^^^^^^^^^^^^^^^^^
  File "/home/airflow/.local/lib/python3.11/site-packages/airflow/providers/docker/operators/docker.py", line 256, in __init__
    super().__init__(**kwargs)
  File "/home/airflow/.local/lib/python3.11/site-packages/airflow/models/baseoperator.py", line 508, in apply_defaults
    result = func(self, **kwargs, default_args=default_args)
             ^^^^^^^^^^^^^^^^^^^^^^^^^^^^^^^^^^^^^^^^^^^^^^^
  File "/home/airflow/.local/lib/python3.11/site-packages/airflow/models/baseoperator.py", line 959, in __init__
    raise AirflowException(
airflow.exceptions.AirflowException: Invalid arguments were passed to DockerOperator (task_id: dbt_run). Invalid arguments were:
**kwargs: {'volumes': ['../dbt:/usr/app', '../dbt/profiles:/root/.dbt']}
[2026-09-11T01:37:35.312+0000] {processor.py:927} WARNING - No viable dags retrieved from /opt/airflow/dags/countries_dag.py
[2026-09-11T01:37:35.349+0000] {processor.py:208} INFO - Processing /opt/airflow/dags/countries_dag.py took 2.389 seconds
[2026-09-11T01:38:05.664+0000] {processor.py:186} INFO - Started process (PID=2808) to work on /opt/airflow/dags/countries_dag.py
[2026-09-11T01:38:05.667+0000] {processor.py:914} INFO - Processing file /opt/airflow/dags/countries_dag.py for tasks to queue
[2026-09-11T01:38:05.670+0000] {logging_mixin.py:190} INFO - [2026-09-11T01:38:05.669+0000] {dagbag.py:588} INFO - Filling up the DagBag from /opt/airflow/dags/countries_dag.py
[2026-09-11T01:38:07.592+0000] {logging_mixin.py:190} INFO - [2026-09-11T01:38:07.581+0000] {dagbag.py:387} ERROR - Failed to import: /opt/airflow/dags/countries_dag.py
Traceback (most recent call last):
  File "/home/airflow/.local/lib/python3.11/site-packages/airflow/models/dagbag.py", line 383, in parse
    loader.exec_module(new_module)
  File "<frozen importlib._bootstrap_external>", line 940, in exec_module
  File "<frozen importlib._bootstrap>", line 241, in _call_with_frames_removed
  File "/opt/airflow/dags/countries_dag.py", line 73, in <module>
    dbt_run = DockerOperator(
              ^^^^^^^^^^^^^^^
  File "/home/airflow/.local/lib/python3.11/site-packages/airflow/models/baseoperator.py", line 508, in apply_defaults
    result = func(self, **kwargs, default_args=default_args)
             ^^^^^^^^^^^^^^^^^^^^^^^^^^^^^^^^^^^^^^^^^^^^^^^
  File "/home/airflow/.local/lib/python3.11/site-packages/airflow/providers/docker/operators/docker.py", line 256, in __init__
    super().__init__(**kwargs)
  File "/home/airflow/.local/lib/python3.11/site-packages/airflow/models/baseoperator.py", line 508, in apply_defaults
    result = func(self, **kwargs, default_args=default_args)
             ^^^^^^^^^^^^^^^^^^^^^^^^^^^^^^^^^^^^^^^^^^^^^^^
  File "/home/airflow/.local/lib/python3.11/site-packages/airflow/models/baseoperator.py", line 959, in __init__
    raise AirflowException(
airflow.exceptions.AirflowException: Invalid arguments were passed to DockerOperator (task_id: dbt_run). Invalid arguments were:
**kwargs: {'volumes': ['../dbt:/usr/app', '../dbt/profiles:/root/.dbt']}
[2026-09-11T01:38:07.593+0000] {processor.py:927} WARNING - No viable dags retrieved from /opt/airflow/dags/countries_dag.py
[2026-09-11T01:38:07.631+0000] {processor.py:208} INFO - Processing /opt/airflow/dags/countries_dag.py took 1.988 seconds
[2026-09-11T01:38:37.990+0000] {processor.py:186} INFO - Started process (PID=2815) to work on /opt/airflow/dags/countries_dag.py
[2026-09-11T01:38:37.992+0000] {processor.py:914} INFO - Processing file /opt/airflow/dags/countries_dag.py for tasks to queue
[2026-09-11T01:38:37.995+0000] {logging_mixin.py:190} INFO - [2026-09-11T01:38:37.994+0000] {dagbag.py:588} INFO - Filling up the DagBag from /opt/airflow/dags/countries_dag.py
[2026-09-11T01:38:39.945+0000] {logging_mixin.py:190} INFO - [2026-09-11T01:38:39.934+0000] {dagbag.py:387} ERROR - Failed to import: /opt/airflow/dags/countries_dag.py
Traceback (most recent call last):
  File "/home/airflow/.local/lib/python3.11/site-packages/airflow/models/dagbag.py", line 383, in parse
    loader.exec_module(new_module)
  File "<frozen importlib._bootstrap_external>", line 940, in exec_module
  File "<frozen importlib._bootstrap>", line 241, in _call_with_frames_removed
  File "/opt/airflow/dags/countries_dag.py", line 73, in <module>
    dbt_run = DockerOperator(
              ^^^^^^^^^^^^^^^
  File "/home/airflow/.local/lib/python3.11/site-packages/airflow/models/baseoperator.py", line 508, in apply_defaults
    result = func(self, **kwargs, default_args=default_args)
             ^^^^^^^^^^^^^^^^^^^^^^^^^^^^^^^^^^^^^^^^^^^^^^^
  File "/home/airflow/.local/lib/python3.11/site-packages/airflow/providers/docker/operators/docker.py", line 256, in __init__
    super().__init__(**kwargs)
  File "/home/airflow/.local/lib/python3.11/site-packages/airflow/models/baseoperator.py", line 508, in apply_defaults
    result = func(self, **kwargs, default_args=default_args)
             ^^^^^^^^^^^^^^^^^^^^^^^^^^^^^^^^^^^^^^^^^^^^^^^
  File "/home/airflow/.local/lib/python3.11/site-packages/airflow/models/baseoperator.py", line 959, in __init__
    raise AirflowException(
airflow.exceptions.AirflowException: Invalid arguments were passed to DockerOperator (task_id: dbt_run). Invalid arguments were:
**kwargs: {'volumes': ['../dbt:/usr/app', '../dbt/profiles:/root/.dbt']}
[2026-09-11T01:38:39.947+0000] {processor.py:927} WARNING - No viable dags retrieved from /opt/airflow/dags/countries_dag.py
[2026-09-11T01:38:39.979+0000] {processor.py:208} INFO - Processing /opt/airflow/dags/countries_dag.py took 1.999 seconds
[2026-09-11T01:39:10.440+0000] {processor.py:186} INFO - Started process (PID=2822) to work on /opt/airflow/dags/countries_dag.py
[2026-09-11T01:39:10.445+0000] {processor.py:914} INFO - Processing file /opt/airflow/dags/countries_dag.py for tasks to queue
[2026-09-11T01:39:10.450+0000] {logging_mixin.py:190} INFO - [2026-09-11T01:39:10.448+0000] {dagbag.py:588} INFO - Filling up the DagBag from /opt/airflow/dags/countries_dag.py
[2026-09-11T01:39:12.464+0000] {logging_mixin.py:190} INFO - [2026-09-11T01:39:12.452+0000] {dagbag.py:387} ERROR - Failed to import: /opt/airflow/dags/countries_dag.py
Traceback (most recent call last):
  File "/home/airflow/.local/lib/python3.11/site-packages/airflow/models/dagbag.py", line 383, in parse
    loader.exec_module(new_module)
  File "<frozen importlib._bootstrap_external>", line 940, in exec_module
  File "<frozen importlib._bootstrap>", line 241, in _call_with_frames_removed
  File "/opt/airflow/dags/countries_dag.py", line 73, in <module>
    dbt_run = DockerOperator(
              ^^^^^^^^^^^^^^^
  File "/home/airflow/.local/lib/python3.11/site-packages/airflow/models/baseoperator.py", line 508, in apply_defaults
    result = func(self, **kwargs, default_args=default_args)
             ^^^^^^^^^^^^^^^^^^^^^^^^^^^^^^^^^^^^^^^^^^^^^^^
  File "/home/airflow/.local/lib/python3.11/site-packages/airflow/providers/docker/operators/docker.py", line 256, in __init__
    super().__init__(**kwargs)
  File "/home/airflow/.local/lib/python3.11/site-packages/airflow/models/baseoperator.py", line 508, in apply_defaults
    result = func(self, **kwargs, default_args=default_args)
             ^^^^^^^^^^^^^^^^^^^^^^^^^^^^^^^^^^^^^^^^^^^^^^^
  File "/home/airflow/.local/lib/python3.11/site-packages/airflow/models/baseoperator.py", line 959, in __init__
    raise AirflowException(
airflow.exceptions.AirflowException: Invalid arguments were passed to DockerOperator (task_id: dbt_run). Invalid arguments were:
**kwargs: {'volumes': ['../dbt:/usr/app', '../dbt/profiles:/root/.dbt']}
[2026-09-11T01:39:12.466+0000] {processor.py:927} WARNING - No viable dags retrieved from /opt/airflow/dags/countries_dag.py
[2026-09-11T01:39:12.512+0000] {processor.py:208} INFO - Processing /opt/airflow/dags/countries_dag.py took 2.090 seconds
[2026-09-11T01:39:42.713+0000] {processor.py:186} INFO - Started process (PID=2829) to work on /opt/airflow/dags/countries_dag.py
[2026-09-11T01:39:42.715+0000] {processor.py:914} INFO - Processing file /opt/airflow/dags/countries_dag.py for tasks to queue
[2026-09-11T01:39:42.717+0000] {logging_mixin.py:190} INFO - [2026-09-11T01:39:42.717+0000] {dagbag.py:588} INFO - Filling up the DagBag from /opt/airflow/dags/countries_dag.py
[2026-09-11T01:39:45.126+0000] {logging_mixin.py:190} INFO - [2026-09-11T01:39:45.107+0000] {dagbag.py:387} ERROR - Failed to import: /opt/airflow/dags/countries_dag.py
Traceback (most recent call last):
  File "/home/airflow/.local/lib/python3.11/site-packages/airflow/models/dagbag.py", line 383, in parse
    loader.exec_module(new_module)
  File "<frozen importlib._bootstrap_external>", line 940, in exec_module
  File "<frozen importlib._bootstrap>", line 241, in _call_with_frames_removed
  File "/opt/airflow/dags/countries_dag.py", line 73, in <module>
    dbt_run = DockerOperator(
              ^^^^^^^^^^^^^^^
  File "/home/airflow/.local/lib/python3.11/site-packages/airflow/models/baseoperator.py", line 508, in apply_defaults
    result = func(self, **kwargs, default_args=default_args)
             ^^^^^^^^^^^^^^^^^^^^^^^^^^^^^^^^^^^^^^^^^^^^^^^
  File "/home/airflow/.local/lib/python3.11/site-packages/airflow/providers/docker/operators/docker.py", line 256, in __init__
    super().__init__(**kwargs)
  File "/home/airflow/.local/lib/python3.11/site-packages/airflow/models/baseoperator.py", line 508, in apply_defaults
    result = func(self, **kwargs, default_args=default_args)
             ^^^^^^^^^^^^^^^^^^^^^^^^^^^^^^^^^^^^^^^^^^^^^^^
  File "/home/airflow/.local/lib/python3.11/site-packages/airflow/models/baseoperator.py", line 959, in __init__
    raise AirflowException(
airflow.exceptions.AirflowException: Invalid arguments were passed to DockerOperator (task_id: dbt_run). Invalid arguments were:
**kwargs: {'volumes': ['../dbt:/usr/app', '../dbt/profiles:/root/.dbt']}
[2026-09-11T01:39:45.128+0000] {processor.py:927} WARNING - No viable dags retrieved from /opt/airflow/dags/countries_dag.py
[2026-09-11T01:39:45.159+0000] {processor.py:208} INFO - Processing /opt/airflow/dags/countries_dag.py took 2.457 seconds
[2026-09-11T01:40:15.552+0000] {processor.py:186} INFO - Started process (PID=2836) to work on /opt/airflow/dags/countries_dag.py
[2026-09-11T01:40:15.554+0000] {processor.py:914} INFO - Processing file /opt/airflow/dags/countries_dag.py for tasks to queue
[2026-09-11T01:40:15.557+0000] {logging_mixin.py:190} INFO - [2026-09-11T01:40:15.556+0000] {dagbag.py:588} INFO - Filling up the DagBag from /opt/airflow/dags/countries_dag.py
[2026-09-11T01:40:18.038+0000] {logging_mixin.py:190} INFO - [2026-09-11T01:40:18.020+0000] {dagbag.py:387} ERROR - Failed to import: /opt/airflow/dags/countries_dag.py
Traceback (most recent call last):
  File "/home/airflow/.local/lib/python3.11/site-packages/airflow/models/dagbag.py", line 383, in parse
    loader.exec_module(new_module)
  File "<frozen importlib._bootstrap_external>", line 940, in exec_module
  File "<frozen importlib._bootstrap>", line 241, in _call_with_frames_removed
  File "/opt/airflow/dags/countries_dag.py", line 73, in <module>
    dbt_run = DockerOperator(
              ^^^^^^^^^^^^^^^
  File "/home/airflow/.local/lib/python3.11/site-packages/airflow/models/baseoperator.py", line 508, in apply_defaults
    result = func(self, **kwargs, default_args=default_args)
             ^^^^^^^^^^^^^^^^^^^^^^^^^^^^^^^^^^^^^^^^^^^^^^^
  File "/home/airflow/.local/lib/python3.11/site-packages/airflow/providers/docker/operators/docker.py", line 256, in __init__
    super().__init__(**kwargs)
  File "/home/airflow/.local/lib/python3.11/site-packages/airflow/models/baseoperator.py", line 508, in apply_defaults
    result = func(self, **kwargs, default_args=default_args)
             ^^^^^^^^^^^^^^^^^^^^^^^^^^^^^^^^^^^^^^^^^^^^^^^
  File "/home/airflow/.local/lib/python3.11/site-packages/airflow/models/baseoperator.py", line 959, in __init__
    raise AirflowException(
airflow.exceptions.AirflowException: Invalid arguments were passed to DockerOperator (task_id: dbt_run). Invalid arguments were:
**kwargs: {'volumes': ['../dbt:/usr/app', '../dbt/profiles:/root/.dbt']}
[2026-09-11T01:40:18.044+0000] {processor.py:927} WARNING - No viable dags retrieved from /opt/airflow/dags/countries_dag.py
[2026-09-11T01:40:18.094+0000] {processor.py:208} INFO - Processing /opt/airflow/dags/countries_dag.py took 2.560 seconds
[2026-09-11T01:40:48.492+0000] {processor.py:186} INFO - Started process (PID=2843) to work on /opt/airflow/dags/countries_dag.py
[2026-09-11T01:40:48.494+0000] {processor.py:914} INFO - Processing file /opt/airflow/dags/countries_dag.py for tasks to queue
[2026-09-11T01:40:48.497+0000] {logging_mixin.py:190} INFO - [2026-09-11T01:40:48.496+0000] {dagbag.py:588} INFO - Filling up the DagBag from /opt/airflow/dags/countries_dag.py
[2026-09-11T01:40:50.886+0000] {logging_mixin.py:190} INFO - [2026-09-11T01:40:50.875+0000] {dagbag.py:387} ERROR - Failed to import: /opt/airflow/dags/countries_dag.py
Traceback (most recent call last):
  File "/home/airflow/.local/lib/python3.11/site-packages/airflow/models/dagbag.py", line 383, in parse
    loader.exec_module(new_module)
  File "<frozen importlib._bootstrap_external>", line 940, in exec_module
  File "<frozen importlib._bootstrap>", line 241, in _call_with_frames_removed
  File "/opt/airflow/dags/countries_dag.py", line 73, in <module>
    dbt_run = DockerOperator(
              ^^^^^^^^^^^^^^^
  File "/home/airflow/.local/lib/python3.11/site-packages/airflow/models/baseoperator.py", line 508, in apply_defaults
    result = func(self, **kwargs, default_args=default_args)
             ^^^^^^^^^^^^^^^^^^^^^^^^^^^^^^^^^^^^^^^^^^^^^^^
  File "/home/airflow/.local/lib/python3.11/site-packages/airflow/providers/docker/operators/docker.py", line 256, in __init__
    super().__init__(**kwargs)
  File "/home/airflow/.local/lib/python3.11/site-packages/airflow/models/baseoperator.py", line 508, in apply_defaults
    result = func(self, **kwargs, default_args=default_args)
             ^^^^^^^^^^^^^^^^^^^^^^^^^^^^^^^^^^^^^^^^^^^^^^^
  File "/home/airflow/.local/lib/python3.11/site-packages/airflow/models/baseoperator.py", line 959, in __init__
    raise AirflowException(
airflow.exceptions.AirflowException: Invalid arguments were passed to DockerOperator (task_id: dbt_run). Invalid arguments were:
**kwargs: {'volumes': ['../dbt:/usr/app', '../dbt/profiles:/root/.dbt']}
[2026-09-11T01:40:50.888+0000] {processor.py:927} WARNING - No viable dags retrieved from /opt/airflow/dags/countries_dag.py
[2026-09-11T01:40:50.938+0000] {processor.py:208} INFO - Processing /opt/airflow/dags/countries_dag.py took 2.455 seconds
[2026-09-11T01:41:21.357+0000] {processor.py:186} INFO - Started process (PID=2850) to work on /opt/airflow/dags/countries_dag.py
[2026-09-11T01:41:21.360+0000] {processor.py:914} INFO - Processing file /opt/airflow/dags/countries_dag.py for tasks to queue
[2026-09-11T01:41:21.365+0000] {logging_mixin.py:190} INFO - [2026-09-11T01:41:21.364+0000] {dagbag.py:588} INFO - Filling up the DagBag from /opt/airflow/dags/countries_dag.py
[2026-09-11T01:41:23.904+0000] {logging_mixin.py:190} INFO - [2026-09-11T01:41:23.868+0000] {dagbag.py:387} ERROR - Failed to import: /opt/airflow/dags/countries_dag.py
Traceback (most recent call last):
  File "/home/airflow/.local/lib/python3.11/site-packages/airflow/models/dagbag.py", line 383, in parse
    loader.exec_module(new_module)
  File "<frozen importlib._bootstrap_external>", line 940, in exec_module
  File "<frozen importlib._bootstrap>", line 241, in _call_with_frames_removed
  File "/opt/airflow/dags/countries_dag.py", line 73, in <module>
    dbt_run = DockerOperator(
              ^^^^^^^^^^^^^^^
  File "/home/airflow/.local/lib/python3.11/site-packages/airflow/models/baseoperator.py", line 508, in apply_defaults
    result = func(self, **kwargs, default_args=default_args)
             ^^^^^^^^^^^^^^^^^^^^^^^^^^^^^^^^^^^^^^^^^^^^^^^
  File "/home/airflow/.local/lib/python3.11/site-packages/airflow/providers/docker/operators/docker.py", line 256, in __init__
    super().__init__(**kwargs)
  File "/home/airflow/.local/lib/python3.11/site-packages/airflow/models/baseoperator.py", line 508, in apply_defaults
    result = func(self, **kwargs, default_args=default_args)
             ^^^^^^^^^^^^^^^^^^^^^^^^^^^^^^^^^^^^^^^^^^^^^^^
  File "/home/airflow/.local/lib/python3.11/site-packages/airflow/models/baseoperator.py", line 959, in __init__
    raise AirflowException(
airflow.exceptions.AirflowException: Invalid arguments were passed to DockerOperator (task_id: dbt_run). Invalid arguments were:
**kwargs: {'volumes': ['../dbt:/usr/app', '../dbt/profiles:/root/.dbt']}
[2026-09-11T01:41:23.917+0000] {processor.py:927} WARNING - No viable dags retrieved from /opt/airflow/dags/countries_dag.py
[2026-09-11T01:41:24.020+0000] {processor.py:208} INFO - Processing /opt/airflow/dags/countries_dag.py took 2.673 seconds
[2026-09-11T01:41:54.512+0000] {processor.py:186} INFO - Started process (PID=2857) to work on /opt/airflow/dags/countries_dag.py
[2026-09-11T01:41:54.514+0000] {processor.py:914} INFO - Processing file /opt/airflow/dags/countries_dag.py for tasks to queue
[2026-09-11T01:41:54.520+0000] {logging_mixin.py:190} INFO - [2026-09-11T01:41:54.518+0000] {dagbag.py:588} INFO - Filling up the DagBag from /opt/airflow/dags/countries_dag.py
[2026-09-11T01:41:57.141+0000] {logging_mixin.py:190} INFO - [2026-09-11T01:41:57.125+0000] {dagbag.py:387} ERROR - Failed to import: /opt/airflow/dags/countries_dag.py
Traceback (most recent call last):
  File "/home/airflow/.local/lib/python3.11/site-packages/airflow/models/dagbag.py", line 383, in parse
    loader.exec_module(new_module)
  File "<frozen importlib._bootstrap_external>", line 940, in exec_module
  File "<frozen importlib._bootstrap>", line 241, in _call_with_frames_removed
  File "/opt/airflow/dags/countries_dag.py", line 73, in <module>
    dbt_run = DockerOperator(
              ^^^^^^^^^^^^^^^
  File "/home/airflow/.local/lib/python3.11/site-packages/airflow/models/baseoperator.py", line 508, in apply_defaults
    result = func(self, **kwargs, default_args=default_args)
             ^^^^^^^^^^^^^^^^^^^^^^^^^^^^^^^^^^^^^^^^^^^^^^^
  File "/home/airflow/.local/lib/python3.11/site-packages/airflow/providers/docker/operators/docker.py", line 256, in __init__
    super().__init__(**kwargs)
  File "/home/airflow/.local/lib/python3.11/site-packages/airflow/models/baseoperator.py", line 508, in apply_defaults
    result = func(self, **kwargs, default_args=default_args)
             ^^^^^^^^^^^^^^^^^^^^^^^^^^^^^^^^^^^^^^^^^^^^^^^
  File "/home/airflow/.local/lib/python3.11/site-packages/airflow/models/baseoperator.py", line 959, in __init__
    raise AirflowException(
airflow.exceptions.AirflowException: Invalid arguments were passed to DockerOperator (task_id: dbt_run). Invalid arguments were:
**kwargs: {'volumes': ['../dbt:/usr/app', '../dbt/profiles:/root/.dbt']}
[2026-09-11T01:41:57.145+0000] {processor.py:927} WARNING - No viable dags retrieved from /opt/airflow/dags/countries_dag.py
[2026-09-11T01:41:57.196+0000] {processor.py:208} INFO - Processing /opt/airflow/dags/countries_dag.py took 2.703 seconds
[2026-09-11T01:42:27.586+0000] {processor.py:186} INFO - Started process (PID=2864) to work on /opt/airflow/dags/countries_dag.py
[2026-09-11T01:42:27.587+0000] {processor.py:914} INFO - Processing file /opt/airflow/dags/countries_dag.py for tasks to queue
[2026-09-11T01:42:27.590+0000] {logging_mixin.py:190} INFO - [2026-09-11T01:42:27.589+0000] {dagbag.py:588} INFO - Filling up the DagBag from /opt/airflow/dags/countries_dag.py
[2026-09-11T01:42:29.301+0000] {logging_mixin.py:190} INFO - [2026-09-11T01:42:29.280+0000] {dagbag.py:387} ERROR - Failed to import: /opt/airflow/dags/countries_dag.py
Traceback (most recent call last):
  File "/home/airflow/.local/lib/python3.11/site-packages/airflow/models/dagbag.py", line 383, in parse
    loader.exec_module(new_module)
  File "<frozen importlib._bootstrap_external>", line 940, in exec_module
  File "<frozen importlib._bootstrap>", line 241, in _call_with_frames_removed
  File "/opt/airflow/dags/countries_dag.py", line 73, in <module>
    dbt_run = DockerOperator(
              ^^^^^^^^^^^^^^^
  File "/home/airflow/.local/lib/python3.11/site-packages/airflow/models/baseoperator.py", line 508, in apply_defaults
    result = func(self, **kwargs, default_args=default_args)
             ^^^^^^^^^^^^^^^^^^^^^^^^^^^^^^^^^^^^^^^^^^^^^^^
  File "/home/airflow/.local/lib/python3.11/site-packages/airflow/providers/docker/operators/docker.py", line 256, in __init__
    super().__init__(**kwargs)
  File "/home/airflow/.local/lib/python3.11/site-packages/airflow/models/baseoperator.py", line 508, in apply_defaults
    result = func(self, **kwargs, default_args=default_args)
             ^^^^^^^^^^^^^^^^^^^^^^^^^^^^^^^^^^^^^^^^^^^^^^^
  File "/home/airflow/.local/lib/python3.11/site-packages/airflow/models/baseoperator.py", line 959, in __init__
    raise AirflowException(
airflow.exceptions.AirflowException: Invalid arguments were passed to DockerOperator (task_id: dbt_run). Invalid arguments were:
**kwargs: {'volumes': ['../dbt:/usr/app', '../dbt/profiles:/root/.dbt']}
[2026-09-11T01:42:29.302+0000] {processor.py:927} WARNING - No viable dags retrieved from /opt/airflow/dags/countries_dag.py
[2026-09-11T01:42:29.360+0000] {processor.py:208} INFO - Processing /opt/airflow/dags/countries_dag.py took 1.785 seconds
[2026-09-11T01:42:59.742+0000] {processor.py:186} INFO - Started process (PID=2871) to work on /opt/airflow/dags/countries_dag.py
[2026-09-11T01:42:59.744+0000] {processor.py:914} INFO - Processing file /opt/airflow/dags/countries_dag.py for tasks to queue
[2026-09-11T01:42:59.746+0000] {logging_mixin.py:190} INFO - [2026-09-11T01:42:59.746+0000] {dagbag.py:588} INFO - Filling up the DagBag from /opt/airflow/dags/countries_dag.py
[2026-09-11T01:43:01.791+0000] {logging_mixin.py:190} INFO - [2026-09-11T01:43:01.784+0000] {dagbag.py:387} ERROR - Failed to import: /opt/airflow/dags/countries_dag.py
Traceback (most recent call last):
  File "/home/airflow/.local/lib/python3.11/site-packages/airflow/models/dagbag.py", line 383, in parse
    loader.exec_module(new_module)
  File "<frozen importlib._bootstrap_external>", line 940, in exec_module
  File "<frozen importlib._bootstrap>", line 241, in _call_with_frames_removed
  File "/opt/airflow/dags/countries_dag.py", line 73, in <module>
    dbt_run = DockerOperator(
              ^^^^^^^^^^^^^^^
  File "/home/airflow/.local/lib/python3.11/site-packages/airflow/models/baseoperator.py", line 508, in apply_defaults
    result = func(self, **kwargs, default_args=default_args)
             ^^^^^^^^^^^^^^^^^^^^^^^^^^^^^^^^^^^^^^^^^^^^^^^
  File "/home/airflow/.local/lib/python3.11/site-packages/airflow/providers/docker/operators/docker.py", line 256, in __init__
    super().__init__(**kwargs)
  File "/home/airflow/.local/lib/python3.11/site-packages/airflow/models/baseoperator.py", line 508, in apply_defaults
    result = func(self, **kwargs, default_args=default_args)
             ^^^^^^^^^^^^^^^^^^^^^^^^^^^^^^^^^^^^^^^^^^^^^^^
  File "/home/airflow/.local/lib/python3.11/site-packages/airflow/models/baseoperator.py", line 959, in __init__
    raise AirflowException(
airflow.exceptions.AirflowException: Invalid arguments were passed to DockerOperator (task_id: dbt_run). Invalid arguments were:
**kwargs: {'volumes': ['../dbt:/usr/app', '../dbt/profiles:/root/.dbt']}
[2026-09-11T01:43:01.793+0000] {processor.py:927} WARNING - No viable dags retrieved from /opt/airflow/dags/countries_dag.py
[2026-09-11T01:43:01.829+0000] {processor.py:208} INFO - Processing /opt/airflow/dags/countries_dag.py took 2.100 seconds
[2026-09-11T01:43:32.074+0000] {processor.py:186} INFO - Started process (PID=2878) to work on /opt/airflow/dags/countries_dag.py
[2026-09-11T01:43:32.076+0000] {processor.py:914} INFO - Processing file /opt/airflow/dags/countries_dag.py for tasks to queue
[2026-09-11T01:43:32.078+0000] {logging_mixin.py:190} INFO - [2026-09-11T01:43:32.077+0000] {dagbag.py:588} INFO - Filling up the DagBag from /opt/airflow/dags/countries_dag.py
[2026-09-11T01:43:34.261+0000] {logging_mixin.py:190} INFO - [2026-09-11T01:43:34.247+0000] {dagbag.py:387} ERROR - Failed to import: /opt/airflow/dags/countries_dag.py
Traceback (most recent call last):
  File "/home/airflow/.local/lib/python3.11/site-packages/airflow/models/dagbag.py", line 383, in parse
    loader.exec_module(new_module)
  File "<frozen importlib._bootstrap_external>", line 940, in exec_module
  File "<frozen importlib._bootstrap>", line 241, in _call_with_frames_removed
  File "/opt/airflow/dags/countries_dag.py", line 73, in <module>
    dbt_run = DockerOperator(
              ^^^^^^^^^^^^^^^
  File "/home/airflow/.local/lib/python3.11/site-packages/airflow/models/baseoperator.py", line 508, in apply_defaults
    result = func(self, **kwargs, default_args=default_args)
             ^^^^^^^^^^^^^^^^^^^^^^^^^^^^^^^^^^^^^^^^^^^^^^^
  File "/home/airflow/.local/lib/python3.11/site-packages/airflow/providers/docker/operators/docker.py", line 256, in __init__
    super().__init__(**kwargs)
  File "/home/airflow/.local/lib/python3.11/site-packages/airflow/models/baseoperator.py", line 508, in apply_defaults
    result = func(self, **kwargs, default_args=default_args)
             ^^^^^^^^^^^^^^^^^^^^^^^^^^^^^^^^^^^^^^^^^^^^^^^
  File "/home/airflow/.local/lib/python3.11/site-packages/airflow/models/baseoperator.py", line 959, in __init__
    raise AirflowException(
airflow.exceptions.AirflowException: Invalid arguments were passed to DockerOperator (task_id: dbt_run). Invalid arguments were:
**kwargs: {'volumes': ['../dbt:/usr/app', '../dbt/profiles:/root/.dbt']}
[2026-09-11T01:43:34.263+0000] {processor.py:927} WARNING - No viable dags retrieved from /opt/airflow/dags/countries_dag.py
[2026-09-11T01:43:34.303+0000] {processor.py:208} INFO - Processing /opt/airflow/dags/countries_dag.py took 2.239 seconds
[2026-09-11T01:44:04.519+0000] {processor.py:186} INFO - Started process (PID=2885) to work on /opt/airflow/dags/countries_dag.py
[2026-09-11T01:44:04.522+0000] {processor.py:914} INFO - Processing file /opt/airflow/dags/countries_dag.py for tasks to queue
[2026-09-11T01:44:04.525+0000] {logging_mixin.py:190} INFO - [2026-09-11T01:44:04.524+0000] {dagbag.py:588} INFO - Filling up the DagBag from /opt/airflow/dags/countries_dag.py
[2026-09-11T01:44:06.696+0000] {logging_mixin.py:190} INFO - [2026-09-11T01:44:06.685+0000] {dagbag.py:387} ERROR - Failed to import: /opt/airflow/dags/countries_dag.py
Traceback (most recent call last):
  File "/home/airflow/.local/lib/python3.11/site-packages/airflow/models/dagbag.py", line 383, in parse
    loader.exec_module(new_module)
  File "<frozen importlib._bootstrap_external>", line 940, in exec_module
  File "<frozen importlib._bootstrap>", line 241, in _call_with_frames_removed
  File "/opt/airflow/dags/countries_dag.py", line 73, in <module>
    dbt_run = DockerOperator(
              ^^^^^^^^^^^^^^^
  File "/home/airflow/.local/lib/python3.11/site-packages/airflow/models/baseoperator.py", line 508, in apply_defaults
    result = func(self, **kwargs, default_args=default_args)
             ^^^^^^^^^^^^^^^^^^^^^^^^^^^^^^^^^^^^^^^^^^^^^^^
  File "/home/airflow/.local/lib/python3.11/site-packages/airflow/providers/docker/operators/docker.py", line 256, in __init__
    super().__init__(**kwargs)
  File "/home/airflow/.local/lib/python3.11/site-packages/airflow/models/baseoperator.py", line 508, in apply_defaults
    result = func(self, **kwargs, default_args=default_args)
             ^^^^^^^^^^^^^^^^^^^^^^^^^^^^^^^^^^^^^^^^^^^^^^^
  File "/home/airflow/.local/lib/python3.11/site-packages/airflow/models/baseoperator.py", line 959, in __init__
    raise AirflowException(
airflow.exceptions.AirflowException: Invalid arguments were passed to DockerOperator (task_id: dbt_run). Invalid arguments were:
**kwargs: {'volumes': ['../dbt:/usr/app', '../dbt/profiles:/root/.dbt']}
[2026-09-11T01:44:06.698+0000] {processor.py:927} WARNING - No viable dags retrieved from /opt/airflow/dags/countries_dag.py
[2026-09-11T01:44:06.754+0000] {processor.py:208} INFO - Processing /opt/airflow/dags/countries_dag.py took 2.249 seconds
[2026-09-11T01:44:37.037+0000] {processor.py:186} INFO - Started process (PID=2892) to work on /opt/airflow/dags/countries_dag.py
[2026-09-11T01:44:37.039+0000] {processor.py:914} INFO - Processing file /opt/airflow/dags/countries_dag.py for tasks to queue
[2026-09-11T01:44:37.044+0000] {logging_mixin.py:190} INFO - [2026-09-11T01:44:37.043+0000] {dagbag.py:588} INFO - Filling up the DagBag from /opt/airflow/dags/countries_dag.py
[2026-09-11T01:44:38.790+0000] {logging_mixin.py:190} INFO - [2026-09-11T01:44:38.779+0000] {dagbag.py:387} ERROR - Failed to import: /opt/airflow/dags/countries_dag.py
Traceback (most recent call last):
  File "/home/airflow/.local/lib/python3.11/site-packages/airflow/models/dagbag.py", line 383, in parse
    loader.exec_module(new_module)
  File "<frozen importlib._bootstrap_external>", line 940, in exec_module
  File "<frozen importlib._bootstrap>", line 241, in _call_with_frames_removed
  File "/opt/airflow/dags/countries_dag.py", line 73, in <module>
    dbt_run = DockerOperator(
              ^^^^^^^^^^^^^^^
  File "/home/airflow/.local/lib/python3.11/site-packages/airflow/models/baseoperator.py", line 508, in apply_defaults
    result = func(self, **kwargs, default_args=default_args)
             ^^^^^^^^^^^^^^^^^^^^^^^^^^^^^^^^^^^^^^^^^^^^^^^
  File "/home/airflow/.local/lib/python3.11/site-packages/airflow/providers/docker/operators/docker.py", line 256, in __init__
    super().__init__(**kwargs)
  File "/home/airflow/.local/lib/python3.11/site-packages/airflow/models/baseoperator.py", line 508, in apply_defaults
    result = func(self, **kwargs, default_args=default_args)
             ^^^^^^^^^^^^^^^^^^^^^^^^^^^^^^^^^^^^^^^^^^^^^^^
  File "/home/airflow/.local/lib/python3.11/site-packages/airflow/models/baseoperator.py", line 959, in __init__
    raise AirflowException(
airflow.exceptions.AirflowException: Invalid arguments were passed to DockerOperator (task_id: dbt_run). Invalid arguments were:
**kwargs: {'volumes': ['../dbt:/usr/app', '../dbt/profiles:/root/.dbt']}
[2026-09-11T01:44:38.792+0000] {processor.py:927} WARNING - No viable dags retrieved from /opt/airflow/dags/countries_dag.py
[2026-09-11T01:44:38.833+0000] {processor.py:208} INFO - Processing /opt/airflow/dags/countries_dag.py took 1.805 seconds
[2026-09-11T01:45:09.243+0000] {processor.py:186} INFO - Started process (PID=2899) to work on /opt/airflow/dags/countries_dag.py
[2026-09-11T01:45:09.246+0000] {processor.py:914} INFO - Processing file /opt/airflow/dags/countries_dag.py for tasks to queue
[2026-09-11T01:45:09.249+0000] {logging_mixin.py:190} INFO - [2026-09-11T01:45:09.248+0000] {dagbag.py:588} INFO - Filling up the DagBag from /opt/airflow/dags/countries_dag.py
[2026-09-11T01:45:11.492+0000] {logging_mixin.py:190} INFO - [2026-09-11T01:45:11.484+0000] {dagbag.py:387} ERROR - Failed to import: /opt/airflow/dags/countries_dag.py
Traceback (most recent call last):
  File "/home/airflow/.local/lib/python3.11/site-packages/airflow/models/dagbag.py", line 383, in parse
    loader.exec_module(new_module)
  File "<frozen importlib._bootstrap_external>", line 940, in exec_module
  File "<frozen importlib._bootstrap>", line 241, in _call_with_frames_removed
  File "/opt/airflow/dags/countries_dag.py", line 73, in <module>
    dbt_run = DockerOperator(
              ^^^^^^^^^^^^^^^
  File "/home/airflow/.local/lib/python3.11/site-packages/airflow/models/baseoperator.py", line 508, in apply_defaults
    result = func(self, **kwargs, default_args=default_args)
             ^^^^^^^^^^^^^^^^^^^^^^^^^^^^^^^^^^^^^^^^^^^^^^^
  File "/home/airflow/.local/lib/python3.11/site-packages/airflow/providers/docker/operators/docker.py", line 256, in __init__
    super().__init__(**kwargs)
  File "/home/airflow/.local/lib/python3.11/site-packages/airflow/models/baseoperator.py", line 508, in apply_defaults
    result = func(self, **kwargs, default_args=default_args)
             ^^^^^^^^^^^^^^^^^^^^^^^^^^^^^^^^^^^^^^^^^^^^^^^
  File "/home/airflow/.local/lib/python3.11/site-packages/airflow/models/baseoperator.py", line 959, in __init__
    raise AirflowException(
airflow.exceptions.AirflowException: Invalid arguments were passed to DockerOperator (task_id: dbt_run). Invalid arguments were:
**kwargs: {'volumes': ['../dbt:/usr/app', '../dbt/profiles:/root/.dbt']}
[2026-09-11T01:45:11.493+0000] {processor.py:927} WARNING - No viable dags retrieved from /opt/airflow/dags/countries_dag.py
[2026-09-11T01:45:11.531+0000] {processor.py:208} INFO - Processing /opt/airflow/dags/countries_dag.py took 2.300 seconds
[2026-09-11T01:45:41.789+0000] {processor.py:186} INFO - Started process (PID=2906) to work on /opt/airflow/dags/countries_dag.py
[2026-09-11T01:45:41.792+0000] {processor.py:914} INFO - Processing file /opt/airflow/dags/countries_dag.py for tasks to queue
[2026-09-11T01:45:41.795+0000] {logging_mixin.py:190} INFO - [2026-09-11T01:45:41.794+0000] {dagbag.py:588} INFO - Filling up the DagBag from /opt/airflow/dags/countries_dag.py
[2026-09-11T01:45:43.777+0000] {logging_mixin.py:190} INFO - [2026-09-11T01:45:43.758+0000] {dagbag.py:387} ERROR - Failed to import: /opt/airflow/dags/countries_dag.py
Traceback (most recent call last):
  File "/home/airflow/.local/lib/python3.11/site-packages/airflow/models/dagbag.py", line 383, in parse
    loader.exec_module(new_module)
  File "<frozen importlib._bootstrap_external>", line 940, in exec_module
  File "<frozen importlib._bootstrap>", line 241, in _call_with_frames_removed
  File "/opt/airflow/dags/countries_dag.py", line 73, in <module>
    dbt_run = DockerOperator(
              ^^^^^^^^^^^^^^^
  File "/home/airflow/.local/lib/python3.11/site-packages/airflow/models/baseoperator.py", line 508, in apply_defaults
    result = func(self, **kwargs, default_args=default_args)
             ^^^^^^^^^^^^^^^^^^^^^^^^^^^^^^^^^^^^^^^^^^^^^^^
  File "/home/airflow/.local/lib/python3.11/site-packages/airflow/providers/docker/operators/docker.py", line 256, in __init__
    super().__init__(**kwargs)
  File "/home/airflow/.local/lib/python3.11/site-packages/airflow/models/baseoperator.py", line 508, in apply_defaults
    result = func(self, **kwargs, default_args=default_args)
             ^^^^^^^^^^^^^^^^^^^^^^^^^^^^^^^^^^^^^^^^^^^^^^^
  File "/home/airflow/.local/lib/python3.11/site-packages/airflow/models/baseoperator.py", line 959, in __init__
    raise AirflowException(
airflow.exceptions.AirflowException: Invalid arguments were passed to DockerOperator (task_id: dbt_run). Invalid arguments were:
**kwargs: {'volumes': ['../dbt:/usr/app', '../dbt/profiles:/root/.dbt']}
[2026-09-11T01:45:43.780+0000] {processor.py:927} WARNING - No viable dags retrieved from /opt/airflow/dags/countries_dag.py
[2026-09-11T01:45:43.832+0000] {processor.py:208} INFO - Processing /opt/airflow/dags/countries_dag.py took 2.057 seconds
[2026-09-11T01:46:14.378+0000] {processor.py:186} INFO - Started process (PID=2913) to work on /opt/airflow/dags/countries_dag.py
[2026-09-11T01:46:14.380+0000] {processor.py:914} INFO - Processing file /opt/airflow/dags/countries_dag.py for tasks to queue
[2026-09-11T01:46:14.382+0000] {logging_mixin.py:190} INFO - [2026-09-11T01:46:14.381+0000] {dagbag.py:588} INFO - Filling up the DagBag from /opt/airflow/dags/countries_dag.py
[2026-09-11T01:46:16.749+0000] {logging_mixin.py:190} INFO - [2026-09-11T01:46:16.737+0000] {dagbag.py:387} ERROR - Failed to import: /opt/airflow/dags/countries_dag.py
Traceback (most recent call last):
  File "/home/airflow/.local/lib/python3.11/site-packages/airflow/models/dagbag.py", line 383, in parse
    loader.exec_module(new_module)
  File "<frozen importlib._bootstrap_external>", line 940, in exec_module
  File "<frozen importlib._bootstrap>", line 241, in _call_with_frames_removed
  File "/opt/airflow/dags/countries_dag.py", line 73, in <module>
    dbt_run = DockerOperator(
              ^^^^^^^^^^^^^^^
  File "/home/airflow/.local/lib/python3.11/site-packages/airflow/models/baseoperator.py", line 508, in apply_defaults
    result = func(self, **kwargs, default_args=default_args)
             ^^^^^^^^^^^^^^^^^^^^^^^^^^^^^^^^^^^^^^^^^^^^^^^
  File "/home/airflow/.local/lib/python3.11/site-packages/airflow/providers/docker/operators/docker.py", line 256, in __init__
    super().__init__(**kwargs)
  File "/home/airflow/.local/lib/python3.11/site-packages/airflow/models/baseoperator.py", line 508, in apply_defaults
    result = func(self, **kwargs, default_args=default_args)
             ^^^^^^^^^^^^^^^^^^^^^^^^^^^^^^^^^^^^^^^^^^^^^^^
  File "/home/airflow/.local/lib/python3.11/site-packages/airflow/models/baseoperator.py", line 959, in __init__
    raise AirflowException(
airflow.exceptions.AirflowException: Invalid arguments were passed to DockerOperator (task_id: dbt_run). Invalid arguments were:
**kwargs: {'volumes': ['../dbt:/usr/app', '../dbt/profiles:/root/.dbt']}
[2026-09-11T01:46:16.752+0000] {processor.py:927} WARNING - No viable dags retrieved from /opt/airflow/dags/countries_dag.py
[2026-09-11T01:46:16.786+0000] {processor.py:208} INFO - Processing /opt/airflow/dags/countries_dag.py took 2.421 seconds
[2026-09-11T01:46:47.209+0000] {processor.py:186} INFO - Started process (PID=2920) to work on /opt/airflow/dags/countries_dag.py
[2026-09-11T01:46:47.211+0000] {processor.py:914} INFO - Processing file /opt/airflow/dags/countries_dag.py for tasks to queue
[2026-09-11T01:46:47.215+0000] {logging_mixin.py:190} INFO - [2026-09-11T01:46:47.214+0000] {dagbag.py:588} INFO - Filling up the DagBag from /opt/airflow/dags/countries_dag.py
[2026-09-11T01:46:49.482+0000] {logging_mixin.py:190} INFO - [2026-09-11T01:46:49.467+0000] {dagbag.py:387} ERROR - Failed to import: /opt/airflow/dags/countries_dag.py
Traceback (most recent call last):
  File "/home/airflow/.local/lib/python3.11/site-packages/airflow/models/dagbag.py", line 383, in parse
    loader.exec_module(new_module)
  File "<frozen importlib._bootstrap_external>", line 940, in exec_module
  File "<frozen importlib._bootstrap>", line 241, in _call_with_frames_removed
  File "/opt/airflow/dags/countries_dag.py", line 73, in <module>
    dbt_run = DockerOperator(
              ^^^^^^^^^^^^^^^
  File "/home/airflow/.local/lib/python3.11/site-packages/airflow/models/baseoperator.py", line 508, in apply_defaults
    result = func(self, **kwargs, default_args=default_args)
             ^^^^^^^^^^^^^^^^^^^^^^^^^^^^^^^^^^^^^^^^^^^^^^^
  File "/home/airflow/.local/lib/python3.11/site-packages/airflow/providers/docker/operators/docker.py", line 256, in __init__
    super().__init__(**kwargs)
  File "/home/airflow/.local/lib/python3.11/site-packages/airflow/models/baseoperator.py", line 508, in apply_defaults
    result = func(self, **kwargs, default_args=default_args)
             ^^^^^^^^^^^^^^^^^^^^^^^^^^^^^^^^^^^^^^^^^^^^^^^
  File "/home/airflow/.local/lib/python3.11/site-packages/airflow/models/baseoperator.py", line 959, in __init__
    raise AirflowException(
airflow.exceptions.AirflowException: Invalid arguments were passed to DockerOperator (task_id: dbt_run). Invalid arguments were:
**kwargs: {'volumes': ['../dbt:/usr/app', '../dbt/profiles:/root/.dbt']}
[2026-09-11T01:46:49.484+0000] {processor.py:927} WARNING - No viable dags retrieved from /opt/airflow/dags/countries_dag.py
[2026-09-11T01:46:49.526+0000] {processor.py:208} INFO - Processing /opt/airflow/dags/countries_dag.py took 2.336 seconds
[2026-09-11T01:47:19.933+0000] {processor.py:186} INFO - Started process (PID=2927) to work on /opt/airflow/dags/countries_dag.py
[2026-09-11T01:47:19.936+0000] {processor.py:914} INFO - Processing file /opt/airflow/dags/countries_dag.py for tasks to queue
[2026-09-11T01:47:19.940+0000] {logging_mixin.py:190} INFO - [2026-09-11T01:47:19.939+0000] {dagbag.py:588} INFO - Filling up the DagBag from /opt/airflow/dags/countries_dag.py
[2026-09-11T01:47:22.194+0000] {logging_mixin.py:190} INFO - [2026-09-11T01:47:22.181+0000] {dagbag.py:387} ERROR - Failed to import: /opt/airflow/dags/countries_dag.py
Traceback (most recent call last):
  File "/home/airflow/.local/lib/python3.11/site-packages/airflow/models/dagbag.py", line 383, in parse
    loader.exec_module(new_module)
  File "<frozen importlib._bootstrap_external>", line 940, in exec_module
  File "<frozen importlib._bootstrap>", line 241, in _call_with_frames_removed
  File "/opt/airflow/dags/countries_dag.py", line 73, in <module>
    dbt_run = DockerOperator(
              ^^^^^^^^^^^^^^^
  File "/home/airflow/.local/lib/python3.11/site-packages/airflow/models/baseoperator.py", line 508, in apply_defaults
    result = func(self, **kwargs, default_args=default_args)
             ^^^^^^^^^^^^^^^^^^^^^^^^^^^^^^^^^^^^^^^^^^^^^^^
  File "/home/airflow/.local/lib/python3.11/site-packages/airflow/providers/docker/operators/docker.py", line 256, in __init__
    super().__init__(**kwargs)
  File "/home/airflow/.local/lib/python3.11/site-packages/airflow/models/baseoperator.py", line 508, in apply_defaults
    result = func(self, **kwargs, default_args=default_args)
             ^^^^^^^^^^^^^^^^^^^^^^^^^^^^^^^^^^^^^^^^^^^^^^^
  File "/home/airflow/.local/lib/python3.11/site-packages/airflow/models/baseoperator.py", line 959, in __init__
    raise AirflowException(
airflow.exceptions.AirflowException: Invalid arguments were passed to DockerOperator (task_id: dbt_run). Invalid arguments were:
**kwargs: {'volumes': ['../dbt:/usr/app', '../dbt/profiles:/root/.dbt']}
[2026-09-11T01:47:22.196+0000] {processor.py:927} WARNING - No viable dags retrieved from /opt/airflow/dags/countries_dag.py
[2026-09-11T01:47:22.236+0000] {processor.py:208} INFO - Processing /opt/airflow/dags/countries_dag.py took 2.313 seconds
[2026-09-11T01:47:52.600+0000] {processor.py:186} INFO - Started process (PID=2934) to work on /opt/airflow/dags/countries_dag.py
[2026-09-11T01:47:52.602+0000] {processor.py:914} INFO - Processing file /opt/airflow/dags/countries_dag.py for tasks to queue
[2026-09-11T01:47:52.604+0000] {logging_mixin.py:190} INFO - [2026-09-11T01:47:52.604+0000] {dagbag.py:588} INFO - Filling up the DagBag from /opt/airflow/dags/countries_dag.py
[2026-09-11T01:47:54.532+0000] {logging_mixin.py:190} INFO - [2026-09-11T01:47:54.520+0000] {dagbag.py:387} ERROR - Failed to import: /opt/airflow/dags/countries_dag.py
Traceback (most recent call last):
  File "/home/airflow/.local/lib/python3.11/site-packages/airflow/models/dagbag.py", line 383, in parse
    loader.exec_module(new_module)
  File "<frozen importlib._bootstrap_external>", line 940, in exec_module
  File "<frozen importlib._bootstrap>", line 241, in _call_with_frames_removed
  File "/opt/airflow/dags/countries_dag.py", line 73, in <module>
    dbt_run = DockerOperator(
              ^^^^^^^^^^^^^^^
  File "/home/airflow/.local/lib/python3.11/site-packages/airflow/models/baseoperator.py", line 508, in apply_defaults
    result = func(self, **kwargs, default_args=default_args)
             ^^^^^^^^^^^^^^^^^^^^^^^^^^^^^^^^^^^^^^^^^^^^^^^
  File "/home/airflow/.local/lib/python3.11/site-packages/airflow/providers/docker/operators/docker.py", line 256, in __init__
    super().__init__(**kwargs)
  File "/home/airflow/.local/lib/python3.11/site-packages/airflow/models/baseoperator.py", line 508, in apply_defaults
    result = func(self, **kwargs, default_args=default_args)
             ^^^^^^^^^^^^^^^^^^^^^^^^^^^^^^^^^^^^^^^^^^^^^^^
  File "/home/airflow/.local/lib/python3.11/site-packages/airflow/models/baseoperator.py", line 959, in __init__
    raise AirflowException(
airflow.exceptions.AirflowException: Invalid arguments were passed to DockerOperator (task_id: dbt_run). Invalid arguments were:
**kwargs: {'volumes': ['../dbt:/usr/app', '../dbt/profiles:/root/.dbt']}
[2026-09-11T01:47:54.535+0000] {processor.py:927} WARNING - No viable dags retrieved from /opt/airflow/dags/countries_dag.py
[2026-09-11T01:47:54.654+0000] {processor.py:208} INFO - Processing /opt/airflow/dags/countries_dag.py took 2.069 seconds
[2026-09-11T01:48:25.028+0000] {processor.py:186} INFO - Started process (PID=2941) to work on /opt/airflow/dags/countries_dag.py
[2026-09-11T01:48:25.030+0000] {processor.py:914} INFO - Processing file /opt/airflow/dags/countries_dag.py for tasks to queue
[2026-09-11T01:48:25.032+0000] {logging_mixin.py:190} INFO - [2026-09-11T01:48:25.032+0000] {dagbag.py:588} INFO - Filling up the DagBag from /opt/airflow/dags/countries_dag.py
[2026-09-11T01:48:26.951+0000] {logging_mixin.py:190} INFO - [2026-09-11T01:48:26.924+0000] {dagbag.py:387} ERROR - Failed to import: /opt/airflow/dags/countries_dag.py
Traceback (most recent call last):
  File "/home/airflow/.local/lib/python3.11/site-packages/airflow/models/dagbag.py", line 383, in parse
    loader.exec_module(new_module)
  File "<frozen importlib._bootstrap_external>", line 940, in exec_module
  File "<frozen importlib._bootstrap>", line 241, in _call_with_frames_removed
  File "/opt/airflow/dags/countries_dag.py", line 73, in <module>
    dbt_run = DockerOperator(
              ^^^^^^^^^^^^^^^
  File "/home/airflow/.local/lib/python3.11/site-packages/airflow/models/baseoperator.py", line 508, in apply_defaults
    result = func(self, **kwargs, default_args=default_args)
             ^^^^^^^^^^^^^^^^^^^^^^^^^^^^^^^^^^^^^^^^^^^^^^^
  File "/home/airflow/.local/lib/python3.11/site-packages/airflow/providers/docker/operators/docker.py", line 256, in __init__
    super().__init__(**kwargs)
  File "/home/airflow/.local/lib/python3.11/site-packages/airflow/models/baseoperator.py", line 508, in apply_defaults
    result = func(self, **kwargs, default_args=default_args)
             ^^^^^^^^^^^^^^^^^^^^^^^^^^^^^^^^^^^^^^^^^^^^^^^
  File "/home/airflow/.local/lib/python3.11/site-packages/airflow/models/baseoperator.py", line 959, in __init__
    raise AirflowException(
airflow.exceptions.AirflowException: Invalid arguments were passed to DockerOperator (task_id: dbt_run). Invalid arguments were:
**kwargs: {'volumes': ['../dbt:/usr/app', '../dbt/profiles:/root/.dbt']}
[2026-09-11T01:48:26.953+0000] {processor.py:927} WARNING - No viable dags retrieved from /opt/airflow/dags/countries_dag.py
[2026-09-11T01:48:26.998+0000] {processor.py:208} INFO - Processing /opt/airflow/dags/countries_dag.py took 1.981 seconds
[2026-09-11T01:48:57.460+0000] {processor.py:186} INFO - Started process (PID=2948) to work on /opt/airflow/dags/countries_dag.py
[2026-09-11T01:48:57.465+0000] {processor.py:914} INFO - Processing file /opt/airflow/dags/countries_dag.py for tasks to queue
[2026-09-11T01:48:57.474+0000] {logging_mixin.py:190} INFO - [2026-09-11T01:48:57.468+0000] {dagbag.py:588} INFO - Filling up the DagBag from /opt/airflow/dags/countries_dag.py
[2026-09-11T01:48:59.219+0000] {logging_mixin.py:190} INFO - [2026-09-11T01:48:59.207+0000] {dagbag.py:387} ERROR - Failed to import: /opt/airflow/dags/countries_dag.py
Traceback (most recent call last):
  File "/home/airflow/.local/lib/python3.11/site-packages/airflow/models/dagbag.py", line 383, in parse
    loader.exec_module(new_module)
  File "<frozen importlib._bootstrap_external>", line 940, in exec_module
  File "<frozen importlib._bootstrap>", line 241, in _call_with_frames_removed
  File "/opt/airflow/dags/countries_dag.py", line 73, in <module>
    dbt_run = DockerOperator(
              ^^^^^^^^^^^^^^^
  File "/home/airflow/.local/lib/python3.11/site-packages/airflow/models/baseoperator.py", line 508, in apply_defaults
    result = func(self, **kwargs, default_args=default_args)
             ^^^^^^^^^^^^^^^^^^^^^^^^^^^^^^^^^^^^^^^^^^^^^^^
  File "/home/airflow/.local/lib/python3.11/site-packages/airflow/providers/docker/operators/docker.py", line 256, in __init__
    super().__init__(**kwargs)
  File "/home/airflow/.local/lib/python3.11/site-packages/airflow/models/baseoperator.py", line 508, in apply_defaults
    result = func(self, **kwargs, default_args=default_args)
             ^^^^^^^^^^^^^^^^^^^^^^^^^^^^^^^^^^^^^^^^^^^^^^^
  File "/home/airflow/.local/lib/python3.11/site-packages/airflow/models/baseoperator.py", line 959, in __init__
    raise AirflowException(
airflow.exceptions.AirflowException: Invalid arguments were passed to DockerOperator (task_id: dbt_run). Invalid arguments were:
**kwargs: {'volumes': ['../dbt:/usr/app', '../dbt/profiles:/root/.dbt']}
[2026-09-11T01:48:59.221+0000] {processor.py:927} WARNING - No viable dags retrieved from /opt/airflow/dags/countries_dag.py
[2026-09-11T01:48:59.250+0000] {processor.py:208} INFO - Processing /opt/airflow/dags/countries_dag.py took 1.818 seconds
[2026-09-11T01:49:29.666+0000] {processor.py:186} INFO - Started process (PID=2955) to work on /opt/airflow/dags/countries_dag.py
[2026-09-11T01:49:29.669+0000] {processor.py:914} INFO - Processing file /opt/airflow/dags/countries_dag.py for tasks to queue
[2026-09-11T01:49:29.672+0000] {logging_mixin.py:190} INFO - [2026-09-11T01:49:29.672+0000] {dagbag.py:588} INFO - Filling up the DagBag from /opt/airflow/dags/countries_dag.py
[2026-09-11T01:49:32.716+0000] {logging_mixin.py:190} INFO - [2026-09-11T01:49:32.699+0000] {dagbag.py:387} ERROR - Failed to import: /opt/airflow/dags/countries_dag.py
Traceback (most recent call last):
  File "/home/airflow/.local/lib/python3.11/site-packages/airflow/models/dagbag.py", line 383, in parse
    loader.exec_module(new_module)
  File "<frozen importlib._bootstrap_external>", line 940, in exec_module
  File "<frozen importlib._bootstrap>", line 241, in _call_with_frames_removed
  File "/opt/airflow/dags/countries_dag.py", line 73, in <module>
    dbt_run = DockerOperator(
              ^^^^^^^^^^^^^^^
  File "/home/airflow/.local/lib/python3.11/site-packages/airflow/models/baseoperator.py", line 508, in apply_defaults
    result = func(self, **kwargs, default_args=default_args)
             ^^^^^^^^^^^^^^^^^^^^^^^^^^^^^^^^^^^^^^^^^^^^^^^
  File "/home/airflow/.local/lib/python3.11/site-packages/airflow/providers/docker/operators/docker.py", line 256, in __init__
    super().__init__(**kwargs)
  File "/home/airflow/.local/lib/python3.11/site-packages/airflow/models/baseoperator.py", line 508, in apply_defaults
    result = func(self, **kwargs, default_args=default_args)
             ^^^^^^^^^^^^^^^^^^^^^^^^^^^^^^^^^^^^^^^^^^^^^^^
  File "/home/airflow/.local/lib/python3.11/site-packages/airflow/models/baseoperator.py", line 959, in __init__
    raise AirflowException(
airflow.exceptions.AirflowException: Invalid arguments were passed to DockerOperator (task_id: dbt_run). Invalid arguments were:
**kwargs: {'volumes': ['../dbt:/usr/app', '../dbt/profiles:/root/.dbt']}
[2026-09-11T01:49:32.720+0000] {processor.py:927} WARNING - No viable dags retrieved from /opt/airflow/dags/countries_dag.py
[2026-09-11T01:49:32.773+0000] {processor.py:208} INFO - Processing /opt/airflow/dags/countries_dag.py took 3.126 seconds
[2026-09-11T01:50:03.179+0000] {processor.py:186} INFO - Started process (PID=2962) to work on /opt/airflow/dags/countries_dag.py
[2026-09-11T01:50:03.187+0000] {processor.py:914} INFO - Processing file /opt/airflow/dags/countries_dag.py for tasks to queue
[2026-09-11T01:50:03.203+0000] {logging_mixin.py:190} INFO - [2026-09-11T01:50:03.202+0000] {dagbag.py:588} INFO - Filling up the DagBag from /opt/airflow/dags/countries_dag.py
[2026-09-11T01:50:10.193+0000] {logging_mixin.py:190} INFO - [2026-09-11T01:50:10.117+0000] {dagbag.py:387} ERROR - Failed to import: /opt/airflow/dags/countries_dag.py
Traceback (most recent call last):
  File "/home/airflow/.local/lib/python3.11/site-packages/airflow/models/dagbag.py", line 383, in parse
    loader.exec_module(new_module)
  File "<frozen importlib._bootstrap_external>", line 940, in exec_module
  File "<frozen importlib._bootstrap>", line 241, in _call_with_frames_removed
  File "/opt/airflow/dags/countries_dag.py", line 73, in <module>
    dbt_run = DockerOperator(
              ^^^^^^^^^^^^^^^
  File "/home/airflow/.local/lib/python3.11/site-packages/airflow/models/baseoperator.py", line 508, in apply_defaults
    result = func(self, **kwargs, default_args=default_args)
             ^^^^^^^^^^^^^^^^^^^^^^^^^^^^^^^^^^^^^^^^^^^^^^^
  File "/home/airflow/.local/lib/python3.11/site-packages/airflow/providers/docker/operators/docker.py", line 256, in __init__
    super().__init__(**kwargs)
  File "/home/airflow/.local/lib/python3.11/site-packages/airflow/models/baseoperator.py", line 508, in apply_defaults
    result = func(self, **kwargs, default_args=default_args)
             ^^^^^^^^^^^^^^^^^^^^^^^^^^^^^^^^^^^^^^^^^^^^^^^
  File "/home/airflow/.local/lib/python3.11/site-packages/airflow/models/baseoperator.py", line 959, in __init__
    raise AirflowException(
airflow.exceptions.AirflowException: Invalid arguments were passed to DockerOperator (task_id: dbt_run). Invalid arguments were:
**kwargs: {'volumes': ['../dbt:/usr/app', '../dbt/profiles:/root/.dbt']}
[2026-09-11T01:50:10.204+0000] {processor.py:927} WARNING - No viable dags retrieved from /opt/airflow/dags/countries_dag.py
[2026-09-11T01:50:10.780+0000] {processor.py:208} INFO - Processing /opt/airflow/dags/countries_dag.py took 7.638 seconds
[2026-09-11T01:50:32.765+0000] {processor.py:186} INFO - Started process (PID=2969) to work on /opt/airflow/dags/countries_dag.py
[2026-09-11T01:50:32.774+0000] {processor.py:914} INFO - Processing file /opt/airflow/dags/countries_dag.py for tasks to queue
[2026-09-11T01:50:32.781+0000] {logging_mixin.py:190} INFO - [2026-09-11T01:50:32.780+0000] {dagbag.py:588} INFO - Filling up the DagBag from /opt/airflow/dags/countries_dag.py
[2026-09-11T01:50:37.835+0000] {logging_mixin.py:190} INFO - [2026-09-11T01:50:37.791+0000] {dagbag.py:387} ERROR - Failed to import: /opt/airflow/dags/countries_dag.py
Traceback (most recent call last):
  File "/home/airflow/.local/lib/python3.11/site-packages/airflow/models/dagbag.py", line 383, in parse
    loader.exec_module(new_module)
  File "<frozen importlib._bootstrap_external>", line 940, in exec_module
  File "<frozen importlib._bootstrap>", line 241, in _call_with_frames_removed
  File "/opt/airflow/dags/countries_dag.py", line 74, in <module>
    dbt_run = DockerOperator(
              ^^^^^^^^^^^^^^^
  File "/home/airflow/.local/lib/python3.11/site-packages/airflow/models/baseoperator.py", line 508, in apply_defaults
    result = func(self, **kwargs, default_args=default_args)
             ^^^^^^^^^^^^^^^^^^^^^^^^^^^^^^^^^^^^^^^^^^^^^^^
  File "/home/airflow/.local/lib/python3.11/site-packages/airflow/providers/docker/operators/docker.py", line 256, in __init__
    super().__init__(**kwargs)
  File "/home/airflow/.local/lib/python3.11/site-packages/airflow/models/baseoperator.py", line 508, in apply_defaults
    result = func(self, **kwargs, default_args=default_args)
             ^^^^^^^^^^^^^^^^^^^^^^^^^^^^^^^^^^^^^^^^^^^^^^^
  File "/home/airflow/.local/lib/python3.11/site-packages/airflow/models/baseoperator.py", line 959, in __init__
    raise AirflowException(
airflow.exceptions.AirflowException: Invalid arguments were passed to DockerOperator (task_id: dbt_run). Invalid arguments were:
**kwargs: {'volumes': ['../dbt:/usr/app', '../dbt/profiles:/root/.dbt']}
[2026-09-11T01:50:37.839+0000] {processor.py:927} WARNING - No viable dags retrieved from /opt/airflow/dags/countries_dag.py
[2026-09-11T01:50:37.892+0000] {processor.py:208} INFO - Processing /opt/airflow/dags/countries_dag.py took 5.160 seconds
[2026-09-11T01:51:08.456+0000] {processor.py:186} INFO - Started process (PID=2976) to work on /opt/airflow/dags/countries_dag.py
[2026-09-11T01:51:08.462+0000] {processor.py:914} INFO - Processing file /opt/airflow/dags/countries_dag.py for tasks to queue
[2026-09-11T01:51:08.465+0000] {logging_mixin.py:190} INFO - [2026-09-11T01:51:08.464+0000] {dagbag.py:588} INFO - Filling up the DagBag from /opt/airflow/dags/countries_dag.py
[2026-09-11T01:51:11.525+0000] {logging_mixin.py:190} INFO - [2026-09-11T01:51:11.513+0000] {dagbag.py:387} ERROR - Failed to import: /opt/airflow/dags/countries_dag.py
Traceback (most recent call last):
  File "/home/airflow/.local/lib/python3.11/site-packages/airflow/models/dagbag.py", line 383, in parse
    loader.exec_module(new_module)
  File "<frozen importlib._bootstrap_external>", line 940, in exec_module
  File "<frozen importlib._bootstrap>", line 241, in _call_with_frames_removed
  File "/opt/airflow/dags/countries_dag.py", line 74, in <module>
    dbt_run = DockerOperator(
              ^^^^^^^^^^^^^^^
  File "/home/airflow/.local/lib/python3.11/site-packages/airflow/models/baseoperator.py", line 508, in apply_defaults
    result = func(self, **kwargs, default_args=default_args)
             ^^^^^^^^^^^^^^^^^^^^^^^^^^^^^^^^^^^^^^^^^^^^^^^
  File "/home/airflow/.local/lib/python3.11/site-packages/airflow/providers/docker/operators/docker.py", line 256, in __init__
    super().__init__(**kwargs)
  File "/home/airflow/.local/lib/python3.11/site-packages/airflow/models/baseoperator.py", line 508, in apply_defaults
    result = func(self, **kwargs, default_args=default_args)
             ^^^^^^^^^^^^^^^^^^^^^^^^^^^^^^^^^^^^^^^^^^^^^^^
  File "/home/airflow/.local/lib/python3.11/site-packages/airflow/models/baseoperator.py", line 959, in __init__
    raise AirflowException(
airflow.exceptions.AirflowException: Invalid arguments were passed to DockerOperator (task_id: dbt_run). Invalid arguments were:
**kwargs: {'volumes': ['../dbt:/usr/app', '../dbt/profiles:/root/.dbt']}
[2026-09-11T01:51:11.527+0000] {processor.py:927} WARNING - No viable dags retrieved from /opt/airflow/dags/countries_dag.py
[2026-09-11T01:51:11.567+0000] {processor.py:208} INFO - Processing /opt/airflow/dags/countries_dag.py took 3.124 seconds
[2026-09-11T01:51:42.109+0000] {processor.py:186} INFO - Started process (PID=2983) to work on /opt/airflow/dags/countries_dag.py
[2026-09-11T01:51:42.112+0000] {processor.py:914} INFO - Processing file /opt/airflow/dags/countries_dag.py for tasks to queue
[2026-09-11T01:51:42.116+0000] {logging_mixin.py:190} INFO - [2026-09-11T01:51:42.115+0000] {dagbag.py:588} INFO - Filling up the DagBag from /opt/airflow/dags/countries_dag.py
[2026-09-11T01:51:44.314+0000] {logging_mixin.py:190} INFO - [2026-09-11T01:51:44.301+0000] {dagbag.py:387} ERROR - Failed to import: /opt/airflow/dags/countries_dag.py
Traceback (most recent call last):
  File "/home/airflow/.local/lib/python3.11/site-packages/airflow/models/dagbag.py", line 383, in parse
    loader.exec_module(new_module)
  File "<frozen importlib._bootstrap_external>", line 940, in exec_module
  File "<frozen importlib._bootstrap>", line 241, in _call_with_frames_removed
  File "/opt/airflow/dags/countries_dag.py", line 74, in <module>
    dbt_run = DockerOperator(
              ^^^^^^^^^^^^^^^
  File "/home/airflow/.local/lib/python3.11/site-packages/airflow/models/baseoperator.py", line 508, in apply_defaults
    result = func(self, **kwargs, default_args=default_args)
             ^^^^^^^^^^^^^^^^^^^^^^^^^^^^^^^^^^^^^^^^^^^^^^^
  File "/home/airflow/.local/lib/python3.11/site-packages/airflow/providers/docker/operators/docker.py", line 256, in __init__
    super().__init__(**kwargs)
  File "/home/airflow/.local/lib/python3.11/site-packages/airflow/models/baseoperator.py", line 508, in apply_defaults
    result = func(self, **kwargs, default_args=default_args)
             ^^^^^^^^^^^^^^^^^^^^^^^^^^^^^^^^^^^^^^^^^^^^^^^
  File "/home/airflow/.local/lib/python3.11/site-packages/airflow/models/baseoperator.py", line 959, in __init__
    raise AirflowException(
airflow.exceptions.AirflowException: Invalid arguments were passed to DockerOperator (task_id: dbt_run). Invalid arguments were:
**kwargs: {'volumes': ['../dbt:/usr/app', '../dbt/profiles:/root/.dbt']}
[2026-09-11T01:51:44.316+0000] {processor.py:927} WARNING - No viable dags retrieved from /opt/airflow/dags/countries_dag.py
[2026-09-11T01:51:44.359+0000] {processor.py:208} INFO - Processing /opt/airflow/dags/countries_dag.py took 2.263 seconds
[2026-09-11T01:52:14.654+0000] {processor.py:186} INFO - Started process (PID=2990) to work on /opt/airflow/dags/countries_dag.py
[2026-09-11T01:52:14.656+0000] {processor.py:914} INFO - Processing file /opt/airflow/dags/countries_dag.py for tasks to queue
[2026-09-11T01:52:14.659+0000] {logging_mixin.py:190} INFO - [2026-09-11T01:52:14.658+0000] {dagbag.py:588} INFO - Filling up the DagBag from /opt/airflow/dags/countries_dag.py
[2026-09-11T01:52:17.427+0000] {logging_mixin.py:190} INFO - [2026-09-11T01:52:17.418+0000] {dagbag.py:387} ERROR - Failed to import: /opt/airflow/dags/countries_dag.py
Traceback (most recent call last):
  File "/home/airflow/.local/lib/python3.11/site-packages/airflow/models/dagbag.py", line 383, in parse
    loader.exec_module(new_module)
  File "<frozen importlib._bootstrap_external>", line 940, in exec_module
  File "<frozen importlib._bootstrap>", line 241, in _call_with_frames_removed
  File "/opt/airflow/dags/countries_dag.py", line 74, in <module>
    dbt_run = DockerOperator(
              ^^^^^^^^^^^^^^^
  File "/home/airflow/.local/lib/python3.11/site-packages/airflow/models/baseoperator.py", line 508, in apply_defaults
    result = func(self, **kwargs, default_args=default_args)
             ^^^^^^^^^^^^^^^^^^^^^^^^^^^^^^^^^^^^^^^^^^^^^^^
  File "/home/airflow/.local/lib/python3.11/site-packages/airflow/providers/docker/operators/docker.py", line 256, in __init__
    super().__init__(**kwargs)
  File "/home/airflow/.local/lib/python3.11/site-packages/airflow/models/baseoperator.py", line 508, in apply_defaults
    result = func(self, **kwargs, default_args=default_args)
             ^^^^^^^^^^^^^^^^^^^^^^^^^^^^^^^^^^^^^^^^^^^^^^^
  File "/home/airflow/.local/lib/python3.11/site-packages/airflow/models/baseoperator.py", line 959, in __init__
    raise AirflowException(
airflow.exceptions.AirflowException: Invalid arguments were passed to DockerOperator (task_id: dbt_run). Invalid arguments were:
**kwargs: {'volumes': ['../dbt:/usr/app', '../dbt/profiles:/root/.dbt']}
[2026-09-11T01:52:17.429+0000] {processor.py:927} WARNING - No viable dags retrieved from /opt/airflow/dags/countries_dag.py
[2026-09-11T01:52:17.478+0000] {processor.py:208} INFO - Processing /opt/airflow/dags/countries_dag.py took 2.848 seconds
[2026-09-11T01:52:30.207+0000] {processor.py:186} INFO - Started process (PID=2997) to work on /opt/airflow/dags/countries_dag.py
[2026-09-11T01:52:30.210+0000] {processor.py:914} INFO - Processing file /opt/airflow/dags/countries_dag.py for tasks to queue
[2026-09-11T01:52:30.223+0000] {logging_mixin.py:190} INFO - [2026-09-11T01:52:30.222+0000] {dagbag.py:588} INFO - Filling up the DagBag from /opt/airflow/dags/countries_dag.py
[2026-09-11T01:52:35.313+0000] {logging_mixin.py:190} INFO - [2026-09-11T01:52:35.265+0000] {dagbag.py:387} ERROR - Failed to import: /opt/airflow/dags/countries_dag.py
Traceback (most recent call last):
  File "/home/airflow/.local/lib/python3.11/site-packages/airflow/models/dagbag.py", line 383, in parse
    loader.exec_module(new_module)
  File "<frozen importlib._bootstrap_external>", line 940, in exec_module
  File "<frozen importlib._bootstrap>", line 241, in _call_with_frames_removed
  File "/opt/airflow/dags/countries_dag.py", line 103, in <module>
    #     image="ghcr.io/dbt-labs/dbt-snowflake:latest",
                                                  ^^^^^^^
NameError: name 'dbt_run' is not defined
[2026-09-11T01:52:35.318+0000] {processor.py:927} WARNING - No viable dags retrieved from /opt/airflow/dags/countries_dag.py
[2026-09-11T01:52:35.369+0000] {processor.py:208} INFO - Processing /opt/airflow/dags/countries_dag.py took 5.199 seconds
[2026-09-11T01:52:37.388+0000] {processor.py:186} INFO - Started process (PID=3004) to work on /opt/airflow/dags/countries_dag.py
[2026-09-11T01:52:37.391+0000] {processor.py:914} INFO - Processing file /opt/airflow/dags/countries_dag.py for tasks to queue
[2026-09-11T01:52:37.400+0000] {logging_mixin.py:190} INFO - [2026-09-11T01:52:37.399+0000] {dagbag.py:588} INFO - Filling up the DagBag from /opt/airflow/dags/countries_dag.py
[2026-09-11T01:52:40.664+0000] {logging_mixin.py:190} INFO - [2026-09-11T01:52:40.652+0000] {dagbag.py:387} ERROR - Failed to import: /opt/airflow/dags/countries_dag.py
Traceback (most recent call last):
  File "/home/airflow/.local/lib/python3.11/site-packages/airflow/models/dagbag.py", line 383, in parse
    loader.exec_module(new_module)
  File "<frozen importlib._bootstrap_external>", line 940, in exec_module
  File "<frozen importlib._bootstrap>", line 241, in _call_with_frames_removed
  File "/opt/airflow/dags/countries_dag.py", line 74, in <module>
    dbt_run = DockerOperator(
              ^^^^^^^^^^^^^^^
  File "/home/airflow/.local/lib/python3.11/site-packages/airflow/models/baseoperator.py", line 508, in apply_defaults
    result = func(self, **kwargs, default_args=default_args)
             ^^^^^^^^^^^^^^^^^^^^^^^^^^^^^^^^^^^^^^^^^^^^^^^
  File "/home/airflow/.local/lib/python3.11/site-packages/airflow/providers/docker/operators/docker.py", line 263, in __init__
    raise ValueError(msg)
ValueError: Invalid `auto_remove` value True, expected one of 'never', 'success', or 'force'.
[2026-09-11T01:52:40.666+0000] {processor.py:927} WARNING - No viable dags retrieved from /opt/airflow/dags/countries_dag.py
[2026-09-11T01:52:40.703+0000] {processor.py:208} INFO - Processing /opt/airflow/dags/countries_dag.py took 3.341 seconds
[2026-09-11T01:53:10.929+0000] {processor.py:186} INFO - Started process (PID=3011) to work on /opt/airflow/dags/countries_dag.py
[2026-09-11T01:53:10.932+0000] {processor.py:914} INFO - Processing file /opt/airflow/dags/countries_dag.py for tasks to queue
[2026-09-11T01:53:10.935+0000] {logging_mixin.py:190} INFO - [2026-09-11T01:53:10.934+0000] {dagbag.py:588} INFO - Filling up the DagBag from /opt/airflow/dags/countries_dag.py
[2026-09-11T01:53:13.694+0000] {logging_mixin.py:190} INFO - [2026-09-11T01:53:13.670+0000] {dagbag.py:387} ERROR - Failed to import: /opt/airflow/dags/countries_dag.py
Traceback (most recent call last):
  File "/home/airflow/.local/lib/python3.11/site-packages/airflow/models/dagbag.py", line 383, in parse
    loader.exec_module(new_module)
  File "<frozen importlib._bootstrap_external>", line 940, in exec_module
  File "<frozen importlib._bootstrap>", line 241, in _call_with_frames_removed
  File "/opt/airflow/dags/countries_dag.py", line 74, in <module>
    dbt_run = DockerOperator(
              ^^^^^^^^^^^^^^^
  File "/home/airflow/.local/lib/python3.11/site-packages/airflow/models/baseoperator.py", line 508, in apply_defaults
    result = func(self, **kwargs, default_args=default_args)
             ^^^^^^^^^^^^^^^^^^^^^^^^^^^^^^^^^^^^^^^^^^^^^^^
  File "/home/airflow/.local/lib/python3.11/site-packages/airflow/providers/docker/operators/docker.py", line 263, in __init__
    raise ValueError(msg)
ValueError: Invalid `auto_remove` value True, expected one of 'never', 'success', or 'force'.
[2026-09-11T01:53:13.697+0000] {processor.py:927} WARNING - No viable dags retrieved from /opt/airflow/dags/countries_dag.py
[2026-09-11T01:53:13.780+0000] {processor.py:208} INFO - Processing /opt/airflow/dags/countries_dag.py took 2.869 seconds
[2026-09-11T01:53:44.652+0000] {processor.py:186} INFO - Started process (PID=3018) to work on /opt/airflow/dags/countries_dag.py
[2026-09-11T01:53:44.672+0000] {processor.py:914} INFO - Processing file /opt/airflow/dags/countries_dag.py for tasks to queue
[2026-09-11T01:53:44.678+0000] {logging_mixin.py:190} INFO - [2026-09-11T01:53:44.677+0000] {dagbag.py:588} INFO - Filling up the DagBag from /opt/airflow/dags/countries_dag.py
[2026-09-11T01:53:47.590+0000] {logging_mixin.py:190} INFO - [2026-09-11T01:53:47.530+0000] {dagbag.py:387} ERROR - Failed to import: /opt/airflow/dags/countries_dag.py
Traceback (most recent call last):
  File "/home/airflow/.local/lib/python3.11/site-packages/airflow/models/dagbag.py", line 383, in parse
    loader.exec_module(new_module)
  File "<frozen importlib._bootstrap_external>", line 940, in exec_module
  File "<frozen importlib._bootstrap>", line 241, in _call_with_frames_removed
  File "/opt/airflow/dags/countries_dag.py", line 74, in <module>
    dbt_run = DockerOperator(
              ^^^^^^^^^^^^^^^
  File "/home/airflow/.local/lib/python3.11/site-packages/airflow/models/baseoperator.py", line 508, in apply_defaults
    result = func(self, **kwargs, default_args=default_args)
             ^^^^^^^^^^^^^^^^^^^^^^^^^^^^^^^^^^^^^^^^^^^^^^^
  File "/home/airflow/.local/lib/python3.11/site-packages/airflow/providers/docker/operators/docker.py", line 263, in __init__
    raise ValueError(msg)
ValueError: Invalid `auto_remove` value True, expected one of 'never', 'success', or 'force'.
[2026-09-11T01:53:47.595+0000] {processor.py:927} WARNING - No viable dags retrieved from /opt/airflow/dags/countries_dag.py
[2026-09-11T01:53:47.660+0000] {processor.py:208} INFO - Processing /opt/airflow/dags/countries_dag.py took 3.049 seconds
[2026-09-11T01:54:17.985+0000] {processor.py:186} INFO - Started process (PID=3025) to work on /opt/airflow/dags/countries_dag.py
[2026-09-11T01:54:17.987+0000] {processor.py:914} INFO - Processing file /opt/airflow/dags/countries_dag.py for tasks to queue
[2026-09-11T01:54:17.990+0000] {logging_mixin.py:190} INFO - [2026-09-11T01:54:17.989+0000] {dagbag.py:588} INFO - Filling up the DagBag from /opt/airflow/dags/countries_dag.py
[2026-09-11T01:54:20.064+0000] {logging_mixin.py:190} INFO - [2026-09-11T01:54:20.038+0000] {dagbag.py:387} ERROR - Failed to import: /opt/airflow/dags/countries_dag.py
Traceback (most recent call last):
  File "/home/airflow/.local/lib/python3.11/site-packages/airflow/models/dagbag.py", line 383, in parse
    loader.exec_module(new_module)
  File "<frozen importlib._bootstrap_external>", line 940, in exec_module
  File "<frozen importlib._bootstrap>", line 241, in _call_with_frames_removed
  File "/opt/airflow/dags/countries_dag.py", line 74, in <module>
    dbt_run = DockerOperator(
              ^^^^^^^^^^^^^^^
  File "/home/airflow/.local/lib/python3.11/site-packages/airflow/models/baseoperator.py", line 508, in apply_defaults
    result = func(self, **kwargs, default_args=default_args)
             ^^^^^^^^^^^^^^^^^^^^^^^^^^^^^^^^^^^^^^^^^^^^^^^
  File "/home/airflow/.local/lib/python3.11/site-packages/airflow/providers/docker/operators/docker.py", line 263, in __init__
    raise ValueError(msg)
ValueError: Invalid `auto_remove` value True, expected one of 'never', 'success', or 'force'.
[2026-09-11T01:54:20.067+0000] {processor.py:927} WARNING - No viable dags retrieved from /opt/airflow/dags/countries_dag.py
[2026-09-11T01:54:20.150+0000] {processor.py:208} INFO - Processing /opt/airflow/dags/countries_dag.py took 2.176 seconds
[2026-09-11T01:54:50.490+0000] {processor.py:186} INFO - Started process (PID=3032) to work on /opt/airflow/dags/countries_dag.py
[2026-09-11T01:54:50.492+0000] {processor.py:914} INFO - Processing file /opt/airflow/dags/countries_dag.py for tasks to queue
[2026-09-11T01:54:50.495+0000] {logging_mixin.py:190} INFO - [2026-09-11T01:54:50.494+0000] {dagbag.py:588} INFO - Filling up the DagBag from /opt/airflow/dags/countries_dag.py
[2026-09-11T01:54:53.060+0000] {logging_mixin.py:190} INFO - [2026-09-11T01:54:53.050+0000] {dagbag.py:387} ERROR - Failed to import: /opt/airflow/dags/countries_dag.py
Traceback (most recent call last):
  File "/home/airflow/.local/lib/python3.11/site-packages/airflow/models/dagbag.py", line 383, in parse
    loader.exec_module(new_module)
  File "<frozen importlib._bootstrap_external>", line 940, in exec_module
  File "<frozen importlib._bootstrap>", line 241, in _call_with_frames_removed
  File "/opt/airflow/dags/countries_dag.py", line 74, in <module>
    dbt_run = DockerOperator(
              ^^^^^^^^^^^^^^^
  File "/home/airflow/.local/lib/python3.11/site-packages/airflow/models/baseoperator.py", line 508, in apply_defaults
    result = func(self, **kwargs, default_args=default_args)
             ^^^^^^^^^^^^^^^^^^^^^^^^^^^^^^^^^^^^^^^^^^^^^^^
  File "/home/airflow/.local/lib/python3.11/site-packages/airflow/providers/docker/operators/docker.py", line 263, in __init__
    raise ValueError(msg)
ValueError: Invalid `auto_remove` value True, expected one of 'never', 'success', or 'force'.
[2026-09-11T01:54:53.061+0000] {processor.py:927} WARNING - No viable dags retrieved from /opt/airflow/dags/countries_dag.py
[2026-09-11T01:54:53.101+0000] {processor.py:208} INFO - Processing /opt/airflow/dags/countries_dag.py took 2.623 seconds
[2026-09-11T01:55:23.800+0000] {processor.py:186} INFO - Started process (PID=3039) to work on /opt/airflow/dags/countries_dag.py
[2026-09-11T01:55:23.802+0000] {processor.py:914} INFO - Processing file /opt/airflow/dags/countries_dag.py for tasks to queue
[2026-09-11T01:55:23.804+0000] {logging_mixin.py:190} INFO - [2026-09-11T01:55:23.804+0000] {dagbag.py:588} INFO - Filling up the DagBag from /opt/airflow/dags/countries_dag.py
[2026-09-11T01:55:27.300+0000] {logging_mixin.py:190} INFO - [2026-09-11T01:55:27.289+0000] {dagbag.py:387} ERROR - Failed to import: /opt/airflow/dags/countries_dag.py
Traceback (most recent call last):
  File "/home/airflow/.local/lib/python3.11/site-packages/airflow/models/dagbag.py", line 383, in parse
    loader.exec_module(new_module)
  File "<frozen importlib._bootstrap_external>", line 940, in exec_module
  File "<frozen importlib._bootstrap>", line 241, in _call_with_frames_removed
  File "/opt/airflow/dags/countries_dag.py", line 74, in <module>
    dbt_run = DockerOperator(
              ^^^^^^^^^^^^^^^
  File "/home/airflow/.local/lib/python3.11/site-packages/airflow/models/baseoperator.py", line 508, in apply_defaults
    result = func(self, **kwargs, default_args=default_args)
             ^^^^^^^^^^^^^^^^^^^^^^^^^^^^^^^^^^^^^^^^^^^^^^^
  File "/home/airflow/.local/lib/python3.11/site-packages/airflow/providers/docker/operators/docker.py", line 263, in __init__
    raise ValueError(msg)
ValueError: Invalid `auto_remove` value True, expected one of 'never', 'success', or 'force'.
[2026-09-11T01:55:27.303+0000] {processor.py:927} WARNING - No viable dags retrieved from /opt/airflow/dags/countries_dag.py
[2026-09-11T01:55:27.356+0000] {processor.py:208} INFO - Processing /opt/airflow/dags/countries_dag.py took 3.571 seconds
[2026-09-11T01:55:57.672+0000] {processor.py:186} INFO - Started process (PID=3046) to work on /opt/airflow/dags/countries_dag.py
[2026-09-11T01:55:57.675+0000] {processor.py:914} INFO - Processing file /opt/airflow/dags/countries_dag.py for tasks to queue
[2026-09-11T01:55:57.682+0000] {logging_mixin.py:190} INFO - [2026-09-11T01:55:57.681+0000] {dagbag.py:588} INFO - Filling up the DagBag from /opt/airflow/dags/countries_dag.py
[2026-09-11T01:56:01.795+0000] {logging_mixin.py:190} INFO - [2026-09-11T01:56:01.779+0000] {dagbag.py:387} ERROR - Failed to import: /opt/airflow/dags/countries_dag.py
Traceback (most recent call last):
  File "/home/airflow/.local/lib/python3.11/site-packages/airflow/models/dagbag.py", line 383, in parse
    loader.exec_module(new_module)
  File "<frozen importlib._bootstrap_external>", line 940, in exec_module
  File "<frozen importlib._bootstrap>", line 241, in _call_with_frames_removed
  File "/opt/airflow/dags/countries_dag.py", line 74, in <module>
    dbt_run = DockerOperator(
              ^^^^^^^^^^^^^^^
  File "/home/airflow/.local/lib/python3.11/site-packages/airflow/models/baseoperator.py", line 508, in apply_defaults
    result = func(self, **kwargs, default_args=default_args)
             ^^^^^^^^^^^^^^^^^^^^^^^^^^^^^^^^^^^^^^^^^^^^^^^
  File "/home/airflow/.local/lib/python3.11/site-packages/airflow/providers/docker/operators/docker.py", line 263, in __init__
    raise ValueError(msg)
ValueError: Invalid `auto_remove` value True, expected one of 'never', 'success', or 'force'.
[2026-09-11T01:56:01.798+0000] {processor.py:927} WARNING - No viable dags retrieved from /opt/airflow/dags/countries_dag.py
[2026-09-11T01:56:02.137+0000] {processor.py:208} INFO - Processing /opt/airflow/dags/countries_dag.py took 4.483 seconds
[2026-09-11T01:56:32.478+0000] {processor.py:186} INFO - Started process (PID=3053) to work on /opt/airflow/dags/countries_dag.py
[2026-09-11T01:56:32.480+0000] {processor.py:914} INFO - Processing file /opt/airflow/dags/countries_dag.py for tasks to queue
[2026-09-11T01:56:32.483+0000] {logging_mixin.py:190} INFO - [2026-09-11T01:56:32.482+0000] {dagbag.py:588} INFO - Filling up the DagBag from /opt/airflow/dags/countries_dag.py
[2026-09-11T01:56:35.091+0000] {logging_mixin.py:190} INFO - [2026-09-11T01:56:35.084+0000] {dagbag.py:387} ERROR - Failed to import: /opt/airflow/dags/countries_dag.py
Traceback (most recent call last):
  File "/home/airflow/.local/lib/python3.11/site-packages/airflow/models/dagbag.py", line 383, in parse
    loader.exec_module(new_module)
  File "<frozen importlib._bootstrap_external>", line 940, in exec_module
  File "<frozen importlib._bootstrap>", line 241, in _call_with_frames_removed
  File "/opt/airflow/dags/countries_dag.py", line 74, in <module>
    dbt_run = DockerOperator(
              ^^^^^^^^^^^^^^^
  File "/home/airflow/.local/lib/python3.11/site-packages/airflow/models/baseoperator.py", line 508, in apply_defaults
    result = func(self, **kwargs, default_args=default_args)
             ^^^^^^^^^^^^^^^^^^^^^^^^^^^^^^^^^^^^^^^^^^^^^^^
  File "/home/airflow/.local/lib/python3.11/site-packages/airflow/providers/docker/operators/docker.py", line 263, in __init__
    raise ValueError(msg)
ValueError: Invalid `auto_remove` value True, expected one of 'never', 'success', or 'force'.
[2026-09-11T01:56:35.093+0000] {processor.py:927} WARNING - No viable dags retrieved from /opt/airflow/dags/countries_dag.py
[2026-09-11T01:56:35.126+0000] {processor.py:208} INFO - Processing /opt/airflow/dags/countries_dag.py took 2.667 seconds
[2026-09-11T01:57:05.728+0000] {processor.py:186} INFO - Started process (PID=3060) to work on /opt/airflow/dags/countries_dag.py
[2026-09-11T01:57:05.731+0000] {processor.py:914} INFO - Processing file /opt/airflow/dags/countries_dag.py for tasks to queue
[2026-09-11T01:57:05.736+0000] {logging_mixin.py:190} INFO - [2026-09-11T01:57:05.735+0000] {dagbag.py:588} INFO - Filling up the DagBag from /opt/airflow/dags/countries_dag.py
[2026-09-11T01:57:08.848+0000] {logging_mixin.py:190} INFO - [2026-09-11T01:57:08.838+0000] {dagbag.py:387} ERROR - Failed to import: /opt/airflow/dags/countries_dag.py
Traceback (most recent call last):
  File "/home/airflow/.local/lib/python3.11/site-packages/airflow/models/dagbag.py", line 383, in parse
    loader.exec_module(new_module)
  File "<frozen importlib._bootstrap_external>", line 940, in exec_module
  File "<frozen importlib._bootstrap>", line 241, in _call_with_frames_removed
  File "/opt/airflow/dags/countries_dag.py", line 74, in <module>
    dbt_run = DockerOperator(
              ^^^^^^^^^^^^^^^
  File "/home/airflow/.local/lib/python3.11/site-packages/airflow/models/baseoperator.py", line 508, in apply_defaults
    result = func(self, **kwargs, default_args=default_args)
             ^^^^^^^^^^^^^^^^^^^^^^^^^^^^^^^^^^^^^^^^^^^^^^^
  File "/home/airflow/.local/lib/python3.11/site-packages/airflow/providers/docker/operators/docker.py", line 263, in __init__
    raise ValueError(msg)
ValueError: Invalid `auto_remove` value True, expected one of 'never', 'success', or 'force'.
[2026-09-11T01:57:08.850+0000] {processor.py:927} WARNING - No viable dags retrieved from /opt/airflow/dags/countries_dag.py
[2026-09-11T01:57:08.900+0000] {processor.py:208} INFO - Processing /opt/airflow/dags/countries_dag.py took 3.205 seconds
[2026-09-11T01:57:39.634+0000] {processor.py:186} INFO - Started process (PID=3067) to work on /opt/airflow/dags/countries_dag.py
[2026-09-11T01:57:39.644+0000] {processor.py:914} INFO - Processing file /opt/airflow/dags/countries_dag.py for tasks to queue
[2026-09-11T01:57:39.653+0000] {logging_mixin.py:190} INFO - [2026-09-11T01:57:39.652+0000] {dagbag.py:588} INFO - Filling up the DagBag from /opt/airflow/dags/countries_dag.py
[2026-09-11T01:57:42.095+0000] {logging_mixin.py:190} INFO - [2026-09-11T01:57:42.083+0000] {dagbag.py:387} ERROR - Failed to import: /opt/airflow/dags/countries_dag.py
Traceback (most recent call last):
  File "/home/airflow/.local/lib/python3.11/site-packages/airflow/models/dagbag.py", line 383, in parse
    loader.exec_module(new_module)
  File "<frozen importlib._bootstrap_external>", line 940, in exec_module
  File "<frozen importlib._bootstrap>", line 241, in _call_with_frames_removed
  File "/opt/airflow/dags/countries_dag.py", line 74, in <module>
    dbt_run = DockerOperator(
              ^^^^^^^^^^^^^^^
  File "/home/airflow/.local/lib/python3.11/site-packages/airflow/models/baseoperator.py", line 508, in apply_defaults
    result = func(self, **kwargs, default_args=default_args)
             ^^^^^^^^^^^^^^^^^^^^^^^^^^^^^^^^^^^^^^^^^^^^^^^
  File "/home/airflow/.local/lib/python3.11/site-packages/airflow/providers/docker/operators/docker.py", line 263, in __init__
    raise ValueError(msg)
ValueError: Invalid `auto_remove` value True, expected one of 'never', 'success', or 'force'.
[2026-09-11T01:57:42.097+0000] {processor.py:927} WARNING - No viable dags retrieved from /opt/airflow/dags/countries_dag.py
[2026-09-11T01:57:42.147+0000] {processor.py:208} INFO - Processing /opt/airflow/dags/countries_dag.py took 2.551 seconds
[2026-09-11T01:57:43.751+0000] {processor.py:186} INFO - Started process (PID=3074) to work on /opt/airflow/dags/countries_dag.py
[2026-09-11T01:57:43.753+0000] {processor.py:914} INFO - Processing file /opt/airflow/dags/countries_dag.py for tasks to queue
[2026-09-11T01:57:43.757+0000] {logging_mixin.py:190} INFO - [2026-09-11T01:57:43.756+0000] {dagbag.py:588} INFO - Filling up the DagBag from /opt/airflow/dags/countries_dag.py
[2026-09-11T01:57:46.822+0000] {processor.py:925} INFO - DAG(s) 'countries_ingestion' retrieved from /opt/airflow/dags/countries_dag.py
[2026-09-11T01:57:47.581+0000] {logging_mixin.py:190} INFO - [2026-09-11T01:57:47.579+0000] {dag.py:3239} INFO - Sync 1 DAGs
[2026-09-11T01:57:47.679+0000] {logging_mixin.py:190} INFO - [2026-09-11T01:57:47.678+0000] {dag.py:4180} INFO - Setting next_dagrun for countries_ingestion to 2026-09-10 20:00:00+00:00, run_after=2026-09-11 00:00:00+00:00
[2026-09-11T01:57:47.765+0000] {processor.py:208} INFO - Processing /opt/airflow/dags/countries_dag.py took 4.037 seconds
[2026-09-11T01:57:48.940+0000] {processor.py:186} INFO - Started process (PID=3081) to work on /opt/airflow/dags/countries_dag.py
[2026-09-11T01:57:48.948+0000] {processor.py:914} INFO - Processing file /opt/airflow/dags/countries_dag.py for tasks to queue
[2026-09-11T01:57:48.957+0000] {logging_mixin.py:190} INFO - [2026-09-11T01:57:48.956+0000] {dagbag.py:588} INFO - Filling up the DagBag from /opt/airflow/dags/countries_dag.py
[2026-09-11T01:57:52.044+0000] {processor.py:925} INFO - DAG(s) 'countries_ingestion' retrieved from /opt/airflow/dags/countries_dag.py
[2026-09-11T01:57:52.105+0000] {logging_mixin.py:190} INFO - [2026-09-11T01:57:52.104+0000] {dag.py:3239} INFO - Sync 1 DAGs
[2026-09-11T01:57:52.282+0000] {processor.py:208} INFO - Processing /opt/airflow/dags/countries_dag.py took 3.375 seconds
[2026-09-11T01:58:23.484+0000] {processor.py:186} INFO - Started process (PID=3102) to work on /opt/airflow/dags/countries_dag.py
[2026-09-11T01:58:23.510+0000] {processor.py:914} INFO - Processing file /opt/airflow/dags/countries_dag.py for tasks to queue
[2026-09-11T01:58:23.529+0000] {logging_mixin.py:190} INFO - [2026-09-11T01:58:23.526+0000] {dagbag.py:588} INFO - Filling up the DagBag from /opt/airflow/dags/countries_dag.py
[2026-09-11T01:58:32.823+0000] {processor.py:925} INFO - DAG(s) 'countries_ingestion' retrieved from /opt/airflow/dags/countries_dag.py
[2026-09-11T01:58:32.918+0000] {logging_mixin.py:190} INFO - [2026-09-11T01:58:32.917+0000] {dag.py:3239} INFO - Sync 1 DAGs
[2026-09-11T01:58:33.068+0000] {processor.py:208} INFO - Processing /opt/airflow/dags/countries_dag.py took 9.755 seconds
[2026-09-11T01:59:03.909+0000] {processor.py:186} INFO - Started process (PID=3113) to work on /opt/airflow/dags/countries_dag.py
[2026-09-11T01:59:03.914+0000] {processor.py:914} INFO - Processing file /opt/airflow/dags/countries_dag.py for tasks to queue
[2026-09-11T01:59:03.919+0000] {logging_mixin.py:190} INFO - [2026-09-11T01:59:03.918+0000] {dagbag.py:588} INFO - Filling up the DagBag from /opt/airflow/dags/countries_dag.py
[2026-09-11T01:59:09.234+0000] {processor.py:925} INFO - DAG(s) 'countries_ingestion' retrieved from /opt/airflow/dags/countries_dag.py
[2026-09-11T01:59:09.365+0000] {logging_mixin.py:190} INFO - [2026-09-11T01:59:09.363+0000] {dag.py:3239} INFO - Sync 1 DAGs
[2026-09-11T01:59:09.523+0000] {processor.py:208} INFO - Processing /opt/airflow/dags/countries_dag.py took 5.648 seconds
[2026-09-11T01:59:39.889+0000] {processor.py:186} INFO - Started process (PID=3125) to work on /opt/airflow/dags/countries_dag.py
[2026-09-11T01:59:39.895+0000] {processor.py:914} INFO - Processing file /opt/airflow/dags/countries_dag.py for tasks to queue
[2026-09-11T01:59:39.900+0000] {logging_mixin.py:190} INFO - [2026-09-11T01:59:39.899+0000] {dagbag.py:588} INFO - Filling up the DagBag from /opt/airflow/dags/countries_dag.py
[2026-09-11T01:59:43.748+0000] {processor.py:925} INFO - DAG(s) 'countries_ingestion' retrieved from /opt/airflow/dags/countries_dag.py
[2026-09-11T01:59:43.909+0000] {logging_mixin.py:190} INFO - [2026-09-11T01:59:43.908+0000] {dag.py:3239} INFO - Sync 1 DAGs
[2026-09-11T01:59:44.093+0000] {processor.py:208} INFO - Processing /opt/airflow/dags/countries_dag.py took 4.236 seconds
[2026-09-11T02:00:14.421+0000] {processor.py:186} INFO - Started process (PID=3132) to work on /opt/airflow/dags/countries_dag.py
[2026-09-11T02:00:14.429+0000] {processor.py:914} INFO - Processing file /opt/airflow/dags/countries_dag.py for tasks to queue
[2026-09-11T02:00:14.433+0000] {logging_mixin.py:190} INFO - [2026-09-11T02:00:14.433+0000] {dagbag.py:588} INFO - Filling up the DagBag from /opt/airflow/dags/countries_dag.py
[2026-09-11T02:00:17.821+0000] {processor.py:925} INFO - DAG(s) 'countries_ingestion' retrieved from /opt/airflow/dags/countries_dag.py
[2026-09-11T02:00:17.908+0000] {logging_mixin.py:190} INFO - [2026-09-11T02:00:17.907+0000] {dag.py:3239} INFO - Sync 1 DAGs
[2026-09-11T02:00:18.076+0000] {processor.py:208} INFO - Processing /opt/airflow/dags/countries_dag.py took 3.691 seconds
[2026-09-11T02:00:48.646+0000] {processor.py:186} INFO - Started process (PID=3144) to work on /opt/airflow/dags/countries_dag.py
[2026-09-11T02:00:48.649+0000] {processor.py:914} INFO - Processing file /opt/airflow/dags/countries_dag.py for tasks to queue
[2026-09-11T02:00:48.658+0000] {logging_mixin.py:190} INFO - [2026-09-11T02:00:48.657+0000] {dagbag.py:588} INFO - Filling up the DagBag from /opt/airflow/dags/countries_dag.py
[2026-09-11T02:00:50.947+0000] {processor.py:925} INFO - DAG(s) 'countries_ingestion' retrieved from /opt/airflow/dags/countries_dag.py
[2026-09-11T02:00:51.014+0000] {logging_mixin.py:190} INFO - [2026-09-11T02:00:51.013+0000] {dag.py:3239} INFO - Sync 1 DAGs
[2026-09-11T02:00:51.056+0000] {logging_mixin.py:190} INFO - [2026-09-11T02:00:51.055+0000] {dag.py:4180} INFO - Setting next_dagrun for countries_ingestion to 2026-09-11 00:00:00+00:00, run_after=2026-09-11 04:00:00+00:00
[2026-09-11T02:00:51.087+0000] {processor.py:208} INFO - Processing /opt/airflow/dags/countries_dag.py took 2.464 seconds
[2026-09-11T02:01:21.905+0000] {processor.py:186} INFO - Started process (PID=3151) to work on /opt/airflow/dags/countries_dag.py
[2026-09-11T02:01:21.917+0000] {processor.py:914} INFO - Processing file /opt/airflow/dags/countries_dag.py for tasks to queue
[2026-09-11T02:01:21.935+0000] {logging_mixin.py:190} INFO - [2026-09-11T02:01:21.934+0000] {dagbag.py:588} INFO - Filling up the DagBag from /opt/airflow/dags/countries_dag.py
[2026-09-11T02:01:25.366+0000] {processor.py:925} INFO - DAG(s) 'countries_ingestion' retrieved from /opt/airflow/dags/countries_dag.py
[2026-09-11T02:01:25.520+0000] {logging_mixin.py:190} INFO - [2026-09-11T02:01:25.519+0000] {dag.py:3239} INFO - Sync 1 DAGs
[2026-09-11T02:01:25.613+0000] {logging_mixin.py:190} INFO - [2026-09-11T02:01:25.606+0000] {dag.py:4180} INFO - Setting next_dagrun for countries_ingestion to 2026-09-11 00:00:00+00:00, run_after=2026-09-11 04:00:00+00:00
[2026-09-11T02:01:25.689+0000] {processor.py:208} INFO - Processing /opt/airflow/dags/countries_dag.py took 3.805 seconds
[2026-09-11T02:01:56.331+0000] {processor.py:186} INFO - Started process (PID=3158) to work on /opt/airflow/dags/countries_dag.py
[2026-09-11T02:01:56.335+0000] {processor.py:914} INFO - Processing file /opt/airflow/dags/countries_dag.py for tasks to queue
[2026-09-11T02:01:56.340+0000] {logging_mixin.py:190} INFO - [2026-09-11T02:01:56.338+0000] {dagbag.py:588} INFO - Filling up the DagBag from /opt/airflow/dags/countries_dag.py
[2026-09-11T02:01:58.234+0000] {processor.py:925} INFO - DAG(s) 'countries_ingestion' retrieved from /opt/airflow/dags/countries_dag.py
[2026-09-11T02:01:58.272+0000] {logging_mixin.py:190} INFO - [2026-09-11T02:01:58.271+0000] {dag.py:3239} INFO - Sync 1 DAGs
[2026-09-11T02:01:58.325+0000] {logging_mixin.py:190} INFO - [2026-09-11T02:01:58.325+0000] {dag.py:4180} INFO - Setting next_dagrun for countries_ingestion to 2026-09-11 00:00:00+00:00, run_after=2026-09-11 04:00:00+00:00
[2026-09-11T02:01:58.382+0000] {processor.py:208} INFO - Processing /opt/airflow/dags/countries_dag.py took 2.064 seconds
[2026-09-11T02:02:28.759+0000] {processor.py:186} INFO - Started process (PID=3165) to work on /opt/airflow/dags/countries_dag.py
[2026-09-11T02:02:28.761+0000] {processor.py:914} INFO - Processing file /opt/airflow/dags/countries_dag.py for tasks to queue
[2026-09-11T02:02:28.764+0000] {logging_mixin.py:190} INFO - [2026-09-11T02:02:28.763+0000] {dagbag.py:588} INFO - Filling up the DagBag from /opt/airflow/dags/countries_dag.py
[2026-09-11T02:02:30.600+0000] {processor.py:925} INFO - DAG(s) 'countries_ingestion' retrieved from /opt/airflow/dags/countries_dag.py
[2026-09-11T02:02:30.642+0000] {logging_mixin.py:190} INFO - [2026-09-11T02:02:30.642+0000] {dag.py:3239} INFO - Sync 1 DAGs
[2026-09-11T02:02:30.696+0000] {logging_mixin.py:190} INFO - [2026-09-11T02:02:30.696+0000] {dag.py:4180} INFO - Setting next_dagrun for countries_ingestion to 2026-09-11 00:00:00+00:00, run_after=2026-09-11 04:00:00+00:00
[2026-09-11T02:02:30.738+0000] {processor.py:208} INFO - Processing /opt/airflow/dags/countries_dag.py took 1.999 seconds
[2026-09-11T02:03:01.210+0000] {processor.py:186} INFO - Started process (PID=3172) to work on /opt/airflow/dags/countries_dag.py
[2026-09-11T02:03:01.213+0000] {processor.py:914} INFO - Processing file /opt/airflow/dags/countries_dag.py for tasks to queue
[2026-09-11T02:03:01.216+0000] {logging_mixin.py:190} INFO - [2026-09-11T02:03:01.216+0000] {dagbag.py:588} INFO - Filling up the DagBag from /opt/airflow/dags/countries_dag.py
[2026-09-11T02:03:03.211+0000] {processor.py:925} INFO - DAG(s) 'countries_ingestion' retrieved from /opt/airflow/dags/countries_dag.py
[2026-09-11T02:03:03.266+0000] {logging_mixin.py:190} INFO - [2026-09-11T02:03:03.265+0000] {dag.py:3239} INFO - Sync 1 DAGs
[2026-09-11T02:03:03.322+0000] {logging_mixin.py:190} INFO - [2026-09-11T02:03:03.321+0000] {dag.py:4180} INFO - Setting next_dagrun for countries_ingestion to 2026-09-11 00:00:00+00:00, run_after=2026-09-11 04:00:00+00:00
[2026-09-11T02:03:03.352+0000] {processor.py:208} INFO - Processing /opt/airflow/dags/countries_dag.py took 2.163 seconds
[2026-09-11T02:03:33.694+0000] {processor.py:186} INFO - Started process (PID=3179) to work on /opt/airflow/dags/countries_dag.py
[2026-09-11T02:03:33.697+0000] {processor.py:914} INFO - Processing file /opt/airflow/dags/countries_dag.py for tasks to queue
[2026-09-11T02:03:33.699+0000] {logging_mixin.py:190} INFO - [2026-09-11T02:03:33.699+0000] {dagbag.py:588} INFO - Filling up the DagBag from /opt/airflow/dags/countries_dag.py
[2026-09-11T02:03:35.895+0000] {processor.py:925} INFO - DAG(s) 'countries_ingestion' retrieved from /opt/airflow/dags/countries_dag.py
[2026-09-11T02:03:35.976+0000] {logging_mixin.py:190} INFO - [2026-09-11T02:03:35.975+0000] {dag.py:3239} INFO - Sync 1 DAGs
[2026-09-11T02:03:36.087+0000] {logging_mixin.py:190} INFO - [2026-09-11T02:03:36.087+0000] {dag.py:4180} INFO - Setting next_dagrun for countries_ingestion to 2026-09-11 00:00:00+00:00, run_after=2026-09-11 04:00:00+00:00
[2026-09-11T02:03:36.146+0000] {processor.py:208} INFO - Processing /opt/airflow/dags/countries_dag.py took 2.468 seconds
[2026-09-11T02:04:06.673+0000] {processor.py:186} INFO - Started process (PID=3186) to work on /opt/airflow/dags/countries_dag.py
[2026-09-11T02:04:06.675+0000] {processor.py:914} INFO - Processing file /opt/airflow/dags/countries_dag.py for tasks to queue
[2026-09-11T02:04:06.678+0000] {logging_mixin.py:190} INFO - [2026-09-11T02:04:06.678+0000] {dagbag.py:588} INFO - Filling up the DagBag from /opt/airflow/dags/countries_dag.py
[2026-09-11T02:04:08.814+0000] {processor.py:925} INFO - DAG(s) 'countries_ingestion' retrieved from /opt/airflow/dags/countries_dag.py
[2026-09-11T02:04:08.866+0000] {logging_mixin.py:190} INFO - [2026-09-11T02:04:08.865+0000] {dag.py:3239} INFO - Sync 1 DAGs
[2026-09-11T02:04:08.918+0000] {logging_mixin.py:190} INFO - [2026-09-11T02:04:08.918+0000] {dag.py:4180} INFO - Setting next_dagrun for countries_ingestion to 2026-09-11 00:00:00+00:00, run_after=2026-09-11 04:00:00+00:00
[2026-09-11T02:04:08.959+0000] {processor.py:208} INFO - Processing /opt/airflow/dags/countries_dag.py took 2.305 seconds
[2026-09-11T02:04:39.387+0000] {processor.py:186} INFO - Started process (PID=3193) to work on /opt/airflow/dags/countries_dag.py
[2026-09-11T02:04:39.390+0000] {processor.py:914} INFO - Processing file /opt/airflow/dags/countries_dag.py for tasks to queue
[2026-09-11T02:04:39.393+0000] {logging_mixin.py:190} INFO - [2026-09-11T02:04:39.392+0000] {dagbag.py:588} INFO - Filling up the DagBag from /opt/airflow/dags/countries_dag.py
[2026-09-11T02:04:41.567+0000] {processor.py:925} INFO - DAG(s) 'countries_ingestion' retrieved from /opt/airflow/dags/countries_dag.py
[2026-09-11T02:04:41.642+0000] {logging_mixin.py:190} INFO - [2026-09-11T02:04:41.641+0000] {dag.py:3239} INFO - Sync 1 DAGs
[2026-09-11T02:04:41.731+0000] {logging_mixin.py:190} INFO - [2026-09-11T02:04:41.731+0000] {dag.py:4180} INFO - Setting next_dagrun for countries_ingestion to 2026-09-11 00:00:00+00:00, run_after=2026-09-11 04:00:00+00:00
[2026-09-11T02:04:41.805+0000] {processor.py:208} INFO - Processing /opt/airflow/dags/countries_dag.py took 2.431 seconds
[2026-09-11T02:05:12.358+0000] {processor.py:186} INFO - Started process (PID=3200) to work on /opt/airflow/dags/countries_dag.py
[2026-09-11T02:05:12.360+0000] {processor.py:914} INFO - Processing file /opt/airflow/dags/countries_dag.py for tasks to queue
[2026-09-11T02:05:12.363+0000] {logging_mixin.py:190} INFO - [2026-09-11T02:05:12.362+0000] {dagbag.py:588} INFO - Filling up the DagBag from /opt/airflow/dags/countries_dag.py
[2026-09-11T02:05:14.374+0000] {processor.py:925} INFO - DAG(s) 'countries_ingestion' retrieved from /opt/airflow/dags/countries_dag.py
[2026-09-11T02:05:14.425+0000] {logging_mixin.py:190} INFO - [2026-09-11T02:05:14.424+0000] {dag.py:3239} INFO - Sync 1 DAGs
[2026-09-11T02:05:14.487+0000] {logging_mixin.py:190} INFO - [2026-09-11T02:05:14.486+0000] {dag.py:4180} INFO - Setting next_dagrun for countries_ingestion to 2026-09-11 00:00:00+00:00, run_after=2026-09-11 04:00:00+00:00
[2026-09-11T02:05:14.541+0000] {processor.py:208} INFO - Processing /opt/airflow/dags/countries_dag.py took 2.196 seconds
[2026-09-11T02:05:44.802+0000] {processor.py:186} INFO - Started process (PID=3207) to work on /opt/airflow/dags/countries_dag.py
[2026-09-11T02:05:44.806+0000] {processor.py:914} INFO - Processing file /opt/airflow/dags/countries_dag.py for tasks to queue
[2026-09-11T02:05:44.809+0000] {logging_mixin.py:190} INFO - [2026-09-11T02:05:44.808+0000] {dagbag.py:588} INFO - Filling up the DagBag from /opt/airflow/dags/countries_dag.py
[2026-09-11T02:05:47.091+0000] {processor.py:925} INFO - DAG(s) 'countries_ingestion' retrieved from /opt/airflow/dags/countries_dag.py
[2026-09-11T02:05:47.155+0000] {logging_mixin.py:190} INFO - [2026-09-11T02:05:47.154+0000] {dag.py:3239} INFO - Sync 1 DAGs
[2026-09-11T02:05:47.251+0000] {logging_mixin.py:190} INFO - [2026-09-11T02:05:47.251+0000] {dag.py:4180} INFO - Setting next_dagrun for countries_ingestion to 2026-09-11 00:00:00+00:00, run_after=2026-09-11 04:00:00+00:00
[2026-09-11T02:05:47.294+0000] {processor.py:208} INFO - Processing /opt/airflow/dags/countries_dag.py took 2.503 seconds
[2026-09-11T02:06:17.614+0000] {processor.py:186} INFO - Started process (PID=3214) to work on /opt/airflow/dags/countries_dag.py
[2026-09-11T02:06:17.617+0000] {processor.py:914} INFO - Processing file /opt/airflow/dags/countries_dag.py for tasks to queue
[2026-09-11T02:06:17.620+0000] {logging_mixin.py:190} INFO - [2026-09-11T02:06:17.619+0000] {dagbag.py:588} INFO - Filling up the DagBag from /opt/airflow/dags/countries_dag.py
[2026-09-11T02:06:19.602+0000] {processor.py:925} INFO - DAG(s) 'countries_ingestion' retrieved from /opt/airflow/dags/countries_dag.py
[2026-09-11T02:06:19.673+0000] {logging_mixin.py:190} INFO - [2026-09-11T02:06:19.672+0000] {dag.py:3239} INFO - Sync 1 DAGs
[2026-09-11T02:06:19.726+0000] {logging_mixin.py:190} INFO - [2026-09-11T02:06:19.726+0000] {dag.py:4180} INFO - Setting next_dagrun for countries_ingestion to 2026-09-11 00:00:00+00:00, run_after=2026-09-11 04:00:00+00:00
[2026-09-11T02:06:19.759+0000] {processor.py:208} INFO - Processing /opt/airflow/dags/countries_dag.py took 2.164 seconds
[2026-09-11T02:06:49.984+0000] {processor.py:186} INFO - Started process (PID=3221) to work on /opt/airflow/dags/countries_dag.py
[2026-09-11T02:06:49.986+0000] {processor.py:914} INFO - Processing file /opt/airflow/dags/countries_dag.py for tasks to queue
[2026-09-11T02:06:49.988+0000] {logging_mixin.py:190} INFO - [2026-09-11T02:06:49.988+0000] {dagbag.py:588} INFO - Filling up the DagBag from /opt/airflow/dags/countries_dag.py
[2026-09-11T02:06:51.790+0000] {processor.py:925} INFO - DAG(s) 'countries_ingestion' retrieved from /opt/airflow/dags/countries_dag.py
[2026-09-11T02:06:51.869+0000] {logging_mixin.py:190} INFO - [2026-09-11T02:06:51.864+0000] {dag.py:3239} INFO - Sync 1 DAGs
[2026-09-11T02:06:51.946+0000] {logging_mixin.py:190} INFO - [2026-09-11T02:06:51.945+0000] {dag.py:4180} INFO - Setting next_dagrun for countries_ingestion to 2026-09-11 00:00:00+00:00, run_after=2026-09-11 04:00:00+00:00
[2026-09-11T02:06:52.009+0000] {processor.py:208} INFO - Processing /opt/airflow/dags/countries_dag.py took 2.041 seconds
[2026-09-11T02:07:22.376+0000] {processor.py:186} INFO - Started process (PID=3228) to work on /opt/airflow/dags/countries_dag.py
[2026-09-11T02:07:22.378+0000] {processor.py:914} INFO - Processing file /opt/airflow/dags/countries_dag.py for tasks to queue
[2026-09-11T02:07:22.380+0000] {logging_mixin.py:190} INFO - [2026-09-11T02:07:22.380+0000] {dagbag.py:588} INFO - Filling up the DagBag from /opt/airflow/dags/countries_dag.py
[2026-09-11T02:07:24.113+0000] {processor.py:925} INFO - DAG(s) 'countries_ingestion' retrieved from /opt/airflow/dags/countries_dag.py
[2026-09-11T02:07:24.158+0000] {logging_mixin.py:190} INFO - [2026-09-11T02:07:24.157+0000] {dag.py:3239} INFO - Sync 1 DAGs
[2026-09-11T02:07:24.207+0000] {logging_mixin.py:190} INFO - [2026-09-11T02:07:24.207+0000] {dag.py:4180} INFO - Setting next_dagrun for countries_ingestion to 2026-09-11 00:00:00+00:00, run_after=2026-09-11 04:00:00+00:00
[2026-09-11T02:07:24.247+0000] {processor.py:208} INFO - Processing /opt/airflow/dags/countries_dag.py took 1.881 seconds
[2026-09-11T02:07:54.683+0000] {processor.py:186} INFO - Started process (PID=3235) to work on /opt/airflow/dags/countries_dag.py
[2026-09-11T02:07:54.685+0000] {processor.py:914} INFO - Processing file /opt/airflow/dags/countries_dag.py for tasks to queue
[2026-09-11T02:07:54.689+0000] {logging_mixin.py:190} INFO - [2026-09-11T02:07:54.688+0000] {dagbag.py:588} INFO - Filling up the DagBag from /opt/airflow/dags/countries_dag.py
[2026-09-11T02:07:57.371+0000] {processor.py:925} INFO - DAG(s) 'countries_ingestion' retrieved from /opt/airflow/dags/countries_dag.py
[2026-09-11T02:07:57.428+0000] {logging_mixin.py:190} INFO - [2026-09-11T02:07:57.427+0000] {dag.py:3239} INFO - Sync 1 DAGs
[2026-09-11T02:07:57.480+0000] {logging_mixin.py:190} INFO - [2026-09-11T02:07:57.479+0000] {dag.py:4180} INFO - Setting next_dagrun for countries_ingestion to 2026-09-11 00:00:00+00:00, run_after=2026-09-11 04:00:00+00:00
[2026-09-11T02:07:57.522+0000] {processor.py:208} INFO - Processing /opt/airflow/dags/countries_dag.py took 2.856 seconds
[2026-09-11T02:08:28.120+0000] {processor.py:186} INFO - Started process (PID=3242) to work on /opt/airflow/dags/countries_dag.py
[2026-09-11T02:08:28.123+0000] {processor.py:914} INFO - Processing file /opt/airflow/dags/countries_dag.py for tasks to queue
[2026-09-11T02:08:28.126+0000] {logging_mixin.py:190} INFO - [2026-09-11T02:08:28.125+0000] {dagbag.py:588} INFO - Filling up the DagBag from /opt/airflow/dags/countries_dag.py
[2026-09-11T02:08:30.226+0000] {processor.py:925} INFO - DAG(s) 'countries_ingestion' retrieved from /opt/airflow/dags/countries_dag.py
[2026-09-11T02:08:30.277+0000] {logging_mixin.py:190} INFO - [2026-09-11T02:08:30.276+0000] {dag.py:3239} INFO - Sync 1 DAGs
[2026-09-11T02:08:30.344+0000] {logging_mixin.py:190} INFO - [2026-09-11T02:08:30.343+0000] {dag.py:4180} INFO - Setting next_dagrun for countries_ingestion to 2026-09-11 00:00:00+00:00, run_after=2026-09-11 04:00:00+00:00
[2026-09-11T02:08:30.384+0000] {processor.py:208} INFO - Processing /opt/airflow/dags/countries_dag.py took 2.274 seconds
[2026-09-11T02:09:00.585+0000] {processor.py:186} INFO - Started process (PID=3249) to work on /opt/airflow/dags/countries_dag.py
[2026-09-11T02:09:00.587+0000] {processor.py:914} INFO - Processing file /opt/airflow/dags/countries_dag.py for tasks to queue
[2026-09-11T02:09:00.589+0000] {logging_mixin.py:190} INFO - [2026-09-11T02:09:00.589+0000] {dagbag.py:588} INFO - Filling up the DagBag from /opt/airflow/dags/countries_dag.py
[2026-09-11T02:09:02.635+0000] {processor.py:925} INFO - DAG(s) 'countries_ingestion' retrieved from /opt/airflow/dags/countries_dag.py
[2026-09-11T02:09:02.707+0000] {logging_mixin.py:190} INFO - [2026-09-11T02:09:02.706+0000] {dag.py:3239} INFO - Sync 1 DAGs
[2026-09-11T02:09:02.778+0000] {logging_mixin.py:190} INFO - [2026-09-11T02:09:02.778+0000] {dag.py:4180} INFO - Setting next_dagrun for countries_ingestion to 2026-09-11 00:00:00+00:00, run_after=2026-09-11 04:00:00+00:00
[2026-09-11T02:09:02.807+0000] {processor.py:208} INFO - Processing /opt/airflow/dags/countries_dag.py took 2.247 seconds
[2026-09-11T02:09:33.104+0000] {processor.py:186} INFO - Started process (PID=3256) to work on /opt/airflow/dags/countries_dag.py
[2026-09-11T02:09:33.106+0000] {processor.py:914} INFO - Processing file /opt/airflow/dags/countries_dag.py for tasks to queue
[2026-09-11T02:09:33.109+0000] {logging_mixin.py:190} INFO - [2026-09-11T02:09:33.108+0000] {dagbag.py:588} INFO - Filling up the DagBag from /opt/airflow/dags/countries_dag.py
[2026-09-11T02:09:35.013+0000] {processor.py:925} INFO - DAG(s) 'countries_ingestion' retrieved from /opt/airflow/dags/countries_dag.py
[2026-09-11T02:09:35.067+0000] {logging_mixin.py:190} INFO - [2026-09-11T02:09:35.065+0000] {dag.py:3239} INFO - Sync 1 DAGs
[2026-09-11T02:09:35.135+0000] {logging_mixin.py:190} INFO - [2026-09-11T02:09:35.134+0000] {dag.py:4180} INFO - Setting next_dagrun for countries_ingestion to 2026-09-11 00:00:00+00:00, run_after=2026-09-11 04:00:00+00:00
[2026-09-11T02:09:35.193+0000] {processor.py:208} INFO - Processing /opt/airflow/dags/countries_dag.py took 2.104 seconds
[2026-09-11T02:10:05.600+0000] {processor.py:186} INFO - Started process (PID=3263) to work on /opt/airflow/dags/countries_dag.py
[2026-09-11T02:10:05.602+0000] {processor.py:914} INFO - Processing file /opt/airflow/dags/countries_dag.py for tasks to queue
[2026-09-11T02:10:05.604+0000] {logging_mixin.py:190} INFO - [2026-09-11T02:10:05.604+0000] {dagbag.py:588} INFO - Filling up the DagBag from /opt/airflow/dags/countries_dag.py
[2026-09-11T02:10:07.828+0000] {processor.py:925} INFO - DAG(s) 'countries_ingestion' retrieved from /opt/airflow/dags/countries_dag.py
[2026-09-11T02:10:07.869+0000] {logging_mixin.py:190} INFO - [2026-09-11T02:10:07.869+0000] {dag.py:3239} INFO - Sync 1 DAGs
[2026-09-11T02:10:07.915+0000] {logging_mixin.py:190} INFO - [2026-09-11T02:10:07.915+0000] {dag.py:4180} INFO - Setting next_dagrun for countries_ingestion to 2026-09-11 00:00:00+00:00, run_after=2026-09-11 04:00:00+00:00
[2026-09-11T02:10:07.969+0000] {processor.py:208} INFO - Processing /opt/airflow/dags/countries_dag.py took 2.379 seconds
[2026-09-11T02:10:38.514+0000] {processor.py:186} INFO - Started process (PID=3270) to work on /opt/airflow/dags/countries_dag.py
[2026-09-11T02:10:38.517+0000] {processor.py:914} INFO - Processing file /opt/airflow/dags/countries_dag.py for tasks to queue
[2026-09-11T02:10:38.521+0000] {logging_mixin.py:190} INFO - [2026-09-11T02:10:38.520+0000] {dagbag.py:588} INFO - Filling up the DagBag from /opt/airflow/dags/countries_dag.py
[2026-09-11T02:10:40.608+0000] {processor.py:925} INFO - DAG(s) 'countries_ingestion' retrieved from /opt/airflow/dags/countries_dag.py
[2026-09-11T02:10:40.648+0000] {logging_mixin.py:190} INFO - [2026-09-11T02:10:40.647+0000] {dag.py:3239} INFO - Sync 1 DAGs
[2026-09-11T02:10:40.692+0000] {logging_mixin.py:190} INFO - [2026-09-11T02:10:40.691+0000] {dag.py:4180} INFO - Setting next_dagrun for countries_ingestion to 2026-09-11 00:00:00+00:00, run_after=2026-09-11 04:00:00+00:00
[2026-09-11T02:10:40.733+0000] {processor.py:208} INFO - Processing /opt/airflow/dags/countries_dag.py took 2.236 seconds
[2026-09-11T02:11:11.043+0000] {processor.py:186} INFO - Started process (PID=3277) to work on /opt/airflow/dags/countries_dag.py
[2026-09-11T02:11:11.046+0000] {processor.py:914} INFO - Processing file /opt/airflow/dags/countries_dag.py for tasks to queue
[2026-09-11T02:11:11.049+0000] {logging_mixin.py:190} INFO - [2026-09-11T02:11:11.048+0000] {dagbag.py:588} INFO - Filling up the DagBag from /opt/airflow/dags/countries_dag.py
[2026-09-11T02:11:14.263+0000] {processor.py:925} INFO - DAG(s) 'countries_ingestion' retrieved from /opt/airflow/dags/countries_dag.py
[2026-09-11T02:11:14.311+0000] {logging_mixin.py:190} INFO - [2026-09-11T02:11:14.310+0000] {dag.py:3239} INFO - Sync 1 DAGs
[2026-09-11T02:11:14.390+0000] {logging_mixin.py:190} INFO - [2026-09-11T02:11:14.389+0000] {dag.py:4180} INFO - Setting next_dagrun for countries_ingestion to 2026-09-11 00:00:00+00:00, run_after=2026-09-11 04:00:00+00:00
[2026-09-11T02:11:14.451+0000] {processor.py:208} INFO - Processing /opt/airflow/dags/countries_dag.py took 3.421 seconds
[2026-09-11T02:11:45.115+0000] {processor.py:186} INFO - Started process (PID=3284) to work on /opt/airflow/dags/countries_dag.py
[2026-09-11T02:11:45.126+0000] {processor.py:914} INFO - Processing file /opt/airflow/dags/countries_dag.py for tasks to queue
[2026-09-11T02:11:45.141+0000] {logging_mixin.py:190} INFO - [2026-09-11T02:11:45.140+0000] {dagbag.py:588} INFO - Filling up the DagBag from /opt/airflow/dags/countries_dag.py
[2026-09-11T02:11:47.746+0000] {processor.py:925} INFO - DAG(s) 'countries_ingestion' retrieved from /opt/airflow/dags/countries_dag.py
[2026-09-11T02:11:47.811+0000] {logging_mixin.py:190} INFO - [2026-09-11T02:11:47.809+0000] {dag.py:3239} INFO - Sync 1 DAGs
[2026-09-11T02:11:47.873+0000] {logging_mixin.py:190} INFO - [2026-09-11T02:11:47.872+0000] {dag.py:4180} INFO - Setting next_dagrun for countries_ingestion to 2026-09-11 00:00:00+00:00, run_after=2026-09-11 04:00:00+00:00
[2026-09-11T02:11:47.924+0000] {processor.py:208} INFO - Processing /opt/airflow/dags/countries_dag.py took 2.838 seconds
[2026-09-11T02:12:18.555+0000] {processor.py:186} INFO - Started process (PID=3291) to work on /opt/airflow/dags/countries_dag.py
[2026-09-11T02:12:18.559+0000] {processor.py:914} INFO - Processing file /opt/airflow/dags/countries_dag.py for tasks to queue
[2026-09-11T02:12:18.564+0000] {logging_mixin.py:190} INFO - [2026-09-11T02:12:18.563+0000] {dagbag.py:588} INFO - Filling up the DagBag from /opt/airflow/dags/countries_dag.py
[2026-09-11T02:12:20.248+0000] {processor.py:925} INFO - DAG(s) 'countries_ingestion' retrieved from /opt/airflow/dags/countries_dag.py
[2026-09-11T02:12:20.322+0000] {logging_mixin.py:190} INFO - [2026-09-11T02:12:20.316+0000] {dag.py:3239} INFO - Sync 1 DAGs
[2026-09-11T02:12:20.519+0000] {logging_mixin.py:190} INFO - [2026-09-11T02:12:20.515+0000] {dag.py:4180} INFO - Setting next_dagrun for countries_ingestion to 2026-09-11 00:00:00+00:00, run_after=2026-09-11 04:00:00+00:00
[2026-09-11T02:12:20.604+0000] {processor.py:208} INFO - Processing /opt/airflow/dags/countries_dag.py took 2.067 seconds
[2026-09-11T02:14:24.558+0000] {processor.py:186} INFO - Started process (PID=191) to work on /opt/airflow/dags/countries_dag.py
[2026-09-11T02:14:24.574+0000] {processor.py:914} INFO - Processing file /opt/airflow/dags/countries_dag.py for tasks to queue
[2026-09-11T02:14:24.588+0000] {logging_mixin.py:190} INFO - [2026-09-11T02:14:24.587+0000] {dagbag.py:588} INFO - Filling up the DagBag from /opt/airflow/dags/countries_dag.py
[2026-09-11T02:14:25.133+0000] {logging_mixin.py:190} INFO - [2026-09-11T02:14:24.691+0000] {dagbag.py:387} ERROR - Failed to import: /opt/airflow/dags/countries_dag.py
Traceback (most recent call last):
  File "/home/airflow/.local/lib/python3.11/site-packages/airflow/models/dagbag.py", line 383, in parse
    loader.exec_module(new_module)
  File "<frozen importlib._bootstrap_external>", line 940, in exec_module
  File "<frozen importlib._bootstrap>", line 241, in _call_with_frames_removed
  File "/opt/airflow/dags/countries_dag.py", line 6, in <module>
    from ingestion.minio_to_snowflake import run_pipeline
  File "/opt/airflow/ingestion/minio_to_snowflake.py", line 8, in <module>
    from minio import Minio
ModuleNotFoundError: No module named 'minio'
[2026-09-11T02:14:25.334+0000] {processor.py:927} WARNING - No viable dags retrieved from /opt/airflow/dags/countries_dag.py
[2026-09-11T02:14:25.674+0000] {processor.py:208} INFO - Processing /opt/airflow/dags/countries_dag.py took 1.158 seconds
[2026-09-11T02:14:56.991+0000] {processor.py:186} INFO - Started process (PID=197) to work on /opt/airflow/dags/countries_dag.py
[2026-09-11T02:14:56.999+0000] {processor.py:914} INFO - Processing file /opt/airflow/dags/countries_dag.py for tasks to queue
[2026-09-11T02:14:57.026+0000] {logging_mixin.py:190} INFO - [2026-09-11T02:14:57.014+0000] {dagbag.py:588} INFO - Filling up the DagBag from /opt/airflow/dags/countries_dag.py
[2026-09-11T02:14:57.400+0000] {logging_mixin.py:190} INFO - [2026-09-11T02:14:57.381+0000] {dagbag.py:387} ERROR - Failed to import: /opt/airflow/dags/countries_dag.py
Traceback (most recent call last):
  File "/home/airflow/.local/lib/python3.11/site-packages/airflow/models/dagbag.py", line 383, in parse
    loader.exec_module(new_module)
  File "<frozen importlib._bootstrap_external>", line 940, in exec_module
  File "<frozen importlib._bootstrap>", line 241, in _call_with_frames_removed
  File "/opt/airflow/dags/countries_dag.py", line 6, in <module>
    from ingestion.minio_to_snowflake import run_pipeline
  File "/opt/airflow/ingestion/minio_to_snowflake.py", line 8, in <module>
    from minio import Minio
ModuleNotFoundError: No module named 'minio'
[2026-09-11T02:14:57.406+0000] {processor.py:927} WARNING - No viable dags retrieved from /opt/airflow/dags/countries_dag.py
[2026-09-11T02:14:57.485+0000] {processor.py:208} INFO - Processing /opt/airflow/dags/countries_dag.py took 0.554 seconds
[2026-09-11T02:15:28.016+0000] {processor.py:186} INFO - Started process (PID=217) to work on /opt/airflow/dags/countries_dag.py
[2026-09-11T02:15:28.022+0000] {processor.py:914} INFO - Processing file /opt/airflow/dags/countries_dag.py for tasks to queue
[2026-09-11T02:15:28.025+0000] {logging_mixin.py:190} INFO - [2026-09-11T02:15:28.024+0000] {dagbag.py:588} INFO - Filling up the DagBag from /opt/airflow/dags/countries_dag.py
[2026-09-11T02:15:28.291+0000] {logging_mixin.py:190} INFO - [2026-09-11T02:15:28.188+0000] {dagbag.py:387} ERROR - Failed to import: /opt/airflow/dags/countries_dag.py
Traceback (most recent call last):
  File "/home/airflow/.local/lib/python3.11/site-packages/airflow/models/dagbag.py", line 383, in parse
    loader.exec_module(new_module)
  File "<frozen importlib._bootstrap_external>", line 940, in exec_module
  File "<frozen importlib._bootstrap>", line 241, in _call_with_frames_removed
  File "/opt/airflow/dags/countries_dag.py", line 6, in <module>
    from ingestion.minio_to_snowflake import run_pipeline
  File "/opt/airflow/ingestion/minio_to_snowflake.py", line 8, in <module>
    from minio import Minio
ModuleNotFoundError: No module named 'minio'
[2026-09-11T02:15:28.311+0000] {processor.py:927} WARNING - No viable dags retrieved from /opt/airflow/dags/countries_dag.py
[2026-09-11T02:15:28.372+0000] {processor.py:208} INFO - Processing /opt/airflow/dags/countries_dag.py took 0.372 seconds
[2026-09-11T02:15:58.793+0000] {processor.py:186} INFO - Started process (PID=228) to work on /opt/airflow/dags/countries_dag.py
[2026-09-11T02:15:58.796+0000] {processor.py:914} INFO - Processing file /opt/airflow/dags/countries_dag.py for tasks to queue
[2026-09-11T02:15:58.800+0000] {logging_mixin.py:190} INFO - [2026-09-11T02:15:58.799+0000] {dagbag.py:588} INFO - Filling up the DagBag from /opt/airflow/dags/countries_dag.py
[2026-09-11T02:15:58.874+0000] {logging_mixin.py:190} INFO - [2026-09-11T02:15:58.858+0000] {dagbag.py:387} ERROR - Failed to import: /opt/airflow/dags/countries_dag.py
Traceback (most recent call last):
  File "/home/airflow/.local/lib/python3.11/site-packages/airflow/models/dagbag.py", line 383, in parse
    loader.exec_module(new_module)
  File "<frozen importlib._bootstrap_external>", line 940, in exec_module
  File "<frozen importlib._bootstrap>", line 241, in _call_with_frames_removed
  File "/opt/airflow/dags/countries_dag.py", line 6, in <module>
    from ingestion.minio_to_snowflake import run_pipeline
  File "/opt/airflow/ingestion/minio_to_snowflake.py", line 8, in <module>
    from minio import Minio
ModuleNotFoundError: No module named 'minio'
[2026-09-11T02:15:58.879+0000] {processor.py:927} WARNING - No viable dags retrieved from /opt/airflow/dags/countries_dag.py
[2026-09-11T02:15:58.934+0000] {processor.py:208} INFO - Processing /opt/airflow/dags/countries_dag.py took 0.155 seconds
[2026-09-11T02:16:29.620+0000] {processor.py:186} INFO - Started process (PID=233) to work on /opt/airflow/dags/countries_dag.py
[2026-09-11T02:16:29.624+0000] {processor.py:914} INFO - Processing file /opt/airflow/dags/countries_dag.py for tasks to queue
[2026-09-11T02:16:29.627+0000] {logging_mixin.py:190} INFO - [2026-09-11T02:16:29.627+0000] {dagbag.py:588} INFO - Filling up the DagBag from /opt/airflow/dags/countries_dag.py
[2026-09-11T02:16:29.703+0000] {logging_mixin.py:190} INFO - [2026-09-11T02:16:29.688+0000] {dagbag.py:387} ERROR - Failed to import: /opt/airflow/dags/countries_dag.py
Traceback (most recent call last):
  File "/home/airflow/.local/lib/python3.11/site-packages/airflow/models/dagbag.py", line 383, in parse
    loader.exec_module(new_module)
  File "<frozen importlib._bootstrap_external>", line 940, in exec_module
  File "<frozen importlib._bootstrap>", line 241, in _call_with_frames_removed
  File "/opt/airflow/dags/countries_dag.py", line 6, in <module>
    from ingestion.minio_to_snowflake import run_pipeline
  File "/opt/airflow/ingestion/minio_to_snowflake.py", line 8, in <module>
    from minio import Minio
ModuleNotFoundError: No module named 'minio'
[2026-09-11T02:16:29.708+0000] {processor.py:927} WARNING - No viable dags retrieved from /opt/airflow/dags/countries_dag.py
[2026-09-11T02:16:29.754+0000] {processor.py:208} INFO - Processing /opt/airflow/dags/countries_dag.py took 0.147 seconds
[2026-09-11T02:17:00.100+0000] {processor.py:186} INFO - Started process (PID=238) to work on /opt/airflow/dags/countries_dag.py
[2026-09-11T02:17:00.102+0000] {processor.py:914} INFO - Processing file /opt/airflow/dags/countries_dag.py for tasks to queue
[2026-09-11T02:17:00.107+0000] {logging_mixin.py:190} INFO - [2026-09-11T02:17:00.106+0000] {dagbag.py:588} INFO - Filling up the DagBag from /opt/airflow/dags/countries_dag.py
[2026-09-11T02:17:00.181+0000] {logging_mixin.py:190} INFO - [2026-09-11T02:17:00.162+0000] {dagbag.py:387} ERROR - Failed to import: /opt/airflow/dags/countries_dag.py
Traceback (most recent call last):
  File "/home/airflow/.local/lib/python3.11/site-packages/airflow/models/dagbag.py", line 383, in parse
    loader.exec_module(new_module)
  File "<frozen importlib._bootstrap_external>", line 940, in exec_module
  File "<frozen importlib._bootstrap>", line 241, in _call_with_frames_removed
  File "/opt/airflow/dags/countries_dag.py", line 6, in <module>
    from ingestion.minio_to_snowflake import run_pipeline
  File "/opt/airflow/ingestion/minio_to_snowflake.py", line 8, in <module>
    from minio import Minio
ModuleNotFoundError: No module named 'minio'
[2026-09-11T02:17:00.187+0000] {processor.py:927} WARNING - No viable dags retrieved from /opt/airflow/dags/countries_dag.py
[2026-09-11T02:17:00.221+0000] {processor.py:208} INFO - Processing /opt/airflow/dags/countries_dag.py took 0.135 seconds
[2026-09-11T02:17:30.665+0000] {processor.py:186} INFO - Started process (PID=243) to work on /opt/airflow/dags/countries_dag.py
[2026-09-11T02:17:30.667+0000] {processor.py:914} INFO - Processing file /opt/airflow/dags/countries_dag.py for tasks to queue
[2026-09-11T02:17:30.671+0000] {logging_mixin.py:190} INFO - [2026-09-11T02:17:30.670+0000] {dagbag.py:588} INFO - Filling up the DagBag from /opt/airflow/dags/countries_dag.py
[2026-09-11T02:17:30.759+0000] {logging_mixin.py:190} INFO - [2026-09-11T02:17:30.737+0000] {dagbag.py:387} ERROR - Failed to import: /opt/airflow/dags/countries_dag.py
Traceback (most recent call last):
  File "/home/airflow/.local/lib/python3.11/site-packages/airflow/models/dagbag.py", line 383, in parse
    loader.exec_module(new_module)
  File "<frozen importlib._bootstrap_external>", line 940, in exec_module
  File "<frozen importlib._bootstrap>", line 241, in _call_with_frames_removed
  File "/opt/airflow/dags/countries_dag.py", line 6, in <module>
    from ingestion.minio_to_snowflake import run_pipeline
  File "/opt/airflow/ingestion/minio_to_snowflake.py", line 8, in <module>
    from minio import Minio
ModuleNotFoundError: No module named 'minio'
[2026-09-11T02:17:30.772+0000] {processor.py:927} WARNING - No viable dags retrieved from /opt/airflow/dags/countries_dag.py
[2026-09-11T02:17:30.813+0000] {processor.py:208} INFO - Processing /opt/airflow/dags/countries_dag.py took 0.168 seconds
[2026-09-11T02:18:01.205+0000] {processor.py:186} INFO - Started process (PID=248) to work on /opt/airflow/dags/countries_dag.py
[2026-09-11T02:18:01.207+0000] {processor.py:914} INFO - Processing file /opt/airflow/dags/countries_dag.py for tasks to queue
[2026-09-11T02:18:01.210+0000] {logging_mixin.py:190} INFO - [2026-09-11T02:18:01.209+0000] {dagbag.py:588} INFO - Filling up the DagBag from /opt/airflow/dags/countries_dag.py
[2026-09-11T02:18:01.271+0000] {logging_mixin.py:190} INFO - [2026-09-11T02:18:01.259+0000] {dagbag.py:387} ERROR - Failed to import: /opt/airflow/dags/countries_dag.py
Traceback (most recent call last):
  File "/home/airflow/.local/lib/python3.11/site-packages/airflow/models/dagbag.py", line 383, in parse
    loader.exec_module(new_module)
  File "<frozen importlib._bootstrap_external>", line 940, in exec_module
  File "<frozen importlib._bootstrap>", line 241, in _call_with_frames_removed
  File "/opt/airflow/dags/countries_dag.py", line 6, in <module>
    from ingestion.minio_to_snowflake import run_pipeline
  File "/opt/airflow/ingestion/minio_to_snowflake.py", line 8, in <module>
    from minio import Minio
ModuleNotFoundError: No module named 'minio'
[2026-09-11T02:18:01.276+0000] {processor.py:927} WARNING - No viable dags retrieved from /opt/airflow/dags/countries_dag.py
[2026-09-11T02:18:01.322+0000] {processor.py:208} INFO - Processing /opt/airflow/dags/countries_dag.py took 0.133 seconds
[2026-09-11T02:18:31.809+0000] {processor.py:186} INFO - Started process (PID=253) to work on /opt/airflow/dags/countries_dag.py
[2026-09-11T02:18:31.812+0000] {processor.py:914} INFO - Processing file /opt/airflow/dags/countries_dag.py for tasks to queue
[2026-09-11T02:18:31.816+0000] {logging_mixin.py:190} INFO - [2026-09-11T02:18:31.815+0000] {dagbag.py:588} INFO - Filling up the DagBag from /opt/airflow/dags/countries_dag.py
[2026-09-11T02:18:32.017+0000] {logging_mixin.py:190} INFO - [2026-09-11T02:18:31.991+0000] {dagbag.py:387} ERROR - Failed to import: /opt/airflow/dags/countries_dag.py
Traceback (most recent call last):
  File "/home/airflow/.local/lib/python3.11/site-packages/airflow/models/dagbag.py", line 383, in parse
    loader.exec_module(new_module)
  File "<frozen importlib._bootstrap_external>", line 940, in exec_module
  File "<frozen importlib._bootstrap>", line 241, in _call_with_frames_removed
  File "/opt/airflow/dags/countries_dag.py", line 6, in <module>
    from ingestion.minio_to_snowflake import run_pipeline
  File "/opt/airflow/ingestion/minio_to_snowflake.py", line 8, in <module>
    from minio import Minio
ModuleNotFoundError: No module named 'minio'
[2026-09-11T02:18:32.024+0000] {processor.py:927} WARNING - No viable dags retrieved from /opt/airflow/dags/countries_dag.py
[2026-09-11T02:18:32.079+0000] {processor.py:208} INFO - Processing /opt/airflow/dags/countries_dag.py took 0.292 seconds
[2026-09-11T02:19:02.610+0000] {processor.py:186} INFO - Started process (PID=258) to work on /opt/airflow/dags/countries_dag.py
[2026-09-11T02:19:02.612+0000] {processor.py:914} INFO - Processing file /opt/airflow/dags/countries_dag.py for tasks to queue
[2026-09-11T02:19:02.615+0000] {logging_mixin.py:190} INFO - [2026-09-11T02:19:02.615+0000] {dagbag.py:588} INFO - Filling up the DagBag from /opt/airflow/dags/countries_dag.py
[2026-09-11T02:19:02.764+0000] {logging_mixin.py:190} INFO - [2026-09-11T02:19:02.743+0000] {dagbag.py:387} ERROR - Failed to import: /opt/airflow/dags/countries_dag.py
Traceback (most recent call last):
  File "/home/airflow/.local/lib/python3.11/site-packages/airflow/models/dagbag.py", line 383, in parse
    loader.exec_module(new_module)
  File "<frozen importlib._bootstrap_external>", line 940, in exec_module
  File "<frozen importlib._bootstrap>", line 241, in _call_with_frames_removed
  File "/opt/airflow/dags/countries_dag.py", line 6, in <module>
    from ingestion.minio_to_snowflake import run_pipeline
  File "/opt/airflow/ingestion/minio_to_snowflake.py", line 8, in <module>
    from minio import Minio
ModuleNotFoundError: No module named 'minio'
[2026-09-11T02:19:02.770+0000] {processor.py:927} WARNING - No viable dags retrieved from /opt/airflow/dags/countries_dag.py
[2026-09-11T02:19:02.830+0000] {processor.py:208} INFO - Processing /opt/airflow/dags/countries_dag.py took 0.236 seconds
[2026-09-11T02:19:33.213+0000] {processor.py:186} INFO - Started process (PID=263) to work on /opt/airflow/dags/countries_dag.py
[2026-09-11T02:19:33.216+0000] {processor.py:914} INFO - Processing file /opt/airflow/dags/countries_dag.py for tasks to queue
[2026-09-11T02:19:33.220+0000] {logging_mixin.py:190} INFO - [2026-09-11T02:19:33.219+0000] {dagbag.py:588} INFO - Filling up the DagBag from /opt/airflow/dags/countries_dag.py
[2026-09-11T02:19:33.354+0000] {logging_mixin.py:190} INFO - [2026-09-11T02:19:33.309+0000] {dagbag.py:387} ERROR - Failed to import: /opt/airflow/dags/countries_dag.py
Traceback (most recent call last):
  File "/home/airflow/.local/lib/python3.11/site-packages/airflow/models/dagbag.py", line 383, in parse
    loader.exec_module(new_module)
  File "<frozen importlib._bootstrap_external>", line 940, in exec_module
  File "<frozen importlib._bootstrap>", line 241, in _call_with_frames_removed
  File "/opt/airflow/dags/countries_dag.py", line 6, in <module>
    from ingestion.minio_to_snowflake import run_pipeline
  File "/opt/airflow/ingestion/minio_to_snowflake.py", line 8, in <module>
    from minio import Minio
ModuleNotFoundError: No module named 'minio'
[2026-09-11T02:19:33.359+0000] {processor.py:927} WARNING - No viable dags retrieved from /opt/airflow/dags/countries_dag.py
[2026-09-11T02:19:33.443+0000] {processor.py:208} INFO - Processing /opt/airflow/dags/countries_dag.py took 0.251 seconds
[2026-09-11T02:20:03.596+0000] {processor.py:186} INFO - Started process (PID=268) to work on /opt/airflow/dags/countries_dag.py
[2026-09-11T02:20:03.599+0000] {processor.py:914} INFO - Processing file /opt/airflow/dags/countries_dag.py for tasks to queue
[2026-09-11T02:20:03.610+0000] {logging_mixin.py:190} INFO - [2026-09-11T02:20:03.609+0000] {dagbag.py:588} INFO - Filling up the DagBag from /opt/airflow/dags/countries_dag.py
[2026-09-11T02:20:03.852+0000] {logging_mixin.py:190} INFO - [2026-09-11T02:20:03.811+0000] {dagbag.py:387} ERROR - Failed to import: /opt/airflow/dags/countries_dag.py
Traceback (most recent call last):
  File "/home/airflow/.local/lib/python3.11/site-packages/airflow/models/dagbag.py", line 383, in parse
    loader.exec_module(new_module)
  File "<frozen importlib._bootstrap_external>", line 940, in exec_module
  File "<frozen importlib._bootstrap>", line 241, in _call_with_frames_removed
  File "/opt/airflow/dags/countries_dag.py", line 6, in <module>
    from ingestion.minio_to_snowflake import run_pipeline
  File "/opt/airflow/ingestion/minio_to_snowflake.py", line 8, in <module>
    from minio import Minio
ModuleNotFoundError: No module named 'minio'
[2026-09-11T02:20:03.857+0000] {processor.py:927} WARNING - No viable dags retrieved from /opt/airflow/dags/countries_dag.py
[2026-09-11T02:20:03.912+0000] {processor.py:208} INFO - Processing /opt/airflow/dags/countries_dag.py took 0.341 seconds
[2026-09-11T02:20:34.767+0000] {processor.py:186} INFO - Started process (PID=273) to work on /opt/airflow/dags/countries_dag.py
[2026-09-11T02:20:34.784+0000] {processor.py:914} INFO - Processing file /opt/airflow/dags/countries_dag.py for tasks to queue
[2026-09-11T02:20:34.792+0000] {logging_mixin.py:190} INFO - [2026-09-11T02:20:34.791+0000] {dagbag.py:588} INFO - Filling up the DagBag from /opt/airflow/dags/countries_dag.py
[2026-09-11T02:20:35.000+0000] {logging_mixin.py:190} INFO - [2026-09-11T02:20:34.981+0000] {dagbag.py:387} ERROR - Failed to import: /opt/airflow/dags/countries_dag.py
Traceback (most recent call last):
  File "/home/airflow/.local/lib/python3.11/site-packages/airflow/models/dagbag.py", line 383, in parse
    loader.exec_module(new_module)
  File "<frozen importlib._bootstrap_external>", line 940, in exec_module
  File "<frozen importlib._bootstrap>", line 241, in _call_with_frames_removed
  File "/opt/airflow/dags/countries_dag.py", line 6, in <module>
    from ingestion.minio_to_snowflake import run_pipeline
  File "/opt/airflow/ingestion/minio_to_snowflake.py", line 8, in <module>
    from minio import Minio
ModuleNotFoundError: No module named 'minio'
[2026-09-11T02:20:35.005+0000] {processor.py:927} WARNING - No viable dags retrieved from /opt/airflow/dags/countries_dag.py
[2026-09-11T02:20:35.052+0000] {processor.py:208} INFO - Processing /opt/airflow/dags/countries_dag.py took 0.318 seconds
[2026-09-11T02:21:05.601+0000] {processor.py:186} INFO - Started process (PID=279) to work on /opt/airflow/dags/countries_dag.py
[2026-09-11T02:21:05.603+0000] {processor.py:914} INFO - Processing file /opt/airflow/dags/countries_dag.py for tasks to queue
[2026-09-11T02:21:05.606+0000] {logging_mixin.py:190} INFO - [2026-09-11T02:21:05.605+0000] {dagbag.py:588} INFO - Filling up the DagBag from /opt/airflow/dags/countries_dag.py
[2026-09-11T02:21:05.668+0000] {logging_mixin.py:190} INFO - [2026-09-11T02:21:05.655+0000] {dagbag.py:387} ERROR - Failed to import: /opt/airflow/dags/countries_dag.py
Traceback (most recent call last):
  File "/home/airflow/.local/lib/python3.11/site-packages/airflow/models/dagbag.py", line 383, in parse
    loader.exec_module(new_module)
  File "<frozen importlib._bootstrap_external>", line 940, in exec_module
  File "<frozen importlib._bootstrap>", line 241, in _call_with_frames_removed
  File "/opt/airflow/dags/countries_dag.py", line 6, in <module>
    from ingestion.minio_to_snowflake import run_pipeline
  File "/opt/airflow/ingestion/minio_to_snowflake.py", line 8, in <module>
    from minio import Minio
ModuleNotFoundError: No module named 'minio'
[2026-09-11T02:21:05.672+0000] {processor.py:927} WARNING - No viable dags retrieved from /opt/airflow/dags/countries_dag.py
[2026-09-11T02:21:05.720+0000] {processor.py:208} INFO - Processing /opt/airflow/dags/countries_dag.py took 0.137 seconds
[2026-09-11T02:21:36.074+0000] {processor.py:186} INFO - Started process (PID=284) to work on /opt/airflow/dags/countries_dag.py
[2026-09-11T02:21:36.076+0000] {processor.py:914} INFO - Processing file /opt/airflow/dags/countries_dag.py for tasks to queue
[2026-09-11T02:21:36.079+0000] {logging_mixin.py:190} INFO - [2026-09-11T02:21:36.078+0000] {dagbag.py:588} INFO - Filling up the DagBag from /opt/airflow/dags/countries_dag.py
[2026-09-11T02:21:36.174+0000] {logging_mixin.py:190} INFO - [2026-09-11T02:21:36.160+0000] {dagbag.py:387} ERROR - Failed to import: /opt/airflow/dags/countries_dag.py
Traceback (most recent call last):
  File "/home/airflow/.local/lib/python3.11/site-packages/airflow/models/dagbag.py", line 383, in parse
    loader.exec_module(new_module)
  File "<frozen importlib._bootstrap_external>", line 940, in exec_module
  File "<frozen importlib._bootstrap>", line 241, in _call_with_frames_removed
  File "/opt/airflow/dags/countries_dag.py", line 6, in <module>
    from ingestion.minio_to_snowflake import run_pipeline
  File "/opt/airflow/ingestion/minio_to_snowflake.py", line 8, in <module>
    from minio import Minio
ModuleNotFoundError: No module named 'minio'
[2026-09-11T02:21:36.179+0000] {processor.py:927} WARNING - No viable dags retrieved from /opt/airflow/dags/countries_dag.py
[2026-09-11T02:21:36.234+0000] {processor.py:208} INFO - Processing /opt/airflow/dags/countries_dag.py took 0.177 seconds
[2026-09-11T02:22:06.774+0000] {processor.py:186} INFO - Started process (PID=289) to work on /opt/airflow/dags/countries_dag.py
[2026-09-11T02:22:06.777+0000] {processor.py:914} INFO - Processing file /opt/airflow/dags/countries_dag.py for tasks to queue
[2026-09-11T02:22:06.780+0000] {logging_mixin.py:190} INFO - [2026-09-11T02:22:06.779+0000] {dagbag.py:588} INFO - Filling up the DagBag from /opt/airflow/dags/countries_dag.py
[2026-09-11T02:22:06.886+0000] {logging_mixin.py:190} INFO - [2026-09-11T02:22:06.867+0000] {dagbag.py:387} ERROR - Failed to import: /opt/airflow/dags/countries_dag.py
Traceback (most recent call last):
  File "/home/airflow/.local/lib/python3.11/site-packages/airflow/models/dagbag.py", line 383, in parse
    loader.exec_module(new_module)
  File "<frozen importlib._bootstrap_external>", line 940, in exec_module
  File "<frozen importlib._bootstrap>", line 241, in _call_with_frames_removed
  File "/opt/airflow/dags/countries_dag.py", line 6, in <module>
    from ingestion.minio_to_snowflake import run_pipeline
  File "/opt/airflow/ingestion/minio_to_snowflake.py", line 8, in <module>
    from minio import Minio
ModuleNotFoundError: No module named 'minio'
[2026-09-11T02:22:06.891+0000] {processor.py:927} WARNING - No viable dags retrieved from /opt/airflow/dags/countries_dag.py
[2026-09-11T02:22:06.944+0000] {processor.py:208} INFO - Processing /opt/airflow/dags/countries_dag.py took 0.195 seconds
[2026-09-11T02:22:37.187+0000] {processor.py:186} INFO - Started process (PID=294) to work on /opt/airflow/dags/countries_dag.py
[2026-09-11T02:22:37.189+0000] {processor.py:914} INFO - Processing file /opt/airflow/dags/countries_dag.py for tasks to queue
[2026-09-11T02:22:37.192+0000] {logging_mixin.py:190} INFO - [2026-09-11T02:22:37.191+0000] {dagbag.py:588} INFO - Filling up the DagBag from /opt/airflow/dags/countries_dag.py
[2026-09-11T02:22:37.253+0000] {logging_mixin.py:190} INFO - [2026-09-11T02:22:37.239+0000] {dagbag.py:387} ERROR - Failed to import: /opt/airflow/dags/countries_dag.py
Traceback (most recent call last):
  File "/home/airflow/.local/lib/python3.11/site-packages/airflow/models/dagbag.py", line 383, in parse
    loader.exec_module(new_module)
  File "<frozen importlib._bootstrap_external>", line 940, in exec_module
  File "<frozen importlib._bootstrap>", line 241, in _call_with_frames_removed
  File "/opt/airflow/dags/countries_dag.py", line 6, in <module>
    from ingestion.minio_to_snowflake import run_pipeline
  File "/opt/airflow/ingestion/minio_to_snowflake.py", line 8, in <module>
    from minio import Minio
ModuleNotFoundError: No module named 'minio'
[2026-09-11T02:22:37.258+0000] {processor.py:927} WARNING - No viable dags retrieved from /opt/airflow/dags/countries_dag.py
[2026-09-11T02:22:37.307+0000] {processor.py:208} INFO - Processing /opt/airflow/dags/countries_dag.py took 0.134 seconds
[2026-09-11T02:23:07.656+0000] {processor.py:186} INFO - Started process (PID=299) to work on /opt/airflow/dags/countries_dag.py
[2026-09-11T02:23:07.659+0000] {processor.py:914} INFO - Processing file /opt/airflow/dags/countries_dag.py for tasks to queue
[2026-09-11T02:23:07.662+0000] {logging_mixin.py:190} INFO - [2026-09-11T02:23:07.662+0000] {dagbag.py:588} INFO - Filling up the DagBag from /opt/airflow/dags/countries_dag.py
[2026-09-11T02:23:07.739+0000] {logging_mixin.py:190} INFO - [2026-09-11T02:23:07.724+0000] {dagbag.py:387} ERROR - Failed to import: /opt/airflow/dags/countries_dag.py
Traceback (most recent call last):
  File "/home/airflow/.local/lib/python3.11/site-packages/airflow/models/dagbag.py", line 383, in parse
    loader.exec_module(new_module)
  File "<frozen importlib._bootstrap_external>", line 940, in exec_module
  File "<frozen importlib._bootstrap>", line 241, in _call_with_frames_removed
  File "/opt/airflow/dags/countries_dag.py", line 6, in <module>
    from ingestion.minio_to_snowflake import run_pipeline
  File "/opt/airflow/ingestion/minio_to_snowflake.py", line 8, in <module>
    from minio import Minio
ModuleNotFoundError: No module named 'minio'
[2026-09-11T02:23:07.748+0000] {processor.py:927} WARNING - No viable dags retrieved from /opt/airflow/dags/countries_dag.py
[2026-09-11T02:23:07.784+0000] {processor.py:208} INFO - Processing /opt/airflow/dags/countries_dag.py took 0.139 seconds
[2026-09-11T02:23:38.117+0000] {processor.py:186} INFO - Started process (PID=304) to work on /opt/airflow/dags/countries_dag.py
[2026-09-11T02:23:38.119+0000] {processor.py:914} INFO - Processing file /opt/airflow/dags/countries_dag.py for tasks to queue
[2026-09-11T02:23:38.123+0000] {logging_mixin.py:190} INFO - [2026-09-11T02:23:38.122+0000] {dagbag.py:588} INFO - Filling up the DagBag from /opt/airflow/dags/countries_dag.py
[2026-09-11T02:23:38.180+0000] {logging_mixin.py:190} INFO - [2026-09-11T02:23:38.167+0000] {dagbag.py:387} ERROR - Failed to import: /opt/airflow/dags/countries_dag.py
Traceback (most recent call last):
  File "/home/airflow/.local/lib/python3.11/site-packages/airflow/models/dagbag.py", line 383, in parse
    loader.exec_module(new_module)
  File "<frozen importlib._bootstrap_external>", line 940, in exec_module
  File "<frozen importlib._bootstrap>", line 241, in _call_with_frames_removed
  File "/opt/airflow/dags/countries_dag.py", line 6, in <module>
    from ingestion.minio_to_snowflake import run_pipeline
  File "/opt/airflow/ingestion/minio_to_snowflake.py", line 8, in <module>
    from minio import Minio
ModuleNotFoundError: No module named 'minio'
[2026-09-11T02:23:38.184+0000] {processor.py:927} WARNING - No viable dags retrieved from /opt/airflow/dags/countries_dag.py
[2026-09-11T02:23:38.217+0000] {processor.py:208} INFO - Processing /opt/airflow/dags/countries_dag.py took 0.113 seconds
[2026-09-11T02:24:08.574+0000] {processor.py:186} INFO - Started process (PID=309) to work on /opt/airflow/dags/countries_dag.py
[2026-09-11T02:24:08.586+0000] {processor.py:914} INFO - Processing file /opt/airflow/dags/countries_dag.py for tasks to queue
[2026-09-11T02:24:08.591+0000] {logging_mixin.py:190} INFO - [2026-09-11T02:24:08.590+0000] {dagbag.py:588} INFO - Filling up the DagBag from /opt/airflow/dags/countries_dag.py
[2026-09-11T02:24:08.678+0000] {logging_mixin.py:190} INFO - [2026-09-11T02:24:08.655+0000] {dagbag.py:387} ERROR - Failed to import: /opt/airflow/dags/countries_dag.py
Traceback (most recent call last):
  File "/home/airflow/.local/lib/python3.11/site-packages/airflow/models/dagbag.py", line 383, in parse
    loader.exec_module(new_module)
  File "<frozen importlib._bootstrap_external>", line 940, in exec_module
  File "<frozen importlib._bootstrap>", line 241, in _call_with_frames_removed
  File "/opt/airflow/dags/countries_dag.py", line 6, in <module>
    from ingestion.minio_to_snowflake import run_pipeline
  File "/opt/airflow/ingestion/minio_to_snowflake.py", line 8, in <module>
    from minio import Minio
ModuleNotFoundError: No module named 'minio'
[2026-09-11T02:24:08.686+0000] {processor.py:927} WARNING - No viable dags retrieved from /opt/airflow/dags/countries_dag.py
[2026-09-11T02:24:08.729+0000] {processor.py:208} INFO - Processing /opt/airflow/dags/countries_dag.py took 0.173 seconds
[2026-09-11T02:27:58.324+0000] {processor.py:186} INFO - Started process (PID=191) to work on /opt/airflow/dags/countries_dag.py
[2026-09-11T02:27:58.326+0000] {processor.py:914} INFO - Processing file /opt/airflow/dags/countries_dag.py for tasks to queue
[2026-09-11T02:27:58.337+0000] {logging_mixin.py:190} INFO - [2026-09-11T02:27:58.335+0000] {dagbag.py:588} INFO - Filling up the DagBag from /opt/airflow/dags/countries_dag.py
[2026-09-11T02:27:58.459+0000] {logging_mixin.py:190} INFO - [2026-09-11T02:27:58.441+0000] {dagbag.py:387} ERROR - Failed to import: /opt/airflow/dags/countries_dag.py
Traceback (most recent call last):
  File "/home/airflow/.local/lib/python3.11/site-packages/airflow/models/dagbag.py", line 383, in parse
    loader.exec_module(new_module)
  File "<frozen importlib._bootstrap_external>", line 940, in exec_module
  File "<frozen importlib._bootstrap>", line 241, in _call_with_frames_removed
  File "/opt/airflow/dags/countries_dag.py", line 6, in <module>
    from ingestion.minio_to_snowflake import run_pipeline
  File "/opt/airflow/ingestion/minio_to_snowflake.py", line 8, in <module>
    from minio import Minio
ModuleNotFoundError: No module named 'minio'
[2026-09-11T02:27:58.470+0000] {processor.py:927} WARNING - No viable dags retrieved from /opt/airflow/dags/countries_dag.py
[2026-09-11T02:27:58.530+0000] {processor.py:208} INFO - Processing /opt/airflow/dags/countries_dag.py took 0.224 seconds
[2026-09-11T02:28:28.923+0000] {processor.py:186} INFO - Started process (PID=198) to work on /opt/airflow/dags/countries_dag.py
[2026-09-11T02:28:28.933+0000] {processor.py:914} INFO - Processing file /opt/airflow/dags/countries_dag.py for tasks to queue
[2026-09-11T02:28:28.950+0000] {logging_mixin.py:190} INFO - [2026-09-11T02:28:28.949+0000] {dagbag.py:588} INFO - Filling up the DagBag from /opt/airflow/dags/countries_dag.py
[2026-09-11T02:28:29.053+0000] {logging_mixin.py:190} INFO - [2026-09-11T02:28:29.023+0000] {dagbag.py:387} ERROR - Failed to import: /opt/airflow/dags/countries_dag.py
Traceback (most recent call last):
  File "/home/airflow/.local/lib/python3.11/site-packages/airflow/models/dagbag.py", line 383, in parse
    loader.exec_module(new_module)
  File "<frozen importlib._bootstrap_external>", line 940, in exec_module
  File "<frozen importlib._bootstrap>", line 241, in _call_with_frames_removed
  File "/opt/airflow/dags/countries_dag.py", line 6, in <module>
    from ingestion.minio_to_snowflake import run_pipeline
  File "/opt/airflow/ingestion/minio_to_snowflake.py", line 8, in <module>
    from minio import Minio
ModuleNotFoundError: No module named 'minio'
[2026-09-11T02:28:29.078+0000] {processor.py:927} WARNING - No viable dags retrieved from /opt/airflow/dags/countries_dag.py
[2026-09-11T02:28:29.390+0000] {processor.py:208} INFO - Processing /opt/airflow/dags/countries_dag.py took 0.500 seconds
[2026-09-11T02:29:00.303+0000] {processor.py:186} INFO - Started process (PID=212) to work on /opt/airflow/dags/countries_dag.py
[2026-09-11T02:29:00.310+0000] {processor.py:914} INFO - Processing file /opt/airflow/dags/countries_dag.py for tasks to queue
[2026-09-11T02:29:00.328+0000] {logging_mixin.py:190} INFO - [2026-09-11T02:29:00.327+0000] {dagbag.py:588} INFO - Filling up the DagBag from /opt/airflow/dags/countries_dag.py
[2026-09-11T02:29:00.440+0000] {logging_mixin.py:190} INFO - [2026-09-11T02:29:00.424+0000] {dagbag.py:387} ERROR - Failed to import: /opt/airflow/dags/countries_dag.py
Traceback (most recent call last):
  File "/home/airflow/.local/lib/python3.11/site-packages/airflow/models/dagbag.py", line 383, in parse
    loader.exec_module(new_module)
  File "<frozen importlib._bootstrap_external>", line 940, in exec_module
  File "<frozen importlib._bootstrap>", line 241, in _call_with_frames_removed
  File "/opt/airflow/dags/countries_dag.py", line 6, in <module>
    from ingestion.minio_to_snowflake import run_pipeline
  File "/opt/airflow/ingestion/minio_to_snowflake.py", line 8, in <module>
    from minio import Minio
ModuleNotFoundError: No module named 'minio'
[2026-09-11T02:29:00.444+0000] {processor.py:927} WARNING - No viable dags retrieved from /opt/airflow/dags/countries_dag.py
[2026-09-11T02:29:00.485+0000] {processor.py:208} INFO - Processing /opt/airflow/dags/countries_dag.py took 0.221 seconds
[2026-09-11T02:29:31.130+0000] {processor.py:186} INFO - Started process (PID=217) to work on /opt/airflow/dags/countries_dag.py
[2026-09-11T02:29:31.146+0000] {processor.py:914} INFO - Processing file /opt/airflow/dags/countries_dag.py for tasks to queue
[2026-09-11T02:29:31.162+0000] {logging_mixin.py:190} INFO - [2026-09-11T02:29:31.161+0000] {dagbag.py:588} INFO - Filling up the DagBag from /opt/airflow/dags/countries_dag.py
[2026-09-11T02:29:31.494+0000] {logging_mixin.py:190} INFO - [2026-09-11T02:29:31.469+0000] {dagbag.py:387} ERROR - Failed to import: /opt/airflow/dags/countries_dag.py
Traceback (most recent call last):
  File "/home/airflow/.local/lib/python3.11/site-packages/airflow/models/dagbag.py", line 383, in parse
    loader.exec_module(new_module)
  File "<frozen importlib._bootstrap_external>", line 940, in exec_module
  File "<frozen importlib._bootstrap>", line 241, in _call_with_frames_removed
  File "/opt/airflow/dags/countries_dag.py", line 6, in <module>
    from ingestion.minio_to_snowflake import run_pipeline
  File "/opt/airflow/ingestion/minio_to_snowflake.py", line 8, in <module>
    from minio import Minio
ModuleNotFoundError: No module named 'minio'
[2026-09-11T02:29:31.499+0000] {processor.py:927} WARNING - No viable dags retrieved from /opt/airflow/dags/countries_dag.py
[2026-09-11T02:29:31.590+0000] {processor.py:208} INFO - Processing /opt/airflow/dags/countries_dag.py took 0.485 seconds
[2026-09-11T02:30:02.288+0000] {processor.py:186} INFO - Started process (PID=222) to work on /opt/airflow/dags/countries_dag.py
[2026-09-11T02:30:02.290+0000] {processor.py:914} INFO - Processing file /opt/airflow/dags/countries_dag.py for tasks to queue
[2026-09-11T02:30:02.302+0000] {logging_mixin.py:190} INFO - [2026-09-11T02:30:02.301+0000] {dagbag.py:588} INFO - Filling up the DagBag from /opt/airflow/dags/countries_dag.py
[2026-09-11T02:30:02.391+0000] {logging_mixin.py:190} INFO - [2026-09-11T02:30:02.373+0000] {dagbag.py:387} ERROR - Failed to import: /opt/airflow/dags/countries_dag.py
Traceback (most recent call last):
  File "/home/airflow/.local/lib/python3.11/site-packages/airflow/models/dagbag.py", line 383, in parse
    loader.exec_module(new_module)
  File "<frozen importlib._bootstrap_external>", line 940, in exec_module
  File "<frozen importlib._bootstrap>", line 241, in _call_with_frames_removed
  File "/opt/airflow/dags/countries_dag.py", line 6, in <module>
    from ingestion.minio_to_snowflake import run_pipeline
  File "/opt/airflow/ingestion/minio_to_snowflake.py", line 8, in <module>
    from minio import Minio
ModuleNotFoundError: No module named 'minio'
[2026-09-11T02:30:02.396+0000] {processor.py:927} WARNING - No viable dags retrieved from /opt/airflow/dags/countries_dag.py
[2026-09-11T02:30:02.470+0000] {processor.py:208} INFO - Processing /opt/airflow/dags/countries_dag.py took 0.203 seconds
[2026-09-11T02:30:33.187+0000] {processor.py:186} INFO - Started process (PID=227) to work on /opt/airflow/dags/countries_dag.py
[2026-09-11T02:30:33.190+0000] {processor.py:914} INFO - Processing file /opt/airflow/dags/countries_dag.py for tasks to queue
[2026-09-11T02:30:33.197+0000] {logging_mixin.py:190} INFO - [2026-09-11T02:30:33.196+0000] {dagbag.py:588} INFO - Filling up the DagBag from /opt/airflow/dags/countries_dag.py
[2026-09-11T02:30:33.302+0000] {logging_mixin.py:190} INFO - [2026-09-11T02:30:33.284+0000] {dagbag.py:387} ERROR - Failed to import: /opt/airflow/dags/countries_dag.py
Traceback (most recent call last):
  File "/home/airflow/.local/lib/python3.11/site-packages/airflow/models/dagbag.py", line 383, in parse
    loader.exec_module(new_module)
  File "<frozen importlib._bootstrap_external>", line 940, in exec_module
  File "<frozen importlib._bootstrap>", line 241, in _call_with_frames_removed
  File "/opt/airflow/dags/countries_dag.py", line 6, in <module>
    from ingestion.minio_to_snowflake import run_pipeline
  File "/opt/airflow/ingestion/minio_to_snowflake.py", line 8, in <module>
    from minio import Minio
ModuleNotFoundError: No module named 'minio'
[2026-09-11T02:30:33.308+0000] {processor.py:927} WARNING - No viable dags retrieved from /opt/airflow/dags/countries_dag.py
[2026-09-11T02:30:33.393+0000] {processor.py:208} INFO - Processing /opt/airflow/dags/countries_dag.py took 0.224 seconds
[2026-09-11T02:31:03.823+0000] {processor.py:186} INFO - Started process (PID=233) to work on /opt/airflow/dags/countries_dag.py
[2026-09-11T02:31:03.847+0000] {processor.py:914} INFO - Processing file /opt/airflow/dags/countries_dag.py for tasks to queue
[2026-09-11T02:31:03.869+0000] {logging_mixin.py:190} INFO - [2026-09-11T02:31:03.868+0000] {dagbag.py:588} INFO - Filling up the DagBag from /opt/airflow/dags/countries_dag.py
[2026-09-11T02:31:04.141+0000] {logging_mixin.py:190} INFO - [2026-09-11T02:31:04.101+0000] {dagbag.py:387} ERROR - Failed to import: /opt/airflow/dags/countries_dag.py
Traceback (most recent call last):
  File "/home/airflow/.local/lib/python3.11/site-packages/airflow/models/dagbag.py", line 383, in parse
    loader.exec_module(new_module)
  File "<frozen importlib._bootstrap_external>", line 940, in exec_module
  File "<frozen importlib._bootstrap>", line 241, in _call_with_frames_removed
  File "/opt/airflow/dags/countries_dag.py", line 6, in <module>
    from ingestion.minio_to_snowflake import run_pipeline
  File "/opt/airflow/ingestion/minio_to_snowflake.py", line 8, in <module>
    from minio import Minio
ModuleNotFoundError: No module named 'minio'
[2026-09-11T02:31:04.159+0000] {processor.py:927} WARNING - No viable dags retrieved from /opt/airflow/dags/countries_dag.py
[2026-09-11T02:31:04.249+0000] {processor.py:208} INFO - Processing /opt/airflow/dags/countries_dag.py took 0.461 seconds
[2026-09-11T02:31:34.547+0000] {processor.py:186} INFO - Started process (PID=238) to work on /opt/airflow/dags/countries_dag.py
[2026-09-11T02:31:34.556+0000] {processor.py:914} INFO - Processing file /opt/airflow/dags/countries_dag.py for tasks to queue
[2026-09-11T02:31:34.575+0000] {logging_mixin.py:190} INFO - [2026-09-11T02:31:34.573+0000] {dagbag.py:588} INFO - Filling up the DagBag from /opt/airflow/dags/countries_dag.py
[2026-09-11T02:31:34.663+0000] {logging_mixin.py:190} INFO - [2026-09-11T02:31:34.646+0000] {dagbag.py:387} ERROR - Failed to import: /opt/airflow/dags/countries_dag.py
Traceback (most recent call last):
  File "/home/airflow/.local/lib/python3.11/site-packages/airflow/models/dagbag.py", line 383, in parse
    loader.exec_module(new_module)
  File "<frozen importlib._bootstrap_external>", line 940, in exec_module
  File "<frozen importlib._bootstrap>", line 241, in _call_with_frames_removed
  File "/opt/airflow/dags/countries_dag.py", line 6, in <module>
    from ingestion.minio_to_snowflake import run_pipeline
  File "/opt/airflow/ingestion/minio_to_snowflake.py", line 8, in <module>
    from minio import Minio
ModuleNotFoundError: No module named 'minio'
[2026-09-11T02:31:34.667+0000] {processor.py:927} WARNING - No viable dags retrieved from /opt/airflow/dags/countries_dag.py
[2026-09-11T02:31:34.732+0000] {processor.py:208} INFO - Processing /opt/airflow/dags/countries_dag.py took 0.214 seconds
[2026-09-11T02:32:05.267+0000] {processor.py:186} INFO - Started process (PID=243) to work on /opt/airflow/dags/countries_dag.py
[2026-09-11T02:32:05.270+0000] {processor.py:914} INFO - Processing file /opt/airflow/dags/countries_dag.py for tasks to queue
[2026-09-11T02:32:05.280+0000] {logging_mixin.py:190} INFO - [2026-09-11T02:32:05.279+0000] {dagbag.py:588} INFO - Filling up the DagBag from /opt/airflow/dags/countries_dag.py
[2026-09-11T02:32:05.372+0000] {logging_mixin.py:190} INFO - [2026-09-11T02:32:05.359+0000] {dagbag.py:387} ERROR - Failed to import: /opt/airflow/dags/countries_dag.py
Traceback (most recent call last):
  File "/home/airflow/.local/lib/python3.11/site-packages/airflow/models/dagbag.py", line 383, in parse
    loader.exec_module(new_module)
  File "<frozen importlib._bootstrap_external>", line 940, in exec_module
  File "<frozen importlib._bootstrap>", line 241, in _call_with_frames_removed
  File "/opt/airflow/dags/countries_dag.py", line 6, in <module>
    from ingestion.minio_to_snowflake import run_pipeline
  File "/opt/airflow/ingestion/minio_to_snowflake.py", line 8, in <module>
    from minio import Minio
ModuleNotFoundError: No module named 'minio'
[2026-09-11T02:32:05.376+0000] {processor.py:927} WARNING - No viable dags retrieved from /opt/airflow/dags/countries_dag.py
[2026-09-11T02:32:05.411+0000] {processor.py:208} INFO - Processing /opt/airflow/dags/countries_dag.py took 0.208 seconds
[2026-09-11T02:32:35.768+0000] {processor.py:186} INFO - Started process (PID=248) to work on /opt/airflow/dags/countries_dag.py
[2026-09-11T02:32:35.770+0000] {processor.py:914} INFO - Processing file /opt/airflow/dags/countries_dag.py for tasks to queue
[2026-09-11T02:32:35.779+0000] {logging_mixin.py:190} INFO - [2026-09-11T02:32:35.778+0000] {dagbag.py:588} INFO - Filling up the DagBag from /opt/airflow/dags/countries_dag.py
[2026-09-11T02:32:35.842+0000] {logging_mixin.py:190} INFO - [2026-09-11T02:32:35.829+0000] {dagbag.py:387} ERROR - Failed to import: /opt/airflow/dags/countries_dag.py
Traceback (most recent call last):
  File "/home/airflow/.local/lib/python3.11/site-packages/airflow/models/dagbag.py", line 383, in parse
    loader.exec_module(new_module)
  File "<frozen importlib._bootstrap_external>", line 940, in exec_module
  File "<frozen importlib._bootstrap>", line 241, in _call_with_frames_removed
  File "/opt/airflow/dags/countries_dag.py", line 6, in <module>
    from ingestion.minio_to_snowflake import run_pipeline
  File "/opt/airflow/ingestion/minio_to_snowflake.py", line 8, in <module>
    from minio import Minio
ModuleNotFoundError: No module named 'minio'
[2026-09-11T02:32:35.847+0000] {processor.py:927} WARNING - No viable dags retrieved from /opt/airflow/dags/countries_dag.py
[2026-09-11T02:32:35.890+0000] {processor.py:208} INFO - Processing /opt/airflow/dags/countries_dag.py took 0.146 seconds
[2026-09-11T02:33:06.569+0000] {processor.py:186} INFO - Started process (PID=253) to work on /opt/airflow/dags/countries_dag.py
[2026-09-11T02:33:06.571+0000] {processor.py:914} INFO - Processing file /opt/airflow/dags/countries_dag.py for tasks to queue
[2026-09-11T02:33:06.577+0000] {logging_mixin.py:190} INFO - [2026-09-11T02:33:06.577+0000] {dagbag.py:588} INFO - Filling up the DagBag from /opt/airflow/dags/countries_dag.py
[2026-09-11T02:33:06.633+0000] {logging_mixin.py:190} INFO - [2026-09-11T02:33:06.621+0000] {dagbag.py:387} ERROR - Failed to import: /opt/airflow/dags/countries_dag.py
Traceback (most recent call last):
  File "/home/airflow/.local/lib/python3.11/site-packages/airflow/models/dagbag.py", line 383, in parse
    loader.exec_module(new_module)
  File "<frozen importlib._bootstrap_external>", line 940, in exec_module
  File "<frozen importlib._bootstrap>", line 241, in _call_with_frames_removed
  File "/opt/airflow/dags/countries_dag.py", line 6, in <module>
    from ingestion.minio_to_snowflake import run_pipeline
  File "/opt/airflow/ingestion/minio_to_snowflake.py", line 8, in <module>
    from minio import Minio
ModuleNotFoundError: No module named 'minio'
[2026-09-11T02:33:06.637+0000] {processor.py:927} WARNING - No viable dags retrieved from /opt/airflow/dags/countries_dag.py
[2026-09-11T02:33:06.664+0000] {processor.py:208} INFO - Processing /opt/airflow/dags/countries_dag.py took 0.106 seconds
[2026-09-11T02:33:37.015+0000] {processor.py:186} INFO - Started process (PID=258) to work on /opt/airflow/dags/countries_dag.py
[2026-09-11T02:33:37.020+0000] {processor.py:914} INFO - Processing file /opt/airflow/dags/countries_dag.py for tasks to queue
[2026-09-11T02:33:37.027+0000] {logging_mixin.py:190} INFO - [2026-09-11T02:33:37.025+0000] {dagbag.py:588} INFO - Filling up the DagBag from /opt/airflow/dags/countries_dag.py
[2026-09-11T02:33:37.098+0000] {logging_mixin.py:190} INFO - [2026-09-11T02:33:37.080+0000] {dagbag.py:387} ERROR - Failed to import: /opt/airflow/dags/countries_dag.py
Traceback (most recent call last):
  File "/home/airflow/.local/lib/python3.11/site-packages/airflow/models/dagbag.py", line 383, in parse
    loader.exec_module(new_module)
  File "<frozen importlib._bootstrap_external>", line 940, in exec_module
  File "<frozen importlib._bootstrap>", line 241, in _call_with_frames_removed
  File "/opt/airflow/dags/countries_dag.py", line 6, in <module>
    from ingestion.minio_to_snowflake import run_pipeline
  File "/opt/airflow/ingestion/minio_to_snowflake.py", line 8, in <module>
    from minio import Minio
ModuleNotFoundError: No module named 'minio'
[2026-09-11T02:33:37.103+0000] {processor.py:927} WARNING - No viable dags retrieved from /opt/airflow/dags/countries_dag.py
[2026-09-11T02:33:37.161+0000] {processor.py:208} INFO - Processing /opt/airflow/dags/countries_dag.py took 0.164 seconds
[2026-09-11T02:34:07.653+0000] {processor.py:186} INFO - Started process (PID=263) to work on /opt/airflow/dags/countries_dag.py
[2026-09-11T02:34:07.663+0000] {processor.py:914} INFO - Processing file /opt/airflow/dags/countries_dag.py for tasks to queue
[2026-09-11T02:34:07.767+0000] {logging_mixin.py:190} INFO - [2026-09-11T02:34:07.766+0000] {dagbag.py:588} INFO - Filling up the DagBag from /opt/airflow/dags/countries_dag.py
[2026-09-11T02:34:07.982+0000] {logging_mixin.py:190} INFO - [2026-09-11T02:34:07.947+0000] {dagbag.py:387} ERROR - Failed to import: /opt/airflow/dags/countries_dag.py
Traceback (most recent call last):
  File "/home/airflow/.local/lib/python3.11/site-packages/airflow/models/dagbag.py", line 383, in parse
    loader.exec_module(new_module)
  File "<frozen importlib._bootstrap_external>", line 940, in exec_module
  File "<frozen importlib._bootstrap>", line 241, in _call_with_frames_removed
  File "/opt/airflow/dags/countries_dag.py", line 6, in <module>
    from ingestion.minio_to_snowflake import run_pipeline
  File "/opt/airflow/ingestion/minio_to_snowflake.py", line 8, in <module>
    from minio import Minio
ModuleNotFoundError: No module named 'minio'
[2026-09-11T02:34:07.989+0000] {processor.py:927} WARNING - No viable dags retrieved from /opt/airflow/dags/countries_dag.py
[2026-09-11T02:34:08.035+0000] {processor.py:208} INFO - Processing /opt/airflow/dags/countries_dag.py took 0.446 seconds
[2026-09-11T02:34:38.964+0000] {processor.py:186} INFO - Started process (PID=268) to work on /opt/airflow/dags/countries_dag.py
[2026-09-11T02:34:38.973+0000] {processor.py:914} INFO - Processing file /opt/airflow/dags/countries_dag.py for tasks to queue
[2026-09-11T02:34:39.007+0000] {logging_mixin.py:190} INFO - [2026-09-11T02:34:39.006+0000] {dagbag.py:588} INFO - Filling up the DagBag from /opt/airflow/dags/countries_dag.py
[2026-09-11T02:34:39.227+0000] {logging_mixin.py:190} INFO - [2026-09-11T02:34:39.213+0000] {dagbag.py:387} ERROR - Failed to import: /opt/airflow/dags/countries_dag.py
Traceback (most recent call last):
  File "/home/airflow/.local/lib/python3.11/site-packages/airflow/models/dagbag.py", line 383, in parse
    loader.exec_module(new_module)
  File "<frozen importlib._bootstrap_external>", line 940, in exec_module
  File "<frozen importlib._bootstrap>", line 241, in _call_with_frames_removed
  File "/opt/airflow/dags/countries_dag.py", line 6, in <module>
    from ingestion.minio_to_snowflake import run_pipeline
  File "/opt/airflow/ingestion/minio_to_snowflake.py", line 8, in <module>
    from minio import Minio
ModuleNotFoundError: No module named 'minio'
[2026-09-11T02:34:39.232+0000] {processor.py:927} WARNING - No viable dags retrieved from /opt/airflow/dags/countries_dag.py
[2026-09-11T02:34:39.278+0000] {processor.py:208} INFO - Processing /opt/airflow/dags/countries_dag.py took 0.383 seconds
[2026-09-11T02:35:09.512+0000] {processor.py:186} INFO - Started process (PID=273) to work on /opt/airflow/dags/countries_dag.py
[2026-09-11T02:35:09.514+0000] {processor.py:914} INFO - Processing file /opt/airflow/dags/countries_dag.py for tasks to queue
[2026-09-11T02:35:09.520+0000] {logging_mixin.py:190} INFO - [2026-09-11T02:35:09.519+0000] {dagbag.py:588} INFO - Filling up the DagBag from /opt/airflow/dags/countries_dag.py
[2026-09-11T02:35:09.595+0000] {logging_mixin.py:190} INFO - [2026-09-11T02:35:09.582+0000] {dagbag.py:387} ERROR - Failed to import: /opt/airflow/dags/countries_dag.py
Traceback (most recent call last):
  File "/home/airflow/.local/lib/python3.11/site-packages/airflow/models/dagbag.py", line 383, in parse
    loader.exec_module(new_module)
  File "<frozen importlib._bootstrap_external>", line 940, in exec_module
  File "<frozen importlib._bootstrap>", line 241, in _call_with_frames_removed
  File "/opt/airflow/dags/countries_dag.py", line 6, in <module>
    from ingestion.minio_to_snowflake import run_pipeline
  File "/opt/airflow/ingestion/minio_to_snowflake.py", line 8, in <module>
    from minio import Minio
ModuleNotFoundError: No module named 'minio'
[2026-09-11T02:35:09.600+0000] {processor.py:927} WARNING - No viable dags retrieved from /opt/airflow/dags/countries_dag.py
[2026-09-11T02:35:09.644+0000] {processor.py:208} INFO - Processing /opt/airflow/dags/countries_dag.py took 0.148 seconds
[2026-09-11T02:35:40.004+0000] {processor.py:186} INFO - Started process (PID=278) to work on /opt/airflow/dags/countries_dag.py
[2026-09-11T02:35:40.006+0000] {processor.py:914} INFO - Processing file /opt/airflow/dags/countries_dag.py for tasks to queue
[2026-09-11T02:35:40.011+0000] {logging_mixin.py:190} INFO - [2026-09-11T02:35:40.010+0000] {dagbag.py:588} INFO - Filling up the DagBag from /opt/airflow/dags/countries_dag.py
[2026-09-11T02:35:40.091+0000] {logging_mixin.py:190} INFO - [2026-09-11T02:35:40.072+0000] {dagbag.py:387} ERROR - Failed to import: /opt/airflow/dags/countries_dag.py
Traceback (most recent call last):
  File "/home/airflow/.local/lib/python3.11/site-packages/airflow/models/dagbag.py", line 383, in parse
    loader.exec_module(new_module)
  File "<frozen importlib._bootstrap_external>", line 940, in exec_module
  File "<frozen importlib._bootstrap>", line 241, in _call_with_frames_removed
  File "/opt/airflow/dags/countries_dag.py", line 6, in <module>
    from ingestion.minio_to_snowflake import run_pipeline
  File "/opt/airflow/ingestion/minio_to_snowflake.py", line 8, in <module>
    from minio import Minio
ModuleNotFoundError: No module named 'minio'
[2026-09-11T02:35:40.100+0000] {processor.py:927} WARNING - No viable dags retrieved from /opt/airflow/dags/countries_dag.py
[2026-09-11T02:35:40.144+0000] {processor.py:208} INFO - Processing /opt/airflow/dags/countries_dag.py took 0.150 seconds
[2026-09-11T02:36:10.978+0000] {processor.py:186} INFO - Started process (PID=289) to work on /opt/airflow/dags/countries_dag.py
[2026-09-11T02:36:10.988+0000] {processor.py:914} INFO - Processing file /opt/airflow/dags/countries_dag.py for tasks to queue
[2026-09-11T02:36:10.995+0000] {logging_mixin.py:190} INFO - [2026-09-11T02:36:10.994+0000] {dagbag.py:588} INFO - Filling up the DagBag from /opt/airflow/dags/countries_dag.py
[2026-09-11T02:36:11.142+0000] {logging_mixin.py:190} INFO - [2026-09-11T02:36:11.123+0000] {dagbag.py:387} ERROR - Failed to import: /opt/airflow/dags/countries_dag.py
Traceback (most recent call last):
  File "/home/airflow/.local/lib/python3.11/site-packages/airflow/models/dagbag.py", line 383, in parse
    loader.exec_module(new_module)
  File "<frozen importlib._bootstrap_external>", line 940, in exec_module
  File "<frozen importlib._bootstrap>", line 241, in _call_with_frames_removed
  File "/opt/airflow/dags/countries_dag.py", line 6, in <module>
    from ingestion.minio_to_snowflake import run_pipeline
  File "/opt/airflow/ingestion/minio_to_snowflake.py", line 8, in <module>
    from minio import Minio
ModuleNotFoundError: No module named 'minio'
[2026-09-11T02:36:11.156+0000] {processor.py:927} WARNING - No viable dags retrieved from /opt/airflow/dags/countries_dag.py
[2026-09-11T02:36:11.250+0000] {processor.py:208} INFO - Processing /opt/airflow/dags/countries_dag.py took 0.290 seconds
[2026-09-11T02:36:41.774+0000] {processor.py:186} INFO - Started process (PID=294) to work on /opt/airflow/dags/countries_dag.py
[2026-09-11T02:36:41.784+0000] {processor.py:914} INFO - Processing file /opt/airflow/dags/countries_dag.py for tasks to queue
[2026-09-11T02:36:41.798+0000] {logging_mixin.py:190} INFO - [2026-09-11T02:36:41.797+0000] {dagbag.py:588} INFO - Filling up the DagBag from /opt/airflow/dags/countries_dag.py
[2026-09-11T02:36:42.062+0000] {logging_mixin.py:190} INFO - [2026-09-11T02:36:42.027+0000] {dagbag.py:387} ERROR - Failed to import: /opt/airflow/dags/countries_dag.py
Traceback (most recent call last):
  File "/home/airflow/.local/lib/python3.11/site-packages/airflow/models/dagbag.py", line 383, in parse
    loader.exec_module(new_module)
  File "<frozen importlib._bootstrap_external>", line 940, in exec_module
  File "<frozen importlib._bootstrap>", line 241, in _call_with_frames_removed
  File "/opt/airflow/dags/countries_dag.py", line 6, in <module>
    from ingestion.minio_to_snowflake import run_pipeline
  File "/opt/airflow/ingestion/minio_to_snowflake.py", line 8, in <module>
    from minio import Minio
ModuleNotFoundError: No module named 'minio'
[2026-09-11T02:36:42.069+0000] {processor.py:927} WARNING - No viable dags retrieved from /opt/airflow/dags/countries_dag.py
[2026-09-11T02:36:42.126+0000] {processor.py:208} INFO - Processing /opt/airflow/dags/countries_dag.py took 0.408 seconds
[2026-09-11T02:37:12.321+0000] {processor.py:186} INFO - Started process (PID=299) to work on /opt/airflow/dags/countries_dag.py
[2026-09-11T02:37:12.323+0000] {processor.py:914} INFO - Processing file /opt/airflow/dags/countries_dag.py for tasks to queue
[2026-09-11T02:37:12.329+0000] {logging_mixin.py:190} INFO - [2026-09-11T02:37:12.329+0000] {dagbag.py:588} INFO - Filling up the DagBag from /opt/airflow/dags/countries_dag.py
[2026-09-11T02:37:12.422+0000] {logging_mixin.py:190} INFO - [2026-09-11T02:37:12.405+0000] {dagbag.py:387} ERROR - Failed to import: /opt/airflow/dags/countries_dag.py
Traceback (most recent call last):
  File "/home/airflow/.local/lib/python3.11/site-packages/airflow/models/dagbag.py", line 383, in parse
    loader.exec_module(new_module)
  File "<frozen importlib._bootstrap_external>", line 940, in exec_module
  File "<frozen importlib._bootstrap>", line 241, in _call_with_frames_removed
  File "/opt/airflow/dags/countries_dag.py", line 6, in <module>
    from ingestion.minio_to_snowflake import run_pipeline
  File "/opt/airflow/ingestion/minio_to_snowflake.py", line 8, in <module>
    from minio import Minio
ModuleNotFoundError: No module named 'minio'
[2026-09-11T02:37:12.427+0000] {processor.py:927} WARNING - No viable dags retrieved from /opt/airflow/dags/countries_dag.py
[2026-09-11T02:37:12.481+0000] {processor.py:208} INFO - Processing /opt/airflow/dags/countries_dag.py took 0.173 seconds
[2026-09-11T02:37:42.818+0000] {processor.py:186} INFO - Started process (PID=304) to work on /opt/airflow/dags/countries_dag.py
[2026-09-11T02:37:42.821+0000] {processor.py:914} INFO - Processing file /opt/airflow/dags/countries_dag.py for tasks to queue
[2026-09-11T02:37:42.833+0000] {logging_mixin.py:190} INFO - [2026-09-11T02:37:42.831+0000] {dagbag.py:588} INFO - Filling up the DagBag from /opt/airflow/dags/countries_dag.py
[2026-09-11T02:37:42.929+0000] {logging_mixin.py:190} INFO - [2026-09-11T02:37:42.910+0000] {dagbag.py:387} ERROR - Failed to import: /opt/airflow/dags/countries_dag.py
Traceback (most recent call last):
  File "/home/airflow/.local/lib/python3.11/site-packages/airflow/models/dagbag.py", line 383, in parse
    loader.exec_module(new_module)
  File "<frozen importlib._bootstrap_external>", line 940, in exec_module
  File "<frozen importlib._bootstrap>", line 241, in _call_with_frames_removed
  File "/opt/airflow/dags/countries_dag.py", line 6, in <module>
    from ingestion.minio_to_snowflake import run_pipeline
  File "/opt/airflow/ingestion/minio_to_snowflake.py", line 8, in <module>
    from minio import Minio
ModuleNotFoundError: No module named 'minio'
[2026-09-11T02:37:42.934+0000] {processor.py:927} WARNING - No viable dags retrieved from /opt/airflow/dags/countries_dag.py
[2026-09-11T02:37:42.988+0000] {processor.py:208} INFO - Processing /opt/airflow/dags/countries_dag.py took 0.188 seconds
[2026-09-11T02:38:13.566+0000] {processor.py:186} INFO - Started process (PID=309) to work on /opt/airflow/dags/countries_dag.py
[2026-09-11T02:38:13.570+0000] {processor.py:914} INFO - Processing file /opt/airflow/dags/countries_dag.py for tasks to queue
[2026-09-11T02:38:13.579+0000] {logging_mixin.py:190} INFO - [2026-09-11T02:38:13.578+0000] {dagbag.py:588} INFO - Filling up the DagBag from /opt/airflow/dags/countries_dag.py
[2026-09-11T02:38:13.664+0000] {logging_mixin.py:190} INFO - [2026-09-11T02:38:13.647+0000] {dagbag.py:387} ERROR - Failed to import: /opt/airflow/dags/countries_dag.py
Traceback (most recent call last):
  File "/home/airflow/.local/lib/python3.11/site-packages/airflow/models/dagbag.py", line 383, in parse
    loader.exec_module(new_module)
  File "<frozen importlib._bootstrap_external>", line 940, in exec_module
  File "<frozen importlib._bootstrap>", line 241, in _call_with_frames_removed
  File "/opt/airflow/dags/countries_dag.py", line 6, in <module>
    from ingestion.minio_to_snowflake import run_pipeline
  File "/opt/airflow/ingestion/minio_to_snowflake.py", line 8, in <module>
    from minio import Minio
ModuleNotFoundError: No module named 'minio'
[2026-09-11T02:38:13.670+0000] {processor.py:927} WARNING - No viable dags retrieved from /opt/airflow/dags/countries_dag.py
[2026-09-11T02:38:13.727+0000] {processor.py:208} INFO - Processing /opt/airflow/dags/countries_dag.py took 0.187 seconds
[2026-09-11T02:38:44.107+0000] {processor.py:186} INFO - Started process (PID=314) to work on /opt/airflow/dags/countries_dag.py
[2026-09-11T02:38:44.110+0000] {processor.py:914} INFO - Processing file /opt/airflow/dags/countries_dag.py for tasks to queue
[2026-09-11T02:38:44.120+0000] {logging_mixin.py:190} INFO - [2026-09-11T02:38:44.119+0000] {dagbag.py:588} INFO - Filling up the DagBag from /opt/airflow/dags/countries_dag.py
[2026-09-11T02:38:44.207+0000] {logging_mixin.py:190} INFO - [2026-09-11T02:38:44.187+0000] {dagbag.py:387} ERROR - Failed to import: /opt/airflow/dags/countries_dag.py
Traceback (most recent call last):
  File "/home/airflow/.local/lib/python3.11/site-packages/airflow/models/dagbag.py", line 383, in parse
    loader.exec_module(new_module)
  File "<frozen importlib._bootstrap_external>", line 940, in exec_module
  File "<frozen importlib._bootstrap>", line 241, in _call_with_frames_removed
  File "/opt/airflow/dags/countries_dag.py", line 6, in <module>
    from ingestion.minio_to_snowflake import run_pipeline
  File "/opt/airflow/ingestion/minio_to_snowflake.py", line 8, in <module>
    from minio import Minio
ModuleNotFoundError: No module named 'minio'
[2026-09-11T02:38:44.213+0000] {processor.py:927} WARNING - No viable dags retrieved from /opt/airflow/dags/countries_dag.py
[2026-09-11T02:38:44.262+0000] {processor.py:208} INFO - Processing /opt/airflow/dags/countries_dag.py took 0.171 seconds
[2026-09-11T02:39:14.832+0000] {processor.py:186} INFO - Started process (PID=319) to work on /opt/airflow/dags/countries_dag.py
[2026-09-11T02:39:14.836+0000] {processor.py:914} INFO - Processing file /opt/airflow/dags/countries_dag.py for tasks to queue
[2026-09-11T02:39:14.846+0000] {logging_mixin.py:190} INFO - [2026-09-11T02:39:14.845+0000] {dagbag.py:588} INFO - Filling up the DagBag from /opt/airflow/dags/countries_dag.py
[2026-09-11T02:39:14.921+0000] {logging_mixin.py:190} INFO - [2026-09-11T02:39:14.903+0000] {dagbag.py:387} ERROR - Failed to import: /opt/airflow/dags/countries_dag.py
Traceback (most recent call last):
  File "/home/airflow/.local/lib/python3.11/site-packages/airflow/models/dagbag.py", line 383, in parse
    loader.exec_module(new_module)
  File "<frozen importlib._bootstrap_external>", line 940, in exec_module
  File "<frozen importlib._bootstrap>", line 241, in _call_with_frames_removed
  File "/opt/airflow/dags/countries_dag.py", line 6, in <module>
    from ingestion.minio_to_snowflake import run_pipeline
  File "/opt/airflow/ingestion/minio_to_snowflake.py", line 8, in <module>
    from minio import Minio
ModuleNotFoundError: No module named 'minio'
[2026-09-11T02:39:14.929+0000] {processor.py:927} WARNING - No viable dags retrieved from /opt/airflow/dags/countries_dag.py
[2026-09-11T02:39:15.017+0000] {processor.py:208} INFO - Processing /opt/airflow/dags/countries_dag.py took 0.220 seconds
[2026-09-11T02:39:45.495+0000] {processor.py:186} INFO - Started process (PID=324) to work on /opt/airflow/dags/countries_dag.py
[2026-09-11T02:39:45.513+0000] {processor.py:914} INFO - Processing file /opt/airflow/dags/countries_dag.py for tasks to queue
[2026-09-11T02:39:45.524+0000] {logging_mixin.py:190} INFO - [2026-09-11T02:39:45.523+0000] {dagbag.py:588} INFO - Filling up the DagBag from /opt/airflow/dags/countries_dag.py
[2026-09-11T02:39:45.740+0000] {logging_mixin.py:190} INFO - [2026-09-11T02:39:45.719+0000] {dagbag.py:387} ERROR - Failed to import: /opt/airflow/dags/countries_dag.py
Traceback (most recent call last):
  File "/home/airflow/.local/lib/python3.11/site-packages/airflow/models/dagbag.py", line 383, in parse
    loader.exec_module(new_module)
  File "<frozen importlib._bootstrap_external>", line 940, in exec_module
  File "<frozen importlib._bootstrap>", line 241, in _call_with_frames_removed
  File "/opt/airflow/dags/countries_dag.py", line 6, in <module>
    from ingestion.minio_to_snowflake import run_pipeline
  File "/opt/airflow/ingestion/minio_to_snowflake.py", line 8, in <module>
    from minio import Minio
ModuleNotFoundError: No module named 'minio'
[2026-09-11T02:39:45.746+0000] {processor.py:927} WARNING - No viable dags retrieved from /opt/airflow/dags/countries_dag.py
[2026-09-11T02:39:45.822+0000] {processor.py:208} INFO - Processing /opt/airflow/dags/countries_dag.py took 0.361 seconds
[2026-09-11T02:40:15.969+0000] {processor.py:186} INFO - Started process (PID=329) to work on /opt/airflow/dags/countries_dag.py
[2026-09-11T02:40:15.971+0000] {processor.py:914} INFO - Processing file /opt/airflow/dags/countries_dag.py for tasks to queue
[2026-09-11T02:40:15.977+0000] {logging_mixin.py:190} INFO - [2026-09-11T02:40:15.977+0000] {dagbag.py:588} INFO - Filling up the DagBag from /opt/airflow/dags/countries_dag.py
[2026-09-11T02:40:16.099+0000] {logging_mixin.py:190} INFO - [2026-09-11T02:40:16.074+0000] {dagbag.py:387} ERROR - Failed to import: /opt/airflow/dags/countries_dag.py
Traceback (most recent call last):
  File "/home/airflow/.local/lib/python3.11/site-packages/airflow/models/dagbag.py", line 383, in parse
    loader.exec_module(new_module)
  File "<frozen importlib._bootstrap_external>", line 940, in exec_module
  File "<frozen importlib._bootstrap>", line 241, in _call_with_frames_removed
  File "/opt/airflow/dags/countries_dag.py", line 6, in <module>
    from ingestion.minio_to_snowflake import run_pipeline
  File "/opt/airflow/ingestion/minio_to_snowflake.py", line 8, in <module>
    from minio import Minio
ModuleNotFoundError: No module named 'minio'
[2026-09-11T02:40:16.105+0000] {processor.py:927} WARNING - No viable dags retrieved from /opt/airflow/dags/countries_dag.py
[2026-09-11T02:40:16.152+0000] {processor.py:208} INFO - Processing /opt/airflow/dags/countries_dag.py took 0.198 seconds
[2026-09-11T02:40:46.517+0000] {processor.py:186} INFO - Started process (PID=341) to work on /opt/airflow/dags/countries_dag.py
[2026-09-11T02:40:46.520+0000] {processor.py:914} INFO - Processing file /opt/airflow/dags/countries_dag.py for tasks to queue
[2026-09-11T02:40:46.526+0000] {logging_mixin.py:190} INFO - [2026-09-11T02:40:46.525+0000] {dagbag.py:588} INFO - Filling up the DagBag from /opt/airflow/dags/countries_dag.py
[2026-09-11T02:40:46.612+0000] {logging_mixin.py:190} INFO - [2026-09-11T02:40:46.596+0000] {dagbag.py:387} ERROR - Failed to import: /opt/airflow/dags/countries_dag.py
Traceback (most recent call last):
  File "/home/airflow/.local/lib/python3.11/site-packages/airflow/models/dagbag.py", line 383, in parse
    loader.exec_module(new_module)
  File "<frozen importlib._bootstrap_external>", line 940, in exec_module
  File "<frozen importlib._bootstrap>", line 241, in _call_with_frames_removed
  File "/opt/airflow/dags/countries_dag.py", line 6, in <module>
    from ingestion.minio_to_snowflake import run_pipeline
  File "/opt/airflow/ingestion/minio_to_snowflake.py", line 8, in <module>
    from minio import Minio
ModuleNotFoundError: No module named 'minio'
[2026-09-11T02:40:46.616+0000] {processor.py:927} WARNING - No viable dags retrieved from /opt/airflow/dags/countries_dag.py
[2026-09-11T02:40:46.658+0000] {processor.py:208} INFO - Processing /opt/airflow/dags/countries_dag.py took 0.160 seconds
[2026-09-11T02:41:17.355+0000] {processor.py:186} INFO - Started process (PID=346) to work on /opt/airflow/dags/countries_dag.py
[2026-09-11T02:41:17.358+0000] {processor.py:914} INFO - Processing file /opt/airflow/dags/countries_dag.py for tasks to queue
[2026-09-11T02:41:17.371+0000] {logging_mixin.py:190} INFO - [2026-09-11T02:41:17.370+0000] {dagbag.py:588} INFO - Filling up the DagBag from /opt/airflow/dags/countries_dag.py
[2026-09-11T02:41:17.461+0000] {logging_mixin.py:190} INFO - [2026-09-11T02:41:17.446+0000] {dagbag.py:387} ERROR - Failed to import: /opt/airflow/dags/countries_dag.py
Traceback (most recent call last):
  File "/home/airflow/.local/lib/python3.11/site-packages/airflow/models/dagbag.py", line 383, in parse
    loader.exec_module(new_module)
  File "<frozen importlib._bootstrap_external>", line 940, in exec_module
  File "<frozen importlib._bootstrap>", line 241, in _call_with_frames_removed
  File "/opt/airflow/dags/countries_dag.py", line 6, in <module>
    from ingestion.minio_to_snowflake import run_pipeline
  File "/opt/airflow/ingestion/minio_to_snowflake.py", line 8, in <module>
    from minio import Minio
ModuleNotFoundError: No module named 'minio'
[2026-09-11T02:41:17.466+0000] {processor.py:927} WARNING - No viable dags retrieved from /opt/airflow/dags/countries_dag.py
[2026-09-11T02:41:17.516+0000] {processor.py:208} INFO - Processing /opt/airflow/dags/countries_dag.py took 0.182 seconds
[2026-09-11T02:41:47.991+0000] {processor.py:186} INFO - Started process (PID=357) to work on /opt/airflow/dags/countries_dag.py
[2026-09-11T02:41:47.993+0000] {processor.py:914} INFO - Processing file /opt/airflow/dags/countries_dag.py for tasks to queue
[2026-09-11T02:41:47.999+0000] {logging_mixin.py:190} INFO - [2026-09-11T02:41:47.997+0000] {dagbag.py:588} INFO - Filling up the DagBag from /opt/airflow/dags/countries_dag.py
[2026-09-11T02:41:48.073+0000] {logging_mixin.py:190} INFO - [2026-09-11T02:41:48.056+0000] {dagbag.py:387} ERROR - Failed to import: /opt/airflow/dags/countries_dag.py
Traceback (most recent call last):
  File "/home/airflow/.local/lib/python3.11/site-packages/airflow/models/dagbag.py", line 383, in parse
    loader.exec_module(new_module)
  File "<frozen importlib._bootstrap_external>", line 940, in exec_module
  File "<frozen importlib._bootstrap>", line 241, in _call_with_frames_removed
  File "/opt/airflow/dags/countries_dag.py", line 6, in <module>
    from ingestion.minio_to_snowflake import run_pipeline
  File "/opt/airflow/ingestion/minio_to_snowflake.py", line 8, in <module>
    from minio import Minio
ModuleNotFoundError: No module named 'minio'
[2026-09-11T02:41:48.079+0000] {processor.py:927} WARNING - No viable dags retrieved from /opt/airflow/dags/countries_dag.py
[2026-09-11T02:41:48.119+0000] {processor.py:208} INFO - Processing /opt/airflow/dags/countries_dag.py took 0.142 seconds
[2026-09-11T02:42:18.633+0000] {processor.py:186} INFO - Started process (PID=362) to work on /opt/airflow/dags/countries_dag.py
[2026-09-11T02:42:18.635+0000] {processor.py:914} INFO - Processing file /opt/airflow/dags/countries_dag.py for tasks to queue
[2026-09-11T02:42:18.642+0000] {logging_mixin.py:190} INFO - [2026-09-11T02:42:18.642+0000] {dagbag.py:588} INFO - Filling up the DagBag from /opt/airflow/dags/countries_dag.py
[2026-09-11T02:42:18.782+0000] {logging_mixin.py:190} INFO - [2026-09-11T02:42:18.753+0000] {dagbag.py:387} ERROR - Failed to import: /opt/airflow/dags/countries_dag.py
Traceback (most recent call last):
  File "/home/airflow/.local/lib/python3.11/site-packages/airflow/models/dagbag.py", line 383, in parse
    loader.exec_module(new_module)
  File "<frozen importlib._bootstrap_external>", line 940, in exec_module
  File "<frozen importlib._bootstrap>", line 241, in _call_with_frames_removed
  File "/opt/airflow/dags/countries_dag.py", line 6, in <module>
    from ingestion.minio_to_snowflake import run_pipeline
  File "/opt/airflow/ingestion/minio_to_snowflake.py", line 8, in <module>
    from minio import Minio
ModuleNotFoundError: No module named 'minio'
[2026-09-11T02:42:18.792+0000] {processor.py:927} WARNING - No viable dags retrieved from /opt/airflow/dags/countries_dag.py
[2026-09-11T02:42:18.919+0000] {processor.py:208} INFO - Processing /opt/airflow/dags/countries_dag.py took 0.303 seconds
[2026-09-11T02:42:49.582+0000] {processor.py:186} INFO - Started process (PID=367) to work on /opt/airflow/dags/countries_dag.py
[2026-09-11T02:42:49.586+0000] {processor.py:914} INFO - Processing file /opt/airflow/dags/countries_dag.py for tasks to queue
[2026-09-11T02:42:49.595+0000] {logging_mixin.py:190} INFO - [2026-09-11T02:42:49.594+0000] {dagbag.py:588} INFO - Filling up the DagBag from /opt/airflow/dags/countries_dag.py
[2026-09-11T02:42:49.697+0000] {logging_mixin.py:190} INFO - [2026-09-11T02:42:49.676+0000] {dagbag.py:387} ERROR - Failed to import: /opt/airflow/dags/countries_dag.py
Traceback (most recent call last):
  File "/home/airflow/.local/lib/python3.11/site-packages/airflow/models/dagbag.py", line 383, in parse
    loader.exec_module(new_module)
  File "<frozen importlib._bootstrap_external>", line 940, in exec_module
  File "<frozen importlib._bootstrap>", line 241, in _call_with_frames_removed
  File "/opt/airflow/dags/countries_dag.py", line 6, in <module>
    from ingestion.minio_to_snowflake import run_pipeline
  File "/opt/airflow/ingestion/minio_to_snowflake.py", line 8, in <module>
    from minio import Minio
ModuleNotFoundError: No module named 'minio'
[2026-09-11T02:42:49.705+0000] {processor.py:927} WARNING - No viable dags retrieved from /opt/airflow/dags/countries_dag.py
[2026-09-11T02:42:49.819+0000] {processor.py:208} INFO - Processing /opt/airflow/dags/countries_dag.py took 0.257 seconds
[2026-09-11T02:43:20.257+0000] {processor.py:186} INFO - Started process (PID=372) to work on /opt/airflow/dags/countries_dag.py
[2026-09-11T02:43:20.260+0000] {processor.py:914} INFO - Processing file /opt/airflow/dags/countries_dag.py for tasks to queue
[2026-09-11T02:43:20.276+0000] {logging_mixin.py:190} INFO - [2026-09-11T02:43:20.275+0000] {dagbag.py:588} INFO - Filling up the DagBag from /opt/airflow/dags/countries_dag.py
[2026-09-11T02:43:20.381+0000] {logging_mixin.py:190} INFO - [2026-09-11T02:43:20.360+0000] {dagbag.py:387} ERROR - Failed to import: /opt/airflow/dags/countries_dag.py
Traceback (most recent call last):
  File "/home/airflow/.local/lib/python3.11/site-packages/airflow/models/dagbag.py", line 383, in parse
    loader.exec_module(new_module)
  File "<frozen importlib._bootstrap_external>", line 940, in exec_module
  File "<frozen importlib._bootstrap>", line 241, in _call_with_frames_removed
  File "/opt/airflow/dags/countries_dag.py", line 6, in <module>
    from ingestion.minio_to_snowflake import run_pipeline
  File "/opt/airflow/ingestion/minio_to_snowflake.py", line 8, in <module>
    from minio import Minio
ModuleNotFoundError: No module named 'minio'
[2026-09-11T02:43:20.390+0000] {processor.py:927} WARNING - No viable dags retrieved from /opt/airflow/dags/countries_dag.py
[2026-09-11T02:43:20.453+0000] {processor.py:208} INFO - Processing /opt/airflow/dags/countries_dag.py took 0.269 seconds
[2026-09-11T02:43:51.334+0000] {processor.py:186} INFO - Started process (PID=377) to work on /opt/airflow/dags/countries_dag.py
[2026-09-11T02:43:51.336+0000] {processor.py:914} INFO - Processing file /opt/airflow/dags/countries_dag.py for tasks to queue
[2026-09-11T02:43:51.342+0000] {logging_mixin.py:190} INFO - [2026-09-11T02:43:51.341+0000] {dagbag.py:588} INFO - Filling up the DagBag from /opt/airflow/dags/countries_dag.py
[2026-09-11T02:43:51.444+0000] {logging_mixin.py:190} INFO - [2026-09-11T02:43:51.426+0000] {dagbag.py:387} ERROR - Failed to import: /opt/airflow/dags/countries_dag.py
Traceback (most recent call last):
  File "/home/airflow/.local/lib/python3.11/site-packages/airflow/models/dagbag.py", line 383, in parse
    loader.exec_module(new_module)
  File "<frozen importlib._bootstrap_external>", line 940, in exec_module
  File "<frozen importlib._bootstrap>", line 241, in _call_with_frames_removed
  File "/opt/airflow/dags/countries_dag.py", line 6, in <module>
    from ingestion.minio_to_snowflake import run_pipeline
  File "/opt/airflow/ingestion/minio_to_snowflake.py", line 8, in <module>
    from minio import Minio
ModuleNotFoundError: No module named 'minio'
[2026-09-11T02:43:51.450+0000] {processor.py:927} WARNING - No viable dags retrieved from /opt/airflow/dags/countries_dag.py
[2026-09-11T02:43:51.516+0000] {processor.py:208} INFO - Processing /opt/airflow/dags/countries_dag.py took 0.196 seconds
[2026-09-11T02:44:22.195+0000] {processor.py:186} INFO - Started process (PID=382) to work on /opt/airflow/dags/countries_dag.py
[2026-09-11T02:44:22.210+0000] {processor.py:914} INFO - Processing file /opt/airflow/dags/countries_dag.py for tasks to queue
[2026-09-11T02:44:22.244+0000] {logging_mixin.py:190} INFO - [2026-09-11T02:44:22.242+0000] {dagbag.py:588} INFO - Filling up the DagBag from /opt/airflow/dags/countries_dag.py
[2026-09-11T02:44:25.308+0000] {logging_mixin.py:190} INFO - [2026-09-11T02:44:25.264+0000] {dagbag.py:387} ERROR - Failed to import: /opt/airflow/dags/countries_dag.py
Traceback (most recent call last):
  File "/home/airflow/.local/lib/python3.11/site-packages/airflow/models/dagbag.py", line 383, in parse
    loader.exec_module(new_module)
  File "<frozen importlib._bootstrap_external>", line 940, in exec_module
  File "<frozen importlib._bootstrap>", line 241, in _call_with_frames_removed
  File "/opt/airflow/dags/countries_dag.py", line 6, in <module>
    from ingestion.minio_to_snowflake import run_pipeline
  File "/opt/airflow/ingestion/minio_to_snowflake.py", line 8, in <module>
    from minio import Minio
ModuleNotFoundError: No module named 'minio'
[2026-09-11T02:44:25.316+0000] {processor.py:927} WARNING - No viable dags retrieved from /opt/airflow/dags/countries_dag.py
[2026-09-11T02:44:25.447+0000] {processor.py:208} INFO - Processing /opt/airflow/dags/countries_dag.py took 3.325 seconds
[2026-09-11T02:44:56.068+0000] {processor.py:186} INFO - Started process (PID=387) to work on /opt/airflow/dags/countries_dag.py
[2026-09-11T02:44:56.074+0000] {processor.py:914} INFO - Processing file /opt/airflow/dags/countries_dag.py for tasks to queue
[2026-09-11T02:44:56.082+0000] {logging_mixin.py:190} INFO - [2026-09-11T02:44:56.082+0000] {dagbag.py:588} INFO - Filling up the DagBag from /opt/airflow/dags/countries_dag.py
[2026-09-11T02:44:56.237+0000] {logging_mixin.py:190} INFO - [2026-09-11T02:44:56.221+0000] {dagbag.py:387} ERROR - Failed to import: /opt/airflow/dags/countries_dag.py
Traceback (most recent call last):
  File "/home/airflow/.local/lib/python3.11/site-packages/airflow/models/dagbag.py", line 383, in parse
    loader.exec_module(new_module)
  File "<frozen importlib._bootstrap_external>", line 940, in exec_module
  File "<frozen importlib._bootstrap>", line 241, in _call_with_frames_removed
  File "/opt/airflow/dags/countries_dag.py", line 6, in <module>
    from ingestion.minio_to_snowflake import run_pipeline
  File "/opt/airflow/ingestion/minio_to_snowflake.py", line 8, in <module>
    from minio import Minio
ModuleNotFoundError: No module named 'minio'
[2026-09-11T02:44:56.243+0000] {processor.py:927} WARNING - No viable dags retrieved from /opt/airflow/dags/countries_dag.py
[2026-09-11T02:44:56.317+0000] {processor.py:208} INFO - Processing /opt/airflow/dags/countries_dag.py took 0.265 seconds
[2026-09-11T02:45:26.888+0000] {processor.py:186} INFO - Started process (PID=392) to work on /opt/airflow/dags/countries_dag.py
[2026-09-11T02:45:26.891+0000] {processor.py:914} INFO - Processing file /opt/airflow/dags/countries_dag.py for tasks to queue
[2026-09-11T02:45:26.899+0000] {logging_mixin.py:190} INFO - [2026-09-11T02:45:26.898+0000] {dagbag.py:588} INFO - Filling up the DagBag from /opt/airflow/dags/countries_dag.py
[2026-09-11T02:45:26.996+0000] {logging_mixin.py:190} INFO - [2026-09-11T02:45:26.973+0000] {dagbag.py:387} ERROR - Failed to import: /opt/airflow/dags/countries_dag.py
Traceback (most recent call last):
  File "/home/airflow/.local/lib/python3.11/site-packages/airflow/models/dagbag.py", line 383, in parse
    loader.exec_module(new_module)
  File "<frozen importlib._bootstrap_external>", line 940, in exec_module
  File "<frozen importlib._bootstrap>", line 241, in _call_with_frames_removed
  File "/opt/airflow/dags/countries_dag.py", line 6, in <module>
    from ingestion.minio_to_snowflake import run_pipeline
  File "/opt/airflow/ingestion/minio_to_snowflake.py", line 8, in <module>
    from minio import Minio
ModuleNotFoundError: No module named 'minio'
[2026-09-11T02:45:27.002+0000] {processor.py:927} WARNING - No viable dags retrieved from /opt/airflow/dags/countries_dag.py
[2026-09-11T02:45:27.068+0000] {processor.py:208} INFO - Processing /opt/airflow/dags/countries_dag.py took 0.197 seconds
[2026-09-11T02:45:57.277+0000] {processor.py:186} INFO - Started process (PID=397) to work on /opt/airflow/dags/countries_dag.py
[2026-09-11T02:45:57.279+0000] {processor.py:914} INFO - Processing file /opt/airflow/dags/countries_dag.py for tasks to queue
[2026-09-11T02:45:57.284+0000] {logging_mixin.py:190} INFO - [2026-09-11T02:45:57.284+0000] {dagbag.py:588} INFO - Filling up the DagBag from /opt/airflow/dags/countries_dag.py
[2026-09-11T02:45:57.361+0000] {logging_mixin.py:190} INFO - [2026-09-11T02:45:57.345+0000] {dagbag.py:387} ERROR - Failed to import: /opt/airflow/dags/countries_dag.py
Traceback (most recent call last):
  File "/home/airflow/.local/lib/python3.11/site-packages/airflow/models/dagbag.py", line 383, in parse
    loader.exec_module(new_module)
  File "<frozen importlib._bootstrap_external>", line 940, in exec_module
  File "<frozen importlib._bootstrap>", line 241, in _call_with_frames_removed
  File "/opt/airflow/dags/countries_dag.py", line 6, in <module>
    from ingestion.minio_to_snowflake import run_pipeline
  File "/opt/airflow/ingestion/minio_to_snowflake.py", line 8, in <module>
    from minio import Minio
ModuleNotFoundError: No module named 'minio'
[2026-09-11T02:45:57.367+0000] {processor.py:927} WARNING - No viable dags retrieved from /opt/airflow/dags/countries_dag.py
[2026-09-11T02:45:57.427+0000] {processor.py:208} INFO - Processing /opt/airflow/dags/countries_dag.py took 0.167 seconds
[2026-09-11T02:46:27.668+0000] {processor.py:186} INFO - Started process (PID=402) to work on /opt/airflow/dags/countries_dag.py
[2026-09-11T02:46:27.689+0000] {processor.py:914} INFO - Processing file /opt/airflow/dags/countries_dag.py for tasks to queue
[2026-09-11T02:46:27.708+0000] {logging_mixin.py:190} INFO - [2026-09-11T02:46:27.707+0000] {dagbag.py:588} INFO - Filling up the DagBag from /opt/airflow/dags/countries_dag.py
[2026-09-11T02:46:28.415+0000] {logging_mixin.py:190} INFO - [2026-09-11T02:46:28.346+0000] {dagbag.py:387} ERROR - Failed to import: /opt/airflow/dags/countries_dag.py
Traceback (most recent call last):
  File "/home/airflow/.local/lib/python3.11/site-packages/airflow/models/dagbag.py", line 383, in parse
    loader.exec_module(new_module)
  File "<frozen importlib._bootstrap_external>", line 940, in exec_module
  File "<frozen importlib._bootstrap>", line 241, in _call_with_frames_removed
  File "/opt/airflow/dags/countries_dag.py", line 6, in <module>
    from ingestion.minio_to_snowflake import run_pipeline
  File "/opt/airflow/ingestion/minio_to_snowflake.py", line 8, in <module>
    from minio import Minio
ModuleNotFoundError: No module named 'minio'
[2026-09-11T02:46:28.446+0000] {processor.py:927} WARNING - No viable dags retrieved from /opt/airflow/dags/countries_dag.py
[2026-09-11T02:46:28.576+0000] {processor.py:208} INFO - Processing /opt/airflow/dags/countries_dag.py took 0.960 seconds
[2026-09-11T02:46:59.308+0000] {processor.py:186} INFO - Started process (PID=407) to work on /opt/airflow/dags/countries_dag.py
[2026-09-11T02:46:59.324+0000] {processor.py:914} INFO - Processing file /opt/airflow/dags/countries_dag.py for tasks to queue
[2026-09-11T02:46:59.332+0000] {logging_mixin.py:190} INFO - [2026-09-11T02:46:59.331+0000] {dagbag.py:588} INFO - Filling up the DagBag from /opt/airflow/dags/countries_dag.py
[2026-09-11T02:46:59.452+0000] {logging_mixin.py:190} INFO - [2026-09-11T02:46:59.434+0000] {dagbag.py:387} ERROR - Failed to import: /opt/airflow/dags/countries_dag.py
Traceback (most recent call last):
  File "/home/airflow/.local/lib/python3.11/site-packages/airflow/models/dagbag.py", line 383, in parse
    loader.exec_module(new_module)
  File "<frozen importlib._bootstrap_external>", line 940, in exec_module
  File "<frozen importlib._bootstrap>", line 241, in _call_with_frames_removed
  File "/opt/airflow/dags/countries_dag.py", line 6, in <module>
    from ingestion.minio_to_snowflake import run_pipeline
  File "/opt/airflow/ingestion/minio_to_snowflake.py", line 8, in <module>
    from minio import Minio
ModuleNotFoundError: No module named 'minio'
[2026-09-11T02:46:59.457+0000] {processor.py:927} WARNING - No viable dags retrieved from /opt/airflow/dags/countries_dag.py
[2026-09-11T02:46:59.496+0000] {processor.py:208} INFO - Processing /opt/airflow/dags/countries_dag.py took 0.221 seconds
[2026-09-11T02:47:30.059+0000] {processor.py:186} INFO - Started process (PID=412) to work on /opt/airflow/dags/countries_dag.py
[2026-09-11T02:47:30.061+0000] {processor.py:914} INFO - Processing file /opt/airflow/dags/countries_dag.py for tasks to queue
[2026-09-11T02:47:30.065+0000] {logging_mixin.py:190} INFO - [2026-09-11T02:47:30.065+0000] {dagbag.py:588} INFO - Filling up the DagBag from /opt/airflow/dags/countries_dag.py
[2026-09-11T02:47:30.139+0000] {logging_mixin.py:190} INFO - [2026-09-11T02:47:30.125+0000] {dagbag.py:387} ERROR - Failed to import: /opt/airflow/dags/countries_dag.py
Traceback (most recent call last):
  File "/home/airflow/.local/lib/python3.11/site-packages/airflow/models/dagbag.py", line 383, in parse
    loader.exec_module(new_module)
  File "<frozen importlib._bootstrap_external>", line 940, in exec_module
  File "<frozen importlib._bootstrap>", line 241, in _call_with_frames_removed
  File "/opt/airflow/dags/countries_dag.py", line 6, in <module>
    from ingestion.minio_to_snowflake import run_pipeline
  File "/opt/airflow/ingestion/minio_to_snowflake.py", line 8, in <module>
    from minio import Minio
ModuleNotFoundError: No module named 'minio'
[2026-09-11T02:47:30.145+0000] {processor.py:927} WARNING - No viable dags retrieved from /opt/airflow/dags/countries_dag.py
[2026-09-11T02:47:30.187+0000] {processor.py:208} INFO - Processing /opt/airflow/dags/countries_dag.py took 0.148 seconds
[2026-09-11T02:48:01.037+0000] {processor.py:186} INFO - Started process (PID=417) to work on /opt/airflow/dags/countries_dag.py
[2026-09-11T02:48:01.062+0000] {processor.py:914} INFO - Processing file /opt/airflow/dags/countries_dag.py for tasks to queue
[2026-09-11T02:48:01.100+0000] {logging_mixin.py:190} INFO - [2026-09-11T02:48:01.099+0000] {dagbag.py:588} INFO - Filling up the DagBag from /opt/airflow/dags/countries_dag.py
[2026-09-11T02:48:01.539+0000] {logging_mixin.py:190} INFO - [2026-09-11T02:48:01.418+0000] {dagbag.py:387} ERROR - Failed to import: /opt/airflow/dags/countries_dag.py
Traceback (most recent call last):
  File "/home/airflow/.local/lib/python3.11/site-packages/airflow/models/dagbag.py", line 383, in parse
    loader.exec_module(new_module)
  File "<frozen importlib._bootstrap_external>", line 940, in exec_module
  File "<frozen importlib._bootstrap>", line 241, in _call_with_frames_removed
  File "/opt/airflow/dags/countries_dag.py", line 6, in <module>
    from ingestion.minio_to_snowflake import run_pipeline
  File "/opt/airflow/ingestion/minio_to_snowflake.py", line 8, in <module>
    from minio import Minio
ModuleNotFoundError: No module named 'minio'
[2026-09-11T02:48:01.553+0000] {processor.py:927} WARNING - No viable dags retrieved from /opt/airflow/dags/countries_dag.py
[2026-09-11T02:48:01.618+0000] {processor.py:208} INFO - Processing /opt/airflow/dags/countries_dag.py took 0.625 seconds
[2026-09-11T02:48:32.341+0000] {processor.py:186} INFO - Started process (PID=422) to work on /opt/airflow/dags/countries_dag.py
[2026-09-11T02:48:32.350+0000] {processor.py:914} INFO - Processing file /opt/airflow/dags/countries_dag.py for tasks to queue
[2026-09-11T02:48:32.358+0000] {logging_mixin.py:190} INFO - [2026-09-11T02:48:32.357+0000] {dagbag.py:588} INFO - Filling up the DagBag from /opt/airflow/dags/countries_dag.py
[2026-09-11T02:48:32.462+0000] {logging_mixin.py:190} INFO - [2026-09-11T02:48:32.436+0000] {dagbag.py:387} ERROR - Failed to import: /opt/airflow/dags/countries_dag.py
Traceback (most recent call last):
  File "/home/airflow/.local/lib/python3.11/site-packages/airflow/models/dagbag.py", line 383, in parse
    loader.exec_module(new_module)
  File "<frozen importlib._bootstrap_external>", line 940, in exec_module
  File "<frozen importlib._bootstrap>", line 241, in _call_with_frames_removed
  File "/opt/airflow/dags/countries_dag.py", line 6, in <module>
    from ingestion.minio_to_snowflake import run_pipeline
  File "/opt/airflow/ingestion/minio_to_snowflake.py", line 8, in <module>
    from minio import Minio
ModuleNotFoundError: No module named 'minio'
[2026-09-11T02:48:32.470+0000] {processor.py:927} WARNING - No viable dags retrieved from /opt/airflow/dags/countries_dag.py
[2026-09-11T02:48:32.635+0000] {processor.py:208} INFO - Processing /opt/airflow/dags/countries_dag.py took 0.314 seconds
[2026-09-11T02:52:37.782+0000] {processor.py:186} INFO - Started process (PID=213) to work on /opt/airflow/dags/countries_dag.py
[2026-09-11T02:52:37.795+0000] {processor.py:914} INFO - Processing file /opt/airflow/dags/countries_dag.py for tasks to queue
[2026-09-11T02:52:37.802+0000] {logging_mixin.py:190} INFO - [2026-09-11T02:52:37.801+0000] {dagbag.py:588} INFO - Filling up the DagBag from /opt/airflow/dags/countries_dag.py
[2026-09-11T02:52:51.816+0000] {processor.py:925} INFO - DAG(s) 'countries_ingestion' retrieved from /opt/airflow/dags/countries_dag.py
[2026-09-11T02:52:52.589+0000] {logging_mixin.py:190} INFO - [2026-09-11T02:52:52.588+0000] {dag.py:3239} INFO - Sync 1 DAGs
[2026-09-11T02:52:52.731+0000] {logging_mixin.py:190} INFO - [2026-09-11T02:52:52.730+0000] {dag.py:4180} INFO - Setting next_dagrun for countries_ingestion to 2026-09-11 00:00:00+00:00, run_after=2026-09-11 04:00:00+00:00
[2026-09-11T02:52:52.880+0000] {processor.py:208} INFO - Processing /opt/airflow/dags/countries_dag.py took 15.124 seconds
[2026-09-11T02:53:23.663+0000] {processor.py:186} INFO - Started process (PID=228) to work on /opt/airflow/dags/countries_dag.py
[2026-09-11T02:53:23.687+0000] {processor.py:914} INFO - Processing file /opt/airflow/dags/countries_dag.py for tasks to queue
[2026-09-11T02:53:23.727+0000] {logging_mixin.py:190} INFO - [2026-09-11T02:53:23.724+0000] {dagbag.py:588} INFO - Filling up the DagBag from /opt/airflow/dags/countries_dag.py
[2026-09-11T02:53:28.446+0000] {processor.py:925} INFO - DAG(s) 'countries_ingestion' retrieved from /opt/airflow/dags/countries_dag.py
[2026-09-11T02:53:29.212+0000] {logging_mixin.py:190} INFO - [2026-09-11T02:53:29.210+0000] {dag.py:3239} INFO - Sync 1 DAGs
[2026-09-11T02:53:29.313+0000] {logging_mixin.py:190} INFO - [2026-09-11T02:53:29.312+0000] {dag.py:4180} INFO - Setting next_dagrun for countries_ingestion to 2026-09-11 00:00:00+00:00, run_after=2026-09-11 04:00:00+00:00
[2026-09-11T02:53:29.397+0000] {processor.py:208} INFO - Processing /opt/airflow/dags/countries_dag.py took 5.825 seconds
[2026-09-11T02:54:00.267+0000] {processor.py:186} INFO - Started process (PID=245) to work on /opt/airflow/dags/countries_dag.py
[2026-09-11T02:54:00.270+0000] {processor.py:914} INFO - Processing file /opt/airflow/dags/countries_dag.py for tasks to queue
[2026-09-11T02:54:00.275+0000] {logging_mixin.py:190} INFO - [2026-09-11T02:54:00.274+0000] {dagbag.py:588} INFO - Filling up the DagBag from /opt/airflow/dags/countries_dag.py
[2026-09-11T02:54:04.005+0000] {processor.py:925} INFO - DAG(s) 'countries_ingestion' retrieved from /opt/airflow/dags/countries_dag.py
[2026-09-11T02:54:04.079+0000] {logging_mixin.py:190} INFO - [2026-09-11T02:54:04.078+0000] {dag.py:3239} INFO - Sync 1 DAGs
[2026-09-11T02:54:04.210+0000] {logging_mixin.py:190} INFO - [2026-09-11T02:54:04.209+0000] {dag.py:4180} INFO - Setting next_dagrun for countries_ingestion to 2026-09-11 00:00:00+00:00, run_after=2026-09-11 04:00:00+00:00
[2026-09-11T02:54:04.312+0000] {processor.py:208} INFO - Processing /opt/airflow/dags/countries_dag.py took 4.062 seconds
[2026-09-11T02:54:35.331+0000] {processor.py:186} INFO - Started process (PID=252) to work on /opt/airflow/dags/countries_dag.py
[2026-09-11T02:54:35.334+0000] {processor.py:914} INFO - Processing file /opt/airflow/dags/countries_dag.py for tasks to queue
[2026-09-11T02:54:35.350+0000] {logging_mixin.py:190} INFO - [2026-09-11T02:54:35.349+0000] {dagbag.py:588} INFO - Filling up the DagBag from /opt/airflow/dags/countries_dag.py
[2026-09-11T02:54:38.309+0000] {processor.py:925} INFO - DAG(s) 'countries_ingestion' retrieved from /opt/airflow/dags/countries_dag.py
[2026-09-11T02:54:38.386+0000] {logging_mixin.py:190} INFO - [2026-09-11T02:54:38.385+0000] {dag.py:3239} INFO - Sync 1 DAGs
[2026-09-11T02:54:38.451+0000] {logging_mixin.py:190} INFO - [2026-09-11T02:54:38.451+0000] {dag.py:4180} INFO - Setting next_dagrun for countries_ingestion to 2026-09-11 00:00:00+00:00, run_after=2026-09-11 04:00:00+00:00
[2026-09-11T02:54:39.204+0000] {processor.py:208} INFO - Processing /opt/airflow/dags/countries_dag.py took 3.893 seconds
[2026-09-11T02:55:09.708+0000] {processor.py:186} INFO - Started process (PID=259) to work on /opt/airflow/dags/countries_dag.py
[2026-09-11T02:55:09.710+0000] {processor.py:914} INFO - Processing file /opt/airflow/dags/countries_dag.py for tasks to queue
[2026-09-11T02:55:09.715+0000] {logging_mixin.py:190} INFO - [2026-09-11T02:55:09.714+0000] {dagbag.py:588} INFO - Filling up the DagBag from /opt/airflow/dags/countries_dag.py
[2026-09-11T02:55:12.771+0000] {processor.py:925} INFO - DAG(s) 'countries_ingestion' retrieved from /opt/airflow/dags/countries_dag.py
[2026-09-11T02:55:12.944+0000] {logging_mixin.py:190} INFO - [2026-09-11T02:55:12.936+0000] {dag.py:3239} INFO - Sync 1 DAGs
[2026-09-11T02:55:14.776+0000] {logging_mixin.py:190} INFO - [2026-09-11T02:55:14.776+0000] {dag.py:4180} INFO - Setting next_dagrun for countries_ingestion to 2026-09-11 00:00:00+00:00, run_after=2026-09-11 04:00:00+00:00
[2026-09-11T02:55:14.890+0000] {processor.py:208} INFO - Processing /opt/airflow/dags/countries_dag.py took 5.197 seconds
[2026-09-11T02:55:45.405+0000] {processor.py:186} INFO - Started process (PID=271) to work on /opt/airflow/dags/countries_dag.py
[2026-09-11T02:55:45.415+0000] {processor.py:914} INFO - Processing file /opt/airflow/dags/countries_dag.py for tasks to queue
[2026-09-11T02:55:45.439+0000] {logging_mixin.py:190} INFO - [2026-09-11T02:55:45.434+0000] {dagbag.py:588} INFO - Filling up the DagBag from /opt/airflow/dags/countries_dag.py
[2026-09-11T02:55:49.557+0000] {processor.py:925} INFO - DAG(s) 'countries_ingestion' retrieved from /opt/airflow/dags/countries_dag.py
[2026-09-11T02:55:49.673+0000] {logging_mixin.py:190} INFO - [2026-09-11T02:55:49.672+0000] {dag.py:3239} INFO - Sync 1 DAGs
[2026-09-11T02:55:49.898+0000] {processor.py:208} INFO - Processing /opt/airflow/dags/countries_dag.py took 4.533 seconds
[2026-09-11T02:56:20.254+0000] {processor.py:186} INFO - Started process (PID=278) to work on /opt/airflow/dags/countries_dag.py
[2026-09-11T02:56:20.258+0000] {processor.py:914} INFO - Processing file /opt/airflow/dags/countries_dag.py for tasks to queue
[2026-09-11T02:56:20.274+0000] {logging_mixin.py:190} INFO - [2026-09-11T02:56:20.273+0000] {dagbag.py:588} INFO - Filling up the DagBag from /opt/airflow/dags/countries_dag.py
[2026-09-11T02:56:24.572+0000] {processor.py:925} INFO - DAG(s) 'countries_ingestion' retrieved from /opt/airflow/dags/countries_dag.py
[2026-09-11T02:56:25.475+0000] {logging_mixin.py:190} INFO - [2026-09-11T02:56:25.473+0000] {dag.py:3239} INFO - Sync 1 DAGs
[2026-09-11T02:56:25.698+0000] {processor.py:208} INFO - Processing /opt/airflow/dags/countries_dag.py took 5.469 seconds
[2026-09-11T02:56:56.522+0000] {processor.py:186} INFO - Started process (PID=290) to work on /opt/airflow/dags/countries_dag.py
[2026-09-11T02:56:56.525+0000] {processor.py:914} INFO - Processing file /opt/airflow/dags/countries_dag.py for tasks to queue
[2026-09-11T02:56:56.535+0000] {logging_mixin.py:190} INFO - [2026-09-11T02:56:56.533+0000] {dagbag.py:588} INFO - Filling up the DagBag from /opt/airflow/dags/countries_dag.py
[2026-09-11T02:56:58.762+0000] {processor.py:925} INFO - DAG(s) 'countries_ingestion' retrieved from /opt/airflow/dags/countries_dag.py
[2026-09-11T02:56:59.569+0000] {logging_mixin.py:190} INFO - [2026-09-11T02:56:59.568+0000] {dag.py:3239} INFO - Sync 1 DAGs
[2026-09-11T02:56:59.678+0000] {logging_mixin.py:190} INFO - [2026-09-11T02:56:59.677+0000] {dag.py:4180} INFO - Setting next_dagrun for countries_ingestion to 2026-09-11 00:00:00+00:00, run_after=2026-09-11 04:00:00+00:00
[2026-09-11T02:56:59.766+0000] {processor.py:208} INFO - Processing /opt/airflow/dags/countries_dag.py took 3.264 seconds
[2026-09-11T02:57:30.456+0000] {processor.py:186} INFO - Started process (PID=297) to work on /opt/airflow/dags/countries_dag.py
[2026-09-11T02:57:30.483+0000] {processor.py:914} INFO - Processing file /opt/airflow/dags/countries_dag.py for tasks to queue
[2026-09-11T02:57:30.498+0000] {logging_mixin.py:190} INFO - [2026-09-11T02:57:30.497+0000] {dagbag.py:588} INFO - Filling up the DagBag from /opt/airflow/dags/countries_dag.py
[2026-09-11T02:57:34.793+0000] {processor.py:925} INFO - DAG(s) 'countries_ingestion' retrieved from /opt/airflow/dags/countries_dag.py
[2026-09-11T02:57:34.905+0000] {logging_mixin.py:190} INFO - [2026-09-11T02:57:34.904+0000] {dag.py:3239} INFO - Sync 1 DAGs
[2026-09-11T02:57:35.017+0000] {logging_mixin.py:190} INFO - [2026-09-11T02:57:35.016+0000] {dag.py:4180} INFO - Setting next_dagrun for countries_ingestion to 2026-09-11 00:00:00+00:00, run_after=2026-09-11 04:00:00+00:00
[2026-09-11T02:57:35.126+0000] {processor.py:208} INFO - Processing /opt/airflow/dags/countries_dag.py took 4.704 seconds
[2026-09-11T02:58:05.937+0000] {processor.py:186} INFO - Started process (PID=304) to work on /opt/airflow/dags/countries_dag.py
[2026-09-11T02:58:05.940+0000] {processor.py:914} INFO - Processing file /opt/airflow/dags/countries_dag.py for tasks to queue
[2026-09-11T02:58:05.951+0000] {logging_mixin.py:190} INFO - [2026-09-11T02:58:05.950+0000] {dagbag.py:588} INFO - Filling up the DagBag from /opt/airflow/dags/countries_dag.py
[2026-09-11T02:58:09.283+0000] {processor.py:925} INFO - DAG(s) 'countries_ingestion' retrieved from /opt/airflow/dags/countries_dag.py
[2026-09-11T02:58:09.365+0000] {logging_mixin.py:190} INFO - [2026-09-11T02:58:09.364+0000] {dag.py:3239} INFO - Sync 1 DAGs
[2026-09-11T02:58:10.048+0000] {logging_mixin.py:190} INFO - [2026-09-11T02:58:10.047+0000] {dag.py:4180} INFO - Setting next_dagrun for countries_ingestion to 2026-09-11 00:00:00+00:00, run_after=2026-09-11 04:00:00+00:00
[2026-09-11T02:58:10.121+0000] {processor.py:208} INFO - Processing /opt/airflow/dags/countries_dag.py took 4.219 seconds
[2026-09-11T02:58:40.574+0000] {processor.py:186} INFO - Started process (PID=311) to work on /opt/airflow/dags/countries_dag.py
[2026-09-11T02:58:40.578+0000] {processor.py:914} INFO - Processing file /opt/airflow/dags/countries_dag.py for tasks to queue
[2026-09-11T02:58:40.585+0000] {logging_mixin.py:190} INFO - [2026-09-11T02:58:40.584+0000] {dagbag.py:588} INFO - Filling up the DagBag from /opt/airflow/dags/countries_dag.py
[2026-09-11T02:58:42.612+0000] {processor.py:925} INFO - DAG(s) 'countries_ingestion' retrieved from /opt/airflow/dags/countries_dag.py
[2026-09-11T02:58:42.751+0000] {logging_mixin.py:190} INFO - [2026-09-11T02:58:42.749+0000] {dag.py:3239} INFO - Sync 1 DAGs
[2026-09-11T02:58:43.271+0000] {logging_mixin.py:190} INFO - [2026-09-11T02:58:43.271+0000] {dag.py:4180} INFO - Setting next_dagrun for countries_ingestion to 2026-09-11 00:00:00+00:00, run_after=2026-09-11 04:00:00+00:00
[2026-09-11T02:58:43.325+0000] {processor.py:208} INFO - Processing /opt/airflow/dags/countries_dag.py took 2.771 seconds
[2026-09-11T02:59:14.088+0000] {processor.py:186} INFO - Started process (PID=318) to work on /opt/airflow/dags/countries_dag.py
[2026-09-11T02:59:14.102+0000] {processor.py:914} INFO - Processing file /opt/airflow/dags/countries_dag.py for tasks to queue
[2026-09-11T02:59:14.133+0000] {logging_mixin.py:190} INFO - [2026-09-11T02:59:14.132+0000] {dagbag.py:588} INFO - Filling up the DagBag from /opt/airflow/dags/countries_dag.py
[2026-09-11T02:59:21.744+0000] {processor.py:925} INFO - DAG(s) 'countries_ingestion' retrieved from /opt/airflow/dags/countries_dag.py
[2026-09-11T02:59:23.415+0000] {logging_mixin.py:190} INFO - [2026-09-11T02:59:21.974+0000] {dag.py:3239} INFO - Sync 1 DAGs
[2026-09-11T02:59:23.705+0000] {logging_mixin.py:190} INFO - [2026-09-11T02:59:23.704+0000] {dag.py:4180} INFO - Setting next_dagrun for countries_ingestion to 2026-09-11 00:00:00+00:00, run_after=2026-09-11 04:00:00+00:00
[2026-09-11T02:59:24.061+0000] {processor.py:208} INFO - Processing /opt/airflow/dags/countries_dag.py took 10.031 seconds
[2026-09-11T02:59:54.355+0000] {processor.py:186} INFO - Started process (PID=325) to work on /opt/airflow/dags/countries_dag.py
[2026-09-11T02:59:54.358+0000] {processor.py:914} INFO - Processing file /opt/airflow/dags/countries_dag.py for tasks to queue
[2026-09-11T02:59:54.369+0000] {logging_mixin.py:190} INFO - [2026-09-11T02:59:54.368+0000] {dagbag.py:588} INFO - Filling up the DagBag from /opt/airflow/dags/countries_dag.py
[2026-09-11T02:59:57.221+0000] {processor.py:925} INFO - DAG(s) 'countries_ingestion' retrieved from /opt/airflow/dags/countries_dag.py
[2026-09-11T02:59:57.972+0000] {logging_mixin.py:190} INFO - [2026-09-11T02:59:57.971+0000] {dag.py:3239} INFO - Sync 1 DAGs
[2026-09-11T02:59:58.065+0000] {logging_mixin.py:190} INFO - [2026-09-11T02:59:58.065+0000] {dag.py:4180} INFO - Setting next_dagrun for countries_ingestion to 2026-09-11 00:00:00+00:00, run_after=2026-09-11 04:00:00+00:00
[2026-09-11T02:59:58.114+0000] {processor.py:208} INFO - Processing /opt/airflow/dags/countries_dag.py took 3.785 seconds
[2026-09-11T03:00:28.840+0000] {processor.py:186} INFO - Started process (PID=332) to work on /opt/airflow/dags/countries_dag.py
[2026-09-11T03:00:28.849+0000] {processor.py:914} INFO - Processing file /opt/airflow/dags/countries_dag.py for tasks to queue
[2026-09-11T03:00:28.857+0000] {logging_mixin.py:190} INFO - [2026-09-11T03:00:28.856+0000] {dagbag.py:588} INFO - Filling up the DagBag from /opt/airflow/dags/countries_dag.py
[2026-09-11T03:00:31.996+0000] {processor.py:925} INFO - DAG(s) 'countries_ingestion' retrieved from /opt/airflow/dags/countries_dag.py
[2026-09-11T03:00:32.050+0000] {logging_mixin.py:190} INFO - [2026-09-11T03:00:32.049+0000] {dag.py:3239} INFO - Sync 1 DAGs
[2026-09-11T03:00:32.133+0000] {logging_mixin.py:190} INFO - [2026-09-11T03:00:32.133+0000] {dag.py:4180} INFO - Setting next_dagrun for countries_ingestion to 2026-09-11 00:00:00+00:00, run_after=2026-09-11 04:00:00+00:00
[2026-09-11T03:00:32.172+0000] {processor.py:208} INFO - Processing /opt/airflow/dags/countries_dag.py took 3.352 seconds
[2026-09-11T03:01:02.431+0000] {processor.py:186} INFO - Started process (PID=339) to work on /opt/airflow/dags/countries_dag.py
[2026-09-11T03:01:02.456+0000] {processor.py:914} INFO - Processing file /opt/airflow/dags/countries_dag.py for tasks to queue
[2026-09-11T03:01:02.469+0000] {logging_mixin.py:190} INFO - [2026-09-11T03:01:02.468+0000] {dagbag.py:588} INFO - Filling up the DagBag from /opt/airflow/dags/countries_dag.py
[2026-09-11T03:01:07.690+0000] {processor.py:925} INFO - DAG(s) 'countries_ingestion' retrieved from /opt/airflow/dags/countries_dag.py
[2026-09-11T03:01:07.779+0000] {logging_mixin.py:190} INFO - [2026-09-11T03:01:07.778+0000] {dag.py:3239} INFO - Sync 1 DAGs
[2026-09-11T03:01:08.352+0000] {logging_mixin.py:190} INFO - [2026-09-11T03:01:08.352+0000] {dag.py:4180} INFO - Setting next_dagrun for countries_ingestion to 2026-09-11 00:00:00+00:00, run_after=2026-09-11 04:00:00+00:00
[2026-09-11T03:01:08.402+0000] {processor.py:208} INFO - Processing /opt/airflow/dags/countries_dag.py took 6.006 seconds
[2026-09-11T03:01:39.150+0000] {processor.py:186} INFO - Started process (PID=346) to work on /opt/airflow/dags/countries_dag.py
[2026-09-11T03:01:39.153+0000] {processor.py:914} INFO - Processing file /opt/airflow/dags/countries_dag.py for tasks to queue
[2026-09-11T03:01:39.170+0000] {logging_mixin.py:190} INFO - [2026-09-11T03:01:39.169+0000] {dagbag.py:588} INFO - Filling up the DagBag from /opt/airflow/dags/countries_dag.py
[2026-09-11T03:01:45.556+0000] {processor.py:925} INFO - DAG(s) 'countries_ingestion' retrieved from /opt/airflow/dags/countries_dag.py
[2026-09-11T03:01:45.737+0000] {logging_mixin.py:190} INFO - [2026-09-11T03:01:45.736+0000] {dag.py:3239} INFO - Sync 1 DAGs
[2026-09-11T03:01:46.731+0000] {logging_mixin.py:190} INFO - [2026-09-11T03:01:46.731+0000] {dag.py:4180} INFO - Setting next_dagrun for countries_ingestion to 2026-09-11 00:00:00+00:00, run_after=2026-09-11 04:00:00+00:00
[2026-09-11T03:01:46.846+0000] {processor.py:208} INFO - Processing /opt/airflow/dags/countries_dag.py took 7.740 seconds
[2026-09-11T03:02:17.370+0000] {processor.py:186} INFO - Started process (PID=353) to work on /opt/airflow/dags/countries_dag.py
[2026-09-11T03:02:17.373+0000] {processor.py:914} INFO - Processing file /opt/airflow/dags/countries_dag.py for tasks to queue
[2026-09-11T03:02:17.381+0000] {logging_mixin.py:190} INFO - [2026-09-11T03:02:17.379+0000] {dagbag.py:588} INFO - Filling up the DagBag from /opt/airflow/dags/countries_dag.py
[2026-09-11T03:02:19.325+0000] {processor.py:925} INFO - DAG(s) 'countries_ingestion' retrieved from /opt/airflow/dags/countries_dag.py
[2026-09-11T03:02:19.850+0000] {logging_mixin.py:190} INFO - [2026-09-11T03:02:19.849+0000] {dag.py:3239} INFO - Sync 1 DAGs
[2026-09-11T03:02:19.952+0000] {logging_mixin.py:190} INFO - [2026-09-11T03:02:19.951+0000] {dag.py:4180} INFO - Setting next_dagrun for countries_ingestion to 2026-09-11 00:00:00+00:00, run_after=2026-09-11 04:00:00+00:00
[2026-09-11T03:02:20.042+0000] {processor.py:208} INFO - Processing /opt/airflow/dags/countries_dag.py took 2.701 seconds
[2026-09-11T03:02:50.284+0000] {processor.py:186} INFO - Started process (PID=360) to work on /opt/airflow/dags/countries_dag.py
[2026-09-11T03:02:50.286+0000] {processor.py:914} INFO - Processing file /opt/airflow/dags/countries_dag.py for tasks to queue
[2026-09-11T03:02:50.295+0000] {logging_mixin.py:190} INFO - [2026-09-11T03:02:50.294+0000] {dagbag.py:588} INFO - Filling up the DagBag from /opt/airflow/dags/countries_dag.py
[2026-09-11T03:02:52.231+0000] {processor.py:925} INFO - DAG(s) 'countries_ingestion' retrieved from /opt/airflow/dags/countries_dag.py
[2026-09-11T03:02:52.822+0000] {logging_mixin.py:190} INFO - [2026-09-11T03:02:52.821+0000] {dag.py:3239} INFO - Sync 1 DAGs
[2026-09-11T03:02:52.946+0000] {logging_mixin.py:190} INFO - [2026-09-11T03:02:52.945+0000] {dag.py:4180} INFO - Setting next_dagrun for countries_ingestion to 2026-09-11 00:00:00+00:00, run_after=2026-09-11 04:00:00+00:00
[2026-09-11T03:02:53.562+0000] {processor.py:208} INFO - Processing /opt/airflow/dags/countries_dag.py took 3.293 seconds
[2026-09-11T03:03:24.150+0000] {processor.py:186} INFO - Started process (PID=367) to work on /opt/airflow/dags/countries_dag.py
[2026-09-11T03:03:24.152+0000] {processor.py:914} INFO - Processing file /opt/airflow/dags/countries_dag.py for tasks to queue
[2026-09-11T03:03:24.157+0000] {logging_mixin.py:190} INFO - [2026-09-11T03:03:24.157+0000] {dagbag.py:588} INFO - Filling up the DagBag from /opt/airflow/dags/countries_dag.py
[2026-09-11T03:03:28.055+0000] {processor.py:925} INFO - DAG(s) 'countries_ingestion' retrieved from /opt/airflow/dags/countries_dag.py
[2026-09-11T03:03:28.153+0000] {logging_mixin.py:190} INFO - [2026-09-11T03:03:28.152+0000] {dag.py:3239} INFO - Sync 1 DAGs
[2026-09-11T03:03:28.262+0000] {logging_mixin.py:190} INFO - [2026-09-11T03:03:28.262+0000] {dag.py:4180} INFO - Setting next_dagrun for countries_ingestion to 2026-09-11 00:00:00+00:00, run_after=2026-09-11 04:00:00+00:00
[2026-09-11T03:03:28.342+0000] {processor.py:208} INFO - Processing /opt/airflow/dags/countries_dag.py took 4.206 seconds
[2026-09-11T03:03:58.832+0000] {processor.py:186} INFO - Started process (PID=374) to work on /opt/airflow/dags/countries_dag.py
[2026-09-11T03:03:58.835+0000] {processor.py:914} INFO - Processing file /opt/airflow/dags/countries_dag.py for tasks to queue
[2026-09-11T03:03:58.842+0000] {logging_mixin.py:190} INFO - [2026-09-11T03:03:58.841+0000] {dagbag.py:588} INFO - Filling up the DagBag from /opt/airflow/dags/countries_dag.py
[2026-09-11T03:04:01.922+0000] {processor.py:925} INFO - DAG(s) 'countries_ingestion' retrieved from /opt/airflow/dags/countries_dag.py
[2026-09-11T03:04:01.984+0000] {logging_mixin.py:190} INFO - [2026-09-11T03:04:01.983+0000] {dag.py:3239} INFO - Sync 1 DAGs
[2026-09-11T03:04:02.032+0000] {logging_mixin.py:190} INFO - [2026-09-11T03:04:02.032+0000] {dag.py:4180} INFO - Setting next_dagrun for countries_ingestion to 2026-09-11 00:00:00+00:00, run_after=2026-09-11 04:00:00+00:00
[2026-09-11T03:04:02.090+0000] {processor.py:208} INFO - Processing /opt/airflow/dags/countries_dag.py took 3.273 seconds
[2026-09-11T03:04:32.462+0000] {processor.py:186} INFO - Started process (PID=381) to work on /opt/airflow/dags/countries_dag.py
[2026-09-11T03:04:32.465+0000] {processor.py:914} INFO - Processing file /opt/airflow/dags/countries_dag.py for tasks to queue
[2026-09-11T03:04:32.473+0000] {logging_mixin.py:190} INFO - [2026-09-11T03:04:32.472+0000] {dagbag.py:588} INFO - Filling up the DagBag from /opt/airflow/dags/countries_dag.py
[2026-09-11T03:04:34.211+0000] {processor.py:925} INFO - DAG(s) 'countries_ingestion' retrieved from /opt/airflow/dags/countries_dag.py
[2026-09-11T03:04:34.273+0000] {logging_mixin.py:190} INFO - [2026-09-11T03:04:34.272+0000] {dag.py:3239} INFO - Sync 1 DAGs
[2026-09-11T03:04:34.751+0000] {logging_mixin.py:190} INFO - [2026-09-11T03:04:34.750+0000] {dag.py:4180} INFO - Setting next_dagrun for countries_ingestion to 2026-09-11 00:00:00+00:00, run_after=2026-09-11 04:00:00+00:00
[2026-09-11T03:04:34.846+0000] {processor.py:208} INFO - Processing /opt/airflow/dags/countries_dag.py took 2.408 seconds
[2026-09-11T03:05:05.049+0000] {processor.py:186} INFO - Started process (PID=388) to work on /opt/airflow/dags/countries_dag.py
[2026-09-11T03:05:05.051+0000] {processor.py:914} INFO - Processing file /opt/airflow/dags/countries_dag.py for tasks to queue
[2026-09-11T03:05:05.056+0000] {logging_mixin.py:190} INFO - [2026-09-11T03:05:05.055+0000] {dagbag.py:588} INFO - Filling up the DagBag from /opt/airflow/dags/countries_dag.py
[2026-09-11T03:05:07.242+0000] {processor.py:925} INFO - DAG(s) 'countries_ingestion' retrieved from /opt/airflow/dags/countries_dag.py
[2026-09-11T03:05:07.559+0000] {logging_mixin.py:190} INFO - [2026-09-11T03:05:07.303+0000] {dag.py:3239} INFO - Sync 1 DAGs
[2026-09-11T03:05:07.628+0000] {logging_mixin.py:190} INFO - [2026-09-11T03:05:07.628+0000] {dag.py:4180} INFO - Setting next_dagrun for countries_ingestion to 2026-09-11 00:00:00+00:00, run_after=2026-09-11 04:00:00+00:00
[2026-09-11T03:05:07.684+0000] {processor.py:208} INFO - Processing /opt/airflow/dags/countries_dag.py took 2.650 seconds
[2026-09-11T03:05:37.895+0000] {processor.py:186} INFO - Started process (PID=395) to work on /opt/airflow/dags/countries_dag.py
[2026-09-11T03:05:37.897+0000] {processor.py:914} INFO - Processing file /opt/airflow/dags/countries_dag.py for tasks to queue
[2026-09-11T03:05:37.903+0000] {logging_mixin.py:190} INFO - [2026-09-11T03:05:37.902+0000] {dagbag.py:588} INFO - Filling up the DagBag from /opt/airflow/dags/countries_dag.py
[2026-09-11T03:05:41.456+0000] {processor.py:925} INFO - DAG(s) 'countries_ingestion' retrieved from /opt/airflow/dags/countries_dag.py
[2026-09-11T03:05:42.210+0000] {logging_mixin.py:190} INFO - [2026-09-11T03:05:42.208+0000] {dag.py:3239} INFO - Sync 1 DAGs
[2026-09-11T03:05:42.334+0000] {logging_mixin.py:190} INFO - [2026-09-11T03:05:42.333+0000] {dag.py:4180} INFO - Setting next_dagrun for countries_ingestion to 2026-09-11 00:00:00+00:00, run_after=2026-09-11 04:00:00+00:00
[2026-09-11T03:05:42.429+0000] {processor.py:208} INFO - Processing /opt/airflow/dags/countries_dag.py took 4.549 seconds
[2026-09-11T03:06:13.745+0000] {processor.py:186} INFO - Started process (PID=402) to work on /opt/airflow/dags/countries_dag.py
[2026-09-11T03:06:13.756+0000] {processor.py:914} INFO - Processing file /opt/airflow/dags/countries_dag.py for tasks to queue
[2026-09-11T03:06:13.773+0000] {logging_mixin.py:190} INFO - [2026-09-11T03:06:13.772+0000] {dagbag.py:588} INFO - Filling up the DagBag from /opt/airflow/dags/countries_dag.py
[2026-09-11T03:06:20.395+0000] {processor.py:925} INFO - DAG(s) 'countries_ingestion' retrieved from /opt/airflow/dags/countries_dag.py
[2026-09-11T03:06:20.521+0000] {logging_mixin.py:190} INFO - [2026-09-11T03:06:20.510+0000] {dag.py:3239} INFO - Sync 1 DAGs
[2026-09-11T03:06:20.802+0000] {processor.py:208} INFO - Processing /opt/airflow/dags/countries_dag.py took 7.114 seconds
[2026-09-11T03:06:51.376+0000] {processor.py:186} INFO - Started process (PID=414) to work on /opt/airflow/dags/countries_dag.py
[2026-09-11T03:06:51.382+0000] {processor.py:914} INFO - Processing file /opt/airflow/dags/countries_dag.py for tasks to queue
[2026-09-11T03:06:51.390+0000] {logging_mixin.py:190} INFO - [2026-09-11T03:06:51.389+0000] {dagbag.py:588} INFO - Filling up the DagBag from /opt/airflow/dags/countries_dag.py
[2026-09-11T03:06:55.415+0000] {processor.py:925} INFO - DAG(s) 'countries_ingestion' retrieved from /opt/airflow/dags/countries_dag.py
[2026-09-11T03:06:55.537+0000] {logging_mixin.py:190} INFO - [2026-09-11T03:06:55.535+0000] {dag.py:3239} INFO - Sync 1 DAGs
[2026-09-11T03:06:55.823+0000] {processor.py:208} INFO - Processing /opt/airflow/dags/countries_dag.py took 4.473 seconds
[2026-09-11T03:07:26.350+0000] {processor.py:186} INFO - Started process (PID=421) to work on /opt/airflow/dags/countries_dag.py
[2026-09-11T03:07:26.370+0000] {processor.py:914} INFO - Processing file /opt/airflow/dags/countries_dag.py for tasks to queue
[2026-09-11T03:07:26.391+0000] {logging_mixin.py:190} INFO - [2026-09-11T03:07:26.390+0000] {dagbag.py:588} INFO - Filling up the DagBag from /opt/airflow/dags/countries_dag.py
[2026-09-11T03:07:28.538+0000] {processor.py:925} INFO - DAG(s) 'countries_ingestion' retrieved from /opt/airflow/dags/countries_dag.py
[2026-09-11T03:07:28.651+0000] {logging_mixin.py:190} INFO - [2026-09-11T03:07:28.650+0000] {dag.py:3239} INFO - Sync 1 DAGs
[2026-09-11T03:07:29.749+0000] {processor.py:208} INFO - Processing /opt/airflow/dags/countries_dag.py took 3.449 seconds
[2026-09-11T03:07:59.966+0000] {processor.py:186} INFO - Started process (PID=433) to work on /opt/airflow/dags/countries_dag.py
[2026-09-11T03:07:59.973+0000] {processor.py:914} INFO - Processing file /opt/airflow/dags/countries_dag.py for tasks to queue
[2026-09-11T03:07:59.983+0000] {logging_mixin.py:190} INFO - [2026-09-11T03:07:59.982+0000] {dagbag.py:588} INFO - Filling up the DagBag from /opt/airflow/dags/countries_dag.py
[2026-09-11T03:08:02.515+0000] {processor.py:925} INFO - DAG(s) 'countries_ingestion' retrieved from /opt/airflow/dags/countries_dag.py
[2026-09-11T03:08:02.902+0000] {logging_mixin.py:190} INFO - [2026-09-11T03:08:02.584+0000] {dag.py:3239} INFO - Sync 1 DAGs
[2026-09-11T03:08:02.979+0000] {logging_mixin.py:190} INFO - [2026-09-11T03:08:02.976+0000] {dag.py:4180} INFO - Setting next_dagrun for countries_ingestion to 2026-09-11 00:00:00+00:00, run_after=2026-09-11 04:00:00+00:00
[2026-09-11T03:08:03.031+0000] {processor.py:208} INFO - Processing /opt/airflow/dags/countries_dag.py took 3.083 seconds
[2026-09-11T03:08:33.467+0000] {processor.py:186} INFO - Started process (PID=440) to work on /opt/airflow/dags/countries_dag.py
[2026-09-11T03:08:33.469+0000] {processor.py:914} INFO - Processing file /opt/airflow/dags/countries_dag.py for tasks to queue
[2026-09-11T03:08:33.476+0000] {logging_mixin.py:190} INFO - [2026-09-11T03:08:33.474+0000] {dagbag.py:588} INFO - Filling up the DagBag from /opt/airflow/dags/countries_dag.py
[2026-09-11T03:08:35.870+0000] {processor.py:925} INFO - DAG(s) 'countries_ingestion' retrieved from /opt/airflow/dags/countries_dag.py
[2026-09-11T03:08:36.312+0000] {logging_mixin.py:190} INFO - [2026-09-11T03:08:36.311+0000] {dag.py:3239} INFO - Sync 1 DAGs
[2026-09-11T03:08:36.370+0000] {logging_mixin.py:190} INFO - [2026-09-11T03:08:36.369+0000] {dag.py:4180} INFO - Setting next_dagrun for countries_ingestion to 2026-09-11 00:00:00+00:00, run_after=2026-09-11 04:00:00+00:00
[2026-09-11T03:08:36.420+0000] {processor.py:208} INFO - Processing /opt/airflow/dags/countries_dag.py took 2.969 seconds
[2026-09-11T03:09:07.493+0000] {processor.py:186} INFO - Started process (PID=447) to work on /opt/airflow/dags/countries_dag.py
[2026-09-11T03:09:07.496+0000] {processor.py:914} INFO - Processing file /opt/airflow/dags/countries_dag.py for tasks to queue
[2026-09-11T03:09:07.511+0000] {logging_mixin.py:190} INFO - [2026-09-11T03:09:07.510+0000] {dagbag.py:588} INFO - Filling up the DagBag from /opt/airflow/dags/countries_dag.py
[2026-09-11T03:09:15.817+0000] {processor.py:925} INFO - DAG(s) 'countries_ingestion' retrieved from /opt/airflow/dags/countries_dag.py
[2026-09-11T03:09:15.994+0000] {logging_mixin.py:190} INFO - [2026-09-11T03:09:15.992+0000] {dag.py:3239} INFO - Sync 1 DAGs
[2026-09-11T03:09:16.171+0000] {logging_mixin.py:190} INFO - [2026-09-11T03:09:16.170+0000] {dag.py:4180} INFO - Setting next_dagrun for countries_ingestion to 2026-09-11 00:00:00+00:00, run_after=2026-09-11 04:00:00+00:00
[2026-09-11T03:09:16.360+0000] {processor.py:208} INFO - Processing /opt/airflow/dags/countries_dag.py took 8.890 seconds
[2026-09-11T03:09:47.041+0000] {processor.py:186} INFO - Started process (PID=454) to work on /opt/airflow/dags/countries_dag.py
[2026-09-11T03:09:47.043+0000] {processor.py:914} INFO - Processing file /opt/airflow/dags/countries_dag.py for tasks to queue
[2026-09-11T03:09:47.050+0000] {logging_mixin.py:190} INFO - [2026-09-11T03:09:47.048+0000] {dagbag.py:588} INFO - Filling up the DagBag from /opt/airflow/dags/countries_dag.py
[2026-09-11T03:09:51.415+0000] {processor.py:925} INFO - DAG(s) 'countries_ingestion' retrieved from /opt/airflow/dags/countries_dag.py
[2026-09-11T03:09:51.477+0000] {logging_mixin.py:190} INFO - [2026-09-11T03:09:51.476+0000] {dag.py:3239} INFO - Sync 1 DAGs
[2026-09-11T03:09:51.549+0000] {logging_mixin.py:190} INFO - [2026-09-11T03:09:51.547+0000] {dag.py:4180} INFO - Setting next_dagrun for countries_ingestion to 2026-09-11 00:00:00+00:00, run_after=2026-09-11 04:00:00+00:00
[2026-09-11T03:09:51.632+0000] {processor.py:208} INFO - Processing /opt/airflow/dags/countries_dag.py took 4.647 seconds
[2026-09-11T03:09:54.121+0000] {processor.py:186} INFO - Started process (PID=461) to work on /opt/airflow/dags/countries_dag.py
[2026-09-11T03:09:54.132+0000] {processor.py:914} INFO - Processing file /opt/airflow/dags/countries_dag.py for tasks to queue
[2026-09-11T03:09:54.167+0000] {logging_mixin.py:190} INFO - [2026-09-11T03:09:54.164+0000] {dagbag.py:588} INFO - Filling up the DagBag from /opt/airflow/dags/countries_dag.py
[2026-09-11T03:09:58.729+0000] {processor.py:925} INFO - DAG(s) 'countries_ingestion' retrieved from /opt/airflow/dags/countries_dag.py
[2026-09-11T03:09:58.819+0000] {logging_mixin.py:190} INFO - [2026-09-11T03:09:58.817+0000] {dag.py:3239} INFO - Sync 1 DAGs
[2026-09-11T03:09:58.963+0000] {logging_mixin.py:190} INFO - [2026-09-11T03:09:58.962+0000] {dag.py:4180} INFO - Setting next_dagrun for countries_ingestion to 2026-09-11 00:00:00+00:00, run_after=2026-09-11 04:00:00+00:00
[2026-09-11T03:09:59.133+0000] {processor.py:208} INFO - Processing /opt/airflow/dags/countries_dag.py took 5.115 seconds
[2026-09-11T03:10:17.809+0000] {processor.py:186} INFO - Started process (PID=468) to work on /opt/airflow/dags/countries_dag.py
[2026-09-11T03:10:17.815+0000] {processor.py:914} INFO - Processing file /opt/airflow/dags/countries_dag.py for tasks to queue
[2026-09-11T03:10:17.828+0000] {logging_mixin.py:190} INFO - [2026-09-11T03:10:17.827+0000] {dagbag.py:588} INFO - Filling up the DagBag from /opt/airflow/dags/countries_dag.py
[2026-09-11T03:10:22.271+0000] {processor.py:925} INFO - DAG(s) 'countries_ingestion' retrieved from /opt/airflow/dags/countries_dag.py
[2026-09-11T03:10:22.358+0000] {logging_mixin.py:190} INFO - [2026-09-11T03:10:22.356+0000] {dag.py:3239} INFO - Sync 1 DAGs
[2026-09-11T03:10:23.001+0000] {logging_mixin.py:190} INFO - [2026-09-11T03:10:23.001+0000] {dag.py:4180} INFO - Setting next_dagrun for countries_ingestion to 2026-09-11 00:00:00+00:00, run_after=2026-09-11 04:00:00+00:00
[2026-09-11T03:10:23.161+0000] {processor.py:208} INFO - Processing /opt/airflow/dags/countries_dag.py took 5.394 seconds
[2026-09-11T03:10:35.715+0000] {processor.py:186} INFO - Started process (PID=475) to work on /opt/airflow/dags/countries_dag.py
[2026-09-11T03:10:35.769+0000] {processor.py:914} INFO - Processing file /opt/airflow/dags/countries_dag.py for tasks to queue
[2026-09-11T03:10:35.783+0000] {logging_mixin.py:190} INFO - [2026-09-11T03:10:35.782+0000] {dagbag.py:588} INFO - Filling up the DagBag from /opt/airflow/dags/countries_dag.py
[2026-09-11T03:10:41.427+0000] {logging_mixin.py:190} INFO - [2026-09-11T03:10:41.407+0000] {dagbag.py:387} ERROR - Failed to import: /opt/airflow/dags/countries_dag.py
Traceback (most recent call last):
  File "/home/airflow/.local/lib/python3.11/site-packages/airflow/models/dagbag.py", line 383, in parse
    loader.exec_module(new_module)
  File "<frozen importlib._bootstrap_external>", line 940, in exec_module
  File "<frozen importlib._bootstrap>", line 241, in _call_with_frames_removed
  File "/opt/airflow/dags/countries_dag.py", line 163, in <module>
    extract_to_minio >> load_to_snowflake_task >> dbt_run
                                                  ^^^^^^^
NameError: name 'dbt_run' is not defined
[2026-09-11T03:10:41.432+0000] {processor.py:927} WARNING - No viable dags retrieved from /opt/airflow/dags/countries_dag.py
[2026-09-11T03:10:41.482+0000] {processor.py:208} INFO - Processing /opt/airflow/dags/countries_dag.py took 5.802 seconds
[2026-09-11T03:10:49.908+0000] {processor.py:186} INFO - Started process (PID=482) to work on /opt/airflow/dags/countries_dag.py
[2026-09-11T03:10:49.911+0000] {processor.py:914} INFO - Processing file /opt/airflow/dags/countries_dag.py for tasks to queue
[2026-09-11T03:10:49.929+0000] {logging_mixin.py:190} INFO - [2026-09-11T03:10:49.927+0000] {dagbag.py:588} INFO - Filling up the DagBag from /opt/airflow/dags/countries_dag.py
[2026-09-11T03:10:55.038+0000] {logging_mixin.py:190} INFO - [2026-09-11T03:10:54.966+0000] {dagbag.py:387} ERROR - Failed to import: /opt/airflow/dags/countries_dag.py
Traceback (most recent call last):
  File "/home/airflow/.local/lib/python3.11/site-packages/airflow/models/dagbag.py", line 383, in parse
    loader.exec_module(new_module)
  File "<frozen importlib._bootstrap_external>", line 940, in exec_module
  File "<frozen importlib._bootstrap>", line 241, in _call_with_frames_removed
  File "/opt/airflow/dags/countries_dag.py", line 165, in <module>
    extract_to_minio >> load_to_snowflake_task >> dbt_run
                                                  ^^^^^^^
NameError: name 'dbt_run' is not defined
[2026-09-11T03:10:55.044+0000] {processor.py:927} WARNING - No viable dags retrieved from /opt/airflow/dags/countries_dag.py
[2026-09-11T03:10:55.172+0000] {processor.py:208} INFO - Processing /opt/airflow/dags/countries_dag.py took 5.301 seconds
[2026-09-11T03:11:04.627+0000] {processor.py:186} INFO - Started process (PID=489) to work on /opt/airflow/dags/countries_dag.py
[2026-09-11T03:11:04.653+0000] {processor.py:914} INFO - Processing file /opt/airflow/dags/countries_dag.py for tasks to queue
[2026-09-11T03:11:04.692+0000] {logging_mixin.py:190} INFO - [2026-09-11T03:11:04.691+0000] {dagbag.py:588} INFO - Filling up the DagBag from /opt/airflow/dags/countries_dag.py
[2026-09-11T03:11:10.822+0000] {processor.py:925} INFO - DAG(s) 'countries_ingestion' retrieved from /opt/airflow/dags/countries_dag.py
[2026-09-11T03:11:15.288+0000] {logging_mixin.py:190} INFO - [2026-09-11T03:11:15.280+0000] {dag.py:3239} INFO - Sync 1 DAGs
[2026-09-11T03:11:15.477+0000] {logging_mixin.py:190} INFO - [2026-09-11T03:11:15.476+0000] {dag.py:4180} INFO - Setting next_dagrun for countries_ingestion to 2026-09-11 00:00:00+00:00, run_after=2026-09-11 04:00:00+00:00
[2026-09-11T03:11:15.655+0000] {processor.py:208} INFO - Processing /opt/airflow/dags/countries_dag.py took 11.052 seconds
[2026-09-11T03:11:46.712+0000] {processor.py:186} INFO - Started process (PID=496) to work on /opt/airflow/dags/countries_dag.py
[2026-09-11T03:11:46.717+0000] {processor.py:914} INFO - Processing file /opt/airflow/dags/countries_dag.py for tasks to queue
[2026-09-11T03:11:46.734+0000] {logging_mixin.py:190} INFO - [2026-09-11T03:11:46.733+0000] {dagbag.py:588} INFO - Filling up the DagBag from /opt/airflow/dags/countries_dag.py
[2026-09-11T03:11:50.670+0000] {processor.py:925} INFO - DAG(s) 'countries_ingestion' retrieved from /opt/airflow/dags/countries_dag.py
[2026-09-11T03:11:51.524+0000] {logging_mixin.py:190} INFO - [2026-09-11T03:11:51.522+0000] {dag.py:3239} INFO - Sync 1 DAGs
[2026-09-11T03:11:51.638+0000] {logging_mixin.py:190} INFO - [2026-09-11T03:11:51.638+0000] {dag.py:4180} INFO - Setting next_dagrun for countries_ingestion to 2026-09-11 00:00:00+00:00, run_after=2026-09-11 04:00:00+00:00
[2026-09-11T03:11:51.806+0000] {processor.py:208} INFO - Processing /opt/airflow/dags/countries_dag.py took 5.156 seconds
[2026-09-11T03:12:22.467+0000] {processor.py:186} INFO - Started process (PID=503) to work on /opt/airflow/dags/countries_dag.py
[2026-09-11T03:12:22.470+0000] {processor.py:914} INFO - Processing file /opt/airflow/dags/countries_dag.py for tasks to queue
[2026-09-11T03:12:22.475+0000] {logging_mixin.py:190} INFO - [2026-09-11T03:12:22.475+0000] {dagbag.py:588} INFO - Filling up the DagBag from /opt/airflow/dags/countries_dag.py
[2026-09-11T03:12:26.516+0000] {processor.py:925} INFO - DAG(s) 'countries_ingestion' retrieved from /opt/airflow/dags/countries_dag.py
[2026-09-11T03:12:26.905+0000] {logging_mixin.py:190} INFO - [2026-09-11T03:12:26.870+0000] {dag.py:3239} INFO - Sync 1 DAGs
[2026-09-11T03:12:27.214+0000] {logging_mixin.py:190} INFO - [2026-09-11T03:12:27.213+0000] {dag.py:4180} INFO - Setting next_dagrun for countries_ingestion to 2026-09-11 00:00:00+00:00, run_after=2026-09-11 04:00:00+00:00
[2026-09-11T03:12:27.369+0000] {processor.py:208} INFO - Processing /opt/airflow/dags/countries_dag.py took 4.908 seconds
[2026-09-11T03:12:57.721+0000] {processor.py:186} INFO - Started process (PID=510) to work on /opt/airflow/dags/countries_dag.py
[2026-09-11T03:12:57.724+0000] {processor.py:914} INFO - Processing file /opt/airflow/dags/countries_dag.py for tasks to queue
[2026-09-11T03:12:57.732+0000] {logging_mixin.py:190} INFO - [2026-09-11T03:12:57.731+0000] {dagbag.py:588} INFO - Filling up the DagBag from /opt/airflow/dags/countries_dag.py
[2026-09-11T03:13:01.030+0000] {processor.py:925} INFO - DAG(s) 'countries_ingestion' retrieved from /opt/airflow/dags/countries_dag.py
[2026-09-11T03:13:01.108+0000] {logging_mixin.py:190} INFO - [2026-09-11T03:13:01.107+0000] {dag.py:3239} INFO - Sync 1 DAGs
[2026-09-11T03:13:01.260+0000] {logging_mixin.py:190} INFO - [2026-09-11T03:13:01.259+0000] {dag.py:4180} INFO - Setting next_dagrun for countries_ingestion to 2026-09-11 00:00:00+00:00, run_after=2026-09-11 04:00:00+00:00
[2026-09-11T03:13:01.327+0000] {processor.py:208} INFO - Processing /opt/airflow/dags/countries_dag.py took 3.626 seconds
[2026-09-11T03:13:32.252+0000] {processor.py:186} INFO - Started process (PID=517) to work on /opt/airflow/dags/countries_dag.py
[2026-09-11T03:13:32.254+0000] {processor.py:914} INFO - Processing file /opt/airflow/dags/countries_dag.py for tasks to queue
[2026-09-11T03:13:32.262+0000] {logging_mixin.py:190} INFO - [2026-09-11T03:13:32.261+0000] {dagbag.py:588} INFO - Filling up the DagBag from /opt/airflow/dags/countries_dag.py
[2026-09-11T03:13:35.603+0000] {processor.py:925} INFO - DAG(s) 'countries_ingestion' retrieved from /opt/airflow/dags/countries_dag.py
[2026-09-11T03:13:35.686+0000] {logging_mixin.py:190} INFO - [2026-09-11T03:13:35.685+0000] {dag.py:3239} INFO - Sync 1 DAGs
[2026-09-11T03:13:35.787+0000] {logging_mixin.py:190} INFO - [2026-09-11T03:13:35.786+0000] {dag.py:4180} INFO - Setting next_dagrun for countries_ingestion to 2026-09-11 00:00:00+00:00, run_after=2026-09-11 04:00:00+00:00
[2026-09-11T03:13:35.843+0000] {processor.py:208} INFO - Processing /opt/airflow/dags/countries_dag.py took 3.615 seconds
[2026-09-11T03:14:06.955+0000] {processor.py:186} INFO - Started process (PID=524) to work on /opt/airflow/dags/countries_dag.py
[2026-09-11T03:14:06.958+0000] {processor.py:914} INFO - Processing file /opt/airflow/dags/countries_dag.py for tasks to queue
[2026-09-11T03:14:06.968+0000] {logging_mixin.py:190} INFO - [2026-09-11T03:14:06.967+0000] {dagbag.py:588} INFO - Filling up the DagBag from /opt/airflow/dags/countries_dag.py
[2026-09-11T03:14:10.261+0000] {processor.py:925} INFO - DAG(s) 'countries_ingestion' retrieved from /opt/airflow/dags/countries_dag.py
[2026-09-11T03:14:10.339+0000] {logging_mixin.py:190} INFO - [2026-09-11T03:14:10.339+0000] {dag.py:3239} INFO - Sync 1 DAGs
[2026-09-11T03:14:11.084+0000] {logging_mixin.py:190} INFO - [2026-09-11T03:14:11.084+0000] {dag.py:4180} INFO - Setting next_dagrun for countries_ingestion to 2026-09-11 00:00:00+00:00, run_after=2026-09-11 04:00:00+00:00
[2026-09-11T03:14:11.241+0000] {processor.py:208} INFO - Processing /opt/airflow/dags/countries_dag.py took 4.309 seconds
[2026-09-11T03:14:41.729+0000] {processor.py:186} INFO - Started process (PID=531) to work on /opt/airflow/dags/countries_dag.py
[2026-09-11T03:14:41.733+0000] {processor.py:914} INFO - Processing file /opt/airflow/dags/countries_dag.py for tasks to queue
[2026-09-11T03:14:41.742+0000] {logging_mixin.py:190} INFO - [2026-09-11T03:14:41.740+0000] {dagbag.py:588} INFO - Filling up the DagBag from /opt/airflow/dags/countries_dag.py
[2026-09-11T03:14:44.881+0000] {processor.py:925} INFO - DAG(s) 'countries_ingestion' retrieved from /opt/airflow/dags/countries_dag.py
[2026-09-11T03:14:45.683+0000] {logging_mixin.py:190} INFO - [2026-09-11T03:14:45.682+0000] {dag.py:3239} INFO - Sync 1 DAGs
[2026-09-11T03:14:45.896+0000] {logging_mixin.py:190} INFO - [2026-09-11T03:14:45.895+0000] {dag.py:4180} INFO - Setting next_dagrun for countries_ingestion to 2026-09-11 00:00:00+00:00, run_after=2026-09-11 04:00:00+00:00
[2026-09-11T03:14:46.489+0000] {processor.py:208} INFO - Processing /opt/airflow/dags/countries_dag.py took 4.781 seconds
[2026-09-11T03:15:16.859+0000] {processor.py:186} INFO - Started process (PID=538) to work on /opt/airflow/dags/countries_dag.py
[2026-09-11T03:15:16.861+0000] {processor.py:914} INFO - Processing file /opt/airflow/dags/countries_dag.py for tasks to queue
[2026-09-11T03:15:16.869+0000] {logging_mixin.py:190} INFO - [2026-09-11T03:15:16.868+0000] {dagbag.py:588} INFO - Filling up the DagBag from /opt/airflow/dags/countries_dag.py
[2026-09-11T03:15:19.588+0000] {processor.py:925} INFO - DAG(s) 'countries_ingestion' retrieved from /opt/airflow/dags/countries_dag.py
[2026-09-11T03:15:19.655+0000] {logging_mixin.py:190} INFO - [2026-09-11T03:15:19.654+0000] {dag.py:3239} INFO - Sync 1 DAGs
[2026-09-11T03:15:19.709+0000] {logging_mixin.py:190} INFO - [2026-09-11T03:15:19.708+0000] {dag.py:4180} INFO - Setting next_dagrun for countries_ingestion to 2026-09-11 00:00:00+00:00, run_after=2026-09-11 04:00:00+00:00
[2026-09-11T03:15:19.759+0000] {processor.py:208} INFO - Processing /opt/airflow/dags/countries_dag.py took 2.923 seconds
[2026-09-11T03:15:50.049+0000] {processor.py:186} INFO - Started process (PID=545) to work on /opt/airflow/dags/countries_dag.py
[2026-09-11T03:15:50.052+0000] {processor.py:914} INFO - Processing file /opt/airflow/dags/countries_dag.py for tasks to queue
[2026-09-11T03:15:50.059+0000] {logging_mixin.py:190} INFO - [2026-09-11T03:15:50.058+0000] {dagbag.py:588} INFO - Filling up the DagBag from /opt/airflow/dags/countries_dag.py
[2026-09-11T03:15:53.439+0000] {processor.py:925} INFO - DAG(s) 'countries_ingestion' retrieved from /opt/airflow/dags/countries_dag.py
[2026-09-11T03:15:53.512+0000] {logging_mixin.py:190} INFO - [2026-09-11T03:15:53.511+0000] {dag.py:3239} INFO - Sync 1 DAGs
[2026-09-11T03:15:53.581+0000] {logging_mixin.py:190} INFO - [2026-09-11T03:15:53.580+0000] {dag.py:4180} INFO - Setting next_dagrun for countries_ingestion to 2026-09-11 00:00:00+00:00, run_after=2026-09-11 04:00:00+00:00
[2026-09-11T03:15:53.630+0000] {processor.py:208} INFO - Processing /opt/airflow/dags/countries_dag.py took 3.599 seconds
[2026-09-11T03:16:24.102+0000] {processor.py:186} INFO - Started process (PID=552) to work on /opt/airflow/dags/countries_dag.py
[2026-09-11T03:16:24.117+0000] {processor.py:914} INFO - Processing file /opt/airflow/dags/countries_dag.py for tasks to queue
[2026-09-11T03:16:24.151+0000] {logging_mixin.py:190} INFO - [2026-09-11T03:16:24.150+0000] {dagbag.py:588} INFO - Filling up the DagBag from /opt/airflow/dags/countries_dag.py
[2026-09-11T03:16:29.773+0000] {processor.py:925} INFO - DAG(s) 'countries_ingestion' retrieved from /opt/airflow/dags/countries_dag.py
[2026-09-11T03:16:29.911+0000] {logging_mixin.py:190} INFO - [2026-09-11T03:16:29.910+0000] {dag.py:3239} INFO - Sync 1 DAGs
[2026-09-11T03:16:30.059+0000] {logging_mixin.py:190} INFO - [2026-09-11T03:16:30.058+0000] {dag.py:4180} INFO - Setting next_dagrun for countries_ingestion to 2026-09-11 00:00:00+00:00, run_after=2026-09-11 04:00:00+00:00
[2026-09-11T03:16:30.175+0000] {processor.py:208} INFO - Processing /opt/airflow/dags/countries_dag.py took 6.110 seconds
[2026-09-11T03:17:01.013+0000] {processor.py:186} INFO - Started process (PID=559) to work on /opt/airflow/dags/countries_dag.py
[2026-09-11T03:17:01.023+0000] {processor.py:914} INFO - Processing file /opt/airflow/dags/countries_dag.py for tasks to queue
[2026-09-11T03:17:01.034+0000] {logging_mixin.py:190} INFO - [2026-09-11T03:17:01.033+0000] {dagbag.py:588} INFO - Filling up the DagBag from /opt/airflow/dags/countries_dag.py
[2026-09-11T03:17:04.723+0000] {processor.py:925} INFO - DAG(s) 'countries_ingestion' retrieved from /opt/airflow/dags/countries_dag.py
[2026-09-11T03:17:04.867+0000] {logging_mixin.py:190} INFO - [2026-09-11T03:17:04.866+0000] {dag.py:3239} INFO - Sync 1 DAGs
[2026-09-11T03:17:05.610+0000] {logging_mixin.py:190} INFO - [2026-09-11T03:17:05.610+0000] {dag.py:4180} INFO - Setting next_dagrun for countries_ingestion to 2026-09-11 00:00:00+00:00, run_after=2026-09-11 04:00:00+00:00
[2026-09-11T03:17:05.675+0000] {processor.py:208} INFO - Processing /opt/airflow/dags/countries_dag.py took 4.685 seconds
[2026-09-11T03:17:35.860+0000] {processor.py:186} INFO - Started process (PID=566) to work on /opt/airflow/dags/countries_dag.py
[2026-09-11T03:17:35.862+0000] {processor.py:914} INFO - Processing file /opt/airflow/dags/countries_dag.py for tasks to queue
[2026-09-11T03:17:35.866+0000] {logging_mixin.py:190} INFO - [2026-09-11T03:17:35.866+0000] {dagbag.py:588} INFO - Filling up the DagBag from /opt/airflow/dags/countries_dag.py
[2026-09-11T03:17:38.542+0000] {processor.py:925} INFO - DAG(s) 'countries_ingestion' retrieved from /opt/airflow/dags/countries_dag.py
[2026-09-11T03:17:38.811+0000] {logging_mixin.py:190} INFO - [2026-09-11T03:17:38.810+0000] {dag.py:3239} INFO - Sync 1 DAGs
[2026-09-11T03:17:38.865+0000] {logging_mixin.py:190} INFO - [2026-09-11T03:17:38.864+0000] {dag.py:4180} INFO - Setting next_dagrun for countries_ingestion to 2026-09-11 00:00:00+00:00, run_after=2026-09-11 04:00:00+00:00
[2026-09-11T03:17:38.971+0000] {processor.py:208} INFO - Processing /opt/airflow/dags/countries_dag.py took 3.124 seconds
[2026-09-11T03:18:09.718+0000] {processor.py:186} INFO - Started process (PID=573) to work on /opt/airflow/dags/countries_dag.py
[2026-09-11T03:18:09.727+0000] {processor.py:914} INFO - Processing file /opt/airflow/dags/countries_dag.py for tasks to queue
[2026-09-11T03:18:09.734+0000] {logging_mixin.py:190} INFO - [2026-09-11T03:18:09.733+0000] {dagbag.py:588} INFO - Filling up the DagBag from /opt/airflow/dags/countries_dag.py
[2026-09-11T03:18:15.208+0000] {processor.py:925} INFO - DAG(s) 'countries_ingestion' retrieved from /opt/airflow/dags/countries_dag.py
[2026-09-11T03:18:15.305+0000] {logging_mixin.py:190} INFO - [2026-09-11T03:18:15.303+0000] {dag.py:3239} INFO - Sync 1 DAGs
[2026-09-11T03:18:15.406+0000] {logging_mixin.py:190} INFO - [2026-09-11T03:18:15.406+0000] {dag.py:4180} INFO - Setting next_dagrun for countries_ingestion to 2026-09-11 00:00:00+00:00, run_after=2026-09-11 04:00:00+00:00
[2026-09-11T03:18:15.505+0000] {processor.py:208} INFO - Processing /opt/airflow/dags/countries_dag.py took 5.811 seconds
[2026-09-11T03:18:46.403+0000] {processor.py:186} INFO - Started process (PID=580) to work on /opt/airflow/dags/countries_dag.py
[2026-09-11T03:18:46.406+0000] {processor.py:914} INFO - Processing file /opt/airflow/dags/countries_dag.py for tasks to queue
[2026-09-11T03:18:46.412+0000] {logging_mixin.py:190} INFO - [2026-09-11T03:18:46.411+0000] {dagbag.py:588} INFO - Filling up the DagBag from /opt/airflow/dags/countries_dag.py
[2026-09-11T03:18:49.544+0000] {processor.py:925} INFO - DAG(s) 'countries_ingestion' retrieved from /opt/airflow/dags/countries_dag.py
[2026-09-11T03:18:49.651+0000] {logging_mixin.py:190} INFO - [2026-09-11T03:18:49.649+0000] {dag.py:3239} INFO - Sync 1 DAGs
[2026-09-11T03:18:49.940+0000] {logging_mixin.py:190} INFO - [2026-09-11T03:18:49.939+0000] {dag.py:4180} INFO - Setting next_dagrun for countries_ingestion to 2026-09-11 00:00:00+00:00, run_after=2026-09-11 04:00:00+00:00
[2026-09-11T03:18:50.049+0000] {processor.py:208} INFO - Processing /opt/airflow/dags/countries_dag.py took 3.673 seconds
[2026-09-11T03:19:20.792+0000] {processor.py:186} INFO - Started process (PID=587) to work on /opt/airflow/dags/countries_dag.py
[2026-09-11T03:19:20.795+0000] {processor.py:914} INFO - Processing file /opt/airflow/dags/countries_dag.py for tasks to queue
[2026-09-11T03:19:20.803+0000] {logging_mixin.py:190} INFO - [2026-09-11T03:19:20.802+0000] {dagbag.py:588} INFO - Filling up the DagBag from /opt/airflow/dags/countries_dag.py
[2026-09-11T03:19:23.487+0000] {processor.py:925} INFO - DAG(s) 'countries_ingestion' retrieved from /opt/airflow/dags/countries_dag.py
[2026-09-11T03:19:23.540+0000] {logging_mixin.py:190} INFO - [2026-09-11T03:19:23.539+0000] {dag.py:3239} INFO - Sync 1 DAGs
[2026-09-11T03:19:23.616+0000] {logging_mixin.py:190} INFO - [2026-09-11T03:19:23.615+0000] {dag.py:4180} INFO - Setting next_dagrun for countries_ingestion to 2026-09-11 00:00:00+00:00, run_after=2026-09-11 04:00:00+00:00
[2026-09-11T03:19:23.675+0000] {processor.py:208} INFO - Processing /opt/airflow/dags/countries_dag.py took 2.904 seconds
[2026-09-11T03:19:54.577+0000] {processor.py:186} INFO - Started process (PID=594) to work on /opt/airflow/dags/countries_dag.py
[2026-09-11T03:19:54.584+0000] {processor.py:914} INFO - Processing file /opt/airflow/dags/countries_dag.py for tasks to queue
[2026-09-11T03:19:54.592+0000] {logging_mixin.py:190} INFO - [2026-09-11T03:19:54.589+0000] {dagbag.py:588} INFO - Filling up the DagBag from /opt/airflow/dags/countries_dag.py
[2026-09-11T03:19:59.989+0000] {processor.py:925} INFO - DAG(s) 'countries_ingestion' retrieved from /opt/airflow/dags/countries_dag.py
[2026-09-11T03:20:00.168+0000] {logging_mixin.py:190} INFO - [2026-09-11T03:20:00.166+0000] {dag.py:3239} INFO - Sync 1 DAGs
[2026-09-11T03:20:01.319+0000] {logging_mixin.py:190} INFO - [2026-09-11T03:20:01.318+0000] {dag.py:4180} INFO - Setting next_dagrun for countries_ingestion to 2026-09-11 00:00:00+00:00, run_after=2026-09-11 04:00:00+00:00
[2026-09-11T03:20:01.425+0000] {processor.py:208} INFO - Processing /opt/airflow/dags/countries_dag.py took 6.867 seconds
[2026-09-11T03:20:31.912+0000] {processor.py:186} INFO - Started process (PID=601) to work on /opt/airflow/dags/countries_dag.py
[2026-09-11T03:20:31.915+0000] {processor.py:914} INFO - Processing file /opt/airflow/dags/countries_dag.py for tasks to queue
[2026-09-11T03:20:31.929+0000] {logging_mixin.py:190} INFO - [2026-09-11T03:20:31.920+0000] {dagbag.py:588} INFO - Filling up the DagBag from /opt/airflow/dags/countries_dag.py
[2026-09-11T03:20:34.543+0000] {processor.py:925} INFO - DAG(s) 'countries_ingestion' retrieved from /opt/airflow/dags/countries_dag.py
[2026-09-11T03:20:34.598+0000] {logging_mixin.py:190} INFO - [2026-09-11T03:20:34.597+0000] {dag.py:3239} INFO - Sync 1 DAGs
[2026-09-11T03:20:34.691+0000] {logging_mixin.py:190} INFO - [2026-09-11T03:20:34.687+0000] {dag.py:4180} INFO - Setting next_dagrun for countries_ingestion to 2026-09-11 00:00:00+00:00, run_after=2026-09-11 04:00:00+00:00
[2026-09-11T03:20:34.740+0000] {processor.py:208} INFO - Processing /opt/airflow/dags/countries_dag.py took 2.865 seconds
[2026-09-11T03:21:05.162+0000] {processor.py:186} INFO - Started process (PID=608) to work on /opt/airflow/dags/countries_dag.py
[2026-09-11T03:21:05.166+0000] {processor.py:914} INFO - Processing file /opt/airflow/dags/countries_dag.py for tasks to queue
[2026-09-11T03:21:05.173+0000] {logging_mixin.py:190} INFO - [2026-09-11T03:21:05.172+0000] {dagbag.py:588} INFO - Filling up the DagBag from /opt/airflow/dags/countries_dag.py
[2026-09-11T03:21:08.088+0000] {processor.py:925} INFO - DAG(s) 'countries_ingestion' retrieved from /opt/airflow/dags/countries_dag.py
[2026-09-11T03:21:08.140+0000] {logging_mixin.py:190} INFO - [2026-09-11T03:21:08.139+0000] {dag.py:3239} INFO - Sync 1 DAGs
[2026-09-11T03:21:08.204+0000] {logging_mixin.py:190} INFO - [2026-09-11T03:21:08.204+0000] {dag.py:4180} INFO - Setting next_dagrun for countries_ingestion to 2026-09-11 00:00:00+00:00, run_after=2026-09-11 04:00:00+00:00
[2026-09-11T03:21:08.250+0000] {processor.py:208} INFO - Processing /opt/airflow/dags/countries_dag.py took 3.112 seconds
[2026-09-11T03:21:39.147+0000] {processor.py:186} INFO - Started process (PID=615) to work on /opt/airflow/dags/countries_dag.py
[2026-09-11T03:21:39.151+0000] {processor.py:914} INFO - Processing file /opt/airflow/dags/countries_dag.py for tasks to queue
[2026-09-11T03:21:39.170+0000] {logging_mixin.py:190} INFO - [2026-09-11T03:21:39.164+0000] {dagbag.py:588} INFO - Filling up the DagBag from /opt/airflow/dags/countries_dag.py
[2026-09-11T03:21:42.128+0000] {processor.py:925} INFO - DAG(s) 'countries_ingestion' retrieved from /opt/airflow/dags/countries_dag.py
[2026-09-11T03:21:42.190+0000] {logging_mixin.py:190} INFO - [2026-09-11T03:21:42.189+0000] {dag.py:3239} INFO - Sync 1 DAGs
[2026-09-11T03:21:42.247+0000] {logging_mixin.py:190} INFO - [2026-09-11T03:21:42.247+0000] {dag.py:4180} INFO - Setting next_dagrun for countries_ingestion to 2026-09-11 00:00:00+00:00, run_after=2026-09-11 04:00:00+00:00
[2026-09-11T03:21:42.284+0000] {processor.py:208} INFO - Processing /opt/airflow/dags/countries_dag.py took 3.153 seconds
[2026-09-11T03:22:12.800+0000] {processor.py:186} INFO - Started process (PID=622) to work on /opt/airflow/dags/countries_dag.py
[2026-09-11T03:22:12.802+0000] {processor.py:914} INFO - Processing file /opt/airflow/dags/countries_dag.py for tasks to queue
[2026-09-11T03:22:12.811+0000] {logging_mixin.py:190} INFO - [2026-09-11T03:22:12.811+0000] {dagbag.py:588} INFO - Filling up the DagBag from /opt/airflow/dags/countries_dag.py
[2026-09-11T03:22:15.793+0000] {processor.py:925} INFO - DAG(s) 'countries_ingestion' retrieved from /opt/airflow/dags/countries_dag.py
[2026-09-11T03:22:15.957+0000] {logging_mixin.py:190} INFO - [2026-09-11T03:22:15.957+0000] {dag.py:3239} INFO - Sync 1 DAGs
[2026-09-11T03:22:16.091+0000] {logging_mixin.py:190} INFO - [2026-09-11T03:22:16.090+0000] {dag.py:4180} INFO - Setting next_dagrun for countries_ingestion to 2026-09-11 00:00:00+00:00, run_after=2026-09-11 04:00:00+00:00
[2026-09-11T03:22:16.209+0000] {processor.py:208} INFO - Processing /opt/airflow/dags/countries_dag.py took 3.434 seconds
[2026-09-11T03:22:47.307+0000] {processor.py:186} INFO - Started process (PID=629) to work on /opt/airflow/dags/countries_dag.py
[2026-09-11T03:22:47.318+0000] {processor.py:914} INFO - Processing file /opt/airflow/dags/countries_dag.py for tasks to queue
[2026-09-11T03:22:47.341+0000] {logging_mixin.py:190} INFO - [2026-09-11T03:22:47.340+0000] {dagbag.py:588} INFO - Filling up the DagBag from /opt/airflow/dags/countries_dag.py
[2026-09-11T03:22:51.409+0000] {processor.py:925} INFO - DAG(s) 'countries_ingestion' retrieved from /opt/airflow/dags/countries_dag.py
[2026-09-11T03:22:51.499+0000] {logging_mixin.py:190} INFO - [2026-09-11T03:22:51.499+0000] {dag.py:3239} INFO - Sync 1 DAGs
[2026-09-11T03:22:51.909+0000] {logging_mixin.py:190} INFO - [2026-09-11T03:22:51.908+0000] {dag.py:4180} INFO - Setting next_dagrun for countries_ingestion to 2026-09-11 00:00:00+00:00, run_after=2026-09-11 04:00:00+00:00
[2026-09-11T03:22:51.957+0000] {processor.py:208} INFO - Processing /opt/airflow/dags/countries_dag.py took 4.698 seconds
[2026-09-11T03:23:22.551+0000] {processor.py:186} INFO - Started process (PID=636) to work on /opt/airflow/dags/countries_dag.py
[2026-09-11T03:23:22.555+0000] {processor.py:914} INFO - Processing file /opt/airflow/dags/countries_dag.py for tasks to queue
[2026-09-11T03:23:22.561+0000] {logging_mixin.py:190} INFO - [2026-09-11T03:23:22.560+0000] {dagbag.py:588} INFO - Filling up the DagBag from /opt/airflow/dags/countries_dag.py
[2026-09-11T03:23:25.167+0000] {processor.py:925} INFO - DAG(s) 'countries_ingestion' retrieved from /opt/airflow/dags/countries_dag.py
[2026-09-11T03:23:25.295+0000] {logging_mixin.py:190} INFO - [2026-09-11T03:23:25.294+0000] {dag.py:3239} INFO - Sync 1 DAGs
[2026-09-11T03:23:25.405+0000] {logging_mixin.py:190} INFO - [2026-09-11T03:23:25.404+0000] {dag.py:4180} INFO - Setting next_dagrun for countries_ingestion to 2026-09-11 00:00:00+00:00, run_after=2026-09-11 04:00:00+00:00
[2026-09-11T03:23:25.500+0000] {processor.py:208} INFO - Processing /opt/airflow/dags/countries_dag.py took 2.962 seconds
[2026-09-11T03:23:56.217+0000] {processor.py:186} INFO - Started process (PID=643) to work on /opt/airflow/dags/countries_dag.py
[2026-09-11T03:23:56.221+0000] {processor.py:914} INFO - Processing file /opt/airflow/dags/countries_dag.py for tasks to queue
[2026-09-11T03:23:56.229+0000] {logging_mixin.py:190} INFO - [2026-09-11T03:23:56.228+0000] {dagbag.py:588} INFO - Filling up the DagBag from /opt/airflow/dags/countries_dag.py
[2026-09-11T03:24:00.295+0000] {processor.py:925} INFO - DAG(s) 'countries_ingestion' retrieved from /opt/airflow/dags/countries_dag.py
[2026-09-11T03:24:00.390+0000] {logging_mixin.py:190} INFO - [2026-09-11T03:24:00.389+0000] {dag.py:3239} INFO - Sync 1 DAGs
[2026-09-11T03:24:00.518+0000] {logging_mixin.py:190} INFO - [2026-09-11T03:24:00.516+0000] {dag.py:4180} INFO - Setting next_dagrun for countries_ingestion to 2026-09-11 00:00:00+00:00, run_after=2026-09-11 04:00:00+00:00
[2026-09-11T03:24:00.624+0000] {processor.py:208} INFO - Processing /opt/airflow/dags/countries_dag.py took 4.430 seconds
[2026-09-11T03:24:31.143+0000] {processor.py:186} INFO - Started process (PID=650) to work on /opt/airflow/dags/countries_dag.py
[2026-09-11T03:24:31.147+0000] {processor.py:914} INFO - Processing file /opt/airflow/dags/countries_dag.py for tasks to queue
[2026-09-11T03:24:31.165+0000] {logging_mixin.py:190} INFO - [2026-09-11T03:24:31.163+0000] {dagbag.py:588} INFO - Filling up the DagBag from /opt/airflow/dags/countries_dag.py
[2026-09-11T03:24:38.765+0000] {processor.py:925} INFO - DAG(s) 'countries_ingestion' retrieved from /opt/airflow/dags/countries_dag.py
[2026-09-11T03:24:38.861+0000] {logging_mixin.py:190} INFO - [2026-09-11T03:24:38.859+0000] {dag.py:3239} INFO - Sync 1 DAGs
[2026-09-11T03:24:38.960+0000] {logging_mixin.py:190} INFO - [2026-09-11T03:24:38.959+0000] {dag.py:4180} INFO - Setting next_dagrun for countries_ingestion to 2026-09-11 00:00:00+00:00, run_after=2026-09-11 04:00:00+00:00
[2026-09-11T03:24:39.014+0000] {processor.py:208} INFO - Processing /opt/airflow/dags/countries_dag.py took 7.909 seconds
[2026-09-11T03:25:10.034+0000] {processor.py:186} INFO - Started process (PID=657) to work on /opt/airflow/dags/countries_dag.py
[2026-09-11T03:25:10.038+0000] {processor.py:914} INFO - Processing file /opt/airflow/dags/countries_dag.py for tasks to queue
[2026-09-11T03:25:10.044+0000] {logging_mixin.py:190} INFO - [2026-09-11T03:25:10.043+0000] {dagbag.py:588} INFO - Filling up the DagBag from /opt/airflow/dags/countries_dag.py
[2026-09-11T03:25:14.205+0000] {processor.py:925} INFO - DAG(s) 'countries_ingestion' retrieved from /opt/airflow/dags/countries_dag.py
[2026-09-11T03:25:14.289+0000] {logging_mixin.py:190} INFO - [2026-09-11T03:25:14.288+0000] {dag.py:3239} INFO - Sync 1 DAGs
[2026-09-11T03:25:14.408+0000] {logging_mixin.py:190} INFO - [2026-09-11T03:25:14.407+0000] {dag.py:4180} INFO - Setting next_dagrun for countries_ingestion to 2026-09-11 00:00:00+00:00, run_after=2026-09-11 04:00:00+00:00
[2026-09-11T03:25:14.547+0000] {processor.py:208} INFO - Processing /opt/airflow/dags/countries_dag.py took 4.528 seconds
[2026-09-11T03:25:45.061+0000] {processor.py:186} INFO - Started process (PID=664) to work on /opt/airflow/dags/countries_dag.py
[2026-09-11T03:25:45.130+0000] {processor.py:914} INFO - Processing file /opt/airflow/dags/countries_dag.py for tasks to queue
[2026-09-11T03:25:45.213+0000] {logging_mixin.py:190} INFO - [2026-09-11T03:25:45.212+0000] {dagbag.py:588} INFO - Filling up the DagBag from /opt/airflow/dags/countries_dag.py
[2026-09-11T03:25:49.960+0000] {processor.py:925} INFO - DAG(s) 'countries_ingestion' retrieved from /opt/airflow/dags/countries_dag.py
[2026-09-11T03:25:50.150+0000] {logging_mixin.py:190} INFO - [2026-09-11T03:25:50.144+0000] {dag.py:3239} INFO - Sync 1 DAGs
[2026-09-11T03:25:50.894+0000] {logging_mixin.py:190} INFO - [2026-09-11T03:25:50.894+0000] {dag.py:4180} INFO - Setting next_dagrun for countries_ingestion to 2026-09-11 00:00:00+00:00, run_after=2026-09-11 04:00:00+00:00
[2026-09-11T03:25:51.050+0000] {processor.py:208} INFO - Processing /opt/airflow/dags/countries_dag.py took 6.192 seconds
[2026-09-11T03:26:21.368+0000] {processor.py:186} INFO - Started process (PID=671) to work on /opt/airflow/dags/countries_dag.py
[2026-09-11T03:26:21.372+0000] {processor.py:914} INFO - Processing file /opt/airflow/dags/countries_dag.py for tasks to queue
[2026-09-11T03:26:21.407+0000] {logging_mixin.py:190} INFO - [2026-09-11T03:26:21.404+0000] {dagbag.py:588} INFO - Filling up the DagBag from /opt/airflow/dags/countries_dag.py
[2026-09-11T03:26:27.566+0000] {processor.py:925} INFO - DAG(s) 'countries_ingestion' retrieved from /opt/airflow/dags/countries_dag.py
[2026-09-11T03:26:27.691+0000] {logging_mixin.py:190} INFO - [2026-09-11T03:26:27.690+0000] {dag.py:3239} INFO - Sync 1 DAGs
[2026-09-11T03:26:27.837+0000] {logging_mixin.py:190} INFO - [2026-09-11T03:26:27.837+0000] {dag.py:4180} INFO - Setting next_dagrun for countries_ingestion to 2026-09-11 00:00:00+00:00, run_after=2026-09-11 04:00:00+00:00
[2026-09-11T03:26:27.913+0000] {processor.py:208} INFO - Processing /opt/airflow/dags/countries_dag.py took 6.596 seconds
[2026-09-11T03:26:58.736+0000] {processor.py:186} INFO - Started process (PID=678) to work on /opt/airflow/dags/countries_dag.py
[2026-09-11T03:26:58.750+0000] {processor.py:914} INFO - Processing file /opt/airflow/dags/countries_dag.py for tasks to queue
[2026-09-11T03:26:58.775+0000] {logging_mixin.py:190} INFO - [2026-09-11T03:26:58.774+0000] {dagbag.py:588} INFO - Filling up the DagBag from /opt/airflow/dags/countries_dag.py
[2026-09-11T03:27:02.570+0000] {processor.py:925} INFO - DAG(s) 'countries_ingestion' retrieved from /opt/airflow/dags/countries_dag.py
[2026-09-11T03:27:02.652+0000] {logging_mixin.py:190} INFO - [2026-09-11T03:27:02.651+0000] {dag.py:3239} INFO - Sync 1 DAGs
[2026-09-11T03:27:02.744+0000] {logging_mixin.py:190} INFO - [2026-09-11T03:27:02.743+0000] {dag.py:4180} INFO - Setting next_dagrun for countries_ingestion to 2026-09-11 00:00:00+00:00, run_after=2026-09-11 04:00:00+00:00
[2026-09-11T03:27:02.799+0000] {processor.py:208} INFO - Processing /opt/airflow/dags/countries_dag.py took 4.118 seconds
[2026-09-11T03:27:57.717+0000] {processor.py:186} INFO - Started process (PID=685) to work on /opt/airflow/dags/countries_dag.py
[2026-09-11T03:28:00.342+0000] {processor.py:914} INFO - Processing file /opt/airflow/dags/countries_dag.py for tasks to queue
[2026-09-11T03:28:00.413+0000] {logging_mixin.py:190} INFO - [2026-09-11T03:28:00.412+0000] {dagbag.py:588} INFO - Filling up the DagBag from /opt/airflow/dags/countries_dag.py
[2026-09-11T03:28:09.595+0000] {processor.py:925} INFO - DAG(s) 'countries_ingestion' retrieved from /opt/airflow/dags/countries_dag.py
[2026-09-11T03:28:09.723+0000] {logging_mixin.py:190} INFO - [2026-09-11T03:28:09.722+0000] {dag.py:3239} INFO - Sync 1 DAGs
[2026-09-11T03:28:09.898+0000] {logging_mixin.py:190} INFO - [2026-09-11T03:28:09.897+0000] {dag.py:4180} INFO - Setting next_dagrun for countries_ingestion to 2026-09-11 00:00:00+00:00, run_after=2026-09-11 04:00:00+00:00
[2026-09-11T03:28:09.998+0000] {processor.py:208} INFO - Processing /opt/airflow/dags/countries_dag.py took 12.316 seconds
[2026-09-11T19:26:39.990+0000] {processor.py:186} INFO - Started process (PID=210) to work on /opt/airflow/dags/countries_dag.py
[2026-09-11T19:26:40.024+0000] {processor.py:914} INFO - Processing file /opt/airflow/dags/countries_dag.py for tasks to queue
[2026-09-11T19:26:40.060+0000] {logging_mixin.py:190} INFO - [2026-09-11T19:26:40.059+0000] {dagbag.py:588} INFO - Filling up the DagBag from /opt/airflow/dags/countries_dag.py
[2026-09-11T19:26:54.921+0000] {processor.py:925} INFO - DAG(s) 'countries_ingestion' retrieved from /opt/airflow/dags/countries_dag.py
[2026-09-11T19:26:55.056+0000] {logging_mixin.py:190} INFO - [2026-09-11T19:26:55.053+0000] {dag.py:3239} INFO - Sync 1 DAGs
[2026-09-11T19:26:55.266+0000] {processor.py:208} INFO - Processing /opt/airflow/dags/countries_dag.py took 15.507 seconds
[2026-09-11T19:27:26.113+0000] {processor.py:186} INFO - Started process (PID=227) to work on /opt/airflow/dags/countries_dag.py
[2026-09-11T19:27:26.118+0000] {processor.py:914} INFO - Processing file /opt/airflow/dags/countries_dag.py for tasks to queue
[2026-09-11T19:27:26.134+0000] {logging_mixin.py:190} INFO - [2026-09-11T19:27:26.133+0000] {dagbag.py:588} INFO - Filling up the DagBag from /opt/airflow/dags/countries_dag.py
[2026-09-11T19:27:32.522+0000] {processor.py:925} INFO - DAG(s) 'countries_ingestion' retrieved from /opt/airflow/dags/countries_dag.py
[2026-09-11T19:27:32.828+0000] {logging_mixin.py:190} INFO - [2026-09-11T19:27:32.827+0000] {dag.py:3239} INFO - Sync 1 DAGs
[2026-09-11T19:27:33.971+0000] {processor.py:208} INFO - Processing /opt/airflow/dags/countries_dag.py took 7.934 seconds
[2026-09-11T19:28:04.920+0000] {processor.py:186} INFO - Started process (PID=256) to work on /opt/airflow/dags/countries_dag.py
[2026-09-11T19:28:04.926+0000] {processor.py:914} INFO - Processing file /opt/airflow/dags/countries_dag.py for tasks to queue
[2026-09-11T19:28:04.935+0000] {logging_mixin.py:190} INFO - [2026-09-11T19:28:04.934+0000] {dagbag.py:588} INFO - Filling up the DagBag from /opt/airflow/dags/countries_dag.py
[2026-09-11T19:28:07.825+0000] {processor.py:925} INFO - DAG(s) 'countries_ingestion' retrieved from /opt/airflow/dags/countries_dag.py
[2026-09-11T19:28:07.876+0000] {logging_mixin.py:190} INFO - [2026-09-11T19:28:07.875+0000] {dag.py:3239} INFO - Sync 1 DAGs
[2026-09-11T19:28:07.949+0000] {processor.py:208} INFO - Processing /opt/airflow/dags/countries_dag.py took 3.055 seconds
[2026-09-11T19:28:38.329+0000] {processor.py:186} INFO - Started process (PID=263) to work on /opt/airflow/dags/countries_dag.py
[2026-09-11T19:28:38.332+0000] {processor.py:914} INFO - Processing file /opt/airflow/dags/countries_dag.py for tasks to queue
[2026-09-11T19:28:38.350+0000] {logging_mixin.py:190} INFO - [2026-09-11T19:28:38.349+0000] {dagbag.py:588} INFO - Filling up the DagBag from /opt/airflow/dags/countries_dag.py
[2026-09-11T19:28:39.998+0000] {processor.py:925} INFO - DAG(s) 'countries_ingestion' retrieved from /opt/airflow/dags/countries_dag.py
[2026-09-11T19:28:40.048+0000] {logging_mixin.py:190} INFO - [2026-09-11T19:28:40.047+0000] {dag.py:3239} INFO - Sync 1 DAGs
[2026-09-11T19:28:40.139+0000] {processor.py:208} INFO - Processing /opt/airflow/dags/countries_dag.py took 1.831 seconds
[2026-09-11T19:29:10.779+0000] {processor.py:186} INFO - Started process (PID=284) to work on /opt/airflow/dags/countries_dag.py
[2026-09-11T19:29:10.781+0000] {processor.py:914} INFO - Processing file /opt/airflow/dags/countries_dag.py for tasks to queue
[2026-09-11T19:29:10.807+0000] {logging_mixin.py:190} INFO - [2026-09-11T19:29:10.801+0000] {dagbag.py:588} INFO - Filling up the DagBag from /opt/airflow/dags/countries_dag.py
[2026-09-11T19:29:14.241+0000] {processor.py:925} INFO - DAG(s) 'countries_ingestion' retrieved from /opt/airflow/dags/countries_dag.py
[2026-09-11T19:29:14.320+0000] {logging_mixin.py:190} INFO - [2026-09-11T19:29:14.317+0000] {dag.py:3239} INFO - Sync 1 DAGs
[2026-09-11T19:29:14.955+0000] {processor.py:208} INFO - Processing /opt/airflow/dags/countries_dag.py took 4.199 seconds
[2026-09-11T19:29:45.507+0000] {processor.py:186} INFO - Started process (PID=300) to work on /opt/airflow/dags/countries_dag.py
[2026-09-11T19:29:45.512+0000] {processor.py:914} INFO - Processing file /opt/airflow/dags/countries_dag.py for tasks to queue
[2026-09-11T19:29:45.524+0000] {logging_mixin.py:190} INFO - [2026-09-11T19:29:45.523+0000] {dagbag.py:588} INFO - Filling up the DagBag from /opt/airflow/dags/countries_dag.py
[2026-09-11T19:29:49.426+0000] {processor.py:925} INFO - DAG(s) 'countries_ingestion' retrieved from /opt/airflow/dags/countries_dag.py
[2026-09-11T19:29:49.500+0000] {logging_mixin.py:190} INFO - [2026-09-11T19:29:49.499+0000] {dag.py:3239} INFO - Sync 1 DAGs
[2026-09-11T19:29:49.664+0000] {processor.py:208} INFO - Processing /opt/airflow/dags/countries_dag.py took 4.187 seconds
[2026-09-11T19:30:20.097+0000] {processor.py:186} INFO - Started process (PID=307) to work on /opt/airflow/dags/countries_dag.py
[2026-09-11T19:30:20.102+0000] {processor.py:914} INFO - Processing file /opt/airflow/dags/countries_dag.py for tasks to queue
[2026-09-11T19:30:20.123+0000] {logging_mixin.py:190} INFO - [2026-09-11T19:30:20.122+0000] {dagbag.py:588} INFO - Filling up the DagBag from /opt/airflow/dags/countries_dag.py
[2026-09-11T19:30:21.964+0000] {processor.py:925} INFO - DAG(s) 'countries_ingestion' retrieved from /opt/airflow/dags/countries_dag.py
[2026-09-11T19:30:22.051+0000] {logging_mixin.py:190} INFO - [2026-09-11T19:30:22.050+0000] {dag.py:3239} INFO - Sync 1 DAGs
[2026-09-11T19:30:22.514+0000] {processor.py:208} INFO - Processing /opt/airflow/dags/countries_dag.py took 2.441 seconds
[2026-09-11T19:30:53.088+0000] {processor.py:186} INFO - Started process (PID=319) to work on /opt/airflow/dags/countries_dag.py
[2026-09-11T19:30:53.107+0000] {processor.py:914} INFO - Processing file /opt/airflow/dags/countries_dag.py for tasks to queue
[2026-09-11T19:30:53.127+0000] {logging_mixin.py:190} INFO - [2026-09-11T19:30:53.125+0000] {dagbag.py:588} INFO - Filling up the DagBag from /opt/airflow/dags/countries_dag.py
[2026-09-11T19:30:56.039+0000] {processor.py:925} INFO - DAG(s) 'countries_ingestion' retrieved from /opt/airflow/dags/countries_dag.py
[2026-09-11T19:30:56.480+0000] {logging_mixin.py:190} INFO - [2026-09-11T19:30:56.479+0000] {dag.py:3239} INFO - Sync 1 DAGs
[2026-09-11T19:30:56.565+0000] {logging_mixin.py:190} INFO - [2026-09-11T19:30:56.565+0000] {dag.py:4180} INFO - Setting next_dagrun for countries_ingestion to 2026-09-11 16:00:00+00:00, run_after=2026-09-11 20:00:00+00:00
[2026-09-11T19:30:56.612+0000] {processor.py:208} INFO - Processing /opt/airflow/dags/countries_dag.py took 3.571 seconds
[2026-09-11T19:31:27.100+0000] {processor.py:186} INFO - Started process (PID=326) to work on /opt/airflow/dags/countries_dag.py
[2026-09-11T19:31:27.105+0000] {processor.py:914} INFO - Processing file /opt/airflow/dags/countries_dag.py for tasks to queue
[2026-09-11T19:31:27.112+0000] {logging_mixin.py:190} INFO - [2026-09-11T19:31:27.111+0000] {dagbag.py:588} INFO - Filling up the DagBag from /opt/airflow/dags/countries_dag.py
[2026-09-11T19:31:29.755+0000] {processor.py:925} INFO - DAG(s) 'countries_ingestion' retrieved from /opt/airflow/dags/countries_dag.py
[2026-09-11T19:31:29.811+0000] {logging_mixin.py:190} INFO - [2026-09-11T19:31:29.810+0000] {dag.py:3239} INFO - Sync 1 DAGs
[2026-09-11T19:31:29.861+0000] {logging_mixin.py:190} INFO - [2026-09-11T19:31:29.861+0000] {dag.py:4180} INFO - Setting next_dagrun for countries_ingestion to 2026-09-11 16:00:00+00:00, run_after=2026-09-11 20:00:00+00:00
[2026-09-11T19:31:29.892+0000] {processor.py:208} INFO - Processing /opt/airflow/dags/countries_dag.py took 2.817 seconds
[2026-09-11T19:32:00.416+0000] {processor.py:186} INFO - Started process (PID=333) to work on /opt/airflow/dags/countries_dag.py
[2026-09-11T19:32:00.420+0000] {processor.py:914} INFO - Processing file /opt/airflow/dags/countries_dag.py for tasks to queue
[2026-09-11T19:32:00.431+0000] {logging_mixin.py:190} INFO - [2026-09-11T19:32:00.430+0000] {dagbag.py:588} INFO - Filling up the DagBag from /opt/airflow/dags/countries_dag.py
[2026-09-11T19:32:02.290+0000] {processor.py:925} INFO - DAG(s) 'countries_ingestion' retrieved from /opt/airflow/dags/countries_dag.py
[2026-09-11T19:32:02.372+0000] {logging_mixin.py:190} INFO - [2026-09-11T19:32:02.371+0000] {dag.py:3239} INFO - Sync 1 DAGs
[2026-09-11T19:32:02.448+0000] {logging_mixin.py:190} INFO - [2026-09-11T19:32:02.448+0000] {dag.py:4180} INFO - Setting next_dagrun for countries_ingestion to 2026-09-11 16:00:00+00:00, run_after=2026-09-11 20:00:00+00:00
[2026-09-11T19:32:02.784+0000] {processor.py:208} INFO - Processing /opt/airflow/dags/countries_dag.py took 2.388 seconds
[2026-09-11T19:32:33.473+0000] {processor.py:186} INFO - Started process (PID=340) to work on /opt/airflow/dags/countries_dag.py
[2026-09-11T19:32:33.481+0000] {processor.py:914} INFO - Processing file /opt/airflow/dags/countries_dag.py for tasks to queue
[2026-09-11T19:32:33.499+0000] {logging_mixin.py:190} INFO - [2026-09-11T19:32:33.498+0000] {dagbag.py:588} INFO - Filling up the DagBag from /opt/airflow/dags/countries_dag.py
[2026-09-11T19:32:37.317+0000] {processor.py:925} INFO - DAG(s) 'countries_ingestion' retrieved from /opt/airflow/dags/countries_dag.py
[2026-09-11T19:32:37.421+0000] {logging_mixin.py:190} INFO - [2026-09-11T19:32:37.419+0000] {dag.py:3239} INFO - Sync 1 DAGs
[2026-09-11T19:32:38.010+0000] {logging_mixin.py:190} INFO - [2026-09-11T19:32:38.010+0000] {dag.py:4180} INFO - Setting next_dagrun for countries_ingestion to 2026-09-11 16:00:00+00:00, run_after=2026-09-11 20:00:00+00:00
[2026-09-11T19:32:38.093+0000] {processor.py:208} INFO - Processing /opt/airflow/dags/countries_dag.py took 4.660 seconds
[2026-09-11T19:33:08.344+0000] {processor.py:186} INFO - Started process (PID=347) to work on /opt/airflow/dags/countries_dag.py
[2026-09-11T19:33:08.352+0000] {processor.py:914} INFO - Processing file /opt/airflow/dags/countries_dag.py for tasks to queue
[2026-09-11T19:33:08.362+0000] {logging_mixin.py:190} INFO - [2026-09-11T19:33:08.361+0000] {dagbag.py:588} INFO - Filling up the DagBag from /opt/airflow/dags/countries_dag.py
[2026-09-11T19:33:11.616+0000] {processor.py:925} INFO - DAG(s) 'countries_ingestion' retrieved from /opt/airflow/dags/countries_dag.py
[2026-09-11T19:33:11.734+0000] {logging_mixin.py:190} INFO - [2026-09-11T19:33:11.733+0000] {dag.py:3239} INFO - Sync 1 DAGs
[2026-09-11T19:33:12.275+0000] {logging_mixin.py:190} INFO - [2026-09-11T19:33:12.274+0000] {dag.py:4180} INFO - Setting next_dagrun for countries_ingestion to 2026-09-11 16:00:00+00:00, run_after=2026-09-11 20:00:00+00:00
[2026-09-11T19:33:12.315+0000] {processor.py:208} INFO - Processing /opt/airflow/dags/countries_dag.py took 4.002 seconds
[2026-09-11T19:33:42.686+0000] {processor.py:186} INFO - Started process (PID=354) to work on /opt/airflow/dags/countries_dag.py
[2026-09-11T19:33:42.688+0000] {processor.py:914} INFO - Processing file /opt/airflow/dags/countries_dag.py for tasks to queue
[2026-09-11T19:33:42.693+0000] {logging_mixin.py:190} INFO - [2026-09-11T19:33:42.692+0000] {dagbag.py:588} INFO - Filling up the DagBag from /opt/airflow/dags/countries_dag.py
[2026-09-11T19:33:44.360+0000] {processor.py:925} INFO - DAG(s) 'countries_ingestion' retrieved from /opt/airflow/dags/countries_dag.py
[2026-09-11T19:33:44.875+0000] {logging_mixin.py:190} INFO - [2026-09-11T19:33:44.874+0000] {dag.py:3239} INFO - Sync 1 DAGs
[2026-09-11T19:33:44.927+0000] {logging_mixin.py:190} INFO - [2026-09-11T19:33:44.927+0000] {dag.py:4180} INFO - Setting next_dagrun for countries_ingestion to 2026-09-11 16:00:00+00:00, run_after=2026-09-11 20:00:00+00:00
[2026-09-11T19:33:44.958+0000] {processor.py:208} INFO - Processing /opt/airflow/dags/countries_dag.py took 2.283 seconds
[2026-09-11T19:34:15.091+0000] {processor.py:186} INFO - Started process (PID=361) to work on /opt/airflow/dags/countries_dag.py
[2026-09-11T19:34:15.093+0000] {processor.py:914} INFO - Processing file /opt/airflow/dags/countries_dag.py for tasks to queue
[2026-09-11T19:34:15.100+0000] {logging_mixin.py:190} INFO - [2026-09-11T19:34:15.099+0000] {dagbag.py:588} INFO - Filling up the DagBag from /opt/airflow/dags/countries_dag.py
[2026-09-11T19:34:17.248+0000] {processor.py:925} INFO - DAG(s) 'countries_ingestion' retrieved from /opt/airflow/dags/countries_dag.py
[2026-09-11T19:34:17.291+0000] {logging_mixin.py:190} INFO - [2026-09-11T19:34:17.291+0000] {dag.py:3239} INFO - Sync 1 DAGs
[2026-09-11T19:34:17.343+0000] {logging_mixin.py:190} INFO - [2026-09-11T19:34:17.342+0000] {dag.py:4180} INFO - Setting next_dagrun for countries_ingestion to 2026-09-11 16:00:00+00:00, run_after=2026-09-11 20:00:00+00:00
[2026-09-11T19:34:17.378+0000] {processor.py:208} INFO - Processing /opt/airflow/dags/countries_dag.py took 2.300 seconds
[2026-09-11T19:34:47.774+0000] {processor.py:186} INFO - Started process (PID=368) to work on /opt/airflow/dags/countries_dag.py
[2026-09-11T19:34:47.777+0000] {processor.py:914} INFO - Processing file /opt/airflow/dags/countries_dag.py for tasks to queue
[2026-09-11T19:34:47.784+0000] {logging_mixin.py:190} INFO - [2026-09-11T19:34:47.783+0000] {dagbag.py:588} INFO - Filling up the DagBag from /opt/airflow/dags/countries_dag.py
[2026-09-11T19:34:49.540+0000] {processor.py:925} INFO - DAG(s) 'countries_ingestion' retrieved from /opt/airflow/dags/countries_dag.py
[2026-09-11T19:34:49.590+0000] {logging_mixin.py:190} INFO - [2026-09-11T19:34:49.589+0000] {dag.py:3239} INFO - Sync 1 DAGs
[2026-09-11T19:34:49.644+0000] {logging_mixin.py:190} INFO - [2026-09-11T19:34:49.643+0000] {dag.py:4180} INFO - Setting next_dagrun for countries_ingestion to 2026-09-11 16:00:00+00:00, run_after=2026-09-11 20:00:00+00:00
[2026-09-11T19:34:49.895+0000] {processor.py:208} INFO - Processing /opt/airflow/dags/countries_dag.py took 2.152 seconds
[2026-09-11T19:35:20.076+0000] {processor.py:186} INFO - Started process (PID=375) to work on /opt/airflow/dags/countries_dag.py
[2026-09-11T19:35:20.078+0000] {processor.py:914} INFO - Processing file /opt/airflow/dags/countries_dag.py for tasks to queue
[2026-09-11T19:35:20.084+0000] {logging_mixin.py:190} INFO - [2026-09-11T19:35:20.083+0000] {dagbag.py:588} INFO - Filling up the DagBag from /opt/airflow/dags/countries_dag.py
[2026-09-11T19:35:22.047+0000] {processor.py:925} INFO - DAG(s) 'countries_ingestion' retrieved from /opt/airflow/dags/countries_dag.py
[2026-09-11T19:35:22.178+0000] {logging_mixin.py:190} INFO - [2026-09-11T19:35:22.177+0000] {dag.py:3239} INFO - Sync 1 DAGs
[2026-09-11T19:35:22.751+0000] {logging_mixin.py:190} INFO - [2026-09-11T19:35:22.750+0000] {dag.py:4180} INFO - Setting next_dagrun for countries_ingestion to 2026-09-11 16:00:00+00:00, run_after=2026-09-11 20:00:00+00:00
[2026-09-11T19:35:22.788+0000] {processor.py:208} INFO - Processing /opt/airflow/dags/countries_dag.py took 2.725 seconds
[2026-09-11T19:35:53.235+0000] {processor.py:186} INFO - Started process (PID=382) to work on /opt/airflow/dags/countries_dag.py
[2026-09-11T19:35:53.243+0000] {processor.py:914} INFO - Processing file /opt/airflow/dags/countries_dag.py for tasks to queue
[2026-09-11T19:35:53.249+0000] {logging_mixin.py:190} INFO - [2026-09-11T19:35:53.248+0000] {dagbag.py:588} INFO - Filling up the DagBag from /opt/airflow/dags/countries_dag.py
[2026-09-11T19:35:55.032+0000] {processor.py:925} INFO - DAG(s) 'countries_ingestion' retrieved from /opt/airflow/dags/countries_dag.py
[2026-09-11T19:35:55.136+0000] {logging_mixin.py:190} INFO - [2026-09-11T19:35:55.135+0000] {dag.py:3239} INFO - Sync 1 DAGs
[2026-09-11T19:35:55.544+0000] {logging_mixin.py:190} INFO - [2026-09-11T19:35:55.544+0000] {dag.py:4180} INFO - Setting next_dagrun for countries_ingestion to 2026-09-11 16:00:00+00:00, run_after=2026-09-11 20:00:00+00:00
[2026-09-11T19:35:55.595+0000] {processor.py:208} INFO - Processing /opt/airflow/dags/countries_dag.py took 2.373 seconds
[2026-09-11T19:36:25.999+0000] {processor.py:186} INFO - Started process (PID=389) to work on /opt/airflow/dags/countries_dag.py
[2026-09-11T19:36:26.005+0000] {processor.py:914} INFO - Processing file /opt/airflow/dags/countries_dag.py for tasks to queue
[2026-09-11T19:36:26.009+0000] {logging_mixin.py:190} INFO - [2026-09-11T19:36:26.009+0000] {dagbag.py:588} INFO - Filling up the DagBag from /opt/airflow/dags/countries_dag.py
[2026-09-11T19:36:27.980+0000] {processor.py:925} INFO - DAG(s) 'countries_ingestion' retrieved from /opt/airflow/dags/countries_dag.py
[2026-09-11T19:36:28.449+0000] {logging_mixin.py:190} INFO - [2026-09-11T19:36:28.448+0000] {dag.py:3239} INFO - Sync 1 DAGs
[2026-09-11T19:36:28.508+0000] {logging_mixin.py:190} INFO - [2026-09-11T19:36:28.507+0000] {dag.py:4180} INFO - Setting next_dagrun for countries_ingestion to 2026-09-11 16:00:00+00:00, run_after=2026-09-11 20:00:00+00:00
[2026-09-11T19:36:28.557+0000] {processor.py:208} INFO - Processing /opt/airflow/dags/countries_dag.py took 2.570 seconds
[2026-09-11T19:36:58.980+0000] {processor.py:186} INFO - Started process (PID=396) to work on /opt/airflow/dags/countries_dag.py
[2026-09-11T19:36:58.983+0000] {processor.py:914} INFO - Processing file /opt/airflow/dags/countries_dag.py for tasks to queue
[2026-09-11T19:36:58.990+0000] {logging_mixin.py:190} INFO - [2026-09-11T19:36:58.989+0000] {dagbag.py:588} INFO - Filling up the DagBag from /opt/airflow/dags/countries_dag.py
[2026-09-11T19:37:01.001+0000] {processor.py:925} INFO - DAG(s) 'countries_ingestion' retrieved from /opt/airflow/dags/countries_dag.py
[2026-09-11T19:37:01.056+0000] {logging_mixin.py:190} INFO - [2026-09-11T19:37:01.054+0000] {dag.py:3239} INFO - Sync 1 DAGs
[2026-09-11T19:37:01.100+0000] {logging_mixin.py:190} INFO - [2026-09-11T19:37:01.100+0000] {dag.py:4180} INFO - Setting next_dagrun for countries_ingestion to 2026-09-11 16:00:00+00:00, run_after=2026-09-11 20:00:00+00:00
[2026-09-11T19:37:01.153+0000] {processor.py:208} INFO - Processing /opt/airflow/dags/countries_dag.py took 2.191 seconds
[2026-09-11T19:37:31.475+0000] {processor.py:186} INFO - Started process (PID=403) to work on /opt/airflow/dags/countries_dag.py
[2026-09-11T19:37:31.479+0000] {processor.py:914} INFO - Processing file /opt/airflow/dags/countries_dag.py for tasks to queue
[2026-09-11T19:37:31.496+0000] {logging_mixin.py:190} INFO - [2026-09-11T19:37:31.495+0000] {dagbag.py:588} INFO - Filling up the DagBag from /opt/airflow/dags/countries_dag.py
[2026-09-11T19:37:35.783+0000] {processor.py:925} INFO - DAG(s) 'countries_ingestion' retrieved from /opt/airflow/dags/countries_dag.py
[2026-09-11T19:37:35.847+0000] {logging_mixin.py:190} INFO - [2026-09-11T19:37:35.846+0000] {dag.py:3239} INFO - Sync 1 DAGs
[2026-09-11T19:37:35.930+0000] {logging_mixin.py:190} INFO - [2026-09-11T19:37:35.929+0000] {dag.py:4180} INFO - Setting next_dagrun for countries_ingestion to 2026-09-11 16:00:00+00:00, run_after=2026-09-11 20:00:00+00:00
[2026-09-11T19:37:35.989+0000] {processor.py:208} INFO - Processing /opt/airflow/dags/countries_dag.py took 4.537 seconds
[2026-09-11T19:38:06.139+0000] {processor.py:186} INFO - Started process (PID=410) to work on /opt/airflow/dags/countries_dag.py
[2026-09-11T19:38:06.141+0000] {processor.py:914} INFO - Processing file /opt/airflow/dags/countries_dag.py for tasks to queue
[2026-09-11T19:38:06.147+0000] {logging_mixin.py:190} INFO - [2026-09-11T19:38:06.145+0000] {dagbag.py:588} INFO - Filling up the DagBag from /opt/airflow/dags/countries_dag.py
[2026-09-11T19:38:07.941+0000] {processor.py:925} INFO - DAG(s) 'countries_ingestion' retrieved from /opt/airflow/dags/countries_dag.py
[2026-09-11T19:38:08.077+0000] {logging_mixin.py:190} INFO - [2026-09-11T19:38:08.075+0000] {dag.py:3239} INFO - Sync 1 DAGs
[2026-09-11T19:38:08.571+0000] {logging_mixin.py:190} INFO - [2026-09-11T19:38:08.570+0000] {dag.py:4180} INFO - Setting next_dagrun for countries_ingestion to 2026-09-11 16:00:00+00:00, run_after=2026-09-11 20:00:00+00:00
[2026-09-11T19:38:08.632+0000] {processor.py:208} INFO - Processing /opt/airflow/dags/countries_dag.py took 2.509 seconds
[2026-09-11T19:38:38.802+0000] {processor.py:186} INFO - Started process (PID=417) to work on /opt/airflow/dags/countries_dag.py
[2026-09-11T19:38:38.804+0000] {processor.py:914} INFO - Processing file /opt/airflow/dags/countries_dag.py for tasks to queue
[2026-09-11T19:38:38.808+0000] {logging_mixin.py:190} INFO - [2026-09-11T19:38:38.808+0000] {dagbag.py:588} INFO - Filling up the DagBag from /opt/airflow/dags/countries_dag.py
[2026-09-11T19:38:40.542+0000] {processor.py:925} INFO - DAG(s) 'countries_ingestion' retrieved from /opt/airflow/dags/countries_dag.py
[2026-09-11T19:38:40.610+0000] {logging_mixin.py:190} INFO - [2026-09-11T19:38:40.609+0000] {dag.py:3239} INFO - Sync 1 DAGs
[2026-09-11T19:38:40.704+0000] {logging_mixin.py:190} INFO - [2026-09-11T19:38:40.703+0000] {dag.py:4180} INFO - Setting next_dagrun for countries_ingestion to 2026-09-11 16:00:00+00:00, run_after=2026-09-11 20:00:00+00:00
[2026-09-11T19:38:40.765+0000] {processor.py:208} INFO - Processing /opt/airflow/dags/countries_dag.py took 1.974 seconds
[2026-09-11T19:39:11.185+0000] {processor.py:186} INFO - Started process (PID=424) to work on /opt/airflow/dags/countries_dag.py
[2026-09-11T19:39:11.188+0000] {processor.py:914} INFO - Processing file /opt/airflow/dags/countries_dag.py for tasks to queue
[2026-09-11T19:39:11.194+0000] {logging_mixin.py:190} INFO - [2026-09-11T19:39:11.193+0000] {dagbag.py:588} INFO - Filling up the DagBag from /opt/airflow/dags/countries_dag.py
[2026-09-11T19:39:13.143+0000] {processor.py:925} INFO - DAG(s) 'countries_ingestion' retrieved from /opt/airflow/dags/countries_dag.py
[2026-09-11T19:39:13.422+0000] {logging_mixin.py:190} INFO - [2026-09-11T19:39:13.421+0000] {dag.py:3239} INFO - Sync 1 DAGs
[2026-09-11T19:39:13.466+0000] {logging_mixin.py:190} INFO - [2026-09-11T19:39:13.466+0000] {dag.py:4180} INFO - Setting next_dagrun for countries_ingestion to 2026-09-11 16:00:00+00:00, run_after=2026-09-11 20:00:00+00:00
[2026-09-11T19:39:13.498+0000] {processor.py:208} INFO - Processing /opt/airflow/dags/countries_dag.py took 2.329 seconds
[2026-09-11T19:39:43.631+0000] {processor.py:186} INFO - Started process (PID=431) to work on /opt/airflow/dags/countries_dag.py
[2026-09-11T19:39:43.636+0000] {processor.py:914} INFO - Processing file /opt/airflow/dags/countries_dag.py for tasks to queue
[2026-09-11T19:39:43.645+0000] {logging_mixin.py:190} INFO - [2026-09-11T19:39:43.644+0000] {dagbag.py:588} INFO - Filling up the DagBag from /opt/airflow/dags/countries_dag.py
[2026-09-11T20:00:57.302+0000] {processor.py:186} INFO - Started process (PID=209) to work on /opt/airflow/dags/countries_dag.py
[2026-09-11T20:00:57.304+0000] {processor.py:914} INFO - Processing file /opt/airflow/dags/countries_dag.py for tasks to queue
[2026-09-11T20:00:57.329+0000] {logging_mixin.py:190} INFO - [2026-09-11T20:00:57.328+0000] {dagbag.py:588} INFO - Filling up the DagBag from /opt/airflow/dags/countries_dag.py
[2026-09-11T20:01:01.567+0000] {processor.py:925} INFO - DAG(s) 'countries_ingestion' retrieved from /opt/airflow/dags/countries_dag.py
[2026-09-11T20:01:01.669+0000] {logging_mixin.py:190} INFO - [2026-09-11T20:01:01.668+0000] {dag.py:3239} INFO - Sync 1 DAGs
[2026-09-11T20:01:02.683+0000] {processor.py:208} INFO - Processing /opt/airflow/dags/countries_dag.py took 5.430 seconds
[2026-09-11T20:01:33.793+0000] {processor.py:186} INFO - Started process (PID=244) to work on /opt/airflow/dags/countries_dag.py
[2026-09-11T20:01:33.811+0000] {processor.py:914} INFO - Processing file /opt/airflow/dags/countries_dag.py for tasks to queue
[2026-09-11T20:01:33.843+0000] {logging_mixin.py:190} INFO - [2026-09-11T20:01:33.842+0000] {dagbag.py:588} INFO - Filling up the DagBag from /opt/airflow/dags/countries_dag.py
[2026-09-11T20:01:39.461+0000] {processor.py:925} INFO - DAG(s) 'countries_ingestion' retrieved from /opt/airflow/dags/countries_dag.py
[2026-09-11T20:01:39.603+0000] {logging_mixin.py:190} INFO - [2026-09-11T20:01:39.602+0000] {dag.py:3239} INFO - Sync 1 DAGs
[2026-09-11T20:01:40.422+0000] {processor.py:208} INFO - Processing /opt/airflow/dags/countries_dag.py took 6.667 seconds
[2026-09-11T20:02:11.571+0000] {processor.py:186} INFO - Started process (PID=251) to work on /opt/airflow/dags/countries_dag.py
[2026-09-11T20:02:11.574+0000] {processor.py:914} INFO - Processing file /opt/airflow/dags/countries_dag.py for tasks to queue
[2026-09-11T20:02:11.580+0000] {logging_mixin.py:190} INFO - [2026-09-11T20:02:11.579+0000] {dagbag.py:588} INFO - Filling up the DagBag from /opt/airflow/dags/countries_dag.py
[2026-09-11T20:02:13.804+0000] {processor.py:925} INFO - DAG(s) 'countries_ingestion' retrieved from /opt/airflow/dags/countries_dag.py
[2026-09-11T20:02:14.317+0000] {logging_mixin.py:190} INFO - [2026-09-11T20:02:14.311+0000] {dag.py:3239} INFO - Sync 1 DAGs
[2026-09-11T20:02:14.418+0000] {logging_mixin.py:190} INFO - [2026-09-11T20:02:14.415+0000] {dag.py:4180} INFO - Setting next_dagrun for countries_ingestion to 2026-09-11 20:00:00+00:00, run_after=2026-09-12 00:00:00+00:00
[2026-09-11T20:02:14.503+0000] {processor.py:208} INFO - Processing /opt/airflow/dags/countries_dag.py took 2.958 seconds
[2026-09-11T20:02:45.267+0000] {processor.py:186} INFO - Started process (PID=258) to work on /opt/airflow/dags/countries_dag.py
[2026-09-11T20:02:45.273+0000] {processor.py:914} INFO - Processing file /opt/airflow/dags/countries_dag.py for tasks to queue
[2026-09-11T20:02:45.286+0000] {logging_mixin.py:190} INFO - [2026-09-11T20:02:45.285+0000] {dagbag.py:588} INFO - Filling up the DagBag from /opt/airflow/dags/countries_dag.py
[2026-09-11T20:02:49.746+0000] {processor.py:925} INFO - DAG(s) 'countries_ingestion' retrieved from /opt/airflow/dags/countries_dag.py
[2026-09-11T20:02:49.833+0000] {logging_mixin.py:190} INFO - [2026-09-11T20:02:49.832+0000] {dag.py:3239} INFO - Sync 1 DAGs
[2026-09-11T20:02:49.984+0000] {logging_mixin.py:190} INFO - [2026-09-11T20:02:49.895+0000] {dag.py:4180} INFO - Setting next_dagrun for countries_ingestion to 2026-09-11 20:00:00+00:00, run_after=2026-09-12 00:00:00+00:00
[2026-09-11T20:02:50.113+0000] {processor.py:208} INFO - Processing /opt/airflow/dags/countries_dag.py took 4.879 seconds
[2026-09-11T20:03:20.683+0000] {processor.py:186} INFO - Started process (PID=265) to work on /opt/airflow/dags/countries_dag.py
[2026-09-11T20:03:20.685+0000] {processor.py:914} INFO - Processing file /opt/airflow/dags/countries_dag.py for tasks to queue
[2026-09-11T20:03:20.690+0000] {logging_mixin.py:190} INFO - [2026-09-11T20:03:20.689+0000] {dagbag.py:588} INFO - Filling up the DagBag from /opt/airflow/dags/countries_dag.py
[2026-09-11T20:03:22.339+0000] {processor.py:925} INFO - DAG(s) 'countries_ingestion' retrieved from /opt/airflow/dags/countries_dag.py
[2026-09-11T20:03:22.388+0000] {logging_mixin.py:190} INFO - [2026-09-11T20:03:22.387+0000] {dag.py:3239} INFO - Sync 1 DAGs
[2026-09-11T20:03:22.442+0000] {logging_mixin.py:190} INFO - [2026-09-11T20:03:22.441+0000] {dag.py:4180} INFO - Setting next_dagrun for countries_ingestion to 2026-09-11 20:00:00+00:00, run_after=2026-09-12 00:00:00+00:00
[2026-09-11T20:03:22.495+0000] {processor.py:208} INFO - Processing /opt/airflow/dags/countries_dag.py took 1.824 seconds
[2026-09-11T20:03:53.135+0000] {processor.py:186} INFO - Started process (PID=272) to work on /opt/airflow/dags/countries_dag.py
[2026-09-11T20:03:53.140+0000] {processor.py:914} INFO - Processing file /opt/airflow/dags/countries_dag.py for tasks to queue
[2026-09-11T20:03:53.156+0000] {logging_mixin.py:190} INFO - [2026-09-11T20:03:53.155+0000] {dagbag.py:588} INFO - Filling up the DagBag from /opt/airflow/dags/countries_dag.py
[2026-09-11T20:03:55.303+0000] {processor.py:925} INFO - DAG(s) 'countries_ingestion' retrieved from /opt/airflow/dags/countries_dag.py
[2026-09-11T20:03:55.385+0000] {logging_mixin.py:190} INFO - [2026-09-11T20:03:55.384+0000] {dag.py:3239} INFO - Sync 1 DAGs
[2026-09-11T20:03:55.819+0000] {logging_mixin.py:190} INFO - [2026-09-11T20:03:55.819+0000] {dag.py:4180} INFO - Setting next_dagrun for countries_ingestion to 2026-09-11 20:00:00+00:00, run_after=2026-09-12 00:00:00+00:00
[2026-09-11T20:03:55.857+0000] {processor.py:208} INFO - Processing /opt/airflow/dags/countries_dag.py took 2.762 seconds
[2026-09-11T20:04:26.333+0000] {processor.py:186} INFO - Started process (PID=279) to work on /opt/airflow/dags/countries_dag.py
[2026-09-11T20:04:26.350+0000] {processor.py:914} INFO - Processing file /opt/airflow/dags/countries_dag.py for tasks to queue
[2026-09-11T20:04:26.361+0000] {logging_mixin.py:190} INFO - [2026-09-11T20:04:26.360+0000] {dagbag.py:588} INFO - Filling up the DagBag from /opt/airflow/dags/countries_dag.py
[2026-09-11T20:04:29.127+0000] {processor.py:925} INFO - DAG(s) 'countries_ingestion' retrieved from /opt/airflow/dags/countries_dag.py
[2026-09-11T20:04:29.202+0000] {logging_mixin.py:190} INFO - [2026-09-11T20:04:29.201+0000] {dag.py:3239} INFO - Sync 1 DAGs
[2026-09-11T20:04:29.301+0000] {logging_mixin.py:190} INFO - [2026-09-11T20:04:29.300+0000] {dag.py:4180} INFO - Setting next_dagrun for countries_ingestion to 2026-09-11 20:00:00+00:00, run_after=2026-09-12 00:00:00+00:00
[2026-09-11T20:04:29.357+0000] {processor.py:208} INFO - Processing /opt/airflow/dags/countries_dag.py took 3.064 seconds
[2026-09-11T20:04:59.711+0000] {processor.py:186} INFO - Started process (PID=286) to work on /opt/airflow/dags/countries_dag.py
[2026-09-11T20:04:59.713+0000] {processor.py:914} INFO - Processing file /opt/airflow/dags/countries_dag.py for tasks to queue
[2026-09-11T20:04:59.731+0000] {logging_mixin.py:190} INFO - [2026-09-11T20:04:59.730+0000] {dagbag.py:588} INFO - Filling up the DagBag from /opt/airflow/dags/countries_dag.py
[2026-09-11T20:05:01.727+0000] {processor.py:925} INFO - DAG(s) 'countries_ingestion' retrieved from /opt/airflow/dags/countries_dag.py
[2026-09-11T20:05:02.178+0000] {logging_mixin.py:190} INFO - [2026-09-11T20:05:02.175+0000] {dag.py:3239} INFO - Sync 1 DAGs
[2026-09-11T20:05:02.258+0000] {logging_mixin.py:190} INFO - [2026-09-11T20:05:02.258+0000] {dag.py:4180} INFO - Setting next_dagrun for countries_ingestion to 2026-09-11 20:00:00+00:00, run_after=2026-09-12 00:00:00+00:00
[2026-09-11T20:05:02.308+0000] {processor.py:208} INFO - Processing /opt/airflow/dags/countries_dag.py took 2.612 seconds
[2026-09-11T20:05:32.740+0000] {processor.py:186} INFO - Started process (PID=293) to work on /opt/airflow/dags/countries_dag.py
[2026-09-11T20:05:32.742+0000] {processor.py:914} INFO - Processing file /opt/airflow/dags/countries_dag.py for tasks to queue
[2026-09-11T20:05:32.747+0000] {logging_mixin.py:190} INFO - [2026-09-11T20:05:32.747+0000] {dagbag.py:588} INFO - Filling up the DagBag from /opt/airflow/dags/countries_dag.py
[2026-09-11T20:05:34.947+0000] {processor.py:925} INFO - DAG(s) 'countries_ingestion' retrieved from /opt/airflow/dags/countries_dag.py
[2026-09-11T20:05:35.014+0000] {logging_mixin.py:190} INFO - [2026-09-11T20:05:35.013+0000] {dag.py:3239} INFO - Sync 1 DAGs
[2026-09-11T20:05:35.099+0000] {logging_mixin.py:190} INFO - [2026-09-11T20:05:35.098+0000] {dag.py:4180} INFO - Setting next_dagrun for countries_ingestion to 2026-09-11 20:00:00+00:00, run_after=2026-09-12 00:00:00+00:00
[2026-09-11T20:05:35.176+0000] {processor.py:208} INFO - Processing /opt/airflow/dags/countries_dag.py took 2.450 seconds
[2026-09-11T20:06:05.980+0000] {processor.py:186} INFO - Started process (PID=300) to work on /opt/airflow/dags/countries_dag.py
[2026-09-11T20:06:05.982+0000] {processor.py:914} INFO - Processing file /opt/airflow/dags/countries_dag.py for tasks to queue
[2026-09-11T20:06:05.997+0000] {logging_mixin.py:190} INFO - [2026-09-11T20:06:05.990+0000] {dagbag.py:588} INFO - Filling up the DagBag from /opt/airflow/dags/countries_dag.py
[2026-09-11T20:06:07.615+0000] {processor.py:925} INFO - DAG(s) 'countries_ingestion' retrieved from /opt/airflow/dags/countries_dag.py
[2026-09-11T20:06:07.677+0000] {logging_mixin.py:190} INFO - [2026-09-11T20:06:07.676+0000] {dag.py:3239} INFO - Sync 1 DAGs
[2026-09-11T20:06:07.757+0000] {logging_mixin.py:190} INFO - [2026-09-11T20:06:07.757+0000] {dag.py:4180} INFO - Setting next_dagrun for countries_ingestion to 2026-09-11 20:00:00+00:00, run_after=2026-09-12 00:00:00+00:00
[2026-09-11T20:06:07.812+0000] {processor.py:208} INFO - Processing /opt/airflow/dags/countries_dag.py took 1.851 seconds
[2026-09-11T20:06:38.381+0000] {processor.py:186} INFO - Started process (PID=307) to work on /opt/airflow/dags/countries_dag.py
[2026-09-11T20:06:38.383+0000] {processor.py:914} INFO - Processing file /opt/airflow/dags/countries_dag.py for tasks to queue
[2026-09-11T20:06:38.387+0000] {logging_mixin.py:190} INFO - [2026-09-11T20:06:38.387+0000] {dagbag.py:588} INFO - Filling up the DagBag from /opt/airflow/dags/countries_dag.py
[2026-09-11T20:06:39.992+0000] {processor.py:925} INFO - DAG(s) 'countries_ingestion' retrieved from /opt/airflow/dags/countries_dag.py
[2026-09-11T20:06:40.065+0000] {logging_mixin.py:190} INFO - [2026-09-11T20:06:40.064+0000] {dag.py:3239} INFO - Sync 1 DAGs
[2026-09-11T20:06:40.122+0000] {logging_mixin.py:190} INFO - [2026-09-11T20:06:40.122+0000] {dag.py:4180} INFO - Setting next_dagrun for countries_ingestion to 2026-09-11 20:00:00+00:00, run_after=2026-09-12 00:00:00+00:00
[2026-09-11T20:06:40.431+0000] {processor.py:208} INFO - Processing /opt/airflow/dags/countries_dag.py took 2.060 seconds
[2026-09-11T20:07:10.796+0000] {processor.py:186} INFO - Started process (PID=314) to work on /opt/airflow/dags/countries_dag.py
[2026-09-11T20:07:10.798+0000] {processor.py:914} INFO - Processing file /opt/airflow/dags/countries_dag.py for tasks to queue
[2026-09-11T20:07:10.803+0000] {logging_mixin.py:190} INFO - [2026-09-11T20:07:10.802+0000] {dagbag.py:588} INFO - Filling up the DagBag from /opt/airflow/dags/countries_dag.py
[2026-09-11T20:07:12.404+0000] {processor.py:925} INFO - DAG(s) 'countries_ingestion' retrieved from /opt/airflow/dags/countries_dag.py
[2026-09-11T20:07:12.477+0000] {logging_mixin.py:190} INFO - [2026-09-11T20:07:12.476+0000] {dag.py:3239} INFO - Sync 1 DAGs
[2026-09-11T20:07:13.302+0000] {logging_mixin.py:190} INFO - [2026-09-11T20:07:13.302+0000] {dag.py:4180} INFO - Setting next_dagrun for countries_ingestion to 2026-09-11 20:00:00+00:00, run_after=2026-09-12 00:00:00+00:00
[2026-09-11T20:07:13.365+0000] {processor.py:208} INFO - Processing /opt/airflow/dags/countries_dag.py took 2.579 seconds
[2026-09-11T20:07:43.846+0000] {processor.py:186} INFO - Started process (PID=321) to work on /opt/airflow/dags/countries_dag.py
[2026-09-11T20:07:43.860+0000] {processor.py:914} INFO - Processing file /opt/airflow/dags/countries_dag.py for tasks to queue
[2026-09-11T20:07:43.883+0000] {logging_mixin.py:190} INFO - [2026-09-11T20:07:43.882+0000] {dagbag.py:588} INFO - Filling up the DagBag from /opt/airflow/dags/countries_dag.py
[2026-09-11T20:07:45.777+0000] {processor.py:925} INFO - DAG(s) 'countries_ingestion' retrieved from /opt/airflow/dags/countries_dag.py
[2026-09-11T20:07:45.841+0000] {logging_mixin.py:190} INFO - [2026-09-11T20:07:45.840+0000] {dag.py:3239} INFO - Sync 1 DAGs
[2026-09-11T20:07:46.271+0000] {logging_mixin.py:190} INFO - [2026-09-11T20:07:46.271+0000] {dag.py:4180} INFO - Setting next_dagrun for countries_ingestion to 2026-09-11 20:00:00+00:00, run_after=2026-09-12 00:00:00+00:00
[2026-09-11T20:07:46.304+0000] {processor.py:208} INFO - Processing /opt/airflow/dags/countries_dag.py took 2.575 seconds
[2026-09-11T20:08:16.702+0000] {processor.py:186} INFO - Started process (PID=328) to work on /opt/airflow/dags/countries_dag.py
[2026-09-11T20:08:16.716+0000] {processor.py:914} INFO - Processing file /opt/airflow/dags/countries_dag.py for tasks to queue
[2026-09-11T20:08:16.728+0000] {logging_mixin.py:190} INFO - [2026-09-11T20:08:16.728+0000] {dagbag.py:588} INFO - Filling up the DagBag from /opt/airflow/dags/countries_dag.py
[2026-09-11T20:08:20.039+0000] {processor.py:925} INFO - DAG(s) 'countries_ingestion' retrieved from /opt/airflow/dags/countries_dag.py
[2026-09-11T20:08:20.945+0000] {logging_mixin.py:190} INFO - [2026-09-11T20:08:20.935+0000] {dag.py:3239} INFO - Sync 1 DAGs
[2026-09-11T20:08:21.098+0000] {logging_mixin.py:190} INFO - [2026-09-11T20:08:21.097+0000] {dag.py:4180} INFO - Setting next_dagrun for countries_ingestion to 2026-09-11 20:00:00+00:00, run_after=2026-09-12 00:00:00+00:00
[2026-09-11T20:08:21.185+0000] {processor.py:208} INFO - Processing /opt/airflow/dags/countries_dag.py took 4.506 seconds
[2026-09-11T20:08:51.639+0000] {processor.py:186} INFO - Started process (PID=335) to work on /opt/airflow/dags/countries_dag.py
[2026-09-11T20:08:51.642+0000] {processor.py:914} INFO - Processing file /opt/airflow/dags/countries_dag.py for tasks to queue
[2026-09-11T20:08:51.653+0000] {logging_mixin.py:190} INFO - [2026-09-11T20:08:51.652+0000] {dagbag.py:588} INFO - Filling up the DagBag from /opt/airflow/dags/countries_dag.py
[2026-09-11T20:08:53.496+0000] {processor.py:925} INFO - DAG(s) 'countries_ingestion' retrieved from /opt/airflow/dags/countries_dag.py
[2026-09-11T20:08:53.558+0000] {logging_mixin.py:190} INFO - [2026-09-11T20:08:53.557+0000] {dag.py:3239} INFO - Sync 1 DAGs
[2026-09-11T20:08:53.635+0000] {logging_mixin.py:190} INFO - [2026-09-11T20:08:53.634+0000] {dag.py:4180} INFO - Setting next_dagrun for countries_ingestion to 2026-09-11 20:00:00+00:00, run_after=2026-09-12 00:00:00+00:00
[2026-09-11T20:08:53.691+0000] {processor.py:208} INFO - Processing /opt/airflow/dags/countries_dag.py took 2.081 seconds
[2026-09-11T20:09:24.048+0000] {processor.py:186} INFO - Started process (PID=342) to work on /opt/airflow/dags/countries_dag.py
[2026-09-11T20:09:24.054+0000] {processor.py:914} INFO - Processing file /opt/airflow/dags/countries_dag.py for tasks to queue
[2026-09-11T20:09:24.060+0000] {logging_mixin.py:190} INFO - [2026-09-11T20:09:24.059+0000] {dagbag.py:588} INFO - Filling up the DagBag from /opt/airflow/dags/countries_dag.py
[2026-09-11T20:09:25.674+0000] {processor.py:925} INFO - DAG(s) 'countries_ingestion' retrieved from /opt/airflow/dags/countries_dag.py
[2026-09-11T20:09:25.725+0000] {logging_mixin.py:190} INFO - [2026-09-11T20:09:25.725+0000] {dag.py:3239} INFO - Sync 1 DAGs
[2026-09-11T20:09:25.770+0000] {logging_mixin.py:190} INFO - [2026-09-11T20:09:25.769+0000] {dag.py:4180} INFO - Setting next_dagrun for countries_ingestion to 2026-09-11 20:00:00+00:00, run_after=2026-09-12 00:00:00+00:00
[2026-09-11T20:09:26.092+0000] {processor.py:208} INFO - Processing /opt/airflow/dags/countries_dag.py took 2.059 seconds
[2026-09-11T20:09:56.465+0000] {processor.py:186} INFO - Started process (PID=349) to work on /opt/airflow/dags/countries_dag.py
[2026-09-11T20:09:56.468+0000] {processor.py:914} INFO - Processing file /opt/airflow/dags/countries_dag.py for tasks to queue
[2026-09-11T20:09:56.477+0000] {logging_mixin.py:190} INFO - [2026-09-11T20:09:56.476+0000] {dagbag.py:588} INFO - Filling up the DagBag from /opt/airflow/dags/countries_dag.py
[2026-09-11T20:09:58.009+0000] {processor.py:925} INFO - DAG(s) 'countries_ingestion' retrieved from /opt/airflow/dags/countries_dag.py
[2026-09-11T20:09:58.063+0000] {logging_mixin.py:190} INFO - [2026-09-11T20:09:58.063+0000] {dag.py:3239} INFO - Sync 1 DAGs
[2026-09-11T20:09:58.598+0000] {logging_mixin.py:190} INFO - [2026-09-11T20:09:58.597+0000] {dag.py:4180} INFO - Setting next_dagrun for countries_ingestion to 2026-09-11 20:00:00+00:00, run_after=2026-09-12 00:00:00+00:00
[2026-09-11T20:09:58.685+0000] {processor.py:208} INFO - Processing /opt/airflow/dags/countries_dag.py took 2.239 seconds
[2026-09-11T20:10:28.985+0000] {processor.py:186} INFO - Started process (PID=356) to work on /opt/airflow/dags/countries_dag.py
[2026-09-11T20:10:28.986+0000] {processor.py:914} INFO - Processing file /opt/airflow/dags/countries_dag.py for tasks to queue
[2026-09-11T20:10:28.990+0000] {logging_mixin.py:190} INFO - [2026-09-11T20:10:28.989+0000] {dagbag.py:588} INFO - Filling up the DagBag from /opt/airflow/dags/countries_dag.py
[2026-09-11T20:10:30.612+0000] {processor.py:925} INFO - DAG(s) 'countries_ingestion' retrieved from /opt/airflow/dags/countries_dag.py
[2026-09-11T20:10:30.654+0000] {logging_mixin.py:190} INFO - [2026-09-11T20:10:30.653+0000] {dag.py:3239} INFO - Sync 1 DAGs
[2026-09-11T20:10:30.944+0000] {logging_mixin.py:190} INFO - [2026-09-11T20:10:30.943+0000] {dag.py:4180} INFO - Setting next_dagrun for countries_ingestion to 2026-09-11 20:00:00+00:00, run_after=2026-09-12 00:00:00+00:00
[2026-09-11T20:10:30.976+0000] {processor.py:208} INFO - Processing /opt/airflow/dags/countries_dag.py took 1.999 seconds
[2026-09-11T20:11:01.454+0000] {processor.py:186} INFO - Started process (PID=363) to work on /opt/airflow/dags/countries_dag.py
[2026-09-11T20:11:01.456+0000] {processor.py:914} INFO - Processing file /opt/airflow/dags/countries_dag.py for tasks to queue
[2026-09-11T20:11:01.461+0000] {logging_mixin.py:190} INFO - [2026-09-11T20:11:01.460+0000] {dagbag.py:588} INFO - Filling up the DagBag from /opt/airflow/dags/countries_dag.py
[2026-09-11T20:11:03.153+0000] {processor.py:925} INFO - DAG(s) 'countries_ingestion' retrieved from /opt/airflow/dags/countries_dag.py
[2026-09-11T20:11:03.430+0000] {logging_mixin.py:190} INFO - [2026-09-11T20:11:03.429+0000] {dag.py:3239} INFO - Sync 1 DAGs
[2026-09-11T20:11:03.469+0000] {logging_mixin.py:190} INFO - [2026-09-11T20:11:03.469+0000] {dag.py:4180} INFO - Setting next_dagrun for countries_ingestion to 2026-09-11 20:00:00+00:00, run_after=2026-09-12 00:00:00+00:00
[2026-09-11T20:11:03.512+0000] {processor.py:208} INFO - Processing /opt/airflow/dags/countries_dag.py took 2.067 seconds
[2026-09-11T20:11:34.203+0000] {processor.py:186} INFO - Started process (PID=370) to work on /opt/airflow/dags/countries_dag.py
[2026-09-11T20:11:34.210+0000] {processor.py:914} INFO - Processing file /opt/airflow/dags/countries_dag.py for tasks to queue
[2026-09-11T20:11:34.218+0000] {logging_mixin.py:190} INFO - [2026-09-11T20:11:34.218+0000] {dagbag.py:588} INFO - Filling up the DagBag from /opt/airflow/dags/countries_dag.py
[2026-09-11T20:11:36.672+0000] {processor.py:925} INFO - DAG(s) 'countries_ingestion' retrieved from /opt/airflow/dags/countries_dag.py
[2026-09-11T20:11:36.714+0000] {logging_mixin.py:190} INFO - [2026-09-11T20:11:36.713+0000] {dag.py:3239} INFO - Sync 1 DAGs
[2026-09-11T20:11:36.757+0000] {logging_mixin.py:190} INFO - [2026-09-11T20:11:36.756+0000] {dag.py:4180} INFO - Setting next_dagrun for countries_ingestion to 2026-09-11 20:00:00+00:00, run_after=2026-09-12 00:00:00+00:00
[2026-09-11T20:11:36.803+0000] {processor.py:208} INFO - Processing /opt/airflow/dags/countries_dag.py took 2.633 seconds
[2026-09-11T20:12:07.285+0000] {processor.py:186} INFO - Started process (PID=377) to work on /opt/airflow/dags/countries_dag.py
[2026-09-11T20:12:07.291+0000] {processor.py:914} INFO - Processing file /opt/airflow/dags/countries_dag.py for tasks to queue
[2026-09-11T20:12:07.298+0000] {logging_mixin.py:190} INFO - [2026-09-11T20:12:07.297+0000] {dagbag.py:588} INFO - Filling up the DagBag from /opt/airflow/dags/countries_dag.py
[2026-09-11T20:12:10.965+0000] {processor.py:925} INFO - DAG(s) 'countries_ingestion' retrieved from /opt/airflow/dags/countries_dag.py
[2026-09-11T20:12:11.023+0000] {logging_mixin.py:190} INFO - [2026-09-11T20:12:11.022+0000] {dag.py:3239} INFO - Sync 1 DAGs
[2026-09-11T20:12:11.069+0000] {logging_mixin.py:190} INFO - [2026-09-11T20:12:11.069+0000] {dag.py:4180} INFO - Setting next_dagrun for countries_ingestion to 2026-09-11 20:00:00+00:00, run_after=2026-09-12 00:00:00+00:00
[2026-09-11T20:12:11.103+0000] {processor.py:208} INFO - Processing /opt/airflow/dags/countries_dag.py took 3.835 seconds
[2026-09-11T20:12:41.602+0000] {processor.py:186} INFO - Started process (PID=384) to work on /opt/airflow/dags/countries_dag.py
[2026-09-11T20:12:41.605+0000] {processor.py:914} INFO - Processing file /opt/airflow/dags/countries_dag.py for tasks to queue
[2026-09-11T20:12:41.619+0000] {logging_mixin.py:190} INFO - [2026-09-11T20:12:41.618+0000] {dagbag.py:588} INFO - Filling up the DagBag from /opt/airflow/dags/countries_dag.py
[2026-09-11T20:12:44.323+0000] {processor.py:925} INFO - DAG(s) 'countries_ingestion' retrieved from /opt/airflow/dags/countries_dag.py
[2026-09-11T20:12:44.458+0000] {logging_mixin.py:190} INFO - [2026-09-11T20:12:44.457+0000] {dag.py:3239} INFO - Sync 1 DAGs
[2026-09-11T20:12:45.166+0000] {logging_mixin.py:190} INFO - [2026-09-11T20:12:45.160+0000] {dag.py:4180} INFO - Setting next_dagrun for countries_ingestion to 2026-09-11 20:00:00+00:00, run_after=2026-09-12 00:00:00+00:00
[2026-09-11T20:12:45.224+0000] {processor.py:208} INFO - Processing /opt/airflow/dags/countries_dag.py took 3.640 seconds
[2026-09-11T20:13:15.626+0000] {processor.py:186} INFO - Started process (PID=391) to work on /opt/airflow/dags/countries_dag.py
[2026-09-11T20:13:15.628+0000] {processor.py:914} INFO - Processing file /opt/airflow/dags/countries_dag.py for tasks to queue
[2026-09-11T20:13:15.633+0000] {logging_mixin.py:190} INFO - [2026-09-11T20:13:15.632+0000] {dagbag.py:588} INFO - Filling up the DagBag from /opt/airflow/dags/countries_dag.py
[2026-09-11T20:13:17.546+0000] {processor.py:925} INFO - DAG(s) 'countries_ingestion' retrieved from /opt/airflow/dags/countries_dag.py
[2026-09-11T20:13:17.606+0000] {logging_mixin.py:190} INFO - [2026-09-11T20:13:17.605+0000] {dag.py:3239} INFO - Sync 1 DAGs
[2026-09-11T20:13:17.664+0000] {logging_mixin.py:190} INFO - [2026-09-11T20:13:17.663+0000] {dag.py:4180} INFO - Setting next_dagrun for countries_ingestion to 2026-09-11 20:00:00+00:00, run_after=2026-09-12 00:00:00+00:00
[2026-09-11T20:13:17.707+0000] {processor.py:208} INFO - Processing /opt/airflow/dags/countries_dag.py took 2.091 seconds
[2026-09-11T20:13:48.351+0000] {processor.py:186} INFO - Started process (PID=398) to work on /opt/airflow/dags/countries_dag.py
[2026-09-11T20:13:48.355+0000] {processor.py:914} INFO - Processing file /opt/airflow/dags/countries_dag.py for tasks to queue
[2026-09-11T20:13:48.381+0000] {logging_mixin.py:190} INFO - [2026-09-11T20:13:48.381+0000] {dagbag.py:588} INFO - Filling up the DagBag from /opt/airflow/dags/countries_dag.py
[2026-09-11T20:13:51.955+0000] {processor.py:925} INFO - DAG(s) 'countries_ingestion' retrieved from /opt/airflow/dags/countries_dag.py
[2026-09-11T20:13:52.049+0000] {logging_mixin.py:190} INFO - [2026-09-11T20:13:52.048+0000] {dag.py:3239} INFO - Sync 1 DAGs
[2026-09-11T20:13:52.577+0000] {logging_mixin.py:190} INFO - [2026-09-11T20:13:52.576+0000] {dag.py:4180} INFO - Setting next_dagrun for countries_ingestion to 2026-09-11 20:00:00+00:00, run_after=2026-09-12 00:00:00+00:00
[2026-09-11T20:13:52.640+0000] {processor.py:208} INFO - Processing /opt/airflow/dags/countries_dag.py took 4.328 seconds
[2026-09-11T20:14:22.871+0000] {processor.py:186} INFO - Started process (PID=405) to work on /opt/airflow/dags/countries_dag.py
[2026-09-11T20:14:22.873+0000] {processor.py:914} INFO - Processing file /opt/airflow/dags/countries_dag.py for tasks to queue
[2026-09-11T20:14:22.877+0000] {logging_mixin.py:190} INFO - [2026-09-11T20:14:22.877+0000] {dagbag.py:588} INFO - Filling up the DagBag from /opt/airflow/dags/countries_dag.py
[2026-09-11T20:14:24.760+0000] {processor.py:925} INFO - DAG(s) 'countries_ingestion' retrieved from /opt/airflow/dags/countries_dag.py
[2026-09-11T20:14:24.854+0000] {logging_mixin.py:190} INFO - [2026-09-11T20:14:24.853+0000] {dag.py:3239} INFO - Sync 1 DAGs
[2026-09-11T20:14:24.923+0000] {logging_mixin.py:190} INFO - [2026-09-11T20:14:24.922+0000] {dag.py:4180} INFO - Setting next_dagrun for countries_ingestion to 2026-09-11 20:00:00+00:00, run_after=2026-09-12 00:00:00+00:00
[2026-09-11T20:14:24.986+0000] {processor.py:208} INFO - Processing /opt/airflow/dags/countries_dag.py took 2.130 seconds
[2026-09-11T20:14:55.239+0000] {processor.py:186} INFO - Started process (PID=412) to work on /opt/airflow/dags/countries_dag.py
[2026-09-11T20:14:55.241+0000] {processor.py:914} INFO - Processing file /opt/airflow/dags/countries_dag.py for tasks to queue
[2026-09-11T20:14:55.247+0000] {logging_mixin.py:190} INFO - [2026-09-11T20:14:55.246+0000] {dagbag.py:588} INFO - Filling up the DagBag from /opt/airflow/dags/countries_dag.py
[2026-09-11T20:14:57.332+0000] {processor.py:925} INFO - DAG(s) 'countries_ingestion' retrieved from /opt/airflow/dags/countries_dag.py
[2026-09-11T20:14:57.384+0000] {logging_mixin.py:190} INFO - [2026-09-11T20:14:57.383+0000] {dag.py:3239} INFO - Sync 1 DAGs
[2026-09-11T20:14:57.432+0000] {logging_mixin.py:190} INFO - [2026-09-11T20:14:57.432+0000] {dag.py:4180} INFO - Setting next_dagrun for countries_ingestion to 2026-09-11 20:00:00+00:00, run_after=2026-09-12 00:00:00+00:00
[2026-09-11T20:14:57.471+0000] {processor.py:208} INFO - Processing /opt/airflow/dags/countries_dag.py took 2.248 seconds
[2026-09-11T20:15:27.751+0000] {processor.py:186} INFO - Started process (PID=419) to work on /opt/airflow/dags/countries_dag.py
[2026-09-11T20:15:27.753+0000] {processor.py:914} INFO - Processing file /opt/airflow/dags/countries_dag.py for tasks to queue
[2026-09-11T20:15:27.759+0000] {logging_mixin.py:190} INFO - [2026-09-11T20:15:27.757+0000] {dagbag.py:588} INFO - Filling up the DagBag from /opt/airflow/dags/countries_dag.py
[2026-09-11T20:15:30.015+0000] {processor.py:925} INFO - DAG(s) 'countries_ingestion' retrieved from /opt/airflow/dags/countries_dag.py
[2026-09-11T20:15:30.062+0000] {logging_mixin.py:190} INFO - [2026-09-11T20:15:30.061+0000] {dag.py:3239} INFO - Sync 1 DAGs
[2026-09-11T20:15:30.114+0000] {logging_mixin.py:190} INFO - [2026-09-11T20:15:30.114+0000] {dag.py:4180} INFO - Setting next_dagrun for countries_ingestion to 2026-09-11 20:00:00+00:00, run_after=2026-09-12 00:00:00+00:00
[2026-09-11T20:15:30.171+0000] {processor.py:208} INFO - Processing /opt/airflow/dags/countries_dag.py took 2.432 seconds
[2026-09-11T20:16:00.699+0000] {processor.py:186} INFO - Started process (PID=426) to work on /opt/airflow/dags/countries_dag.py
[2026-09-11T20:16:00.701+0000] {processor.py:914} INFO - Processing file /opt/airflow/dags/countries_dag.py for tasks to queue
[2026-09-11T20:16:00.706+0000] {logging_mixin.py:190} INFO - [2026-09-11T20:16:00.706+0000] {dagbag.py:588} INFO - Filling up the DagBag from /opt/airflow/dags/countries_dag.py
[2026-09-11T20:16:02.574+0000] {processor.py:925} INFO - DAG(s) 'countries_ingestion' retrieved from /opt/airflow/dags/countries_dag.py
[2026-09-11T20:16:02.612+0000] {logging_mixin.py:190} INFO - [2026-09-11T20:16:02.611+0000] {dag.py:3239} INFO - Sync 1 DAGs
[2026-09-11T20:16:02.682+0000] {logging_mixin.py:190} INFO - [2026-09-11T20:16:02.681+0000] {dag.py:4180} INFO - Setting next_dagrun for countries_ingestion to 2026-09-11 20:00:00+00:00, run_after=2026-09-12 00:00:00+00:00
[2026-09-11T20:16:02.718+0000] {processor.py:208} INFO - Processing /opt/airflow/dags/countries_dag.py took 2.031 seconds
[2026-09-11T20:16:33.043+0000] {processor.py:186} INFO - Started process (PID=433) to work on /opt/airflow/dags/countries_dag.py
[2026-09-11T20:16:33.045+0000] {processor.py:914} INFO - Processing file /opt/airflow/dags/countries_dag.py for tasks to queue
[2026-09-11T20:16:33.049+0000] {logging_mixin.py:190} INFO - [2026-09-11T20:16:33.048+0000] {dagbag.py:588} INFO - Filling up the DagBag from /opt/airflow/dags/countries_dag.py
[2026-09-11T20:16:35.118+0000] {processor.py:925} INFO - DAG(s) 'countries_ingestion' retrieved from /opt/airflow/dags/countries_dag.py
[2026-09-11T20:16:35.241+0000] {logging_mixin.py:190} INFO - [2026-09-11T20:16:35.240+0000] {dag.py:3239} INFO - Sync 1 DAGs
[2026-09-11T20:16:35.721+0000] {logging_mixin.py:190} INFO - [2026-09-11T20:16:35.721+0000] {dag.py:4180} INFO - Setting next_dagrun for countries_ingestion to 2026-09-11 20:00:00+00:00, run_after=2026-09-12 00:00:00+00:00
[2026-09-11T20:16:35.796+0000] {processor.py:208} INFO - Processing /opt/airflow/dags/countries_dag.py took 2.767 seconds
[2026-09-11T20:17:06.611+0000] {processor.py:186} INFO - Started process (PID=440) to work on /opt/airflow/dags/countries_dag.py
[2026-09-11T20:17:06.613+0000] {processor.py:914} INFO - Processing file /opt/airflow/dags/countries_dag.py for tasks to queue
[2026-09-11T20:17:06.619+0000] {logging_mixin.py:190} INFO - [2026-09-11T20:17:06.618+0000] {dagbag.py:588} INFO - Filling up the DagBag from /opt/airflow/dags/countries_dag.py
[2026-09-11T20:17:08.014+0000] {processor.py:925} INFO - DAG(s) 'countries_ingestion' retrieved from /opt/airflow/dags/countries_dag.py
[2026-09-11T20:17:08.361+0000] {logging_mixin.py:190} INFO - [2026-09-11T20:17:08.360+0000] {dag.py:3239} INFO - Sync 1 DAGs
[2026-09-11T20:17:08.415+0000] {logging_mixin.py:190} INFO - [2026-09-11T20:17:08.415+0000] {dag.py:4180} INFO - Setting next_dagrun for countries_ingestion to 2026-09-11 20:00:00+00:00, run_after=2026-09-12 00:00:00+00:00
[2026-09-11T20:17:08.449+0000] {processor.py:208} INFO - Processing /opt/airflow/dags/countries_dag.py took 1.855 seconds
[2026-09-11T20:17:38.975+0000] {processor.py:186} INFO - Started process (PID=447) to work on /opt/airflow/dags/countries_dag.py
[2026-09-11T20:17:38.978+0000] {processor.py:914} INFO - Processing file /opt/airflow/dags/countries_dag.py for tasks to queue
[2026-09-11T20:17:38.982+0000] {logging_mixin.py:190} INFO - [2026-09-11T20:17:38.982+0000] {dagbag.py:588} INFO - Filling up the DagBag from /opt/airflow/dags/countries_dag.py
[2026-09-11T20:17:40.852+0000] {processor.py:925} INFO - DAG(s) 'countries_ingestion' retrieved from /opt/airflow/dags/countries_dag.py
[2026-09-11T20:17:40.884+0000] {logging_mixin.py:190} INFO - [2026-09-11T20:17:40.883+0000] {dag.py:3239} INFO - Sync 1 DAGs
[2026-09-11T20:17:40.924+0000] {logging_mixin.py:190} INFO - [2026-09-11T20:17:40.924+0000] {dag.py:4180} INFO - Setting next_dagrun for countries_ingestion to 2026-09-11 20:00:00+00:00, run_after=2026-09-12 00:00:00+00:00
[2026-09-11T20:17:40.965+0000] {processor.py:208} INFO - Processing /opt/airflow/dags/countries_dag.py took 2.006 seconds
[2026-09-11T20:18:11.311+0000] {processor.py:186} INFO - Started process (PID=454) to work on /opt/airflow/dags/countries_dag.py
[2026-09-11T20:18:11.312+0000] {processor.py:914} INFO - Processing file /opt/airflow/dags/countries_dag.py for tasks to queue
[2026-09-11T20:18:11.317+0000] {logging_mixin.py:190} INFO - [2026-09-11T20:18:11.316+0000] {dagbag.py:588} INFO - Filling up the DagBag from /opt/airflow/dags/countries_dag.py
[2026-09-11T20:18:13.056+0000] {processor.py:925} INFO - DAG(s) 'countries_ingestion' retrieved from /opt/airflow/dags/countries_dag.py
[2026-09-11T20:18:13.096+0000] {logging_mixin.py:190} INFO - [2026-09-11T20:18:13.095+0000] {dag.py:3239} INFO - Sync 1 DAGs
[2026-09-11T20:18:13.142+0000] {logging_mixin.py:190} INFO - [2026-09-11T20:18:13.142+0000] {dag.py:4180} INFO - Setting next_dagrun for countries_ingestion to 2026-09-11 20:00:00+00:00, run_after=2026-09-12 00:00:00+00:00
[2026-09-11T20:18:13.172+0000] {processor.py:208} INFO - Processing /opt/airflow/dags/countries_dag.py took 1.870 seconds
[2026-09-11T20:18:43.633+0000] {processor.py:186} INFO - Started process (PID=461) to work on /opt/airflow/dags/countries_dag.py
[2026-09-11T20:18:43.635+0000] {processor.py:914} INFO - Processing file /opt/airflow/dags/countries_dag.py for tasks to queue
[2026-09-11T20:18:43.638+0000] {logging_mixin.py:190} INFO - [2026-09-11T20:18:43.638+0000] {dagbag.py:588} INFO - Filling up the DagBag from /opt/airflow/dags/countries_dag.py
[2026-09-11T20:18:45.731+0000] {processor.py:925} INFO - DAG(s) 'countries_ingestion' retrieved from /opt/airflow/dags/countries_dag.py
[2026-09-11T20:18:45.789+0000] {logging_mixin.py:190} INFO - [2026-09-11T20:18:45.788+0000] {dag.py:3239} INFO - Sync 1 DAGs
[2026-09-11T20:18:45.846+0000] {logging_mixin.py:190} INFO - [2026-09-11T20:18:45.845+0000] {dag.py:4180} INFO - Setting next_dagrun for countries_ingestion to 2026-09-11 20:00:00+00:00, run_after=2026-09-12 00:00:00+00:00
[2026-09-11T20:18:45.887+0000] {processor.py:208} INFO - Processing /opt/airflow/dags/countries_dag.py took 2.261 seconds
[2026-09-11T20:19:16.100+0000] {processor.py:186} INFO - Started process (PID=468) to work on /opt/airflow/dags/countries_dag.py
[2026-09-11T20:19:16.102+0000] {processor.py:914} INFO - Processing file /opt/airflow/dags/countries_dag.py for tasks to queue
[2026-09-11T20:19:16.108+0000] {logging_mixin.py:190} INFO - [2026-09-11T20:19:16.107+0000] {dagbag.py:588} INFO - Filling up the DagBag from /opt/airflow/dags/countries_dag.py
[2026-09-11T20:19:17.438+0000] {processor.py:925} INFO - DAG(s) 'countries_ingestion' retrieved from /opt/airflow/dags/countries_dag.py
[2026-09-11T20:19:17.487+0000] {logging_mixin.py:190} INFO - [2026-09-11T20:19:17.486+0000] {dag.py:3239} INFO - Sync 1 DAGs
[2026-09-11T20:19:17.767+0000] {logging_mixin.py:190} INFO - [2026-09-11T20:19:17.766+0000] {dag.py:4180} INFO - Setting next_dagrun for countries_ingestion to 2026-09-11 20:00:00+00:00, run_after=2026-09-12 00:00:00+00:00
[2026-09-11T20:19:17.848+0000] {processor.py:208} INFO - Processing /opt/airflow/dags/countries_dag.py took 1.762 seconds
[2026-09-11T20:19:48.336+0000] {processor.py:186} INFO - Started process (PID=475) to work on /opt/airflow/dags/countries_dag.py
[2026-09-11T20:19:48.338+0000] {processor.py:914} INFO - Processing file /opt/airflow/dags/countries_dag.py for tasks to queue
[2026-09-11T20:19:48.343+0000] {logging_mixin.py:190} INFO - [2026-09-11T20:19:48.342+0000] {dagbag.py:588} INFO - Filling up the DagBag from /opt/airflow/dags/countries_dag.py
[2026-09-11T20:19:50.264+0000] {processor.py:925} INFO - DAG(s) 'countries_ingestion' retrieved from /opt/airflow/dags/countries_dag.py
[2026-09-11T20:19:50.506+0000] {logging_mixin.py:190} INFO - [2026-09-11T20:19:50.506+0000] {dag.py:3239} INFO - Sync 1 DAGs
[2026-09-11T20:19:50.550+0000] {logging_mixin.py:190} INFO - [2026-09-11T20:19:50.549+0000] {dag.py:4180} INFO - Setting next_dagrun for countries_ingestion to 2026-09-11 20:00:00+00:00, run_after=2026-09-12 00:00:00+00:00
[2026-09-11T20:19:50.578+0000] {processor.py:208} INFO - Processing /opt/airflow/dags/countries_dag.py took 2.264 seconds
[2026-09-11T20:20:20.999+0000] {processor.py:186} INFO - Started process (PID=482) to work on /opt/airflow/dags/countries_dag.py
[2026-09-11T20:20:21.002+0000] {processor.py:914} INFO - Processing file /opt/airflow/dags/countries_dag.py for tasks to queue
[2026-09-11T20:20:21.017+0000] {logging_mixin.py:190} INFO - [2026-09-11T20:20:21.016+0000] {dagbag.py:588} INFO - Filling up the DagBag from /opt/airflow/dags/countries_dag.py
[2026-09-11T20:20:23.782+0000] {processor.py:925} INFO - DAG(s) 'countries_ingestion' retrieved from /opt/airflow/dags/countries_dag.py
[2026-09-11T20:20:23.853+0000] {logging_mixin.py:190} INFO - [2026-09-11T20:20:23.853+0000] {dag.py:3239} INFO - Sync 1 DAGs
[2026-09-11T20:20:23.912+0000] {logging_mixin.py:190} INFO - [2026-09-11T20:20:23.912+0000] {dag.py:4180} INFO - Setting next_dagrun for countries_ingestion to 2026-09-11 20:00:00+00:00, run_after=2026-09-12 00:00:00+00:00
[2026-09-11T20:20:23.954+0000] {processor.py:208} INFO - Processing /opt/airflow/dags/countries_dag.py took 2.972 seconds
[2026-09-11T20:20:54.726+0000] {processor.py:186} INFO - Started process (PID=489) to work on /opt/airflow/dags/countries_dag.py
[2026-09-11T20:20:54.734+0000] {processor.py:914} INFO - Processing file /opt/airflow/dags/countries_dag.py for tasks to queue
[2026-09-11T20:20:54.748+0000] {logging_mixin.py:190} INFO - [2026-09-11T20:20:54.747+0000] {dagbag.py:588} INFO - Filling up the DagBag from /opt/airflow/dags/countries_dag.py
[2026-09-11T20:20:57.814+0000] {processor.py:925} INFO - DAG(s) 'countries_ingestion' retrieved from /opt/airflow/dags/countries_dag.py
[2026-09-11T20:20:57.917+0000] {logging_mixin.py:190} INFO - [2026-09-11T20:20:57.916+0000] {dag.py:3239} INFO - Sync 1 DAGs
[2026-09-11T20:20:58.016+0000] {logging_mixin.py:190} INFO - [2026-09-11T20:20:58.015+0000] {dag.py:4180} INFO - Setting next_dagrun for countries_ingestion to 2026-09-11 20:00:00+00:00, run_after=2026-09-12 00:00:00+00:00
[2026-09-11T20:20:58.082+0000] {processor.py:208} INFO - Processing /opt/airflow/dags/countries_dag.py took 3.389 seconds
[2026-09-11T20:21:28.508+0000] {processor.py:186} INFO - Started process (PID=496) to work on /opt/airflow/dags/countries_dag.py
[2026-09-11T20:21:28.509+0000] {processor.py:914} INFO - Processing file /opt/airflow/dags/countries_dag.py for tasks to queue
[2026-09-11T20:21:28.513+0000] {logging_mixin.py:190} INFO - [2026-09-11T20:21:28.513+0000] {dagbag.py:588} INFO - Filling up the DagBag from /opt/airflow/dags/countries_dag.py
[2026-09-11T20:21:30.285+0000] {processor.py:925} INFO - DAG(s) 'countries_ingestion' retrieved from /opt/airflow/dags/countries_dag.py
[2026-09-11T20:21:30.327+0000] {logging_mixin.py:190} INFO - [2026-09-11T20:21:30.327+0000] {dag.py:3239} INFO - Sync 1 DAGs
[2026-09-11T20:21:30.366+0000] {logging_mixin.py:190} INFO - [2026-09-11T20:21:30.366+0000] {dag.py:4180} INFO - Setting next_dagrun for countries_ingestion to 2026-09-11 20:00:00+00:00, run_after=2026-09-12 00:00:00+00:00
[2026-09-11T20:21:30.403+0000] {processor.py:208} INFO - Processing /opt/airflow/dags/countries_dag.py took 1.906 seconds
[2026-09-11T20:22:00.870+0000] {processor.py:186} INFO - Started process (PID=503) to work on /opt/airflow/dags/countries_dag.py
[2026-09-11T20:22:00.872+0000] {processor.py:914} INFO - Processing file /opt/airflow/dags/countries_dag.py for tasks to queue
[2026-09-11T20:22:00.878+0000] {logging_mixin.py:190} INFO - [2026-09-11T20:22:00.877+0000] {dagbag.py:588} INFO - Filling up the DagBag from /opt/airflow/dags/countries_dag.py
[2026-09-11T20:22:02.536+0000] {processor.py:925} INFO - DAG(s) 'countries_ingestion' retrieved from /opt/airflow/dags/countries_dag.py
[2026-09-11T20:22:02.627+0000] {logging_mixin.py:190} INFO - [2026-09-11T20:22:02.626+0000] {dag.py:3239} INFO - Sync 1 DAGs
[2026-09-11T20:22:02.913+0000] {logging_mixin.py:190} INFO - [2026-09-11T20:22:02.912+0000] {dag.py:4180} INFO - Setting next_dagrun for countries_ingestion to 2026-09-11 20:00:00+00:00, run_after=2026-09-12 00:00:00+00:00
[2026-09-11T20:22:02.955+0000] {processor.py:208} INFO - Processing /opt/airflow/dags/countries_dag.py took 2.096 seconds
[2026-09-11T20:22:33.239+0000] {processor.py:186} INFO - Started process (PID=510) to work on /opt/airflow/dags/countries_dag.py
[2026-09-11T20:22:33.242+0000] {processor.py:914} INFO - Processing file /opt/airflow/dags/countries_dag.py for tasks to queue
[2026-09-11T20:22:33.252+0000] {logging_mixin.py:190} INFO - [2026-09-11T20:22:33.251+0000] {dagbag.py:588} INFO - Filling up the DagBag from /opt/airflow/dags/countries_dag.py
[2026-09-11T20:22:35.018+0000] {processor.py:925} INFO - DAG(s) 'countries_ingestion' retrieved from /opt/airflow/dags/countries_dag.py
[2026-09-11T20:22:35.367+0000] {logging_mixin.py:190} INFO - [2026-09-11T20:22:35.366+0000] {dag.py:3239} INFO - Sync 1 DAGs
[2026-09-11T20:22:35.429+0000] {logging_mixin.py:190} INFO - [2026-09-11T20:22:35.429+0000] {dag.py:4180} INFO - Setting next_dagrun for countries_ingestion to 2026-09-11 20:00:00+00:00, run_after=2026-09-12 00:00:00+00:00
[2026-09-11T20:22:35.462+0000] {processor.py:208} INFO - Processing /opt/airflow/dags/countries_dag.py took 2.236 seconds
[2026-09-11T20:23:05.728+0000] {processor.py:186} INFO - Started process (PID=517) to work on /opt/airflow/dags/countries_dag.py
[2026-09-11T20:23:05.731+0000] {processor.py:914} INFO - Processing file /opt/airflow/dags/countries_dag.py for tasks to queue
[2026-09-11T20:23:05.736+0000] {logging_mixin.py:190} INFO - [2026-09-11T20:23:05.735+0000] {dagbag.py:588} INFO - Filling up the DagBag from /opt/airflow/dags/countries_dag.py
[2026-09-11T20:23:07.483+0000] {processor.py:925} INFO - DAG(s) 'countries_ingestion' retrieved from /opt/airflow/dags/countries_dag.py
[2026-09-11T20:23:07.520+0000] {logging_mixin.py:190} INFO - [2026-09-11T20:23:07.519+0000] {dag.py:3239} INFO - Sync 1 DAGs
[2026-09-11T20:23:07.560+0000] {logging_mixin.py:190} INFO - [2026-09-11T20:23:07.559+0000] {dag.py:4180} INFO - Setting next_dagrun for countries_ingestion to 2026-09-11 20:00:00+00:00, run_after=2026-09-12 00:00:00+00:00
[2026-09-11T20:23:07.602+0000] {processor.py:208} INFO - Processing /opt/airflow/dags/countries_dag.py took 1.889 seconds
[2026-09-11T20:23:38.058+0000] {processor.py:186} INFO - Started process (PID=524) to work on /opt/airflow/dags/countries_dag.py
[2026-09-11T20:23:38.060+0000] {processor.py:914} INFO - Processing file /opt/airflow/dags/countries_dag.py for tasks to queue
[2026-09-11T20:23:38.065+0000] {logging_mixin.py:190} INFO - [2026-09-11T20:23:38.064+0000] {dagbag.py:588} INFO - Filling up the DagBag from /opt/airflow/dags/countries_dag.py
[2026-09-11T20:23:39.871+0000] {processor.py:925} INFO - DAG(s) 'countries_ingestion' retrieved from /opt/airflow/dags/countries_dag.py
[2026-09-11T20:23:39.960+0000] {logging_mixin.py:190} INFO - [2026-09-11T20:23:39.959+0000] {dag.py:3239} INFO - Sync 1 DAGs
[2026-09-11T20:23:40.045+0000] {logging_mixin.py:190} INFO - [2026-09-11T20:23:40.045+0000] {dag.py:4180} INFO - Setting next_dagrun for countries_ingestion to 2026-09-11 20:00:00+00:00, run_after=2026-09-12 00:00:00+00:00
[2026-09-11T20:23:40.116+0000] {processor.py:208} INFO - Processing /opt/airflow/dags/countries_dag.py took 2.071 seconds
[2026-09-11T20:24:10.608+0000] {processor.py:186} INFO - Started process (PID=531) to work on /opt/airflow/dags/countries_dag.py
[2026-09-11T20:24:10.612+0000] {processor.py:914} INFO - Processing file /opt/airflow/dags/countries_dag.py for tasks to queue
[2026-09-11T20:24:10.619+0000] {logging_mixin.py:190} INFO - [2026-09-11T20:24:10.618+0000] {dagbag.py:588} INFO - Filling up the DagBag from /opt/airflow/dags/countries_dag.py
[2026-09-11T20:24:12.982+0000] {processor.py:925} INFO - DAG(s) 'countries_ingestion' retrieved from /opt/airflow/dags/countries_dag.py
[2026-09-11T20:24:13.049+0000] {logging_mixin.py:190} INFO - [2026-09-11T20:24:13.048+0000] {dag.py:3239} INFO - Sync 1 DAGs
[2026-09-11T20:24:13.139+0000] {logging_mixin.py:190} INFO - [2026-09-11T20:24:13.138+0000] {dag.py:4180} INFO - Setting next_dagrun for countries_ingestion to 2026-09-11 20:00:00+00:00, run_after=2026-09-12 00:00:00+00:00
[2026-09-11T20:24:13.232+0000] {processor.py:208} INFO - Processing /opt/airflow/dags/countries_dag.py took 2.636 seconds
[2026-09-11T20:24:43.869+0000] {processor.py:186} INFO - Started process (PID=538) to work on /opt/airflow/dags/countries_dag.py
[2026-09-11T20:24:43.873+0000] {processor.py:914} INFO - Processing file /opt/airflow/dags/countries_dag.py for tasks to queue
[2026-09-11T20:24:43.880+0000] {logging_mixin.py:190} INFO - [2026-09-11T20:24:43.879+0000] {dagbag.py:588} INFO - Filling up the DagBag from /opt/airflow/dags/countries_dag.py
[2026-09-11T20:24:46.572+0000] {processor.py:925} INFO - DAG(s) 'countries_ingestion' retrieved from /opt/airflow/dags/countries_dag.py
[2026-09-11T20:24:46.646+0000] {logging_mixin.py:190} INFO - [2026-09-11T20:24:46.645+0000] {dag.py:3239} INFO - Sync 1 DAGs
[2026-09-11T20:24:46.842+0000] {logging_mixin.py:190} INFO - [2026-09-11T20:24:46.842+0000] {dag.py:4180} INFO - Setting next_dagrun for countries_ingestion to 2026-09-11 20:00:00+00:00, run_after=2026-09-12 00:00:00+00:00
[2026-09-11T20:24:46.907+0000] {processor.py:208} INFO - Processing /opt/airflow/dags/countries_dag.py took 3.055 seconds
[2026-09-11T20:25:17.285+0000] {processor.py:186} INFO - Started process (PID=545) to work on /opt/airflow/dags/countries_dag.py
[2026-09-11T20:25:17.287+0000] {processor.py:914} INFO - Processing file /opt/airflow/dags/countries_dag.py for tasks to queue
[2026-09-11T20:25:17.291+0000] {logging_mixin.py:190} INFO - [2026-09-11T20:25:17.290+0000] {dagbag.py:588} INFO - Filling up the DagBag from /opt/airflow/dags/countries_dag.py
[2026-09-11T20:25:19.110+0000] {processor.py:925} INFO - DAG(s) 'countries_ingestion' retrieved from /opt/airflow/dags/countries_dag.py
[2026-09-11T20:25:19.442+0000] {logging_mixin.py:190} INFO - [2026-09-11T20:25:19.441+0000] {dag.py:3239} INFO - Sync 1 DAGs
[2026-09-11T20:25:19.508+0000] {logging_mixin.py:190} INFO - [2026-09-11T20:25:19.507+0000] {dag.py:4180} INFO - Setting next_dagrun for countries_ingestion to 2026-09-11 20:00:00+00:00, run_after=2026-09-12 00:00:00+00:00
[2026-09-11T20:25:19.557+0000] {processor.py:208} INFO - Processing /opt/airflow/dags/countries_dag.py took 2.293 seconds
[2026-09-11T20:25:49.882+0000] {processor.py:186} INFO - Started process (PID=552) to work on /opt/airflow/dags/countries_dag.py
[2026-09-11T20:25:49.886+0000] {processor.py:914} INFO - Processing file /opt/airflow/dags/countries_dag.py for tasks to queue
[2026-09-11T20:25:49.900+0000] {logging_mixin.py:190} INFO - [2026-09-11T20:25:49.900+0000] {dagbag.py:588} INFO - Filling up the DagBag from /opt/airflow/dags/countries_dag.py
[2026-09-11T20:25:51.806+0000] {processor.py:925} INFO - DAG(s) 'countries_ingestion' retrieved from /opt/airflow/dags/countries_dag.py
[2026-09-11T20:25:51.847+0000] {logging_mixin.py:190} INFO - [2026-09-11T20:25:51.846+0000] {dag.py:3239} INFO - Sync 1 DAGs
[2026-09-11T20:25:51.902+0000] {logging_mixin.py:190} INFO - [2026-09-11T20:25:51.902+0000] {dag.py:4180} INFO - Setting next_dagrun for countries_ingestion to 2026-09-11 20:00:00+00:00, run_after=2026-09-12 00:00:00+00:00
[2026-09-11T20:25:51.936+0000] {processor.py:208} INFO - Processing /opt/airflow/dags/countries_dag.py took 2.079 seconds
[2026-09-11T20:26:22.365+0000] {processor.py:186} INFO - Started process (PID=559) to work on /opt/airflow/dags/countries_dag.py
[2026-09-11T20:26:22.367+0000] {processor.py:914} INFO - Processing file /opt/airflow/dags/countries_dag.py for tasks to queue
[2026-09-11T20:26:22.374+0000] {logging_mixin.py:190} INFO - [2026-09-11T20:26:22.371+0000] {dagbag.py:588} INFO - Filling up the DagBag from /opt/airflow/dags/countries_dag.py
[2026-09-11T20:26:25.295+0000] {processor.py:925} INFO - DAG(s) 'countries_ingestion' retrieved from /opt/airflow/dags/countries_dag.py
[2026-09-11T20:26:25.403+0000] {logging_mixin.py:190} INFO - [2026-09-11T20:26:25.402+0000] {dag.py:3239} INFO - Sync 1 DAGs
[2026-09-11T20:26:25.492+0000] {logging_mixin.py:190} INFO - [2026-09-11T20:26:25.489+0000] {dag.py:4180} INFO - Setting next_dagrun for countries_ingestion to 2026-09-11 20:00:00+00:00, run_after=2026-09-12 00:00:00+00:00
[2026-09-11T20:26:25.616+0000] {processor.py:208} INFO - Processing /opt/airflow/dags/countries_dag.py took 3.263 seconds
[2026-09-11T20:26:56.232+0000] {processor.py:186} INFO - Started process (PID=566) to work on /opt/airflow/dags/countries_dag.py
[2026-09-11T20:26:56.234+0000] {processor.py:914} INFO - Processing file /opt/airflow/dags/countries_dag.py for tasks to queue
[2026-09-11T20:26:56.240+0000] {logging_mixin.py:190} INFO - [2026-09-11T20:26:56.240+0000] {dagbag.py:588} INFO - Filling up the DagBag from /opt/airflow/dags/countries_dag.py
[2026-09-11T20:26:58.595+0000] {processor.py:925} INFO - DAG(s) 'countries_ingestion' retrieved from /opt/airflow/dags/countries_dag.py
[2026-09-11T20:26:58.704+0000] {logging_mixin.py:190} INFO - [2026-09-11T20:26:58.703+0000] {dag.py:3239} INFO - Sync 1 DAGs
[2026-09-11T20:26:58.784+0000] {logging_mixin.py:190} INFO - [2026-09-11T20:26:58.783+0000] {dag.py:4180} INFO - Setting next_dagrun for countries_ingestion to 2026-09-11 20:00:00+00:00, run_after=2026-09-12 00:00:00+00:00
[2026-09-11T20:26:58.879+0000] {processor.py:208} INFO - Processing /opt/airflow/dags/countries_dag.py took 2.659 seconds
[2026-09-11T20:27:31.849+0000] {processor.py:186} INFO - Started process (PID=573) to work on /opt/airflow/dags/countries_dag.py
[2026-09-11T20:27:31.894+0000] {processor.py:914} INFO - Processing file /opt/airflow/dags/countries_dag.py for tasks to queue
[2026-09-11T20:27:31.943+0000] {logging_mixin.py:190} INFO - [2026-09-11T20:27:31.942+0000] {dagbag.py:588} INFO - Filling up the DagBag from /opt/airflow/dags/countries_dag.py
[2026-09-11T20:27:37.328+0000] {processor.py:925} INFO - DAG(s) 'countries_ingestion' retrieved from /opt/airflow/dags/countries_dag.py
[2026-09-11T20:27:37.469+0000] {logging_mixin.py:190} INFO - [2026-09-11T20:27:37.468+0000] {dag.py:3239} INFO - Sync 1 DAGs
[2026-09-11T20:27:37.588+0000] {logging_mixin.py:190} INFO - [2026-09-11T20:27:37.587+0000] {dag.py:4180} INFO - Setting next_dagrun for countries_ingestion to 2026-09-11 20:00:00+00:00, run_after=2026-09-12 00:00:00+00:00
[2026-09-11T20:27:37.702+0000] {processor.py:208} INFO - Processing /opt/airflow/dags/countries_dag.py took 5.907 seconds
[2026-09-11T20:28:08.408+0000] {processor.py:186} INFO - Started process (PID=580) to work on /opt/airflow/dags/countries_dag.py
[2026-09-11T20:28:08.449+0000] {processor.py:914} INFO - Processing file /opt/airflow/dags/countries_dag.py for tasks to queue
[2026-09-11T20:28:08.473+0000] {logging_mixin.py:190} INFO - [2026-09-11T20:28:08.472+0000] {dagbag.py:588} INFO - Filling up the DagBag from /opt/airflow/dags/countries_dag.py
[2026-09-11T20:28:10.671+0000] {processor.py:925} INFO - DAG(s) 'countries_ingestion' retrieved from /opt/airflow/dags/countries_dag.py
[2026-09-11T20:28:11.210+0000] {logging_mixin.py:190} INFO - [2026-09-11T20:28:11.209+0000] {dag.py:3239} INFO - Sync 1 DAGs
[2026-09-11T20:28:11.300+0000] {logging_mixin.py:190} INFO - [2026-09-11T20:28:11.299+0000] {dag.py:4180} INFO - Setting next_dagrun for countries_ingestion to 2026-09-11 20:00:00+00:00, run_after=2026-09-12 00:00:00+00:00
[2026-09-11T20:28:11.363+0000] {processor.py:208} INFO - Processing /opt/airflow/dags/countries_dag.py took 3.001 seconds
[2026-09-11T20:28:41.720+0000] {processor.py:186} INFO - Started process (PID=587) to work on /opt/airflow/dags/countries_dag.py
[2026-09-11T20:28:41.722+0000] {processor.py:914} INFO - Processing file /opt/airflow/dags/countries_dag.py for tasks to queue
[2026-09-11T20:28:41.729+0000] {logging_mixin.py:190} INFO - [2026-09-11T20:28:41.728+0000] {dagbag.py:588} INFO - Filling up the DagBag from /opt/airflow/dags/countries_dag.py
[2026-09-11T20:28:43.433+0000] {processor.py:925} INFO - DAG(s) 'countries_ingestion' retrieved from /opt/airflow/dags/countries_dag.py
[2026-09-11T20:28:43.489+0000] {logging_mixin.py:190} INFO - [2026-09-11T20:28:43.488+0000] {dag.py:3239} INFO - Sync 1 DAGs
[2026-09-11T20:28:43.539+0000] {logging_mixin.py:190} INFO - [2026-09-11T20:28:43.539+0000] {dag.py:4180} INFO - Setting next_dagrun for countries_ingestion to 2026-09-11 20:00:00+00:00, run_after=2026-09-12 00:00:00+00:00
[2026-09-11T20:28:43.575+0000] {processor.py:208} INFO - Processing /opt/airflow/dags/countries_dag.py took 1.870 seconds
[2026-09-11T20:29:14.093+0000] {processor.py:186} INFO - Started process (PID=594) to work on /opt/airflow/dags/countries_dag.py
[2026-09-11T20:29:14.096+0000] {processor.py:914} INFO - Processing file /opt/airflow/dags/countries_dag.py for tasks to queue
[2026-09-11T20:29:14.101+0000] {logging_mixin.py:190} INFO - [2026-09-11T20:29:14.100+0000] {dagbag.py:588} INFO - Filling up the DagBag from /opt/airflow/dags/countries_dag.py
[2026-09-11T20:29:17.483+0000] {processor.py:925} INFO - DAG(s) 'countries_ingestion' retrieved from /opt/airflow/dags/countries_dag.py
[2026-09-11T20:29:17.528+0000] {logging_mixin.py:190} INFO - [2026-09-11T20:29:17.527+0000] {dag.py:3239} INFO - Sync 1 DAGs
[2026-09-11T20:29:17.581+0000] {logging_mixin.py:190} INFO - [2026-09-11T20:29:17.580+0000] {dag.py:4180} INFO - Setting next_dagrun for countries_ingestion to 2026-09-11 20:00:00+00:00, run_after=2026-09-12 00:00:00+00:00
[2026-09-11T20:29:17.618+0000] {processor.py:208} INFO - Processing /opt/airflow/dags/countries_dag.py took 3.535 seconds
[2026-09-11T20:29:48.077+0000] {processor.py:186} INFO - Started process (PID=601) to work on /opt/airflow/dags/countries_dag.py
[2026-09-11T20:29:48.080+0000] {processor.py:914} INFO - Processing file /opt/airflow/dags/countries_dag.py for tasks to queue
[2026-09-11T20:29:48.089+0000] {logging_mixin.py:190} INFO - [2026-09-11T20:29:48.086+0000] {dagbag.py:588} INFO - Filling up the DagBag from /opt/airflow/dags/countries_dag.py
[2026-09-11T20:29:49.812+0000] {processor.py:925} INFO - DAG(s) 'countries_ingestion' retrieved from /opt/airflow/dags/countries_dag.py
[2026-09-11T20:29:49.858+0000] {logging_mixin.py:190} INFO - [2026-09-11T20:29:49.858+0000] {dag.py:3239} INFO - Sync 1 DAGs
[2026-09-11T20:29:49.903+0000] {logging_mixin.py:190} INFO - [2026-09-11T20:29:49.903+0000] {dag.py:4180} INFO - Setting next_dagrun for countries_ingestion to 2026-09-11 20:00:00+00:00, run_after=2026-09-12 00:00:00+00:00
[2026-09-11T20:29:49.934+0000] {processor.py:208} INFO - Processing /opt/airflow/dags/countries_dag.py took 1.880 seconds
[2026-09-11T20:30:20.613+0000] {processor.py:186} INFO - Started process (PID=608) to work on /opt/airflow/dags/countries_dag.py
[2026-09-11T20:30:20.619+0000] {processor.py:914} INFO - Processing file /opt/airflow/dags/countries_dag.py for tasks to queue
[2026-09-11T20:30:20.638+0000] {logging_mixin.py:190} INFO - [2026-09-11T20:30:20.638+0000] {dagbag.py:588} INFO - Filling up the DagBag from /opt/airflow/dags/countries_dag.py
[2026-09-11T20:30:23.996+0000] {processor.py:925} INFO - DAG(s) 'countries_ingestion' retrieved from /opt/airflow/dags/countries_dag.py
[2026-09-11T20:30:24.060+0000] {logging_mixin.py:190} INFO - [2026-09-11T20:30:24.058+0000] {dag.py:3239} INFO - Sync 1 DAGs
[2026-09-11T20:30:24.150+0000] {logging_mixin.py:190} INFO - [2026-09-11T20:30:24.149+0000] {dag.py:4180} INFO - Setting next_dagrun for countries_ingestion to 2026-09-11 20:00:00+00:00, run_after=2026-09-12 00:00:00+00:00
[2026-09-11T20:30:24.198+0000] {processor.py:208} INFO - Processing /opt/airflow/dags/countries_dag.py took 3.607 seconds
[2026-09-11T20:30:54.789+0000] {processor.py:186} INFO - Started process (PID=615) to work on /opt/airflow/dags/countries_dag.py
[2026-09-11T20:30:54.793+0000] {processor.py:914} INFO - Processing file /opt/airflow/dags/countries_dag.py for tasks to queue
[2026-09-11T20:30:54.801+0000] {logging_mixin.py:190} INFO - [2026-09-11T20:30:54.800+0000] {dagbag.py:588} INFO - Filling up the DagBag from /opt/airflow/dags/countries_dag.py
[2026-09-11T20:30:57.564+0000] {processor.py:925} INFO - DAG(s) 'countries_ingestion' retrieved from /opt/airflow/dags/countries_dag.py
[2026-09-11T20:30:57.679+0000] {logging_mixin.py:190} INFO - [2026-09-11T20:30:57.677+0000] {dag.py:3239} INFO - Sync 1 DAGs
[2026-09-11T20:30:58.415+0000] {logging_mixin.py:190} INFO - [2026-09-11T20:30:58.407+0000] {dag.py:4180} INFO - Setting next_dagrun for countries_ingestion to 2026-09-11 20:00:00+00:00, run_after=2026-09-12 00:00:00+00:00
[2026-09-11T20:30:58.475+0000] {processor.py:208} INFO - Processing /opt/airflow/dags/countries_dag.py took 3.706 seconds
[2026-09-11T20:31:28.893+0000] {processor.py:186} INFO - Started process (PID=622) to work on /opt/airflow/dags/countries_dag.py
[2026-09-11T20:31:28.896+0000] {processor.py:914} INFO - Processing file /opt/airflow/dags/countries_dag.py for tasks to queue
[2026-09-11T20:31:28.900+0000] {logging_mixin.py:190} INFO - [2026-09-11T20:31:28.899+0000] {dagbag.py:588} INFO - Filling up the DagBag from /opt/airflow/dags/countries_dag.py
[2026-09-11T20:31:31.284+0000] {processor.py:925} INFO - DAG(s) 'countries_ingestion' retrieved from /opt/airflow/dags/countries_dag.py
[2026-09-11T20:31:31.337+0000] {logging_mixin.py:190} INFO - [2026-09-11T20:31:31.337+0000] {dag.py:3239} INFO - Sync 1 DAGs
[2026-09-11T20:31:31.409+0000] {logging_mixin.py:190} INFO - [2026-09-11T20:31:31.408+0000] {dag.py:4180} INFO - Setting next_dagrun for countries_ingestion to 2026-09-11 20:00:00+00:00, run_after=2026-09-12 00:00:00+00:00
[2026-09-11T20:31:31.464+0000] {processor.py:208} INFO - Processing /opt/airflow/dags/countries_dag.py took 2.586 seconds
[2026-09-11T20:32:01.570+0000] {processor.py:186} INFO - Started process (PID=629) to work on /opt/airflow/dags/countries_dag.py
[2026-09-11T20:32:01.572+0000] {processor.py:914} INFO - Processing file /opt/airflow/dags/countries_dag.py for tasks to queue
[2026-09-11T20:32:01.576+0000] {logging_mixin.py:190} INFO - [2026-09-11T20:32:01.575+0000] {dagbag.py:588} INFO - Filling up the DagBag from /opt/airflow/dags/countries_dag.py
[2026-09-11T20:32:03.783+0000] {processor.py:925} INFO - DAG(s) 'countries_ingestion' retrieved from /opt/airflow/dags/countries_dag.py
[2026-09-11T20:32:03.860+0000] {logging_mixin.py:190} INFO - [2026-09-11T20:32:03.859+0000] {dag.py:3239} INFO - Sync 1 DAGs
[2026-09-11T20:32:04.000+0000] {logging_mixin.py:190} INFO - [2026-09-11T20:32:04.000+0000] {dag.py:4180} INFO - Setting next_dagrun for countries_ingestion to 2026-09-11 20:00:00+00:00, run_after=2026-09-12 00:00:00+00:00
[2026-09-11T20:32:04.114+0000] {processor.py:208} INFO - Processing /opt/airflow/dags/countries_dag.py took 2.554 seconds
[2026-09-11T20:32:35.270+0000] {processor.py:186} INFO - Started process (PID=636) to work on /opt/airflow/dags/countries_dag.py
[2026-09-11T20:32:35.285+0000] {processor.py:914} INFO - Processing file /opt/airflow/dags/countries_dag.py for tasks to queue
[2026-09-11T20:32:35.298+0000] {logging_mixin.py:190} INFO - [2026-09-11T20:32:35.297+0000] {dagbag.py:588} INFO - Filling up the DagBag from /opt/airflow/dags/countries_dag.py
[2026-09-11T20:32:39.104+0000] {processor.py:925} INFO - DAG(s) 'countries_ingestion' retrieved from /opt/airflow/dags/countries_dag.py
[2026-09-11T20:32:39.184+0000] {logging_mixin.py:190} INFO - [2026-09-11T20:32:39.183+0000] {dag.py:3239} INFO - Sync 1 DAGs
[2026-09-11T20:32:39.261+0000] {logging_mixin.py:190} INFO - [2026-09-11T20:32:39.261+0000] {dag.py:4180} INFO - Setting next_dagrun for countries_ingestion to 2026-09-11 20:00:00+00:00, run_after=2026-09-12 00:00:00+00:00
[2026-09-11T20:32:39.309+0000] {processor.py:208} INFO - Processing /opt/airflow/dags/countries_dag.py took 4.063 seconds
[2026-09-11T20:33:09.739+0000] {processor.py:186} INFO - Started process (PID=643) to work on /opt/airflow/dags/countries_dag.py
[2026-09-11T20:33:09.745+0000] {processor.py:914} INFO - Processing file /opt/airflow/dags/countries_dag.py for tasks to queue
[2026-09-11T20:33:09.755+0000] {logging_mixin.py:190} INFO - [2026-09-11T20:33:09.754+0000] {dagbag.py:588} INFO - Filling up the DagBag from /opt/airflow/dags/countries_dag.py
[2026-09-11T20:33:11.604+0000] {processor.py:925} INFO - DAG(s) 'countries_ingestion' retrieved from /opt/airflow/dags/countries_dag.py
[2026-09-11T20:33:11.652+0000] {logging_mixin.py:190} INFO - [2026-09-11T20:33:11.651+0000] {dag.py:3239} INFO - Sync 1 DAGs
[2026-09-11T20:33:11.704+0000] {logging_mixin.py:190} INFO - [2026-09-11T20:33:11.703+0000] {dag.py:4180} INFO - Setting next_dagrun for countries_ingestion to 2026-09-11 20:00:00+00:00, run_after=2026-09-12 00:00:00+00:00
[2026-09-11T20:33:11.739+0000] {processor.py:208} INFO - Processing /opt/airflow/dags/countries_dag.py took 2.031 seconds
[2026-09-11T20:33:42.332+0000] {processor.py:186} INFO - Started process (PID=650) to work on /opt/airflow/dags/countries_dag.py
[2026-09-11T20:33:42.335+0000] {processor.py:914} INFO - Processing file /opt/airflow/dags/countries_dag.py for tasks to queue
[2026-09-11T20:33:42.343+0000] {logging_mixin.py:190} INFO - [2026-09-11T20:33:42.342+0000] {dagbag.py:588} INFO - Filling up the DagBag from /opt/airflow/dags/countries_dag.py
[2026-09-11T20:33:45.011+0000] {processor.py:925} INFO - DAG(s) 'countries_ingestion' retrieved from /opt/airflow/dags/countries_dag.py
[2026-09-11T20:33:45.153+0000] {logging_mixin.py:190} INFO - [2026-09-11T20:33:45.143+0000] {dag.py:3239} INFO - Sync 1 DAGs
[2026-09-11T20:33:45.902+0000] {logging_mixin.py:190} INFO - [2026-09-11T20:33:45.902+0000] {dag.py:4180} INFO - Setting next_dagrun for countries_ingestion to 2026-09-11 20:00:00+00:00, run_after=2026-09-12 00:00:00+00:00
[2026-09-11T20:33:46.042+0000] {processor.py:208} INFO - Processing /opt/airflow/dags/countries_dag.py took 3.732 seconds
[2026-09-11T20:34:16.757+0000] {processor.py:186} INFO - Started process (PID=657) to work on /opt/airflow/dags/countries_dag.py
[2026-09-11T20:34:16.762+0000] {processor.py:914} INFO - Processing file /opt/airflow/dags/countries_dag.py for tasks to queue
[2026-09-11T20:34:16.769+0000] {logging_mixin.py:190} INFO - [2026-09-11T20:34:16.768+0000] {dagbag.py:588} INFO - Filling up the DagBag from /opt/airflow/dags/countries_dag.py
[2026-09-11T20:34:19.545+0000] {processor.py:925} INFO - DAG(s) 'countries_ingestion' retrieved from /opt/airflow/dags/countries_dag.py
[2026-09-11T20:34:20.023+0000] {logging_mixin.py:190} INFO - [2026-09-11T20:34:20.022+0000] {dag.py:3239} INFO - Sync 1 DAGs
[2026-09-11T20:34:20.121+0000] {logging_mixin.py:190} INFO - [2026-09-11T20:34:20.120+0000] {dag.py:4180} INFO - Setting next_dagrun for countries_ingestion to 2026-09-11 20:00:00+00:00, run_after=2026-09-12 00:00:00+00:00
[2026-09-11T20:34:20.201+0000] {processor.py:208} INFO - Processing /opt/airflow/dags/countries_dag.py took 3.456 seconds
[2026-09-11T20:34:50.869+0000] {processor.py:186} INFO - Started process (PID=664) to work on /opt/airflow/dags/countries_dag.py
[2026-09-11T20:34:50.874+0000] {processor.py:914} INFO - Processing file /opt/airflow/dags/countries_dag.py for tasks to queue
[2026-09-11T20:34:50.886+0000] {logging_mixin.py:190} INFO - [2026-09-11T20:34:50.885+0000] {dagbag.py:588} INFO - Filling up the DagBag from /opt/airflow/dags/countries_dag.py
[2026-09-11T20:34:53.687+0000] {processor.py:925} INFO - DAG(s) 'countries_ingestion' retrieved from /opt/airflow/dags/countries_dag.py
[2026-09-11T20:34:53.758+0000] {logging_mixin.py:190} INFO - [2026-09-11T20:34:53.758+0000] {dag.py:3239} INFO - Sync 1 DAGs
[2026-09-11T20:34:53.846+0000] {logging_mixin.py:190} INFO - [2026-09-11T20:34:53.845+0000] {dag.py:4180} INFO - Setting next_dagrun for countries_ingestion to 2026-09-11 20:00:00+00:00, run_after=2026-09-12 00:00:00+00:00
[2026-09-11T20:34:53.924+0000] {processor.py:208} INFO - Processing /opt/airflow/dags/countries_dag.py took 3.077 seconds
[2026-09-11T20:35:24.390+0000] {processor.py:186} INFO - Started process (PID=671) to work on /opt/airflow/dags/countries_dag.py
[2026-09-11T20:35:24.391+0000] {processor.py:914} INFO - Processing file /opt/airflow/dags/countries_dag.py for tasks to queue
[2026-09-11T20:35:24.397+0000] {logging_mixin.py:190} INFO - [2026-09-11T20:35:24.396+0000] {dagbag.py:588} INFO - Filling up the DagBag from /opt/airflow/dags/countries_dag.py
[2026-09-11T20:35:26.841+0000] {processor.py:925} INFO - DAG(s) 'countries_ingestion' retrieved from /opt/airflow/dags/countries_dag.py
[2026-09-11T20:35:26.889+0000] {logging_mixin.py:190} INFO - [2026-09-11T20:35:26.888+0000] {dag.py:3239} INFO - Sync 1 DAGs
[2026-09-11T20:35:26.943+0000] {logging_mixin.py:190} INFO - [2026-09-11T20:35:26.942+0000] {dag.py:4180} INFO - Setting next_dagrun for countries_ingestion to 2026-09-11 20:00:00+00:00, run_after=2026-09-12 00:00:00+00:00
[2026-09-11T20:35:26.980+0000] {processor.py:208} INFO - Processing /opt/airflow/dags/countries_dag.py took 2.604 seconds
[2026-09-11T20:35:57.462+0000] {processor.py:186} INFO - Started process (PID=678) to work on /opt/airflow/dags/countries_dag.py
[2026-09-11T20:35:57.464+0000] {processor.py:914} INFO - Processing file /opt/airflow/dags/countries_dag.py for tasks to queue
[2026-09-11T20:35:57.469+0000] {logging_mixin.py:190} INFO - [2026-09-11T20:35:57.468+0000] {dagbag.py:588} INFO - Filling up the DagBag from /opt/airflow/dags/countries_dag.py
[2026-09-11T20:35:59.614+0000] {processor.py:925} INFO - DAG(s) 'countries_ingestion' retrieved from /opt/airflow/dags/countries_dag.py
[2026-09-11T20:35:59.686+0000] {logging_mixin.py:190} INFO - [2026-09-11T20:35:59.685+0000] {dag.py:3239} INFO - Sync 1 DAGs
[2026-09-11T20:35:59.768+0000] {logging_mixin.py:190} INFO - [2026-09-11T20:35:59.767+0000] {dag.py:4180} INFO - Setting next_dagrun for countries_ingestion to 2026-09-11 20:00:00+00:00, run_after=2026-09-12 00:00:00+00:00
[2026-09-11T20:35:59.851+0000] {processor.py:208} INFO - Processing /opt/airflow/dags/countries_dag.py took 2.401 seconds
[2026-09-11T20:36:30.219+0000] {processor.py:186} INFO - Started process (PID=685) to work on /opt/airflow/dags/countries_dag.py
[2026-09-11T20:36:30.222+0000] {processor.py:914} INFO - Processing file /opt/airflow/dags/countries_dag.py for tasks to queue
[2026-09-11T20:36:30.231+0000] {logging_mixin.py:190} INFO - [2026-09-11T20:36:30.230+0000] {dagbag.py:588} INFO - Filling up the DagBag from /opt/airflow/dags/countries_dag.py
[2026-09-11T20:36:31.903+0000] {processor.py:925} INFO - DAG(s) 'countries_ingestion' retrieved from /opt/airflow/dags/countries_dag.py
[2026-09-11T20:36:31.969+0000] {logging_mixin.py:190} INFO - [2026-09-11T20:36:31.968+0000] {dag.py:3239} INFO - Sync 1 DAGs
[2026-09-11T20:36:32.346+0000] {logging_mixin.py:190} INFO - [2026-09-11T20:36:32.346+0000] {dag.py:4180} INFO - Setting next_dagrun for countries_ingestion to 2026-09-11 20:00:00+00:00, run_after=2026-09-12 00:00:00+00:00
[2026-09-11T20:36:32.404+0000] {processor.py:208} INFO - Processing /opt/airflow/dags/countries_dag.py took 2.199 seconds
[2026-09-11T20:37:02.681+0000] {processor.py:186} INFO - Started process (PID=692) to work on /opt/airflow/dags/countries_dag.py
[2026-09-11T20:37:02.683+0000] {processor.py:914} INFO - Processing file /opt/airflow/dags/countries_dag.py for tasks to queue
[2026-09-11T20:37:02.697+0000] {logging_mixin.py:190} INFO - [2026-09-11T20:37:02.696+0000] {dagbag.py:588} INFO - Filling up the DagBag from /opt/airflow/dags/countries_dag.py
[2026-09-11T20:37:04.084+0000] {processor.py:925} INFO - DAG(s) 'countries_ingestion' retrieved from /opt/airflow/dags/countries_dag.py
[2026-09-11T20:37:04.395+0000] {logging_mixin.py:190} INFO - [2026-09-11T20:37:04.394+0000] {dag.py:3239} INFO - Sync 1 DAGs
[2026-09-11T20:37:04.462+0000] {logging_mixin.py:190} INFO - [2026-09-11T20:37:04.461+0000] {dag.py:4180} INFO - Setting next_dagrun for countries_ingestion to 2026-09-11 20:00:00+00:00, run_after=2026-09-12 00:00:00+00:00
[2026-09-11T20:37:04.495+0000] {processor.py:208} INFO - Processing /opt/airflow/dags/countries_dag.py took 1.829 seconds
[2026-09-11T20:37:35.129+0000] {processor.py:186} INFO - Started process (PID=699) to work on /opt/airflow/dags/countries_dag.py
[2026-09-11T20:37:35.133+0000] {processor.py:914} INFO - Processing file /opt/airflow/dags/countries_dag.py for tasks to queue
[2026-09-11T20:37:35.140+0000] {logging_mixin.py:190} INFO - [2026-09-11T20:37:35.138+0000] {dagbag.py:588} INFO - Filling up the DagBag from /opt/airflow/dags/countries_dag.py
[2026-09-11T20:37:38.217+0000] {processor.py:925} INFO - DAG(s) 'countries_ingestion' retrieved from /opt/airflow/dags/countries_dag.py
[2026-09-11T20:37:38.289+0000] {logging_mixin.py:190} INFO - [2026-09-11T20:37:38.288+0000] {dag.py:3239} INFO - Sync 1 DAGs
[2026-09-11T20:37:38.372+0000] {logging_mixin.py:190} INFO - [2026-09-11T20:37:38.372+0000] {dag.py:4180} INFO - Setting next_dagrun for countries_ingestion to 2026-09-11 20:00:00+00:00, run_after=2026-09-12 00:00:00+00:00
[2026-09-11T20:37:38.431+0000] {processor.py:208} INFO - Processing /opt/airflow/dags/countries_dag.py took 3.317 seconds
[2026-09-11T20:38:09.044+0000] {processor.py:186} INFO - Started process (PID=706) to work on /opt/airflow/dags/countries_dag.py
[2026-09-11T20:38:09.046+0000] {processor.py:914} INFO - Processing file /opt/airflow/dags/countries_dag.py for tasks to queue
[2026-09-11T20:38:09.054+0000] {logging_mixin.py:190} INFO - [2026-09-11T20:38:09.053+0000] {dagbag.py:588} INFO - Filling up the DagBag from /opt/airflow/dags/countries_dag.py
[2026-09-11T20:38:11.504+0000] {processor.py:925} INFO - DAG(s) 'countries_ingestion' retrieved from /opt/airflow/dags/countries_dag.py
[2026-09-11T20:38:11.575+0000] {logging_mixin.py:190} INFO - [2026-09-11T20:38:11.575+0000] {dag.py:3239} INFO - Sync 1 DAGs
[2026-09-11T20:38:11.625+0000] {logging_mixin.py:190} INFO - [2026-09-11T20:38:11.624+0000] {dag.py:4180} INFO - Setting next_dagrun for countries_ingestion to 2026-09-11 20:00:00+00:00, run_after=2026-09-12 00:00:00+00:00
[2026-09-11T20:38:11.841+0000] {processor.py:208} INFO - Processing /opt/airflow/dags/countries_dag.py took 2.822 seconds
[2026-09-11T20:38:42.625+0000] {processor.py:186} INFO - Started process (PID=713) to work on /opt/airflow/dags/countries_dag.py
[2026-09-11T20:38:42.628+0000] {processor.py:914} INFO - Processing file /opt/airflow/dags/countries_dag.py for tasks to queue
[2026-09-11T20:38:42.635+0000] {logging_mixin.py:190} INFO - [2026-09-11T20:38:42.633+0000] {dagbag.py:588} INFO - Filling up the DagBag from /opt/airflow/dags/countries_dag.py
[2026-09-11T20:38:45.688+0000] {processor.py:925} INFO - DAG(s) 'countries_ingestion' retrieved from /opt/airflow/dags/countries_dag.py
[2026-09-11T20:38:45.794+0000] {logging_mixin.py:190} INFO - [2026-09-11T20:38:45.788+0000] {dag.py:3239} INFO - Sync 1 DAGs
[2026-09-11T20:38:45.936+0000] {logging_mixin.py:190} INFO - [2026-09-11T20:38:45.936+0000] {dag.py:4180} INFO - Setting next_dagrun for countries_ingestion to 2026-09-11 20:00:00+00:00, run_after=2026-09-12 00:00:00+00:00
[2026-09-11T20:38:46.032+0000] {processor.py:208} INFO - Processing /opt/airflow/dags/countries_dag.py took 3.425 seconds
[2026-09-11T20:39:17.262+0000] {processor.py:186} INFO - Started process (PID=720) to work on /opt/airflow/dags/countries_dag.py
[2026-09-11T20:39:17.279+0000] {processor.py:914} INFO - Processing file /opt/airflow/dags/countries_dag.py for tasks to queue
[2026-09-11T20:39:17.305+0000] {logging_mixin.py:190} INFO - [2026-09-11T20:39:17.304+0000] {dagbag.py:588} INFO - Filling up the DagBag from /opt/airflow/dags/countries_dag.py
[2026-09-11T20:39:20.095+0000] {processor.py:925} INFO - DAG(s) 'countries_ingestion' retrieved from /opt/airflow/dags/countries_dag.py
[2026-09-11T20:39:20.143+0000] {logging_mixin.py:190} INFO - [2026-09-11T20:39:20.143+0000] {dag.py:3239} INFO - Sync 1 DAGs
[2026-09-11T20:39:20.199+0000] {logging_mixin.py:190} INFO - [2026-09-11T20:39:20.198+0000] {dag.py:4180} INFO - Setting next_dagrun for countries_ingestion to 2026-09-11 20:00:00+00:00, run_after=2026-09-12 00:00:00+00:00
[2026-09-11T20:39:20.256+0000] {processor.py:208} INFO - Processing /opt/airflow/dags/countries_dag.py took 3.103 seconds
[2026-09-11T20:39:50.854+0000] {processor.py:186} INFO - Started process (PID=727) to work on /opt/airflow/dags/countries_dag.py
[2026-09-11T20:39:50.859+0000] {processor.py:914} INFO - Processing file /opt/airflow/dags/countries_dag.py for tasks to queue
[2026-09-11T20:39:50.866+0000] {logging_mixin.py:190} INFO - [2026-09-11T20:39:50.864+0000] {dagbag.py:588} INFO - Filling up the DagBag from /opt/airflow/dags/countries_dag.py
[2026-09-11T20:39:53.337+0000] {processor.py:925} INFO - DAG(s) 'countries_ingestion' retrieved from /opt/airflow/dags/countries_dag.py
[2026-09-11T20:39:53.832+0000] {logging_mixin.py:190} INFO - [2026-09-11T20:39:53.831+0000] {dag.py:3239} INFO - Sync 1 DAGs
[2026-09-11T20:39:53.901+0000] {logging_mixin.py:190} INFO - [2026-09-11T20:39:53.900+0000] {dag.py:4180} INFO - Setting next_dagrun for countries_ingestion to 2026-09-11 20:00:00+00:00, run_after=2026-09-12 00:00:00+00:00
[2026-09-11T20:39:53.944+0000] {processor.py:208} INFO - Processing /opt/airflow/dags/countries_dag.py took 3.106 seconds
[2026-09-11T20:40:24.353+0000] {processor.py:186} INFO - Started process (PID=734) to work on /opt/airflow/dags/countries_dag.py
[2026-09-11T20:40:24.357+0000] {processor.py:914} INFO - Processing file /opt/airflow/dags/countries_dag.py for tasks to queue
[2026-09-11T20:40:24.367+0000] {logging_mixin.py:190} INFO - [2026-09-11T20:40:24.366+0000] {dagbag.py:588} INFO - Filling up the DagBag from /opt/airflow/dags/countries_dag.py
[2026-09-11T20:40:27.527+0000] {processor.py:925} INFO - DAG(s) 'countries_ingestion' retrieved from /opt/airflow/dags/countries_dag.py
[2026-09-11T20:40:27.607+0000] {logging_mixin.py:190} INFO - [2026-09-11T20:40:27.607+0000] {dag.py:3239} INFO - Sync 1 DAGs
[2026-09-11T20:40:27.661+0000] {logging_mixin.py:190} INFO - [2026-09-11T20:40:27.660+0000] {dag.py:4180} INFO - Setting next_dagrun for countries_ingestion to 2026-09-11 20:00:00+00:00, run_after=2026-09-12 00:00:00+00:00
[2026-09-11T20:40:27.692+0000] {processor.py:208} INFO - Processing /opt/airflow/dags/countries_dag.py took 3.365 seconds
[2026-09-11T20:40:58.114+0000] {processor.py:186} INFO - Started process (PID=741) to work on /opt/airflow/dags/countries_dag.py
[2026-09-11T20:40:58.117+0000] {processor.py:914} INFO - Processing file /opt/airflow/dags/countries_dag.py for tasks to queue
[2026-09-11T20:40:58.134+0000] {logging_mixin.py:190} INFO - [2026-09-11T20:40:58.134+0000] {dagbag.py:588} INFO - Filling up the DagBag from /opt/airflow/dags/countries_dag.py
[2026-09-11T20:41:01.167+0000] {processor.py:925} INFO - DAG(s) 'countries_ingestion' retrieved from /opt/airflow/dags/countries_dag.py
[2026-09-11T20:41:01.220+0000] {logging_mixin.py:190} INFO - [2026-09-11T20:41:01.219+0000] {dag.py:3239} INFO - Sync 1 DAGs
[2026-09-11T20:41:01.278+0000] {logging_mixin.py:190} INFO - [2026-09-11T20:41:01.278+0000] {dag.py:4180} INFO - Setting next_dagrun for countries_ingestion to 2026-09-11 20:00:00+00:00, run_after=2026-09-12 00:00:00+00:00
[2026-09-11T20:41:01.325+0000] {processor.py:208} INFO - Processing /opt/airflow/dags/countries_dag.py took 3.237 seconds
[2026-09-11T20:41:31.871+0000] {processor.py:186} INFO - Started process (PID=748) to work on /opt/airflow/dags/countries_dag.py
[2026-09-11T20:41:31.874+0000] {processor.py:914} INFO - Processing file /opt/airflow/dags/countries_dag.py for tasks to queue
[2026-09-11T20:41:31.892+0000] {logging_mixin.py:190} INFO - [2026-09-11T20:41:31.891+0000] {dagbag.py:588} INFO - Filling up the DagBag from /opt/airflow/dags/countries_dag.py
[2026-09-11T20:41:35.100+0000] {processor.py:925} INFO - DAG(s) 'countries_ingestion' retrieved from /opt/airflow/dags/countries_dag.py
[2026-09-11T20:41:35.249+0000] {logging_mixin.py:190} INFO - [2026-09-11T20:41:35.248+0000] {dag.py:3239} INFO - Sync 1 DAGs
[2026-09-11T20:41:35.355+0000] {logging_mixin.py:190} INFO - [2026-09-11T20:41:35.354+0000] {dag.py:4180} INFO - Setting next_dagrun for countries_ingestion to 2026-09-11 20:00:00+00:00, run_after=2026-09-12 00:00:00+00:00
[2026-09-11T20:41:35.428+0000] {processor.py:208} INFO - Processing /opt/airflow/dags/countries_dag.py took 3.590 seconds
[2026-09-11T20:42:06.456+0000] {processor.py:186} INFO - Started process (PID=755) to work on /opt/airflow/dags/countries_dag.py
[2026-09-11T20:42:06.459+0000] {processor.py:914} INFO - Processing file /opt/airflow/dags/countries_dag.py for tasks to queue
[2026-09-11T20:42:06.466+0000] {logging_mixin.py:190} INFO - [2026-09-11T20:42:06.465+0000] {dagbag.py:588} INFO - Filling up the DagBag from /opt/airflow/dags/countries_dag.py
[2026-09-11T20:42:08.454+0000] {processor.py:925} INFO - DAG(s) 'countries_ingestion' retrieved from /opt/airflow/dags/countries_dag.py
[2026-09-11T20:42:08.498+0000] {logging_mixin.py:190} INFO - [2026-09-11T20:42:08.498+0000] {dag.py:3239} INFO - Sync 1 DAGs
[2026-09-11T20:42:08.587+0000] {logging_mixin.py:190} INFO - [2026-09-11T20:42:08.586+0000] {dag.py:4180} INFO - Setting next_dagrun for countries_ingestion to 2026-09-11 20:00:00+00:00, run_after=2026-09-12 00:00:00+00:00
[2026-09-11T20:42:08.682+0000] {processor.py:208} INFO - Processing /opt/airflow/dags/countries_dag.py took 2.301 seconds
[2026-09-11T20:42:39.296+0000] {processor.py:186} INFO - Started process (PID=762) to work on /opt/airflow/dags/countries_dag.py
[2026-09-11T20:42:39.302+0000] {processor.py:914} INFO - Processing file /opt/airflow/dags/countries_dag.py for tasks to queue
[2026-09-11T20:42:39.307+0000] {logging_mixin.py:190} INFO - [2026-09-11T20:42:39.307+0000] {dagbag.py:588} INFO - Filling up the DagBag from /opt/airflow/dags/countries_dag.py
[2026-09-11T20:42:41.825+0000] {processor.py:925} INFO - DAG(s) 'countries_ingestion' retrieved from /opt/airflow/dags/countries_dag.py
[2026-09-11T20:42:42.242+0000] {logging_mixin.py:190} INFO - [2026-09-11T20:42:42.241+0000] {dag.py:3239} INFO - Sync 1 DAGs
[2026-09-11T20:42:42.289+0000] {logging_mixin.py:190} INFO - [2026-09-11T20:42:42.289+0000] {dag.py:4180} INFO - Setting next_dagrun for countries_ingestion to 2026-09-11 20:00:00+00:00, run_after=2026-09-12 00:00:00+00:00
[2026-09-11T20:42:42.320+0000] {processor.py:208} INFO - Processing /opt/airflow/dags/countries_dag.py took 3.038 seconds
[2026-09-11T20:43:12.857+0000] {processor.py:186} INFO - Started process (PID=769) to work on /opt/airflow/dags/countries_dag.py
[2026-09-11T20:43:12.859+0000] {processor.py:914} INFO - Processing file /opt/airflow/dags/countries_dag.py for tasks to queue
[2026-09-11T20:43:12.864+0000] {logging_mixin.py:190} INFO - [2026-09-11T20:43:12.864+0000] {dagbag.py:588} INFO - Filling up the DagBag from /opt/airflow/dags/countries_dag.py
[2026-09-11T20:43:14.931+0000] {processor.py:925} INFO - DAG(s) 'countries_ingestion' retrieved from /opt/airflow/dags/countries_dag.py
[2026-09-11T20:43:14.983+0000] {logging_mixin.py:190} INFO - [2026-09-11T20:43:14.983+0000] {dag.py:3239} INFO - Sync 1 DAGs
[2026-09-11T20:43:15.045+0000] {logging_mixin.py:190} INFO - [2026-09-11T20:43:15.044+0000] {dag.py:4180} INFO - Setting next_dagrun for countries_ingestion to 2026-09-11 20:00:00+00:00, run_after=2026-09-12 00:00:00+00:00
[2026-09-11T20:43:15.100+0000] {processor.py:208} INFO - Processing /opt/airflow/dags/countries_dag.py took 2.254 seconds
[2026-09-11T20:43:45.270+0000] {processor.py:186} INFO - Started process (PID=776) to work on /opt/airflow/dags/countries_dag.py
[2026-09-11T20:43:45.272+0000] {processor.py:914} INFO - Processing file /opt/airflow/dags/countries_dag.py for tasks to queue
[2026-09-11T20:43:45.276+0000] {logging_mixin.py:190} INFO - [2026-09-11T20:43:45.276+0000] {dagbag.py:588} INFO - Filling up the DagBag from /opt/airflow/dags/countries_dag.py
[2026-09-11T20:43:47.705+0000] {processor.py:925} INFO - DAG(s) 'countries_ingestion' retrieved from /opt/airflow/dags/countries_dag.py
[2026-09-11T20:43:47.760+0000] {logging_mixin.py:190} INFO - [2026-09-11T20:43:47.759+0000] {dag.py:3239} INFO - Sync 1 DAGs
[2026-09-11T20:43:47.817+0000] {logging_mixin.py:190} INFO - [2026-09-11T20:43:47.816+0000] {dag.py:4180} INFO - Setting next_dagrun for countries_ingestion to 2026-09-11 20:00:00+00:00, run_after=2026-09-12 00:00:00+00:00
[2026-09-11T20:43:47.845+0000] {processor.py:208} INFO - Processing /opt/airflow/dags/countries_dag.py took 2.594 seconds
[2026-09-11T20:44:20.475+0000] {processor.py:186} INFO - Started process (PID=783) to work on /opt/airflow/dags/countries_dag.py
[2026-09-11T20:44:20.482+0000] {processor.py:914} INFO - Processing file /opt/airflow/dags/countries_dag.py for tasks to queue
[2026-09-11T20:44:20.514+0000] {logging_mixin.py:190} INFO - [2026-09-11T20:44:20.513+0000] {dagbag.py:588} INFO - Filling up the DagBag from /opt/airflow/dags/countries_dag.py
[2026-09-12T00:44:06.205+0000] {logging_mixin.py:190} INFO - [2026-09-12T00:44:06.204+0000] {timeout.py:68} ERROR - Process timed out, PID: 783
[2026-09-12T00:44:11.714+0000] {logging_mixin.py:190} INFO - [2026-09-12T00:44:06.443+0000] {dagbag.py:387} ERROR - Failed to import: /opt/airflow/dags/countries_dag.py
Traceback (most recent call last):
  File "/home/airflow/.local/lib/python3.11/site-packages/airflow/models/dagbag.py", line 383, in parse
    loader.exec_module(new_module)
  File "<frozen importlib._bootstrap_external>", line 940, in exec_module
  File "<frozen importlib._bootstrap>", line 241, in _call_with_frames_removed
  File "/opt/airflow/dags/countries_dag.py", line 6, in <module>
    from ingestion.minio_to_snowflake import run_pipeline
  File "/opt/airflow/ingestion/minio_to_snowflake.py", line 9, in <module>
    import snowflake.connector
  File "/home/airflow/.local/lib/python3.11/site-packages/snowflake/connector/__init__.py", line 19, in <module>
    from .connection import SnowflakeConnection
  File "/home/airflow/.local/lib/python3.11/site-packages/snowflake/connector/connection.py", line 35, in <module>
    from . import errors, proxy
  File "/home/airflow/.local/lib/python3.11/site-packages/snowflake/connector/errors.py", line 16, in <module>
    from .telemetry import TelemetryData, TelemetryField
  File "/home/airflow/.local/lib/python3.11/site-packages/snowflake/connector/telemetry.py", line 15, in <module>
    from .test_util import ENABLE_TELEMETRY_LOG, rt_plain_logger
  File "/home/airflow/.local/lib/python3.11/site-packages/snowflake/connector/test_util.py", line 12, in <module>
    from .compat import IS_LINUX
  File "/home/airflow/.local/lib/python3.11/site-packages/snowflake/connector/compat.py", line 19, in <module>
    from . import constants
  File "/home/airflow/.local/lib/python3.11/site-packages/snowflake/connector/constants.py", line 12, in <module>
    from .options import pyarrow as pa
  File "/home/airflow/.local/lib/python3.11/site-packages/snowflake/connector/options.py", line 135, in <module>
    pandas, pyarrow, installed_pandas = _import_or_missing_pandas_option()
                                        ^^^^^^^^^^^^^^^^^^^^^^^^^^^^^^^^^^
  File "/home/airflow/.local/lib/python3.11/site-packages/snowflake/connector/options.py", line 77, in _import_or_missing_pandas_option
    pandas = importlib.import_module("pandas")
             ^^^^^^^^^^^^^^^^^^^^^^^^^^^^^^^^^
  File "/usr/local/lib/python3.11/importlib/__init__.py", line 126, in import_module
    return _bootstrap._gcd_import(name[level:], package, level)
           ^^^^^^^^^^^^^^^^^^^^^^^^^^^^^^^^^^^^^^^^^^^^^^^^^^^^
  File "/home/airflow/.local/lib/python3.11/site-packages/pandas/__init__.py", line 23, in <module>
    from pandas.compat import (
  File "/home/airflow/.local/lib/python3.11/site-packages/pandas/compat/__init__.py", line 26, in <module>
    from pandas.compat.numpy import is_numpy_dev
  File "/home/airflow/.local/lib/python3.11/site-packages/pandas/compat/numpy/__init__.py", line 6, in <module>
    from pandas.util.version import Version
  File "<frozen importlib._bootstrap>", line 1176, in _find_and_load
  File "<frozen importlib._bootstrap>", line 1138, in _find_and_load_unlocked
  File "<frozen importlib._bootstrap>", line 1078, in _find_spec
  File "<frozen importlib._bootstrap_external>", line 1507, in find_spec
  File "<frozen importlib._bootstrap_external>", line 1479, in _get_spec
  File "<frozen importlib._bootstrap_external>", line 1619, in find_spec
  File "<frozen importlib._bootstrap_external>", line 1662, in _fill_cache
  File "/home/airflow/.local/lib/python3.11/site-packages/airflow/utils/timeout.py", line 69, in handle_timeout
    raise AirflowTaskTimeout(self.error_message)
airflow.exceptions.AirflowTaskTimeout: DagBag import timeout for /opt/airflow/dags/countries_dag.py after 30.0s.
Please take a look at these docs to improve your DAG import time:
* https://airflow.apache.org/docs/apache-airflow/2.10.5/best-practices.html#top-level-python-code
* https://airflow.apache.org/docs/apache-airflow/2.10.5/best-practices.html#reducing-dag-complexity, PID: 783
[2026-09-12T00:44:13.172+0000] {processor.py:927} WARNING - No viable dags retrieved from /opt/airflow/dags/countries_dag.py
[2026-09-12T00:44:17.067+0000] {processor.py:208} INFO - Processing /opt/airflow/dags/countries_dag.py took 41.353 seconds
