[2026-09-09T00:16:56.004+0000] {processor.py:186} INFO - Started process (PID=1477) to work on /opt/airflow/dags/countries_dag.py
[2026-09-09T00:16:56.016+0000] {processor.py:914} INFO - Processing file /opt/airflow/dags/countries_dag.py for tasks to queue
[2026-09-09T00:16:56.047+0000] {logging_mixin.py:190} INFO - [2026-09-09T00:16:56.042+0000] {dagbag.py:588} INFO - Filling up the DagBag from /opt/airflow/dags/countries_dag.py
[2026-09-09T00:17:00.981+0000] {logging_mixin.py:190} INFO - [2026-09-09T00:16:57.993+0000] {dagbag.py:387} ERROR - Failed to import: /opt/airflow/dags/countries_dag.py
Traceback (most recent call last):
  File "/home/airflow/.local/lib/python3.11/site-packages/airflow/models/dagbag.py", line 383, in parse
    loader.exec_module(new_module)
  File "<frozen importlib._bootstrap_external>", line 940, in exec_module
  File "<frozen importlib._bootstrap>", line 241, in _call_with_frames_removed
  File "/opt/airflow/dags/countries_dag.py", line 6, in <module>
    from ingestion.minio_to_snowflake import run_pipeline
  File "/opt/airflow/ingestion/minio_to_snowflake.py", line 7, in <module>
    from minio import Minio
ModuleNotFoundError: No module named 'minio'
[2026-09-09T00:17:01.052+0000] {processor.py:927} WARNING - No viable dags retrieved from /opt/airflow/dags/countries_dag.py
[2026-09-09T00:17:01.297+0000] {processor.py:208} INFO - Processing /opt/airflow/dags/countries_dag.py took 6.179 seconds
[2026-09-09T00:17:32.416+0000] {processor.py:186} INFO - Started process (PID=1482) to work on /opt/airflow/dags/countries_dag.py
[2026-09-09T00:17:32.429+0000] {processor.py:914} INFO - Processing file /opt/airflow/dags/countries_dag.py for tasks to queue
[2026-09-09T00:17:32.452+0000] {logging_mixin.py:190} INFO - [2026-09-09T00:17:32.451+0000] {dagbag.py:588} INFO - Filling up the DagBag from /opt/airflow/dags/countries_dag.py
[2026-09-09T00:17:32.621+0000] {logging_mixin.py:190} INFO - [2026-09-09T00:17:32.580+0000] {dagbag.py:387} ERROR - Failed to import: /opt/airflow/dags/countries_dag.py
Traceback (most recent call last):
  File "/home/airflow/.local/lib/python3.11/site-packages/airflow/models/dagbag.py", line 383, in parse
    loader.exec_module(new_module)
  File "<frozen importlib._bootstrap_external>", line 940, in exec_module
  File "<frozen importlib._bootstrap>", line 241, in _call_with_frames_removed
  File "/opt/airflow/dags/countries_dag.py", line 6, in <module>
    from ingestion.minio_to_snowflake import run_pipeline
  File "/opt/airflow/ingestion/minio_to_snowflake.py", line 7, in <module>
    from minio import Minio
ModuleNotFoundError: No module named 'minio'
[2026-09-09T00:17:32.636+0000] {processor.py:927} WARNING - No viable dags retrieved from /opt/airflow/dags/countries_dag.py
[2026-09-09T00:17:32.880+0000] {processor.py:208} INFO - Processing /opt/airflow/dags/countries_dag.py took 0.503 seconds
[2026-09-09T00:18:03.657+0000] {processor.py:186} INFO - Started process (PID=1487) to work on /opt/airflow/dags/countries_dag.py
[2026-09-09T00:18:03.660+0000] {processor.py:914} INFO - Processing file /opt/airflow/dags/countries_dag.py for tasks to queue
[2026-09-09T00:18:03.670+0000] {logging_mixin.py:190} INFO - [2026-09-09T00:18:03.669+0000] {dagbag.py:588} INFO - Filling up the DagBag from /opt/airflow/dags/countries_dag.py
[2026-09-09T00:18:04.136+0000] {logging_mixin.py:190} INFO - [2026-09-09T00:18:04.087+0000] {dagbag.py:387} ERROR - Failed to import: /opt/airflow/dags/countries_dag.py
Traceback (most recent call last):
  File "/home/airflow/.local/lib/python3.11/site-packages/airflow/models/dagbag.py", line 383, in parse
    loader.exec_module(new_module)
  File "<frozen importlib._bootstrap_external>", line 940, in exec_module
  File "<frozen importlib._bootstrap>", line 241, in _call_with_frames_removed
  File "/opt/airflow/dags/countries_dag.py", line 6, in <module>
    from ingestion.minio_to_snowflake import run_pipeline
  File "/opt/airflow/ingestion/minio_to_snowflake.py", line 7, in <module>
    from minio import Minio
ModuleNotFoundError: No module named 'minio'
[2026-09-09T00:18:04.180+0000] {processor.py:927} WARNING - No viable dags retrieved from /opt/airflow/dags/countries_dag.py
[2026-09-09T00:18:04.277+0000] {processor.py:208} INFO - Processing /opt/airflow/dags/countries_dag.py took 0.645 seconds
[2026-09-09T00:18:34.576+0000] {processor.py:186} INFO - Started process (PID=1492) to work on /opt/airflow/dags/countries_dag.py
[2026-09-09T00:18:34.597+0000] {processor.py:914} INFO - Processing file /opt/airflow/dags/countries_dag.py for tasks to queue
[2026-09-09T00:18:34.637+0000] {logging_mixin.py:190} INFO - [2026-09-09T00:18:34.629+0000] {dagbag.py:588} INFO - Filling up the DagBag from /opt/airflow/dags/countries_dag.py
[2026-09-09T00:18:35.097+0000] {logging_mixin.py:190} INFO - [2026-09-09T00:18:35.009+0000] {dagbag.py:387} ERROR - Failed to import: /opt/airflow/dags/countries_dag.py
Traceback (most recent call last):
  File "/home/airflow/.local/lib/python3.11/site-packages/airflow/models/dagbag.py", line 383, in parse
    loader.exec_module(new_module)
  File "<frozen importlib._bootstrap_external>", line 940, in exec_module
  File "<frozen importlib._bootstrap>", line 241, in _call_with_frames_removed
  File "/opt/airflow/dags/countries_dag.py", line 6, in <module>
    from ingestion.minio_to_snowflake import run_pipeline
  File "/opt/airflow/ingestion/minio_to_snowflake.py", line 7, in <module>
    from minio import Minio
ModuleNotFoundError: No module named 'minio'
[2026-09-09T00:18:35.115+0000] {processor.py:927} WARNING - No viable dags retrieved from /opt/airflow/dags/countries_dag.py
[2026-09-09T00:18:35.250+0000] {processor.py:208} INFO - Processing /opt/airflow/dags/countries_dag.py took 0.712 seconds
[2026-09-09T00:19:06.037+0000] {processor.py:186} INFO - Started process (PID=1497) to work on /opt/airflow/dags/countries_dag.py
[2026-09-09T00:19:06.043+0000] {processor.py:914} INFO - Processing file /opt/airflow/dags/countries_dag.py for tasks to queue
[2026-09-09T00:19:06.056+0000] {logging_mixin.py:190} INFO - [2026-09-09T00:19:06.055+0000] {dagbag.py:588} INFO - Filling up the DagBag from /opt/airflow/dags/countries_dag.py
[2026-09-09T00:19:06.425+0000] {logging_mixin.py:190} INFO - [2026-09-09T00:19:06.394+0000] {dagbag.py:387} ERROR - Failed to import: /opt/airflow/dags/countries_dag.py
Traceback (most recent call last):
  File "/home/airflow/.local/lib/python3.11/site-packages/airflow/models/dagbag.py", line 383, in parse
    loader.exec_module(new_module)
  File "<frozen importlib._bootstrap_external>", line 940, in exec_module
  File "<frozen importlib._bootstrap>", line 241, in _call_with_frames_removed
  File "/opt/airflow/dags/countries_dag.py", line 6, in <module>
    from ingestion.minio_to_snowflake import run_pipeline
  File "/opt/airflow/ingestion/minio_to_snowflake.py", line 7, in <module>
    from minio import Minio
ModuleNotFoundError: No module named 'minio'
[2026-09-09T00:19:06.439+0000] {processor.py:927} WARNING - No viable dags retrieved from /opt/airflow/dags/countries_dag.py
[2026-09-09T00:19:06.557+0000] {processor.py:208} INFO - Processing /opt/airflow/dags/countries_dag.py took 0.551 seconds
[2026-09-09T00:19:37.143+0000] {processor.py:186} INFO - Started process (PID=1502) to work on /opt/airflow/dags/countries_dag.py
[2026-09-09T00:19:37.147+0000] {processor.py:914} INFO - Processing file /opt/airflow/dags/countries_dag.py for tasks to queue
[2026-09-09T00:19:37.176+0000] {logging_mixin.py:190} INFO - [2026-09-09T00:19:37.175+0000] {dagbag.py:588} INFO - Filling up the DagBag from /opt/airflow/dags/countries_dag.py
[2026-09-09T00:19:37.396+0000] {logging_mixin.py:190} INFO - [2026-09-09T00:19:37.357+0000] {dagbag.py:387} ERROR - Failed to import: /opt/airflow/dags/countries_dag.py
Traceback (most recent call last):
  File "/home/airflow/.local/lib/python3.11/site-packages/airflow/models/dagbag.py", line 383, in parse
    loader.exec_module(new_module)
  File "<frozen importlib._bootstrap_external>", line 940, in exec_module
  File "<frozen importlib._bootstrap>", line 241, in _call_with_frames_removed
  File "/opt/airflow/dags/countries_dag.py", line 6, in <module>
    from ingestion.minio_to_snowflake import run_pipeline
  File "/opt/airflow/ingestion/minio_to_snowflake.py", line 7, in <module>
    from minio import Minio
ModuleNotFoundError: No module named 'minio'
[2026-09-09T00:19:37.407+0000] {processor.py:927} WARNING - No viable dags retrieved from /opt/airflow/dags/countries_dag.py
[2026-09-09T00:19:37.489+0000] {processor.py:208} INFO - Processing /opt/airflow/dags/countries_dag.py took 0.412 seconds
[2026-09-09T00:20:07.844+0000] {processor.py:186} INFO - Started process (PID=1507) to work on /opt/airflow/dags/countries_dag.py
[2026-09-09T00:20:07.863+0000] {processor.py:914} INFO - Processing file /opt/airflow/dags/countries_dag.py for tasks to queue
[2026-09-09T00:20:07.897+0000] {logging_mixin.py:190} INFO - [2026-09-09T00:20:07.885+0000] {dagbag.py:588} INFO - Filling up the DagBag from /opt/airflow/dags/countries_dag.py
[2026-09-09T00:20:08.486+0000] {logging_mixin.py:190} INFO - [2026-09-09T00:20:08.404+0000] {dagbag.py:387} ERROR - Failed to import: /opt/airflow/dags/countries_dag.py
Traceback (most recent call last):
  File "/home/airflow/.local/lib/python3.11/site-packages/airflow/models/dagbag.py", line 383, in parse
    loader.exec_module(new_module)
  File "<frozen importlib._bootstrap_external>", line 940, in exec_module
  File "<frozen importlib._bootstrap>", line 241, in _call_with_frames_removed
  File "/opt/airflow/dags/countries_dag.py", line 6, in <module>
    from ingestion.minio_to_snowflake import run_pipeline
  File "/opt/airflow/ingestion/minio_to_snowflake.py", line 7, in <module>
    from minio import Minio
ModuleNotFoundError: No module named 'minio'
[2026-09-09T00:20:08.495+0000] {processor.py:927} WARNING - No viable dags retrieved from /opt/airflow/dags/countries_dag.py
[2026-09-09T00:20:08.651+0000] {processor.py:208} INFO - Processing /opt/airflow/dags/countries_dag.py took 0.864 seconds
[2026-09-09T00:20:39.758+0000] {processor.py:186} INFO - Started process (PID=1512) to work on /opt/airflow/dags/countries_dag.py
[2026-09-09T00:20:39.769+0000] {processor.py:914} INFO - Processing file /opt/airflow/dags/countries_dag.py for tasks to queue
[2026-09-09T00:20:39.783+0000] {logging_mixin.py:190} INFO - [2026-09-09T00:20:39.782+0000] {dagbag.py:588} INFO - Filling up the DagBag from /opt/airflow/dags/countries_dag.py
[2026-09-09T00:20:39.927+0000] {logging_mixin.py:190} INFO - [2026-09-09T00:20:39.914+0000] {dagbag.py:387} ERROR - Failed to import: /opt/airflow/dags/countries_dag.py
Traceback (most recent call last):
  File "/home/airflow/.local/lib/python3.11/site-packages/airflow/models/dagbag.py", line 383, in parse
    loader.exec_module(new_module)
  File "<frozen importlib._bootstrap_external>", line 940, in exec_module
  File "<frozen importlib._bootstrap>", line 241, in _call_with_frames_removed
  File "/opt/airflow/dags/countries_dag.py", line 6, in <module>
    from ingestion.minio_to_snowflake import run_pipeline
  File "/opt/airflow/ingestion/minio_to_snowflake.py", line 7, in <module>
    from minio import Minio
ModuleNotFoundError: No module named 'minio'
[2026-09-09T00:20:39.932+0000] {processor.py:927} WARNING - No viable dags retrieved from /opt/airflow/dags/countries_dag.py
[2026-09-09T00:20:40.011+0000] {processor.py:208} INFO - Processing /opt/airflow/dags/countries_dag.py took 0.282 seconds
[2026-09-09T00:21:10.456+0000] {processor.py:186} INFO - Started process (PID=1517) to work on /opt/airflow/dags/countries_dag.py
[2026-09-09T00:21:10.461+0000] {processor.py:914} INFO - Processing file /opt/airflow/dags/countries_dag.py for tasks to queue
[2026-09-09T00:21:10.473+0000] {logging_mixin.py:190} INFO - [2026-09-09T00:21:10.471+0000] {dagbag.py:588} INFO - Filling up the DagBag from /opt/airflow/dags/countries_dag.py
[2026-09-09T00:21:10.598+0000] {logging_mixin.py:190} INFO - [2026-09-09T00:21:10.580+0000] {dagbag.py:387} ERROR - Failed to import: /opt/airflow/dags/countries_dag.py
Traceback (most recent call last):
  File "/home/airflow/.local/lib/python3.11/site-packages/airflow/models/dagbag.py", line 383, in parse
    loader.exec_module(new_module)
  File "<frozen importlib._bootstrap_external>", line 940, in exec_module
  File "<frozen importlib._bootstrap>", line 241, in _call_with_frames_removed
  File "/opt/airflow/dags/countries_dag.py", line 6, in <module>
    from ingestion.minio_to_snowflake import run_pipeline
  File "/opt/airflow/ingestion/minio_to_snowflake.py", line 7, in <module>
    from minio import Minio
ModuleNotFoundError: No module named 'minio'
[2026-09-09T00:21:10.604+0000] {processor.py:927} WARNING - No viable dags retrieved from /opt/airflow/dags/countries_dag.py
[2026-09-09T00:21:10.677+0000] {processor.py:208} INFO - Processing /opt/airflow/dags/countries_dag.py took 0.242 seconds
[2026-09-09T00:21:41.194+0000] {processor.py:186} INFO - Started process (PID=1522) to work on /opt/airflow/dags/countries_dag.py
[2026-09-09T00:21:41.196+0000] {processor.py:914} INFO - Processing file /opt/airflow/dags/countries_dag.py for tasks to queue
[2026-09-09T00:21:41.217+0000] {logging_mixin.py:190} INFO - [2026-09-09T00:21:41.206+0000] {dagbag.py:588} INFO - Filling up the DagBag from /opt/airflow/dags/countries_dag.py
[2026-09-09T00:21:41.401+0000] {logging_mixin.py:190} INFO - [2026-09-09T00:21:41.369+0000] {dagbag.py:387} ERROR - Failed to import: /opt/airflow/dags/countries_dag.py
Traceback (most recent call last):
  File "/home/airflow/.local/lib/python3.11/site-packages/airflow/models/dagbag.py", line 383, in parse
    loader.exec_module(new_module)
  File "<frozen importlib._bootstrap_external>", line 940, in exec_module
  File "<frozen importlib._bootstrap>", line 241, in _call_with_frames_removed
  File "/opt/airflow/dags/countries_dag.py", line 6, in <module>
    from ingestion.minio_to_snowflake import run_pipeline
  File "/opt/airflow/ingestion/minio_to_snowflake.py", line 7, in <module>
    from minio import Minio
ModuleNotFoundError: No module named 'minio'
[2026-09-09T00:21:41.410+0000] {processor.py:927} WARNING - No viable dags retrieved from /opt/airflow/dags/countries_dag.py
[2026-09-09T00:21:41.476+0000] {processor.py:208} INFO - Processing /opt/airflow/dags/countries_dag.py took 0.310 seconds
[2026-09-09T00:22:12.246+0000] {processor.py:186} INFO - Started process (PID=1527) to work on /opt/airflow/dags/countries_dag.py
[2026-09-09T00:22:12.249+0000] {processor.py:914} INFO - Processing file /opt/airflow/dags/countries_dag.py for tasks to queue
[2026-09-09T00:22:12.256+0000] {logging_mixin.py:190} INFO - [2026-09-09T00:22:12.256+0000] {dagbag.py:588} INFO - Filling up the DagBag from /opt/airflow/dags/countries_dag.py
[2026-09-09T00:22:12.367+0000] {logging_mixin.py:190} INFO - [2026-09-09T00:22:12.350+0000] {dagbag.py:387} ERROR - Failed to import: /opt/airflow/dags/countries_dag.py
Traceback (most recent call last):
  File "/home/airflow/.local/lib/python3.11/site-packages/airflow/models/dagbag.py", line 383, in parse
    loader.exec_module(new_module)
  File "<frozen importlib._bootstrap_external>", line 940, in exec_module
  File "<frozen importlib._bootstrap>", line 241, in _call_with_frames_removed
  File "/opt/airflow/dags/countries_dag.py", line 6, in <module>
    from ingestion.minio_to_snowflake import run_pipeline
  File "/opt/airflow/ingestion/minio_to_snowflake.py", line 7, in <module>
    from minio import Minio
ModuleNotFoundError: No module named 'minio'
[2026-09-09T00:22:12.372+0000] {processor.py:927} WARNING - No viable dags retrieved from /opt/airflow/dags/countries_dag.py
[2026-09-09T00:22:12.483+0000] {processor.py:208} INFO - Processing /opt/airflow/dags/countries_dag.py took 0.255 seconds
[2026-09-09T00:22:42.779+0000] {processor.py:186} INFO - Started process (PID=1532) to work on /opt/airflow/dags/countries_dag.py
[2026-09-09T00:22:42.783+0000] {processor.py:914} INFO - Processing file /opt/airflow/dags/countries_dag.py for tasks to queue
[2026-09-09T00:22:42.796+0000] {logging_mixin.py:190} INFO - [2026-09-09T00:22:42.795+0000] {dagbag.py:588} INFO - Filling up the DagBag from /opt/airflow/dags/countries_dag.py
[2026-09-09T00:22:43.024+0000] {logging_mixin.py:190} INFO - [2026-09-09T00:22:42.980+0000] {dagbag.py:387} ERROR - Failed to import: /opt/airflow/dags/countries_dag.py
Traceback (most recent call last):
  File "/home/airflow/.local/lib/python3.11/site-packages/airflow/models/dagbag.py", line 383, in parse
    loader.exec_module(new_module)
  File "<frozen importlib._bootstrap_external>", line 940, in exec_module
  File "<frozen importlib._bootstrap>", line 241, in _call_with_frames_removed
  File "/opt/airflow/dags/countries_dag.py", line 6, in <module>
    from ingestion.minio_to_snowflake import run_pipeline
  File "/opt/airflow/ingestion/minio_to_snowflake.py", line 7, in <module>
    from minio import Minio
ModuleNotFoundError: No module named 'minio'
[2026-09-09T00:22:43.034+0000] {processor.py:927} WARNING - No viable dags retrieved from /opt/airflow/dags/countries_dag.py
[2026-09-09T00:22:43.113+0000] {processor.py:208} INFO - Processing /opt/airflow/dags/countries_dag.py took 0.360 seconds
[2026-09-09T00:23:13.554+0000] {processor.py:186} INFO - Started process (PID=1537) to work on /opt/airflow/dags/countries_dag.py
[2026-09-09T00:23:13.563+0000] {processor.py:914} INFO - Processing file /opt/airflow/dags/countries_dag.py for tasks to queue
[2026-09-09T00:23:13.570+0000] {logging_mixin.py:190} INFO - [2026-09-09T00:23:13.569+0000] {dagbag.py:588} INFO - Filling up the DagBag from /opt/airflow/dags/countries_dag.py
[2026-09-09T00:23:13.791+0000] {logging_mixin.py:190} INFO - [2026-09-09T00:23:13.755+0000] {dagbag.py:387} ERROR - Failed to import: /opt/airflow/dags/countries_dag.py
Traceback (most recent call last):
  File "/home/airflow/.local/lib/python3.11/site-packages/airflow/models/dagbag.py", line 383, in parse
    loader.exec_module(new_module)
  File "<frozen importlib._bootstrap_external>", line 940, in exec_module
  File "<frozen importlib._bootstrap>", line 241, in _call_with_frames_removed
  File "/opt/airflow/dags/countries_dag.py", line 6, in <module>
    from ingestion.minio_to_snowflake import run_pipeline
  File "/opt/airflow/ingestion/minio_to_snowflake.py", line 7, in <module>
    from minio import Minio
ModuleNotFoundError: No module named 'minio'
[2026-09-09T00:23:13.797+0000] {processor.py:927} WARNING - No viable dags retrieved from /opt/airflow/dags/countries_dag.py
[2026-09-09T00:23:13.905+0000] {processor.py:208} INFO - Processing /opt/airflow/dags/countries_dag.py took 0.384 seconds
[2026-09-09T00:23:44.609+0000] {processor.py:186} INFO - Started process (PID=1542) to work on /opt/airflow/dags/countries_dag.py
[2026-09-09T00:23:44.650+0000] {processor.py:914} INFO - Processing file /opt/airflow/dags/countries_dag.py for tasks to queue
[2026-09-09T00:23:44.711+0000] {logging_mixin.py:190} INFO - [2026-09-09T00:23:44.706+0000] {dagbag.py:588} INFO - Filling up the DagBag from /opt/airflow/dags/countries_dag.py
[2026-09-09T00:23:45.048+0000] {logging_mixin.py:190} INFO - [2026-09-09T00:23:45.021+0000] {dagbag.py:387} ERROR - Failed to import: /opt/airflow/dags/countries_dag.py
Traceback (most recent call last):
  File "/home/airflow/.local/lib/python3.11/site-packages/airflow/models/dagbag.py", line 383, in parse
    loader.exec_module(new_module)
  File "<frozen importlib._bootstrap_external>", line 940, in exec_module
  File "<frozen importlib._bootstrap>", line 241, in _call_with_frames_removed
  File "/opt/airflow/dags/countries_dag.py", line 6, in <module>
    from ingestion.minio_to_snowflake import run_pipeline
  File "/opt/airflow/ingestion/minio_to_snowflake.py", line 7, in <module>
    from minio import Minio
ModuleNotFoundError: No module named 'minio'
[2026-09-09T00:23:45.058+0000] {processor.py:927} WARNING - No viable dags retrieved from /opt/airflow/dags/countries_dag.py
[2026-09-09T00:23:45.147+0000] {processor.py:208} INFO - Processing /opt/airflow/dags/countries_dag.py took 0.746 seconds
[2026-09-09T00:24:15.884+0000] {processor.py:186} INFO - Started process (PID=1547) to work on /opt/airflow/dags/countries_dag.py
[2026-09-09T00:24:15.896+0000] {processor.py:914} INFO - Processing file /opt/airflow/dags/countries_dag.py for tasks to queue
[2026-09-09T00:24:15.911+0000] {logging_mixin.py:190} INFO - [2026-09-09T00:24:15.910+0000] {dagbag.py:588} INFO - Filling up the DagBag from /opt/airflow/dags/countries_dag.py
[2026-09-09T00:24:16.099+0000] {logging_mixin.py:190} INFO - [2026-09-09T00:24:16.028+0000] {dagbag.py:387} ERROR - Failed to import: /opt/airflow/dags/countries_dag.py
Traceback (most recent call last):
  File "/home/airflow/.local/lib/python3.11/site-packages/airflow/models/dagbag.py", line 383, in parse
    loader.exec_module(new_module)
  File "<frozen importlib._bootstrap_external>", line 940, in exec_module
  File "<frozen importlib._bootstrap>", line 241, in _call_with_frames_removed
  File "/opt/airflow/dags/countries_dag.py", line 6, in <module>
    from ingestion.minio_to_snowflake import run_pipeline
  File "/opt/airflow/ingestion/minio_to_snowflake.py", line 7, in <module>
    from minio import Minio
ModuleNotFoundError: No module named 'minio'
[2026-09-09T00:24:16.122+0000] {processor.py:927} WARNING - No viable dags retrieved from /opt/airflow/dags/countries_dag.py
[2026-09-09T00:24:16.196+0000] {processor.py:208} INFO - Processing /opt/airflow/dags/countries_dag.py took 0.348 seconds
[2026-09-09T00:24:46.814+0000] {processor.py:186} INFO - Started process (PID=1552) to work on /opt/airflow/dags/countries_dag.py
[2026-09-09T00:24:46.897+0000] {processor.py:914} INFO - Processing file /opt/airflow/dags/countries_dag.py for tasks to queue
[2026-09-09T00:24:46.908+0000] {logging_mixin.py:190} INFO - [2026-09-09T00:24:46.907+0000] {dagbag.py:588} INFO - Filling up the DagBag from /opt/airflow/dags/countries_dag.py
[2026-09-09T00:24:47.151+0000] {logging_mixin.py:190} INFO - [2026-09-09T00:24:47.112+0000] {dagbag.py:387} ERROR - Failed to import: /opt/airflow/dags/countries_dag.py
Traceback (most recent call last):
  File "/home/airflow/.local/lib/python3.11/site-packages/airflow/models/dagbag.py", line 383, in parse
    loader.exec_module(new_module)
  File "<frozen importlib._bootstrap_external>", line 940, in exec_module
  File "<frozen importlib._bootstrap>", line 241, in _call_with_frames_removed
  File "/opt/airflow/dags/countries_dag.py", line 6, in <module>
    from ingestion.minio_to_snowflake import run_pipeline
  File "/opt/airflow/ingestion/minio_to_snowflake.py", line 7, in <module>
    from minio import Minio
ModuleNotFoundError: No module named 'minio'
[2026-09-09T00:24:47.156+0000] {processor.py:927} WARNING - No viable dags retrieved from /opt/airflow/dags/countries_dag.py
[2026-09-09T00:24:47.229+0000] {processor.py:208} INFO - Processing /opt/airflow/dags/countries_dag.py took 0.455 seconds
[2026-09-09T00:25:17.715+0000] {processor.py:186} INFO - Started process (PID=1557) to work on /opt/airflow/dags/countries_dag.py
[2026-09-09T00:25:17.719+0000] {processor.py:914} INFO - Processing file /opt/airflow/dags/countries_dag.py for tasks to queue
[2026-09-09T00:25:17.729+0000] {logging_mixin.py:190} INFO - [2026-09-09T00:25:17.727+0000] {dagbag.py:588} INFO - Filling up the DagBag from /opt/airflow/dags/countries_dag.py
[2026-09-09T00:25:17.968+0000] {logging_mixin.py:190} INFO - [2026-09-09T00:25:17.917+0000] {dagbag.py:387} ERROR - Failed to import: /opt/airflow/dags/countries_dag.py
Traceback (most recent call last):
  File "/home/airflow/.local/lib/python3.11/site-packages/airflow/models/dagbag.py", line 383, in parse
    loader.exec_module(new_module)
  File "<frozen importlib._bootstrap_external>", line 940, in exec_module
  File "<frozen importlib._bootstrap>", line 241, in _call_with_frames_removed
  File "/opt/airflow/dags/countries_dag.py", line 6, in <module>
    from ingestion.minio_to_snowflake import run_pipeline
  File "/opt/airflow/ingestion/minio_to_snowflake.py", line 7, in <module>
    from minio import Minio
ModuleNotFoundError: No module named 'minio'
[2026-09-09T00:25:17.997+0000] {processor.py:927} WARNING - No viable dags retrieved from /opt/airflow/dags/countries_dag.py
[2026-09-09T00:25:18.113+0000] {processor.py:208} INFO - Processing /opt/airflow/dags/countries_dag.py took 0.437 seconds
[2026-09-09T00:25:48.876+0000] {processor.py:186} INFO - Started process (PID=1562) to work on /opt/airflow/dags/countries_dag.py
[2026-09-09T00:25:48.952+0000] {processor.py:914} INFO - Processing file /opt/airflow/dags/countries_dag.py for tasks to queue
[2026-09-09T00:25:48.999+0000] {logging_mixin.py:190} INFO - [2026-09-09T00:25:48.998+0000] {dagbag.py:588} INFO - Filling up the DagBag from /opt/airflow/dags/countries_dag.py
[2026-09-09T00:25:49.967+0000] {logging_mixin.py:190} INFO - [2026-09-09T00:25:49.605+0000] {dagbag.py:387} ERROR - Failed to import: /opt/airflow/dags/countries_dag.py
Traceback (most recent call last):
  File "/home/airflow/.local/lib/python3.11/site-packages/airflow/models/dagbag.py", line 383, in parse
    loader.exec_module(new_module)
  File "<frozen importlib._bootstrap_external>", line 940, in exec_module
  File "<frozen importlib._bootstrap>", line 241, in _call_with_frames_removed
  File "/opt/airflow/dags/countries_dag.py", line 6, in <module>
    from ingestion.minio_to_snowflake import run_pipeline
  File "/opt/airflow/ingestion/minio_to_snowflake.py", line 7, in <module>
    from minio import Minio
ModuleNotFoundError: No module named 'minio'
[2026-09-09T00:25:50.079+0000] {processor.py:927} WARNING - No viable dags retrieved from /opt/airflow/dags/countries_dag.py
[2026-09-09T00:25:50.271+0000] {processor.py:208} INFO - Processing /opt/airflow/dags/countries_dag.py took 1.448 seconds
[2026-09-09T00:26:20.971+0000] {processor.py:186} INFO - Started process (PID=1567) to work on /opt/airflow/dags/countries_dag.py
[2026-09-09T00:26:20.976+0000] {processor.py:914} INFO - Processing file /opt/airflow/dags/countries_dag.py for tasks to queue
[2026-09-09T00:26:20.991+0000] {logging_mixin.py:190} INFO - [2026-09-09T00:26:20.989+0000] {dagbag.py:588} INFO - Filling up the DagBag from /opt/airflow/dags/countries_dag.py
[2026-09-09T00:26:21.147+0000] {logging_mixin.py:190} INFO - [2026-09-09T00:26:21.115+0000] {dagbag.py:387} ERROR - Failed to import: /opt/airflow/dags/countries_dag.py
Traceback (most recent call last):
  File "/home/airflow/.local/lib/python3.11/site-packages/airflow/models/dagbag.py", line 383, in parse
    loader.exec_module(new_module)
  File "<frozen importlib._bootstrap_external>", line 940, in exec_module
  File "<frozen importlib._bootstrap>", line 241, in _call_with_frames_removed
  File "/opt/airflow/dags/countries_dag.py", line 6, in <module>
    from ingestion.minio_to_snowflake import run_pipeline
  File "/opt/airflow/ingestion/minio_to_snowflake.py", line 7, in <module>
    from minio import Minio
ModuleNotFoundError: No module named 'minio'
[2026-09-09T00:26:21.154+0000] {processor.py:927} WARNING - No viable dags retrieved from /opt/airflow/dags/countries_dag.py
[2026-09-09T00:26:21.229+0000] {processor.py:208} INFO - Processing /opt/airflow/dags/countries_dag.py took 0.295 seconds
[2026-09-09T00:26:51.642+0000] {processor.py:186} INFO - Started process (PID=1572) to work on /opt/airflow/dags/countries_dag.py
[2026-09-09T00:26:51.660+0000] {processor.py:914} INFO - Processing file /opt/airflow/dags/countries_dag.py for tasks to queue
[2026-09-09T00:26:51.669+0000] {logging_mixin.py:190} INFO - [2026-09-09T00:26:51.668+0000] {dagbag.py:588} INFO - Filling up the DagBag from /opt/airflow/dags/countries_dag.py
[2026-09-09T00:26:51.959+0000] {logging_mixin.py:190} INFO - [2026-09-09T00:26:51.909+0000] {dagbag.py:387} ERROR - Failed to import: /opt/airflow/dags/countries_dag.py
Traceback (most recent call last):
  File "/home/airflow/.local/lib/python3.11/site-packages/airflow/models/dagbag.py", line 383, in parse
    loader.exec_module(new_module)
  File "<frozen importlib._bootstrap_external>", line 940, in exec_module
  File "<frozen importlib._bootstrap>", line 241, in _call_with_frames_removed
  File "/opt/airflow/dags/countries_dag.py", line 6, in <module>
    from ingestion.minio_to_snowflake import run_pipeline
  File "/opt/airflow/ingestion/minio_to_snowflake.py", line 7, in <module>
    from minio import Minio
ModuleNotFoundError: No module named 'minio'
[2026-09-09T00:26:51.973+0000] {processor.py:927} WARNING - No viable dags retrieved from /opt/airflow/dags/countries_dag.py
[2026-09-09T00:26:52.113+0000] {processor.py:208} INFO - Processing /opt/airflow/dags/countries_dag.py took 0.516 seconds
[2026-09-09T00:27:23.135+0000] {processor.py:186} INFO - Started process (PID=1577) to work on /opt/airflow/dags/countries_dag.py
[2026-09-09T00:27:23.137+0000] {processor.py:914} INFO - Processing file /opt/airflow/dags/countries_dag.py for tasks to queue
[2026-09-09T00:27:23.177+0000] {logging_mixin.py:190} INFO - [2026-09-09T00:27:23.170+0000] {dagbag.py:588} INFO - Filling up the DagBag from /opt/airflow/dags/countries_dag.py
[2026-09-09T00:27:23.440+0000] {logging_mixin.py:190} INFO - [2026-09-09T00:27:23.390+0000] {dagbag.py:387} ERROR - Failed to import: /opt/airflow/dags/countries_dag.py
Traceback (most recent call last):
  File "/home/airflow/.local/lib/python3.11/site-packages/airflow/models/dagbag.py", line 383, in parse
    loader.exec_module(new_module)
  File "<frozen importlib._bootstrap_external>", line 940, in exec_module
  File "<frozen importlib._bootstrap>", line 241, in _call_with_frames_removed
  File "/opt/airflow/dags/countries_dag.py", line 6, in <module>
    from ingestion.minio_to_snowflake import run_pipeline
  File "/opt/airflow/ingestion/minio_to_snowflake.py", line 7, in <module>
    from minio import Minio
ModuleNotFoundError: No module named 'minio'
[2026-09-09T00:27:23.450+0000] {processor.py:927} WARNING - No viable dags retrieved from /opt/airflow/dags/countries_dag.py
[2026-09-09T00:27:23.563+0000] {processor.py:208} INFO - Processing /opt/airflow/dags/countries_dag.py took 0.446 seconds
[2026-09-09T00:27:53.986+0000] {processor.py:186} INFO - Started process (PID=1582) to work on /opt/airflow/dags/countries_dag.py
[2026-09-09T00:27:53.996+0000] {processor.py:914} INFO - Processing file /opt/airflow/dags/countries_dag.py for tasks to queue
[2026-09-09T00:27:54.013+0000] {logging_mixin.py:190} INFO - [2026-09-09T00:27:54.012+0000] {dagbag.py:588} INFO - Filling up the DagBag from /opt/airflow/dags/countries_dag.py
[2026-09-09T00:27:54.412+0000] {logging_mixin.py:190} INFO - [2026-09-09T00:27:54.332+0000] {dagbag.py:387} ERROR - Failed to import: /opt/airflow/dags/countries_dag.py
Traceback (most recent call last):
  File "/home/airflow/.local/lib/python3.11/site-packages/airflow/models/dagbag.py", line 383, in parse
    loader.exec_module(new_module)
  File "<frozen importlib._bootstrap_external>", line 940, in exec_module
  File "<frozen importlib._bootstrap>", line 241, in _call_with_frames_removed
  File "/opt/airflow/dags/countries_dag.py", line 6, in <module>
    from ingestion.minio_to_snowflake import run_pipeline
  File "/opt/airflow/ingestion/minio_to_snowflake.py", line 7, in <module>
    from minio import Minio
ModuleNotFoundError: No module named 'minio'
[2026-09-09T00:27:54.433+0000] {processor.py:927} WARNING - No viable dags retrieved from /opt/airflow/dags/countries_dag.py
[2026-09-09T00:27:54.500+0000] {processor.py:208} INFO - Processing /opt/airflow/dags/countries_dag.py took 0.550 seconds
[2026-09-09T00:28:25.239+0000] {processor.py:186} INFO - Started process (PID=1587) to work on /opt/airflow/dags/countries_dag.py
[2026-09-09T00:28:25.242+0000] {processor.py:914} INFO - Processing file /opt/airflow/dags/countries_dag.py for tasks to queue
[2026-09-09T00:28:25.257+0000] {logging_mixin.py:190} INFO - [2026-09-09T00:28:25.256+0000] {dagbag.py:588} INFO - Filling up the DagBag from /opt/airflow/dags/countries_dag.py
[2026-09-09T00:28:25.486+0000] {logging_mixin.py:190} INFO - [2026-09-09T00:28:25.408+0000] {dagbag.py:387} ERROR - Failed to import: /opt/airflow/dags/countries_dag.py
Traceback (most recent call last):
  File "/home/airflow/.local/lib/python3.11/site-packages/airflow/models/dagbag.py", line 383, in parse
    loader.exec_module(new_module)
  File "<frozen importlib._bootstrap_external>", line 940, in exec_module
  File "<frozen importlib._bootstrap>", line 241, in _call_with_frames_removed
  File "/opt/airflow/dags/countries_dag.py", line 6, in <module>
    from ingestion.minio_to_snowflake import run_pipeline
  File "/opt/airflow/ingestion/minio_to_snowflake.py", line 7, in <module>
    from minio import Minio
ModuleNotFoundError: No module named 'minio'
[2026-09-09T00:28:25.515+0000] {processor.py:927} WARNING - No viable dags retrieved from /opt/airflow/dags/countries_dag.py
[2026-09-09T00:28:25.598+0000] {processor.py:208} INFO - Processing /opt/airflow/dags/countries_dag.py took 0.399 seconds
[2026-09-09T00:28:55.985+0000] {processor.py:186} INFO - Started process (PID=1592) to work on /opt/airflow/dags/countries_dag.py
[2026-09-09T00:28:55.989+0000] {processor.py:914} INFO - Processing file /opt/airflow/dags/countries_dag.py for tasks to queue
[2026-09-09T00:28:56.001+0000] {logging_mixin.py:190} INFO - [2026-09-09T00:28:56.000+0000] {dagbag.py:588} INFO - Filling up the DagBag from /opt/airflow/dags/countries_dag.py
[2026-09-09T00:28:56.235+0000] {logging_mixin.py:190} INFO - [2026-09-09T00:28:56.197+0000] {dagbag.py:387} ERROR - Failed to import: /opt/airflow/dags/countries_dag.py
Traceback (most recent call last):
  File "/home/airflow/.local/lib/python3.11/site-packages/airflow/models/dagbag.py", line 383, in parse
    loader.exec_module(new_module)
  File "<frozen importlib._bootstrap_external>", line 940, in exec_module
  File "<frozen importlib._bootstrap>", line 241, in _call_with_frames_removed
  File "/opt/airflow/dags/countries_dag.py", line 6, in <module>
    from ingestion.minio_to_snowflake import run_pipeline
  File "/opt/airflow/ingestion/minio_to_snowflake.py", line 7, in <module>
    from minio import Minio
ModuleNotFoundError: No module named 'minio'
[2026-09-09T00:28:56.248+0000] {processor.py:927} WARNING - No viable dags retrieved from /opt/airflow/dags/countries_dag.py
[2026-09-09T00:28:56.348+0000] {processor.py:208} INFO - Processing /opt/airflow/dags/countries_dag.py took 0.387 seconds
[2026-09-09T00:29:27.001+0000] {processor.py:186} INFO - Started process (PID=1597) to work on /opt/airflow/dags/countries_dag.py
[2026-09-09T00:29:27.008+0000] {processor.py:914} INFO - Processing file /opt/airflow/dags/countries_dag.py for tasks to queue
[2026-09-09T00:29:27.033+0000] {logging_mixin.py:190} INFO - [2026-09-09T00:29:27.019+0000] {dagbag.py:588} INFO - Filling up the DagBag from /opt/airflow/dags/countries_dag.py
[2026-09-09T00:29:27.262+0000] {logging_mixin.py:190} INFO - [2026-09-09T00:29:27.205+0000] {dagbag.py:387} ERROR - Failed to import: /opt/airflow/dags/countries_dag.py
Traceback (most recent call last):
  File "/home/airflow/.local/lib/python3.11/site-packages/airflow/models/dagbag.py", line 383, in parse
    loader.exec_module(new_module)
  File "<frozen importlib._bootstrap_external>", line 940, in exec_module
  File "<frozen importlib._bootstrap>", line 241, in _call_with_frames_removed
  File "/opt/airflow/dags/countries_dag.py", line 6, in <module>
    from ingestion.minio_to_snowflake import run_pipeline
  File "/opt/airflow/ingestion/minio_to_snowflake.py", line 7, in <module>
    from minio import Minio
ModuleNotFoundError: No module named 'minio'
[2026-09-09T00:29:27.271+0000] {processor.py:927} WARNING - No viable dags retrieved from /opt/airflow/dags/countries_dag.py
[2026-09-09T00:29:27.395+0000] {processor.py:208} INFO - Processing /opt/airflow/dags/countries_dag.py took 0.428 seconds
[2026-09-09T00:29:58.158+0000] {processor.py:186} INFO - Started process (PID=1602) to work on /opt/airflow/dags/countries_dag.py
[2026-09-09T00:29:58.171+0000] {processor.py:914} INFO - Processing file /opt/airflow/dags/countries_dag.py for tasks to queue
[2026-09-09T00:29:58.188+0000] {logging_mixin.py:190} INFO - [2026-09-09T00:29:58.186+0000] {dagbag.py:588} INFO - Filling up the DagBag from /opt/airflow/dags/countries_dag.py
[2026-09-09T00:29:58.385+0000] {logging_mixin.py:190} INFO - [2026-09-09T00:29:58.336+0000] {dagbag.py:387} ERROR - Failed to import: /opt/airflow/dags/countries_dag.py
Traceback (most recent call last):
  File "/home/airflow/.local/lib/python3.11/site-packages/airflow/models/dagbag.py", line 383, in parse
    loader.exec_module(new_module)
  File "<frozen importlib._bootstrap_external>", line 940, in exec_module
  File "<frozen importlib._bootstrap>", line 241, in _call_with_frames_removed
  File "/opt/airflow/dags/countries_dag.py", line 6, in <module>
    from ingestion.minio_to_snowflake import run_pipeline
  File "/opt/airflow/ingestion/minio_to_snowflake.py", line 7, in <module>
    from minio import Minio
ModuleNotFoundError: No module named 'minio'
[2026-09-09T00:29:58.395+0000] {processor.py:927} WARNING - No viable dags retrieved from /opt/airflow/dags/countries_dag.py
[2026-09-09T00:29:58.470+0000] {processor.py:208} INFO - Processing /opt/airflow/dags/countries_dag.py took 0.337 seconds
[2026-09-09T00:30:29.211+0000] {processor.py:186} INFO - Started process (PID=1607) to work on /opt/airflow/dags/countries_dag.py
[2026-09-09T00:30:29.216+0000] {processor.py:914} INFO - Processing file /opt/airflow/dags/countries_dag.py for tasks to queue
[2026-09-09T00:30:29.228+0000] {logging_mixin.py:190} INFO - [2026-09-09T00:30:29.226+0000] {dagbag.py:588} INFO - Filling up the DagBag from /opt/airflow/dags/countries_dag.py
[2026-09-09T00:30:29.411+0000] {logging_mixin.py:190} INFO - [2026-09-09T00:30:29.358+0000] {dagbag.py:387} ERROR - Failed to import: /opt/airflow/dags/countries_dag.py
Traceback (most recent call last):
  File "/home/airflow/.local/lib/python3.11/site-packages/airflow/models/dagbag.py", line 383, in parse
    loader.exec_module(new_module)
  File "<frozen importlib._bootstrap_external>", line 940, in exec_module
  File "<frozen importlib._bootstrap>", line 241, in _call_with_frames_removed
  File "/opt/airflow/dags/countries_dag.py", line 6, in <module>
    from ingestion.minio_to_snowflake import run_pipeline
  File "/opt/airflow/ingestion/minio_to_snowflake.py", line 7, in <module>
    from minio import Minio
ModuleNotFoundError: No module named 'minio'
[2026-09-09T00:30:29.420+0000] {processor.py:927} WARNING - No viable dags retrieved from /opt/airflow/dags/countries_dag.py
[2026-09-09T00:30:29.512+0000] {processor.py:208} INFO - Processing /opt/airflow/dags/countries_dag.py took 0.326 seconds
[2026-09-09T00:30:59.791+0000] {processor.py:186} INFO - Started process (PID=1612) to work on /opt/airflow/dags/countries_dag.py
[2026-09-09T00:30:59.794+0000] {processor.py:914} INFO - Processing file /opt/airflow/dags/countries_dag.py for tasks to queue
[2026-09-09T00:30:59.806+0000] {logging_mixin.py:190} INFO - [2026-09-09T00:30:59.805+0000] {dagbag.py:588} INFO - Filling up the DagBag from /opt/airflow/dags/countries_dag.py
[2026-09-09T00:31:00.191+0000] {logging_mixin.py:190} INFO - [2026-09-09T00:31:00.086+0000] {dagbag.py:387} ERROR - Failed to import: /opt/airflow/dags/countries_dag.py
Traceback (most recent call last):
  File "/home/airflow/.local/lib/python3.11/site-packages/airflow/models/dagbag.py", line 383, in parse
    loader.exec_module(new_module)
  File "<frozen importlib._bootstrap_external>", line 940, in exec_module
  File "<frozen importlib._bootstrap>", line 241, in _call_with_frames_removed
  File "/opt/airflow/dags/countries_dag.py", line 6, in <module>
    from ingestion.minio_to_snowflake import run_pipeline
  File "/opt/airflow/ingestion/minio_to_snowflake.py", line 7, in <module>
    from minio import Minio
ModuleNotFoundError: No module named 'minio'
[2026-09-09T00:31:00.198+0000] {processor.py:927} WARNING - No viable dags retrieved from /opt/airflow/dags/countries_dag.py
[2026-09-09T00:31:00.309+0000] {processor.py:208} INFO - Processing /opt/airflow/dags/countries_dag.py took 0.547 seconds
[2026-09-09T00:31:30.823+0000] {processor.py:186} INFO - Started process (PID=1617) to work on /opt/airflow/dags/countries_dag.py
[2026-09-09T00:31:30.826+0000] {processor.py:914} INFO - Processing file /opt/airflow/dags/countries_dag.py for tasks to queue
[2026-09-09T00:31:30.841+0000] {logging_mixin.py:190} INFO - [2026-09-09T00:31:30.833+0000] {dagbag.py:588} INFO - Filling up the DagBag from /opt/airflow/dags/countries_dag.py
[2026-09-09T00:31:30.980+0000] {logging_mixin.py:190} INFO - [2026-09-09T00:31:30.934+0000] {dagbag.py:387} ERROR - Failed to import: /opt/airflow/dags/countries_dag.py
Traceback (most recent call last):
  File "/home/airflow/.local/lib/python3.11/site-packages/airflow/models/dagbag.py", line 383, in parse
    loader.exec_module(new_module)
  File "<frozen importlib._bootstrap_external>", line 940, in exec_module
  File "<frozen importlib._bootstrap>", line 241, in _call_with_frames_removed
  File "/opt/airflow/dags/countries_dag.py", line 6, in <module>
    from ingestion.minio_to_snowflake import run_pipeline
  File "/opt/airflow/ingestion/minio_to_snowflake.py", line 7, in <module>
    from minio import Minio
ModuleNotFoundError: No module named 'minio'
[2026-09-09T00:31:30.987+0000] {processor.py:927} WARNING - No viable dags retrieved from /opt/airflow/dags/countries_dag.py
[2026-09-09T00:31:31.047+0000] {processor.py:208} INFO - Processing /opt/airflow/dags/countries_dag.py took 0.257 seconds
[2026-09-09T00:32:02.123+0000] {processor.py:186} INFO - Started process (PID=1622) to work on /opt/airflow/dags/countries_dag.py
[2026-09-09T00:32:02.124+0000] {processor.py:914} INFO - Processing file /opt/airflow/dags/countries_dag.py for tasks to queue
[2026-09-09T00:32:02.136+0000] {logging_mixin.py:190} INFO - [2026-09-09T00:32:02.129+0000] {dagbag.py:588} INFO - Filling up the DagBag from /opt/airflow/dags/countries_dag.py
[2026-09-09T00:32:02.257+0000] {logging_mixin.py:190} INFO - [2026-09-09T00:32:02.222+0000] {dagbag.py:387} ERROR - Failed to import: /opt/airflow/dags/countries_dag.py
Traceback (most recent call last):
  File "/home/airflow/.local/lib/python3.11/site-packages/airflow/models/dagbag.py", line 383, in parse
    loader.exec_module(new_module)
  File "<frozen importlib._bootstrap_external>", line 940, in exec_module
  File "<frozen importlib._bootstrap>", line 241, in _call_with_frames_removed
  File "/opt/airflow/dags/countries_dag.py", line 6, in <module>
    from ingestion.minio_to_snowflake import run_pipeline
  File "/opt/airflow/ingestion/minio_to_snowflake.py", line 7, in <module>
    from minio import Minio
ModuleNotFoundError: No module named 'minio'
[2026-09-09T00:32:02.262+0000] {processor.py:927} WARNING - No viable dags retrieved from /opt/airflow/dags/countries_dag.py
[2026-09-09T00:32:02.345+0000] {processor.py:208} INFO - Processing /opt/airflow/dags/countries_dag.py took 0.243 seconds
[2026-09-09T00:32:32.792+0000] {processor.py:186} INFO - Started process (PID=1627) to work on /opt/airflow/dags/countries_dag.py
[2026-09-09T00:32:32.803+0000] {processor.py:914} INFO - Processing file /opt/airflow/dags/countries_dag.py for tasks to queue
[2026-09-09T00:32:32.820+0000] {logging_mixin.py:190} INFO - [2026-09-09T00:32:32.819+0000] {dagbag.py:588} INFO - Filling up the DagBag from /opt/airflow/dags/countries_dag.py
[2026-09-09T00:32:33.101+0000] {logging_mixin.py:190} INFO - [2026-09-09T00:32:33.037+0000] {dagbag.py:387} ERROR - Failed to import: /opt/airflow/dags/countries_dag.py
Traceback (most recent call last):
  File "/home/airflow/.local/lib/python3.11/site-packages/airflow/models/dagbag.py", line 383, in parse
    loader.exec_module(new_module)
  File "<frozen importlib._bootstrap_external>", line 940, in exec_module
  File "<frozen importlib._bootstrap>", line 241, in _call_with_frames_removed
  File "/opt/airflow/dags/countries_dag.py", line 6, in <module>
    from ingestion.minio_to_snowflake import run_pipeline
  File "/opt/airflow/ingestion/minio_to_snowflake.py", line 7, in <module>
    from minio import Minio
ModuleNotFoundError: No module named 'minio'
[2026-09-09T00:32:33.117+0000] {processor.py:927} WARNING - No viable dags retrieved from /opt/airflow/dags/countries_dag.py
[2026-09-09T00:32:33.189+0000] {processor.py:208} INFO - Processing /opt/airflow/dags/countries_dag.py took 0.421 seconds
[2026-09-09T00:33:03.895+0000] {processor.py:186} INFO - Started process (PID=1632) to work on /opt/airflow/dags/countries_dag.py
[2026-09-09T00:33:03.910+0000] {processor.py:914} INFO - Processing file /opt/airflow/dags/countries_dag.py for tasks to queue
[2026-09-09T00:33:03.922+0000] {logging_mixin.py:190} INFO - [2026-09-09T00:33:03.918+0000] {dagbag.py:588} INFO - Filling up the DagBag from /opt/airflow/dags/countries_dag.py
[2026-09-09T00:33:04.096+0000] {logging_mixin.py:190} INFO - [2026-09-09T00:33:04.069+0000] {dagbag.py:387} ERROR - Failed to import: /opt/airflow/dags/countries_dag.py
Traceback (most recent call last):
  File "/home/airflow/.local/lib/python3.11/site-packages/airflow/models/dagbag.py", line 383, in parse
    loader.exec_module(new_module)
  File "<frozen importlib._bootstrap_external>", line 940, in exec_module
  File "<frozen importlib._bootstrap>", line 241, in _call_with_frames_removed
  File "/opt/airflow/dags/countries_dag.py", line 6, in <module>
    from ingestion.minio_to_snowflake import run_pipeline
  File "/opt/airflow/ingestion/minio_to_snowflake.py", line 7, in <module>
    from minio import Minio
ModuleNotFoundError: No module named 'minio'
[2026-09-09T00:33:04.107+0000] {processor.py:927} WARNING - No viable dags retrieved from /opt/airflow/dags/countries_dag.py
[2026-09-09T00:33:04.196+0000] {processor.py:208} INFO - Processing /opt/airflow/dags/countries_dag.py took 0.325 seconds
[2026-09-09T00:33:35.329+0000] {processor.py:186} INFO - Started process (PID=1637) to work on /opt/airflow/dags/countries_dag.py
[2026-09-09T00:33:35.352+0000] {processor.py:914} INFO - Processing file /opt/airflow/dags/countries_dag.py for tasks to queue
[2026-09-09T00:33:35.369+0000] {logging_mixin.py:190} INFO - [2026-09-09T00:33:35.368+0000] {dagbag.py:588} INFO - Filling up the DagBag from /opt/airflow/dags/countries_dag.py
[2026-09-09T00:33:35.794+0000] {logging_mixin.py:190} INFO - [2026-09-09T00:33:35.723+0000] {dagbag.py:387} ERROR - Failed to import: /opt/airflow/dags/countries_dag.py
Traceback (most recent call last):
  File "/home/airflow/.local/lib/python3.11/site-packages/airflow/models/dagbag.py", line 383, in parse
    loader.exec_module(new_module)
  File "<frozen importlib._bootstrap_external>", line 940, in exec_module
  File "<frozen importlib._bootstrap>", line 241, in _call_with_frames_removed
  File "/opt/airflow/dags/countries_dag.py", line 6, in <module>
    from ingestion.minio_to_snowflake import run_pipeline
  File "/opt/airflow/ingestion/minio_to_snowflake.py", line 7, in <module>
    from minio import Minio
ModuleNotFoundError: No module named 'minio'
[2026-09-09T00:33:35.801+0000] {processor.py:927} WARNING - No viable dags retrieved from /opt/airflow/dags/countries_dag.py
[2026-09-09T00:33:35.944+0000] {processor.py:208} INFO - Processing /opt/airflow/dags/countries_dag.py took 0.667 seconds
[2026-09-09T00:34:06.955+0000] {processor.py:186} INFO - Started process (PID=1642) to work on /opt/airflow/dags/countries_dag.py
[2026-09-09T00:34:07.128+0000] {processor.py:914} INFO - Processing file /opt/airflow/dags/countries_dag.py for tasks to queue
[2026-09-09T00:34:07.138+0000] {logging_mixin.py:190} INFO - [2026-09-09T00:34:07.137+0000] {dagbag.py:588} INFO - Filling up the DagBag from /opt/airflow/dags/countries_dag.py
[2026-09-09T00:34:07.311+0000] {logging_mixin.py:190} INFO - [2026-09-09T00:34:07.262+0000] {dagbag.py:387} ERROR - Failed to import: /opt/airflow/dags/countries_dag.py
Traceback (most recent call last):
  File "/home/airflow/.local/lib/python3.11/site-packages/airflow/models/dagbag.py", line 383, in parse
    loader.exec_module(new_module)
  File "<frozen importlib._bootstrap_external>", line 940, in exec_module
  File "<frozen importlib._bootstrap>", line 241, in _call_with_frames_removed
  File "/opt/airflow/dags/countries_dag.py", line 6, in <module>
    from ingestion.minio_to_snowflake import run_pipeline
  File "/opt/airflow/ingestion/minio_to_snowflake.py", line 7, in <module>
    from minio import Minio
ModuleNotFoundError: No module named 'minio'
[2026-09-09T00:34:07.316+0000] {processor.py:927} WARNING - No viable dags retrieved from /opt/airflow/dags/countries_dag.py
[2026-09-09T00:34:07.415+0000] {processor.py:208} INFO - Processing /opt/airflow/dags/countries_dag.py took 0.500 seconds
[2026-09-09T00:34:37.910+0000] {processor.py:186} INFO - Started process (PID=1647) to work on /opt/airflow/dags/countries_dag.py
[2026-09-09T00:34:37.914+0000] {processor.py:914} INFO - Processing file /opt/airflow/dags/countries_dag.py for tasks to queue
[2026-09-09T00:34:37.930+0000] {logging_mixin.py:190} INFO - [2026-09-09T00:34:37.928+0000] {dagbag.py:588} INFO - Filling up the DagBag from /opt/airflow/dags/countries_dag.py
[2026-09-09T00:34:38.420+0000] {logging_mixin.py:190} INFO - [2026-09-09T00:34:38.371+0000] {dagbag.py:387} ERROR - Failed to import: /opt/airflow/dags/countries_dag.py
Traceback (most recent call last):
  File "/home/airflow/.local/lib/python3.11/site-packages/airflow/models/dagbag.py", line 383, in parse
    loader.exec_module(new_module)
  File "<frozen importlib._bootstrap_external>", line 940, in exec_module
  File "<frozen importlib._bootstrap>", line 241, in _call_with_frames_removed
  File "/opt/airflow/dags/countries_dag.py", line 6, in <module>
    from ingestion.minio_to_snowflake import run_pipeline
  File "/opt/airflow/ingestion/minio_to_snowflake.py", line 7, in <module>
    from minio import Minio
ModuleNotFoundError: No module named 'minio'
[2026-09-09T00:34:38.426+0000] {processor.py:927} WARNING - No viable dags retrieved from /opt/airflow/dags/countries_dag.py
[2026-09-09T00:34:38.705+0000] {processor.py:208} INFO - Processing /opt/airflow/dags/countries_dag.py took 0.830 seconds
[2026-09-09T00:35:09.544+0000] {processor.py:186} INFO - Started process (PID=1652) to work on /opt/airflow/dags/countries_dag.py
[2026-09-09T00:35:09.546+0000] {processor.py:914} INFO - Processing file /opt/airflow/dags/countries_dag.py for tasks to queue
[2026-09-09T00:35:09.561+0000] {logging_mixin.py:190} INFO - [2026-09-09T00:35:09.560+0000] {dagbag.py:588} INFO - Filling up the DagBag from /opt/airflow/dags/countries_dag.py
[2026-09-09T00:35:09.666+0000] {logging_mixin.py:190} INFO - [2026-09-09T00:35:09.647+0000] {dagbag.py:387} ERROR - Failed to import: /opt/airflow/dags/countries_dag.py
Traceback (most recent call last):
  File "/home/airflow/.local/lib/python3.11/site-packages/airflow/models/dagbag.py", line 383, in parse
    loader.exec_module(new_module)
  File "<frozen importlib._bootstrap_external>", line 940, in exec_module
  File "<frozen importlib._bootstrap>", line 241, in _call_with_frames_removed
  File "/opt/airflow/dags/countries_dag.py", line 6, in <module>
    from ingestion.minio_to_snowflake import run_pipeline
  File "/opt/airflow/ingestion/minio_to_snowflake.py", line 7, in <module>
    from minio import Minio
ModuleNotFoundError: No module named 'minio'
[2026-09-09T00:35:09.671+0000] {processor.py:927} WARNING - No viable dags retrieved from /opt/airflow/dags/countries_dag.py
[2026-09-09T00:35:09.764+0000] {processor.py:208} INFO - Processing /opt/airflow/dags/countries_dag.py took 0.246 seconds
[2026-09-09T00:35:40.341+0000] {processor.py:186} INFO - Started process (PID=1657) to work on /opt/airflow/dags/countries_dag.py
[2026-09-09T00:35:40.344+0000] {processor.py:914} INFO - Processing file /opt/airflow/dags/countries_dag.py for tasks to queue
[2026-09-09T00:35:40.360+0000] {logging_mixin.py:190} INFO - [2026-09-09T00:35:40.359+0000] {dagbag.py:588} INFO - Filling up the DagBag from /opt/airflow/dags/countries_dag.py
[2026-09-09T00:35:40.560+0000] {logging_mixin.py:190} INFO - [2026-09-09T00:35:40.535+0000] {dagbag.py:387} ERROR - Failed to import: /opt/airflow/dags/countries_dag.py
Traceback (most recent call last):
  File "/home/airflow/.local/lib/python3.11/site-packages/airflow/models/dagbag.py", line 383, in parse
    loader.exec_module(new_module)
  File "<frozen importlib._bootstrap_external>", line 940, in exec_module
  File "<frozen importlib._bootstrap>", line 241, in _call_with_frames_removed
  File "/opt/airflow/dags/countries_dag.py", line 6, in <module>
    from ingestion.minio_to_snowflake import run_pipeline
  File "/opt/airflow/ingestion/minio_to_snowflake.py", line 7, in <module>
    from minio import Minio
ModuleNotFoundError: No module named 'minio'
[2026-09-09T00:35:40.568+0000] {processor.py:927} WARNING - No viable dags retrieved from /opt/airflow/dags/countries_dag.py
[2026-09-09T00:35:40.652+0000] {processor.py:208} INFO - Processing /opt/airflow/dags/countries_dag.py took 0.333 seconds
[2026-09-09T00:36:11.101+0000] {processor.py:186} INFO - Started process (PID=1662) to work on /opt/airflow/dags/countries_dag.py
[2026-09-09T00:36:11.105+0000] {processor.py:914} INFO - Processing file /opt/airflow/dags/countries_dag.py for tasks to queue
[2026-09-09T00:36:11.119+0000] {logging_mixin.py:190} INFO - [2026-09-09T00:36:11.115+0000] {dagbag.py:588} INFO - Filling up the DagBag from /opt/airflow/dags/countries_dag.py
[2026-09-09T00:36:11.285+0000] {logging_mixin.py:190} INFO - [2026-09-09T00:36:11.253+0000] {dagbag.py:387} ERROR - Failed to import: /opt/airflow/dags/countries_dag.py
Traceback (most recent call last):
  File "/home/airflow/.local/lib/python3.11/site-packages/airflow/models/dagbag.py", line 383, in parse
    loader.exec_module(new_module)
  File "<frozen importlib._bootstrap_external>", line 940, in exec_module
  File "<frozen importlib._bootstrap>", line 241, in _call_with_frames_removed
  File "/opt/airflow/dags/countries_dag.py", line 6, in <module>
    from ingestion.minio_to_snowflake import run_pipeline
  File "/opt/airflow/ingestion/minio_to_snowflake.py", line 7, in <module>
    from minio import Minio
ModuleNotFoundError: No module named 'minio'
[2026-09-09T00:36:11.293+0000] {processor.py:927} WARNING - No viable dags retrieved from /opt/airflow/dags/countries_dag.py
[2026-09-09T00:36:11.410+0000] {processor.py:208} INFO - Processing /opt/airflow/dags/countries_dag.py took 0.328 seconds
[2026-09-09T00:36:41.979+0000] {processor.py:186} INFO - Started process (PID=1667) to work on /opt/airflow/dags/countries_dag.py
[2026-09-09T00:36:41.990+0000] {processor.py:914} INFO - Processing file /opt/airflow/dags/countries_dag.py for tasks to queue
[2026-09-09T00:36:42.006+0000] {logging_mixin.py:190} INFO - [2026-09-09T00:36:41.997+0000] {dagbag.py:588} INFO - Filling up the DagBag from /opt/airflow/dags/countries_dag.py
[2026-09-09T00:36:42.393+0000] {logging_mixin.py:190} INFO - [2026-09-09T00:36:42.323+0000] {dagbag.py:387} ERROR - Failed to import: /opt/airflow/dags/countries_dag.py
Traceback (most recent call last):
  File "/home/airflow/.local/lib/python3.11/site-packages/airflow/models/dagbag.py", line 383, in parse
    loader.exec_module(new_module)
  File "<frozen importlib._bootstrap_external>", line 940, in exec_module
  File "<frozen importlib._bootstrap>", line 241, in _call_with_frames_removed
  File "/opt/airflow/dags/countries_dag.py", line 6, in <module>
    from ingestion.minio_to_snowflake import run_pipeline
  File "/opt/airflow/ingestion/minio_to_snowflake.py", line 7, in <module>
    from minio import Minio
ModuleNotFoundError: No module named 'minio'
[2026-09-09T00:36:42.435+0000] {processor.py:927} WARNING - No viable dags retrieved from /opt/airflow/dags/countries_dag.py
[2026-09-09T00:36:42.541+0000] {processor.py:208} INFO - Processing /opt/airflow/dags/countries_dag.py took 0.587 seconds
[2026-09-09T00:37:12.851+0000] {processor.py:186} INFO - Started process (PID=1672) to work on /opt/airflow/dags/countries_dag.py
[2026-09-09T00:37:12.854+0000] {processor.py:914} INFO - Processing file /opt/airflow/dags/countries_dag.py for tasks to queue
[2026-09-09T00:37:12.870+0000] {logging_mixin.py:190} INFO - [2026-09-09T00:37:12.869+0000] {dagbag.py:588} INFO - Filling up the DagBag from /opt/airflow/dags/countries_dag.py
[2026-09-09T00:37:13.070+0000] {logging_mixin.py:190} INFO - [2026-09-09T00:37:13.036+0000] {dagbag.py:387} ERROR - Failed to import: /opt/airflow/dags/countries_dag.py
Traceback (most recent call last):
  File "/home/airflow/.local/lib/python3.11/site-packages/airflow/models/dagbag.py", line 383, in parse
    loader.exec_module(new_module)
  File "<frozen importlib._bootstrap_external>", line 940, in exec_module
  File "<frozen importlib._bootstrap>", line 241, in _call_with_frames_removed
  File "/opt/airflow/dags/countries_dag.py", line 6, in <module>
    from ingestion.minio_to_snowflake import run_pipeline
  File "/opt/airflow/ingestion/minio_to_snowflake.py", line 7, in <module>
    from minio import Minio
ModuleNotFoundError: No module named 'minio'
[2026-09-09T00:37:13.078+0000] {processor.py:927} WARNING - No viable dags retrieved from /opt/airflow/dags/countries_dag.py
[2026-09-09T00:37:13.147+0000] {processor.py:208} INFO - Processing /opt/airflow/dags/countries_dag.py took 0.317 seconds
[2026-09-09T00:37:43.826+0000] {processor.py:186} INFO - Started process (PID=1677) to work on /opt/airflow/dags/countries_dag.py
[2026-09-09T00:37:43.832+0000] {processor.py:914} INFO - Processing file /opt/airflow/dags/countries_dag.py for tasks to queue
[2026-09-09T00:37:43.843+0000] {logging_mixin.py:190} INFO - [2026-09-09T00:37:43.842+0000] {dagbag.py:588} INFO - Filling up the DagBag from /opt/airflow/dags/countries_dag.py
[2026-09-09T00:37:44.099+0000] {logging_mixin.py:190} INFO - [2026-09-09T00:37:44.066+0000] {dagbag.py:387} ERROR - Failed to import: /opt/airflow/dags/countries_dag.py
Traceback (most recent call last):
  File "/home/airflow/.local/lib/python3.11/site-packages/airflow/models/dagbag.py", line 383, in parse
    loader.exec_module(new_module)
  File "<frozen importlib._bootstrap_external>", line 940, in exec_module
  File "<frozen importlib._bootstrap>", line 241, in _call_with_frames_removed
  File "/opt/airflow/dags/countries_dag.py", line 6, in <module>
    from ingestion.minio_to_snowflake import run_pipeline
  File "/opt/airflow/ingestion/minio_to_snowflake.py", line 7, in <module>
    from minio import Minio
ModuleNotFoundError: No module named 'minio'
[2026-09-09T00:37:44.112+0000] {processor.py:927} WARNING - No viable dags retrieved from /opt/airflow/dags/countries_dag.py
[2026-09-09T00:37:44.223+0000] {processor.py:208} INFO - Processing /opt/airflow/dags/countries_dag.py took 0.431 seconds
[2026-09-09T00:38:14.735+0000] {processor.py:186} INFO - Started process (PID=1682) to work on /opt/airflow/dags/countries_dag.py
[2026-09-09T00:38:14.739+0000] {processor.py:914} INFO - Processing file /opt/airflow/dags/countries_dag.py for tasks to queue
[2026-09-09T00:38:14.746+0000] {logging_mixin.py:190} INFO - [2026-09-09T00:38:14.745+0000] {dagbag.py:588} INFO - Filling up the DagBag from /opt/airflow/dags/countries_dag.py
[2026-09-09T00:38:14.974+0000] {logging_mixin.py:190} INFO - [2026-09-09T00:38:14.935+0000] {dagbag.py:387} ERROR - Failed to import: /opt/airflow/dags/countries_dag.py
Traceback (most recent call last):
  File "/home/airflow/.local/lib/python3.11/site-packages/airflow/models/dagbag.py", line 383, in parse
    loader.exec_module(new_module)
  File "<frozen importlib._bootstrap_external>", line 940, in exec_module
  File "<frozen importlib._bootstrap>", line 241, in _call_with_frames_removed
  File "/opt/airflow/dags/countries_dag.py", line 6, in <module>
    from ingestion.minio_to_snowflake import run_pipeline
  File "/opt/airflow/ingestion/minio_to_snowflake.py", line 7, in <module>
    from minio import Minio
ModuleNotFoundError: No module named 'minio'
[2026-09-09T00:38:14.979+0000] {processor.py:927} WARNING - No viable dags retrieved from /opt/airflow/dags/countries_dag.py
[2026-09-09T00:38:15.087+0000] {processor.py:208} INFO - Processing /opt/airflow/dags/countries_dag.py took 0.376 seconds
[2026-09-09T00:38:45.648+0000] {processor.py:186} INFO - Started process (PID=1687) to work on /opt/airflow/dags/countries_dag.py
[2026-09-09T00:38:45.673+0000] {processor.py:914} INFO - Processing file /opt/airflow/dags/countries_dag.py for tasks to queue
[2026-09-09T00:38:45.697+0000] {logging_mixin.py:190} INFO - [2026-09-09T00:38:45.693+0000] {dagbag.py:588} INFO - Filling up the DagBag from /opt/airflow/dags/countries_dag.py
[2026-09-09T00:38:46.036+0000] {logging_mixin.py:190} INFO - [2026-09-09T00:38:46.006+0000] {dagbag.py:387} ERROR - Failed to import: /opt/airflow/dags/countries_dag.py
Traceback (most recent call last):
  File "/home/airflow/.local/lib/python3.11/site-packages/airflow/models/dagbag.py", line 383, in parse
    loader.exec_module(new_module)
  File "<frozen importlib._bootstrap_external>", line 940, in exec_module
  File "<frozen importlib._bootstrap>", line 241, in _call_with_frames_removed
  File "/opt/airflow/dags/countries_dag.py", line 6, in <module>
    from ingestion.minio_to_snowflake import run_pipeline
  File "/opt/airflow/ingestion/minio_to_snowflake.py", line 7, in <module>
    from minio import Minio
ModuleNotFoundError: No module named 'minio'
[2026-09-09T00:38:46.056+0000] {processor.py:927} WARNING - No viable dags retrieved from /opt/airflow/dags/countries_dag.py
[2026-09-09T00:38:46.195+0000] {processor.py:208} INFO - Processing /opt/airflow/dags/countries_dag.py took 0.581 seconds
[2026-09-09T00:39:17.049+0000] {processor.py:186} INFO - Started process (PID=1692) to work on /opt/airflow/dags/countries_dag.py
[2026-09-09T00:39:17.052+0000] {processor.py:914} INFO - Processing file /opt/airflow/dags/countries_dag.py for tasks to queue
[2026-09-09T00:39:17.067+0000] {logging_mixin.py:190} INFO - [2026-09-09T00:39:17.066+0000] {dagbag.py:588} INFO - Filling up the DagBag from /opt/airflow/dags/countries_dag.py
[2026-09-09T00:39:17.186+0000] {logging_mixin.py:190} INFO - [2026-09-09T00:39:17.161+0000] {dagbag.py:387} ERROR - Failed to import: /opt/airflow/dags/countries_dag.py
Traceback (most recent call last):
  File "/home/airflow/.local/lib/python3.11/site-packages/airflow/models/dagbag.py", line 383, in parse
    loader.exec_module(new_module)
  File "<frozen importlib._bootstrap_external>", line 940, in exec_module
  File "<frozen importlib._bootstrap>", line 241, in _call_with_frames_removed
  File "/opt/airflow/dags/countries_dag.py", line 6, in <module>
    from ingestion.minio_to_snowflake import run_pipeline
  File "/opt/airflow/ingestion/minio_to_snowflake.py", line 7, in <module>
    from minio import Minio
ModuleNotFoundError: No module named 'minio'
[2026-09-09T00:39:17.191+0000] {processor.py:927} WARNING - No viable dags retrieved from /opt/airflow/dags/countries_dag.py
[2026-09-09T00:39:17.268+0000] {processor.py:208} INFO - Processing /opt/airflow/dags/countries_dag.py took 0.252 seconds
[2026-09-09T00:39:48.037+0000] {processor.py:186} INFO - Started process (PID=1697) to work on /opt/airflow/dags/countries_dag.py
[2026-09-09T00:39:48.044+0000] {processor.py:914} INFO - Processing file /opt/airflow/dags/countries_dag.py for tasks to queue
[2026-09-09T00:39:48.057+0000] {logging_mixin.py:190} INFO - [2026-09-09T00:39:48.056+0000] {dagbag.py:588} INFO - Filling up the DagBag from /opt/airflow/dags/countries_dag.py
[2026-09-09T00:39:48.197+0000] {logging_mixin.py:190} INFO - [2026-09-09T00:39:48.164+0000] {dagbag.py:387} ERROR - Failed to import: /opt/airflow/dags/countries_dag.py
Traceback (most recent call last):
  File "/home/airflow/.local/lib/python3.11/site-packages/airflow/models/dagbag.py", line 383, in parse
    loader.exec_module(new_module)
  File "<frozen importlib._bootstrap_external>", line 940, in exec_module
  File "<frozen importlib._bootstrap>", line 241, in _call_with_frames_removed
  File "/opt/airflow/dags/countries_dag.py", line 6, in <module>
    from ingestion.minio_to_snowflake import run_pipeline
  File "/opt/airflow/ingestion/minio_to_snowflake.py", line 7, in <module>
    from minio import Minio
ModuleNotFoundError: No module named 'minio'
[2026-09-09T00:39:48.202+0000] {processor.py:927} WARNING - No viable dags retrieved from /opt/airflow/dags/countries_dag.py
[2026-09-09T00:39:48.307+0000] {processor.py:208} INFO - Processing /opt/airflow/dags/countries_dag.py took 0.305 seconds
[2026-09-09T00:40:18.626+0000] {processor.py:186} INFO - Started process (PID=1702) to work on /opt/airflow/dags/countries_dag.py
[2026-09-09T00:40:18.631+0000] {processor.py:914} INFO - Processing file /opt/airflow/dags/countries_dag.py for tasks to queue
[2026-09-09T00:40:18.645+0000] {logging_mixin.py:190} INFO - [2026-09-09T00:40:18.644+0000] {dagbag.py:588} INFO - Filling up the DagBag from /opt/airflow/dags/countries_dag.py
[2026-09-09T00:40:18.798+0000] {logging_mixin.py:190} INFO - [2026-09-09T00:40:18.765+0000] {dagbag.py:387} ERROR - Failed to import: /opt/airflow/dags/countries_dag.py
Traceback (most recent call last):
  File "/home/airflow/.local/lib/python3.11/site-packages/airflow/models/dagbag.py", line 383, in parse
    loader.exec_module(new_module)
  File "<frozen importlib._bootstrap_external>", line 940, in exec_module
  File "<frozen importlib._bootstrap>", line 241, in _call_with_frames_removed
  File "/opt/airflow/dags/countries_dag.py", line 6, in <module>
    from ingestion.minio_to_snowflake import run_pipeline
  File "/opt/airflow/ingestion/minio_to_snowflake.py", line 7, in <module>
    from minio import Minio
ModuleNotFoundError: No module named 'minio'
[2026-09-09T00:40:18.811+0000] {processor.py:927} WARNING - No viable dags retrieved from /opt/airflow/dags/countries_dag.py
[2026-09-09T00:40:18.921+0000] {processor.py:208} INFO - Processing /opt/airflow/dags/countries_dag.py took 0.331 seconds
[2026-09-09T00:40:49.220+0000] {processor.py:186} INFO - Started process (PID=1707) to work on /opt/airflow/dags/countries_dag.py
[2026-09-09T00:40:49.225+0000] {processor.py:914} INFO - Processing file /opt/airflow/dags/countries_dag.py for tasks to queue
[2026-09-09T00:40:49.250+0000] {logging_mixin.py:190} INFO - [2026-09-09T00:40:49.241+0000] {dagbag.py:588} INFO - Filling up the DagBag from /opt/airflow/dags/countries_dag.py
[2026-09-09T00:40:49.608+0000] {logging_mixin.py:190} INFO - [2026-09-09T00:40:49.580+0000] {dagbag.py:387} ERROR - Failed to import: /opt/airflow/dags/countries_dag.py
Traceback (most recent call last):
  File "/home/airflow/.local/lib/python3.11/site-packages/airflow/models/dagbag.py", line 383, in parse
    loader.exec_module(new_module)
  File "<frozen importlib._bootstrap_external>", line 940, in exec_module
  File "<frozen importlib._bootstrap>", line 241, in _call_with_frames_removed
  File "/opt/airflow/dags/countries_dag.py", line 6, in <module>
    from ingestion.minio_to_snowflake import run_pipeline
  File "/opt/airflow/ingestion/minio_to_snowflake.py", line 7, in <module>
    from minio import Minio
ModuleNotFoundError: No module named 'minio'
[2026-09-09T00:40:49.613+0000] {processor.py:927} WARNING - No viable dags retrieved from /opt/airflow/dags/countries_dag.py
[2026-09-09T00:40:49.822+0000] {processor.py:208} INFO - Processing /opt/airflow/dags/countries_dag.py took 0.625 seconds
[2026-09-09T00:41:20.455+0000] {processor.py:186} INFO - Started process (PID=1712) to work on /opt/airflow/dags/countries_dag.py
[2026-09-09T00:41:20.462+0000] {processor.py:914} INFO - Processing file /opt/airflow/dags/countries_dag.py for tasks to queue
[2026-09-09T00:41:20.471+0000] {logging_mixin.py:190} INFO - [2026-09-09T00:41:20.470+0000] {dagbag.py:588} INFO - Filling up the DagBag from /opt/airflow/dags/countries_dag.py
[2026-09-09T00:41:20.684+0000] {logging_mixin.py:190} INFO - [2026-09-09T00:41:20.651+0000] {dagbag.py:387} ERROR - Failed to import: /opt/airflow/dags/countries_dag.py
Traceback (most recent call last):
  File "/home/airflow/.local/lib/python3.11/site-packages/airflow/models/dagbag.py", line 383, in parse
    loader.exec_module(new_module)
  File "<frozen importlib._bootstrap_external>", line 940, in exec_module
  File "<frozen importlib._bootstrap>", line 241, in _call_with_frames_removed
  File "/opt/airflow/dags/countries_dag.py", line 6, in <module>
    from ingestion.minio_to_snowflake import run_pipeline
  File "/opt/airflow/ingestion/minio_to_snowflake.py", line 7, in <module>
    from minio import Minio
ModuleNotFoundError: No module named 'minio'
[2026-09-09T00:41:20.694+0000] {processor.py:927} WARNING - No viable dags retrieved from /opt/airflow/dags/countries_dag.py
[2026-09-09T00:41:20.790+0000] {processor.py:208} INFO - Processing /opt/airflow/dags/countries_dag.py took 0.360 seconds
[2026-09-09T00:41:51.180+0000] {processor.py:186} INFO - Started process (PID=1717) to work on /opt/airflow/dags/countries_dag.py
[2026-09-09T00:41:51.199+0000] {processor.py:914} INFO - Processing file /opt/airflow/dags/countries_dag.py for tasks to queue
[2026-09-09T00:41:51.217+0000] {logging_mixin.py:190} INFO - [2026-09-09T00:41:51.216+0000] {dagbag.py:588} INFO - Filling up the DagBag from /opt/airflow/dags/countries_dag.py
[2026-09-09T00:41:51.441+0000] {logging_mixin.py:190} INFO - [2026-09-09T00:41:51.416+0000] {dagbag.py:387} ERROR - Failed to import: /opt/airflow/dags/countries_dag.py
Traceback (most recent call last):
  File "/home/airflow/.local/lib/python3.11/site-packages/airflow/models/dagbag.py", line 383, in parse
    loader.exec_module(new_module)
  File "<frozen importlib._bootstrap_external>", line 940, in exec_module
  File "<frozen importlib._bootstrap>", line 241, in _call_with_frames_removed
  File "/opt/airflow/dags/countries_dag.py", line 6, in <module>
    from ingestion.minio_to_snowflake import run_pipeline
  File "/opt/airflow/ingestion/minio_to_snowflake.py", line 7, in <module>
    from minio import Minio
ModuleNotFoundError: No module named 'minio'
[2026-09-09T00:41:51.469+0000] {processor.py:927} WARNING - No viable dags retrieved from /opt/airflow/dags/countries_dag.py
[2026-09-09T00:41:51.558+0000] {processor.py:208} INFO - Processing /opt/airflow/dags/countries_dag.py took 0.423 seconds
[2026-09-09T00:42:21.960+0000] {processor.py:186} INFO - Started process (PID=1722) to work on /opt/airflow/dags/countries_dag.py
[2026-09-09T00:42:22.014+0000] {processor.py:914} INFO - Processing file /opt/airflow/dags/countries_dag.py for tasks to queue
[2026-09-09T00:42:22.020+0000] {logging_mixin.py:190} INFO - [2026-09-09T00:42:22.020+0000] {dagbag.py:588} INFO - Filling up the DagBag from /opt/airflow/dags/countries_dag.py
[2026-09-09T00:42:22.391+0000] {logging_mixin.py:190} INFO - [2026-09-09T00:42:22.347+0000] {dagbag.py:387} ERROR - Failed to import: /opt/airflow/dags/countries_dag.py
Traceback (most recent call last):
  File "/home/airflow/.local/lib/python3.11/site-packages/airflow/models/dagbag.py", line 383, in parse
    loader.exec_module(new_module)
  File "<frozen importlib._bootstrap_external>", line 940, in exec_module
  File "<frozen importlib._bootstrap>", line 241, in _call_with_frames_removed
  File "/opt/airflow/dags/countries_dag.py", line 6, in <module>
    from ingestion.minio_to_snowflake import run_pipeline
  File "/opt/airflow/ingestion/minio_to_snowflake.py", line 7, in <module>
    from minio import Minio
ModuleNotFoundError: No module named 'minio'
[2026-09-09T00:42:22.403+0000] {processor.py:927} WARNING - No viable dags retrieved from /opt/airflow/dags/countries_dag.py
[2026-09-09T00:42:22.479+0000] {processor.py:208} INFO - Processing /opt/airflow/dags/countries_dag.py took 0.550 seconds
[2026-09-09T00:42:53.370+0000] {processor.py:186} INFO - Started process (PID=1727) to work on /opt/airflow/dags/countries_dag.py
[2026-09-09T00:42:53.374+0000] {processor.py:914} INFO - Processing file /opt/airflow/dags/countries_dag.py for tasks to queue
[2026-09-09T00:42:53.392+0000] {logging_mixin.py:190} INFO - [2026-09-09T00:42:53.391+0000] {dagbag.py:588} INFO - Filling up the DagBag from /opt/airflow/dags/countries_dag.py
[2026-09-09T00:42:53.709+0000] {logging_mixin.py:190} INFO - [2026-09-09T00:42:53.626+0000] {dagbag.py:387} ERROR - Failed to import: /opt/airflow/dags/countries_dag.py
Traceback (most recent call last):
  File "/home/airflow/.local/lib/python3.11/site-packages/airflow/models/dagbag.py", line 383, in parse
    loader.exec_module(new_module)
  File "<frozen importlib._bootstrap_external>", line 940, in exec_module
  File "<frozen importlib._bootstrap>", line 241, in _call_with_frames_removed
  File "/opt/airflow/dags/countries_dag.py", line 6, in <module>
    from ingestion.minio_to_snowflake import run_pipeline
  File "/opt/airflow/ingestion/minio_to_snowflake.py", line 7, in <module>
    from minio import Minio
ModuleNotFoundError: No module named 'minio'
[2026-09-09T00:42:53.719+0000] {processor.py:927} WARNING - No viable dags retrieved from /opt/airflow/dags/countries_dag.py
[2026-09-09T00:42:53.809+0000] {processor.py:208} INFO - Processing /opt/airflow/dags/countries_dag.py took 0.489 seconds
[2026-09-09T00:43:24.294+0000] {processor.py:186} INFO - Started process (PID=1732) to work on /opt/airflow/dags/countries_dag.py
[2026-09-09T00:43:24.297+0000] {processor.py:914} INFO - Processing file /opt/airflow/dags/countries_dag.py for tasks to queue
[2026-09-09T00:43:24.315+0000] {logging_mixin.py:190} INFO - [2026-09-09T00:43:24.314+0000] {dagbag.py:588} INFO - Filling up the DagBag from /opt/airflow/dags/countries_dag.py
[2026-09-09T00:43:24.473+0000] {logging_mixin.py:190} INFO - [2026-09-09T00:43:24.434+0000] {dagbag.py:387} ERROR - Failed to import: /opt/airflow/dags/countries_dag.py
Traceback (most recent call last):
  File "/home/airflow/.local/lib/python3.11/site-packages/airflow/models/dagbag.py", line 383, in parse
    loader.exec_module(new_module)
  File "<frozen importlib._bootstrap_external>", line 940, in exec_module
  File "<frozen importlib._bootstrap>", line 241, in _call_with_frames_removed
  File "/opt/airflow/dags/countries_dag.py", line 6, in <module>
    from ingestion.minio_to_snowflake import run_pipeline
  File "/opt/airflow/ingestion/minio_to_snowflake.py", line 7, in <module>
    from minio import Minio
ModuleNotFoundError: No module named 'minio'
[2026-09-09T00:43:24.481+0000] {processor.py:927} WARNING - No viable dags retrieved from /opt/airflow/dags/countries_dag.py
[2026-09-09T00:43:24.584+0000] {processor.py:208} INFO - Processing /opt/airflow/dags/countries_dag.py took 0.325 seconds
[2026-09-09T00:43:55.296+0000] {processor.py:186} INFO - Started process (PID=1737) to work on /opt/airflow/dags/countries_dag.py
[2026-09-09T00:43:55.304+0000] {processor.py:914} INFO - Processing file /opt/airflow/dags/countries_dag.py for tasks to queue
[2026-09-09T00:43:55.311+0000] {logging_mixin.py:190} INFO - [2026-09-09T00:43:55.310+0000] {dagbag.py:588} INFO - Filling up the DagBag from /opt/airflow/dags/countries_dag.py
[2026-09-09T00:43:55.573+0000] {logging_mixin.py:190} INFO - [2026-09-09T00:43:55.516+0000] {dagbag.py:387} ERROR - Failed to import: /opt/airflow/dags/countries_dag.py
Traceback (most recent call last):
  File "/home/airflow/.local/lib/python3.11/site-packages/airflow/models/dagbag.py", line 383, in parse
    loader.exec_module(new_module)
  File "<frozen importlib._bootstrap_external>", line 940, in exec_module
  File "<frozen importlib._bootstrap>", line 241, in _call_with_frames_removed
  File "/opt/airflow/dags/countries_dag.py", line 6, in <module>
    from ingestion.minio_to_snowflake import run_pipeline
  File "/opt/airflow/ingestion/minio_to_snowflake.py", line 7, in <module>
    from minio import Minio
ModuleNotFoundError: No module named 'minio'
[2026-09-09T00:43:55.583+0000] {processor.py:927} WARNING - No viable dags retrieved from /opt/airflow/dags/countries_dag.py
[2026-09-09T00:43:55.668+0000] {processor.py:208} INFO - Processing /opt/airflow/dags/countries_dag.py took 0.398 seconds
[2026-09-09T00:44:26.390+0000] {processor.py:186} INFO - Started process (PID=1742) to work on /opt/airflow/dags/countries_dag.py
[2026-09-09T00:44:26.393+0000] {processor.py:914} INFO - Processing file /opt/airflow/dags/countries_dag.py for tasks to queue
[2026-09-09T00:44:26.401+0000] {logging_mixin.py:190} INFO - [2026-09-09T00:44:26.400+0000] {dagbag.py:588} INFO - Filling up the DagBag from /opt/airflow/dags/countries_dag.py
[2026-09-09T00:44:26.697+0000] {logging_mixin.py:190} INFO - [2026-09-09T00:44:26.673+0000] {dagbag.py:387} ERROR - Failed to import: /opt/airflow/dags/countries_dag.py
Traceback (most recent call last):
  File "/home/airflow/.local/lib/python3.11/site-packages/airflow/models/dagbag.py", line 383, in parse
    loader.exec_module(new_module)
  File "<frozen importlib._bootstrap_external>", line 940, in exec_module
  File "<frozen importlib._bootstrap>", line 241, in _call_with_frames_removed
  File "/opt/airflow/dags/countries_dag.py", line 6, in <module>
    from ingestion.minio_to_snowflake import run_pipeline
  File "/opt/airflow/ingestion/minio_to_snowflake.py", line 7, in <module>
    from minio import Minio
ModuleNotFoundError: No module named 'minio'
[2026-09-09T00:44:26.704+0000] {processor.py:927} WARNING - No viable dags retrieved from /opt/airflow/dags/countries_dag.py
[2026-09-09T00:44:26.867+0000] {processor.py:208} INFO - Processing /opt/airflow/dags/countries_dag.py took 0.503 seconds
[2026-09-09T00:44:57.994+0000] {processor.py:186} INFO - Started process (PID=1747) to work on /opt/airflow/dags/countries_dag.py
[2026-09-09T00:44:58.007+0000] {processor.py:914} INFO - Processing file /opt/airflow/dags/countries_dag.py for tasks to queue
[2026-09-09T00:44:58.025+0000] {logging_mixin.py:190} INFO - [2026-09-09T00:44:58.024+0000] {dagbag.py:588} INFO - Filling up the DagBag from /opt/airflow/dags/countries_dag.py
[2026-09-09T00:44:58.214+0000] {logging_mixin.py:190} INFO - [2026-09-09T00:44:58.187+0000] {dagbag.py:387} ERROR - Failed to import: /opt/airflow/dags/countries_dag.py
Traceback (most recent call last):
  File "/home/airflow/.local/lib/python3.11/site-packages/airflow/models/dagbag.py", line 383, in parse
    loader.exec_module(new_module)
  File "<frozen importlib._bootstrap_external>", line 940, in exec_module
  File "<frozen importlib._bootstrap>", line 241, in _call_with_frames_removed
  File "/opt/airflow/dags/countries_dag.py", line 6, in <module>
    from ingestion.minio_to_snowflake import run_pipeline
  File "/opt/airflow/ingestion/minio_to_snowflake.py", line 7, in <module>
    from minio import Minio
ModuleNotFoundError: No module named 'minio'
[2026-09-09T00:44:58.220+0000] {processor.py:927} WARNING - No viable dags retrieved from /opt/airflow/dags/countries_dag.py
[2026-09-09T00:44:58.335+0000] {processor.py:208} INFO - Processing /opt/airflow/dags/countries_dag.py took 0.411 seconds
[2026-09-09T00:45:28.779+0000] {processor.py:186} INFO - Started process (PID=1752) to work on /opt/airflow/dags/countries_dag.py
[2026-09-09T00:45:28.792+0000] {processor.py:914} INFO - Processing file /opt/airflow/dags/countries_dag.py for tasks to queue
[2026-09-09T00:45:28.808+0000] {logging_mixin.py:190} INFO - [2026-09-09T00:45:28.807+0000] {dagbag.py:588} INFO - Filling up the DagBag from /opt/airflow/dags/countries_dag.py
[2026-09-09T00:45:29.609+0000] {logging_mixin.py:190} INFO - [2026-09-09T00:45:29.217+0000] {dagbag.py:387} ERROR - Failed to import: /opt/airflow/dags/countries_dag.py
Traceback (most recent call last):
  File "/home/airflow/.local/lib/python3.11/site-packages/airflow/models/dagbag.py", line 383, in parse
    loader.exec_module(new_module)
  File "<frozen importlib._bootstrap_external>", line 940, in exec_module
  File "<frozen importlib._bootstrap>", line 241, in _call_with_frames_removed
  File "/opt/airflow/dags/countries_dag.py", line 6, in <module>
    from ingestion.minio_to_snowflake import run_pipeline
  File "/opt/airflow/ingestion/minio_to_snowflake.py", line 7, in <module>
    from minio import Minio
ModuleNotFoundError: No module named 'minio'
[2026-09-09T00:45:29.711+0000] {processor.py:927} WARNING - No viable dags retrieved from /opt/airflow/dags/countries_dag.py
[2026-09-09T00:45:29.922+0000] {processor.py:208} INFO - Processing /opt/airflow/dags/countries_dag.py took 1.179 seconds
[2026-09-09T00:46:00.567+0000] {processor.py:186} INFO - Started process (PID=1757) to work on /opt/airflow/dags/countries_dag.py
[2026-09-09T00:46:00.575+0000] {processor.py:914} INFO - Processing file /opt/airflow/dags/countries_dag.py for tasks to queue
[2026-09-09T00:46:00.602+0000] {logging_mixin.py:190} INFO - [2026-09-09T00:46:00.601+0000] {dagbag.py:588} INFO - Filling up the DagBag from /opt/airflow/dags/countries_dag.py
[2026-09-09T00:46:01.364+0000] {logging_mixin.py:190} INFO - [2026-09-09T00:46:01.331+0000] {dagbag.py:387} ERROR - Failed to import: /opt/airflow/dags/countries_dag.py
Traceback (most recent call last):
  File "/home/airflow/.local/lib/python3.11/site-packages/airflow/models/dagbag.py", line 383, in parse
    loader.exec_module(new_module)
  File "<frozen importlib._bootstrap_external>", line 940, in exec_module
  File "<frozen importlib._bootstrap>", line 241, in _call_with_frames_removed
  File "/opt/airflow/dags/countries_dag.py", line 6, in <module>
    from ingestion.minio_to_snowflake import run_pipeline
  File "/opt/airflow/ingestion/minio_to_snowflake.py", line 7, in <module>
    from minio import Minio
ModuleNotFoundError: No module named 'minio'
[2026-09-09T00:46:01.376+0000] {processor.py:927} WARNING - No viable dags retrieved from /opt/airflow/dags/countries_dag.py
[2026-09-09T00:46:01.555+0000] {processor.py:208} INFO - Processing /opt/airflow/dags/countries_dag.py took 1.039 seconds
[2026-09-09T00:46:32.401+0000] {processor.py:186} INFO - Started process (PID=1762) to work on /opt/airflow/dags/countries_dag.py
[2026-09-09T00:46:32.404+0000] {processor.py:914} INFO - Processing file /opt/airflow/dags/countries_dag.py for tasks to queue
[2026-09-09T00:46:32.428+0000] {logging_mixin.py:190} INFO - [2026-09-09T00:46:32.420+0000] {dagbag.py:588} INFO - Filling up the DagBag from /opt/airflow/dags/countries_dag.py
[2026-09-09T00:46:32.878+0000] {logging_mixin.py:190} INFO - [2026-09-09T00:46:32.813+0000] {dagbag.py:387} ERROR - Failed to import: /opt/airflow/dags/countries_dag.py
Traceback (most recent call last):
  File "/home/airflow/.local/lib/python3.11/site-packages/airflow/models/dagbag.py", line 383, in parse
    loader.exec_module(new_module)
  File "<frozen importlib._bootstrap_external>", line 940, in exec_module
  File "<frozen importlib._bootstrap>", line 241, in _call_with_frames_removed
  File "/opt/airflow/dags/countries_dag.py", line 6, in <module>
    from ingestion.minio_to_snowflake import run_pipeline
  File "/opt/airflow/ingestion/minio_to_snowflake.py", line 7, in <module>
    from minio import Minio
ModuleNotFoundError: No module named 'minio'
[2026-09-09T00:46:32.900+0000] {processor.py:927} WARNING - No viable dags retrieved from /opt/airflow/dags/countries_dag.py
[2026-09-09T00:46:33.280+0000] {processor.py:208} INFO - Processing /opt/airflow/dags/countries_dag.py took 0.979 seconds
[2026-09-09T00:47:03.716+0000] {processor.py:186} INFO - Started process (PID=1767) to work on /opt/airflow/dags/countries_dag.py
[2026-09-09T00:47:03.720+0000] {processor.py:914} INFO - Processing file /opt/airflow/dags/countries_dag.py for tasks to queue
[2026-09-09T00:47:03.738+0000] {logging_mixin.py:190} INFO - [2026-09-09T00:47:03.737+0000] {dagbag.py:588} INFO - Filling up the DagBag from /opt/airflow/dags/countries_dag.py
[2026-09-09T00:47:04.022+0000] {logging_mixin.py:190} INFO - [2026-09-09T00:47:03.993+0000] {dagbag.py:387} ERROR - Failed to import: /opt/airflow/dags/countries_dag.py
Traceback (most recent call last):
  File "/home/airflow/.local/lib/python3.11/site-packages/airflow/models/dagbag.py", line 383, in parse
    loader.exec_module(new_module)
  File "<frozen importlib._bootstrap_external>", line 940, in exec_module
  File "<frozen importlib._bootstrap>", line 241, in _call_with_frames_removed
  File "/opt/airflow/dags/countries_dag.py", line 6, in <module>
    from ingestion.minio_to_snowflake import run_pipeline
  File "/opt/airflow/ingestion/minio_to_snowflake.py", line 7, in <module>
    from minio import Minio
ModuleNotFoundError: No module named 'minio'
[2026-09-09T00:47:04.029+0000] {processor.py:927} WARNING - No viable dags retrieved from /opt/airflow/dags/countries_dag.py
[2026-09-09T00:47:04.200+0000] {processor.py:208} INFO - Processing /opt/airflow/dags/countries_dag.py took 0.588 seconds
[2026-09-09T00:47:35.222+0000] {processor.py:186} INFO - Started process (PID=1772) to work on /opt/airflow/dags/countries_dag.py
[2026-09-09T00:47:35.232+0000] {processor.py:914} INFO - Processing file /opt/airflow/dags/countries_dag.py for tasks to queue
[2026-09-09T00:47:35.240+0000] {logging_mixin.py:190} INFO - [2026-09-09T00:47:35.239+0000] {dagbag.py:588} INFO - Filling up the DagBag from /opt/airflow/dags/countries_dag.py
[2026-09-09T00:47:35.465+0000] {logging_mixin.py:190} INFO - [2026-09-09T00:47:35.401+0000] {dagbag.py:387} ERROR - Failed to import: /opt/airflow/dags/countries_dag.py
Traceback (most recent call last):
  File "/home/airflow/.local/lib/python3.11/site-packages/airflow/models/dagbag.py", line 383, in parse
    loader.exec_module(new_module)
  File "<frozen importlib._bootstrap_external>", line 940, in exec_module
  File "<frozen importlib._bootstrap>", line 241, in _call_with_frames_removed
  File "/opt/airflow/dags/countries_dag.py", line 6, in <module>
    from ingestion.minio_to_snowflake import run_pipeline
  File "/opt/airflow/ingestion/minio_to_snowflake.py", line 7, in <module>
    from minio import Minio
ModuleNotFoundError: No module named 'minio'
[2026-09-09T00:47:35.473+0000] {processor.py:927} WARNING - No viable dags retrieved from /opt/airflow/dags/countries_dag.py
[2026-09-09T00:47:35.552+0000] {processor.py:208} INFO - Processing /opt/airflow/dags/countries_dag.py took 0.356 seconds
[2026-09-09T00:48:06.586+0000] {processor.py:186} INFO - Started process (PID=1777) to work on /opt/airflow/dags/countries_dag.py
[2026-09-09T00:48:06.598+0000] {processor.py:914} INFO - Processing file /opt/airflow/dags/countries_dag.py for tasks to queue
[2026-09-09T00:48:06.624+0000] {logging_mixin.py:190} INFO - [2026-09-09T00:48:06.623+0000] {dagbag.py:588} INFO - Filling up the DagBag from /opt/airflow/dags/countries_dag.py
[2026-09-09T00:48:06.962+0000] {logging_mixin.py:190} INFO - [2026-09-09T00:48:06.902+0000] {dagbag.py:387} ERROR - Failed to import: /opt/airflow/dags/countries_dag.py
Traceback (most recent call last):
  File "/home/airflow/.local/lib/python3.11/site-packages/airflow/models/dagbag.py", line 383, in parse
    loader.exec_module(new_module)
  File "<frozen importlib._bootstrap_external>", line 940, in exec_module
  File "<frozen importlib._bootstrap>", line 241, in _call_with_frames_removed
  File "/opt/airflow/dags/countries_dag.py", line 6, in <module>
    from ingestion.minio_to_snowflake import run_pipeline
  File "/opt/airflow/ingestion/minio_to_snowflake.py", line 7, in <module>
    from minio import Minio
ModuleNotFoundError: No module named 'minio'
[2026-09-09T00:48:06.977+0000] {processor.py:927} WARNING - No viable dags retrieved from /opt/airflow/dags/countries_dag.py
[2026-09-09T00:48:07.122+0000] {processor.py:208} INFO - Processing /opt/airflow/dags/countries_dag.py took 0.569 seconds
[2026-09-09T00:48:38.298+0000] {processor.py:186} INFO - Started process (PID=1782) to work on /opt/airflow/dags/countries_dag.py
[2026-09-09T00:48:38.312+0000] {processor.py:914} INFO - Processing file /opt/airflow/dags/countries_dag.py for tasks to queue
[2026-09-09T00:48:38.327+0000] {logging_mixin.py:190} INFO - [2026-09-09T00:48:38.326+0000] {dagbag.py:588} INFO - Filling up the DagBag from /opt/airflow/dags/countries_dag.py
[2026-09-09T00:48:38.543+0000] {logging_mixin.py:190} INFO - [2026-09-09T00:48:38.504+0000] {dagbag.py:387} ERROR - Failed to import: /opt/airflow/dags/countries_dag.py
Traceback (most recent call last):
  File "/home/airflow/.local/lib/python3.11/site-packages/airflow/models/dagbag.py", line 383, in parse
    loader.exec_module(new_module)
  File "<frozen importlib._bootstrap_external>", line 940, in exec_module
  File "<frozen importlib._bootstrap>", line 241, in _call_with_frames_removed
  File "/opt/airflow/dags/countries_dag.py", line 6, in <module>
    from ingestion.minio_to_snowflake import run_pipeline
  File "/opt/airflow/ingestion/minio_to_snowflake.py", line 7, in <module>
    from minio import Minio
ModuleNotFoundError: No module named 'minio'
[2026-09-09T00:48:38.556+0000] {processor.py:927} WARNING - No viable dags retrieved from /opt/airflow/dags/countries_dag.py
[2026-09-09T00:48:38.637+0000] {processor.py:208} INFO - Processing /opt/airflow/dags/countries_dag.py took 0.380 seconds
[2026-09-09T00:49:08.872+0000] {processor.py:186} INFO - Started process (PID=1787) to work on /opt/airflow/dags/countries_dag.py
[2026-09-09T00:49:08.877+0000] {processor.py:914} INFO - Processing file /opt/airflow/dags/countries_dag.py for tasks to queue
[2026-09-09T00:49:08.889+0000] {logging_mixin.py:190} INFO - [2026-09-09T00:49:08.889+0000] {dagbag.py:588} INFO - Filling up the DagBag from /opt/airflow/dags/countries_dag.py
[2026-09-09T00:49:09.119+0000] {logging_mixin.py:190} INFO - [2026-09-09T00:49:09.090+0000] {dagbag.py:387} ERROR - Failed to import: /opt/airflow/dags/countries_dag.py
Traceback (most recent call last):
  File "/home/airflow/.local/lib/python3.11/site-packages/airflow/models/dagbag.py", line 383, in parse
    loader.exec_module(new_module)
  File "<frozen importlib._bootstrap_external>", line 940, in exec_module
  File "<frozen importlib._bootstrap>", line 241, in _call_with_frames_removed
  File "/opt/airflow/dags/countries_dag.py", line 6, in <module>
    from ingestion.minio_to_snowflake import run_pipeline
  File "/opt/airflow/ingestion/minio_to_snowflake.py", line 7, in <module>
    from minio import Minio
ModuleNotFoundError: No module named 'minio'
[2026-09-09T00:49:09.130+0000] {processor.py:927} WARNING - No viable dags retrieved from /opt/airflow/dags/countries_dag.py
[2026-09-09T00:49:09.221+0000] {processor.py:208} INFO - Processing /opt/airflow/dags/countries_dag.py took 0.394 seconds
[2026-09-09T00:49:39.416+0000] {processor.py:186} INFO - Started process (PID=1792) to work on /opt/airflow/dags/countries_dag.py
[2026-09-09T00:49:39.427+0000] {processor.py:914} INFO - Processing file /opt/airflow/dags/countries_dag.py for tasks to queue
[2026-09-09T00:49:39.472+0000] {logging_mixin.py:190} INFO - [2026-09-09T00:49:39.471+0000] {dagbag.py:588} INFO - Filling up the DagBag from /opt/airflow/dags/countries_dag.py
[2026-09-09T00:49:39.677+0000] {logging_mixin.py:190} INFO - [2026-09-09T00:49:39.628+0000] {dagbag.py:387} ERROR - Failed to import: /opt/airflow/dags/countries_dag.py
Traceback (most recent call last):
  File "/home/airflow/.local/lib/python3.11/site-packages/airflow/models/dagbag.py", line 383, in parse
    loader.exec_module(new_module)
  File "<frozen importlib._bootstrap_external>", line 940, in exec_module
  File "<frozen importlib._bootstrap>", line 241, in _call_with_frames_removed
  File "/opt/airflow/dags/countries_dag.py", line 6, in <module>
    from ingestion.minio_to_snowflake import run_pipeline
  File "/opt/airflow/ingestion/minio_to_snowflake.py", line 7, in <module>
    from minio import Minio
ModuleNotFoundError: No module named 'minio'
[2026-09-09T00:49:39.686+0000] {processor.py:927} WARNING - No viable dags retrieved from /opt/airflow/dags/countries_dag.py
[2026-09-09T00:49:39.885+0000] {processor.py:208} INFO - Processing /opt/airflow/dags/countries_dag.py took 0.493 seconds
[2026-09-09T00:50:10.870+0000] {processor.py:186} INFO - Started process (PID=1797) to work on /opt/airflow/dags/countries_dag.py
[2026-09-09T00:50:10.899+0000] {processor.py:914} INFO - Processing file /opt/airflow/dags/countries_dag.py for tasks to queue
[2026-09-09T00:50:10.913+0000] {logging_mixin.py:190} INFO - [2026-09-09T00:50:10.912+0000] {dagbag.py:588} INFO - Filling up the DagBag from /opt/airflow/dags/countries_dag.py
[2026-09-09T00:50:11.344+0000] {logging_mixin.py:190} INFO - [2026-09-09T00:50:11.286+0000] {dagbag.py:387} ERROR - Failed to import: /opt/airflow/dags/countries_dag.py
Traceback (most recent call last):
  File "/home/airflow/.local/lib/python3.11/site-packages/airflow/models/dagbag.py", line 383, in parse
    loader.exec_module(new_module)
  File "<frozen importlib._bootstrap_external>", line 940, in exec_module
  File "<frozen importlib._bootstrap>", line 241, in _call_with_frames_removed
  File "/opt/airflow/dags/countries_dag.py", line 6, in <module>
    from ingestion.minio_to_snowflake import run_pipeline
  File "/opt/airflow/ingestion/minio_to_snowflake.py", line 7, in <module>
    from minio import Minio
ModuleNotFoundError: No module named 'minio'
[2026-09-09T00:50:11.355+0000] {processor.py:927} WARNING - No viable dags retrieved from /opt/airflow/dags/countries_dag.py
[2026-09-09T00:50:12.135+0000] {processor.py:208} INFO - Processing /opt/airflow/dags/countries_dag.py took 1.291 seconds
[2026-09-09T00:50:43.090+0000] {processor.py:186} INFO - Started process (PID=1802) to work on /opt/airflow/dags/countries_dag.py
[2026-09-09T00:50:43.094+0000] {processor.py:914} INFO - Processing file /opt/airflow/dags/countries_dag.py for tasks to queue
[2026-09-09T00:50:43.107+0000] {logging_mixin.py:190} INFO - [2026-09-09T00:50:43.106+0000] {dagbag.py:588} INFO - Filling up the DagBag from /opt/airflow/dags/countries_dag.py
[2026-09-09T00:50:43.280+0000] {logging_mixin.py:190} INFO - [2026-09-09T00:50:43.246+0000] {dagbag.py:387} ERROR - Failed to import: /opt/airflow/dags/countries_dag.py
Traceback (most recent call last):
  File "/home/airflow/.local/lib/python3.11/site-packages/airflow/models/dagbag.py", line 383, in parse
    loader.exec_module(new_module)
  File "<frozen importlib._bootstrap_external>", line 940, in exec_module
  File "<frozen importlib._bootstrap>", line 241, in _call_with_frames_removed
  File "/opt/airflow/dags/countries_dag.py", line 6, in <module>
    from ingestion.minio_to_snowflake import run_pipeline
  File "/opt/airflow/ingestion/minio_to_snowflake.py", line 7, in <module>
    from minio import Minio
ModuleNotFoundError: No module named 'minio'
[2026-09-09T00:50:43.288+0000] {processor.py:927} WARNING - No viable dags retrieved from /opt/airflow/dags/countries_dag.py
[2026-09-09T00:50:43.453+0000] {processor.py:208} INFO - Processing /opt/airflow/dags/countries_dag.py took 0.386 seconds
[2026-09-09T00:51:14.008+0000] {processor.py:186} INFO - Started process (PID=1807) to work on /opt/airflow/dags/countries_dag.py
[2026-09-09T00:51:14.016+0000] {processor.py:914} INFO - Processing file /opt/airflow/dags/countries_dag.py for tasks to queue
[2026-09-09T00:51:14.034+0000] {logging_mixin.py:190} INFO - [2026-09-09T00:51:14.033+0000] {dagbag.py:588} INFO - Filling up the DagBag from /opt/airflow/dags/countries_dag.py
[2026-09-09T00:51:14.555+0000] {logging_mixin.py:190} INFO - [2026-09-09T00:51:14.467+0000] {dagbag.py:387} ERROR - Failed to import: /opt/airflow/dags/countries_dag.py
Traceback (most recent call last):
  File "/home/airflow/.local/lib/python3.11/site-packages/airflow/models/dagbag.py", line 383, in parse
    loader.exec_module(new_module)
  File "<frozen importlib._bootstrap_external>", line 940, in exec_module
  File "<frozen importlib._bootstrap>", line 241, in _call_with_frames_removed
  File "/opt/airflow/dags/countries_dag.py", line 6, in <module>
    from ingestion.minio_to_snowflake import run_pipeline
  File "/opt/airflow/ingestion/minio_to_snowflake.py", line 7, in <module>
    from minio import Minio
ModuleNotFoundError: No module named 'minio'
[2026-09-09T00:51:14.573+0000] {processor.py:927} WARNING - No viable dags retrieved from /opt/airflow/dags/countries_dag.py
[2026-09-09T00:51:14.709+0000] {processor.py:208} INFO - Processing /opt/airflow/dags/countries_dag.py took 0.747 seconds
[2026-09-09T00:51:45.325+0000] {processor.py:186} INFO - Started process (PID=1812) to work on /opt/airflow/dags/countries_dag.py
[2026-09-09T00:51:45.341+0000] {processor.py:914} INFO - Processing file /opt/airflow/dags/countries_dag.py for tasks to queue
[2026-09-09T00:51:45.397+0000] {logging_mixin.py:190} INFO - [2026-09-09T00:51:45.396+0000] {dagbag.py:588} INFO - Filling up the DagBag from /opt/airflow/dags/countries_dag.py
[2026-09-09T00:51:45.695+0000] {logging_mixin.py:190} INFO - [2026-09-09T00:51:45.644+0000] {dagbag.py:387} ERROR - Failed to import: /opt/airflow/dags/countries_dag.py
Traceback (most recent call last):
  File "/home/airflow/.local/lib/python3.11/site-packages/airflow/models/dagbag.py", line 383, in parse
    loader.exec_module(new_module)
  File "<frozen importlib._bootstrap_external>", line 940, in exec_module
  File "<frozen importlib._bootstrap>", line 241, in _call_with_frames_removed
  File "/opt/airflow/dags/countries_dag.py", line 6, in <module>
    from ingestion.minio_to_snowflake import run_pipeline
  File "/opt/airflow/ingestion/minio_to_snowflake.py", line 7, in <module>
    from minio import Minio
ModuleNotFoundError: No module named 'minio'
[2026-09-09T00:51:45.714+0000] {processor.py:927} WARNING - No viable dags retrieved from /opt/airflow/dags/countries_dag.py
[2026-09-09T00:51:45.923+0000] {processor.py:208} INFO - Processing /opt/airflow/dags/countries_dag.py took 0.641 seconds
[2026-09-09T00:52:17.913+0000] {processor.py:186} INFO - Started process (PID=1817) to work on /opt/airflow/dags/countries_dag.py
[2026-09-09T00:52:17.916+0000] {processor.py:914} INFO - Processing file /opt/airflow/dags/countries_dag.py for tasks to queue
[2026-09-09T00:52:17.933+0000] {logging_mixin.py:190} INFO - [2026-09-09T00:52:17.932+0000] {dagbag.py:588} INFO - Filling up the DagBag from /opt/airflow/dags/countries_dag.py
[2026-09-09T00:52:18.206+0000] {logging_mixin.py:190} INFO - [2026-09-09T00:52:18.167+0000] {dagbag.py:387} ERROR - Failed to import: /opt/airflow/dags/countries_dag.py
Traceback (most recent call last):
  File "/home/airflow/.local/lib/python3.11/site-packages/airflow/models/dagbag.py", line 383, in parse
    loader.exec_module(new_module)
  File "<frozen importlib._bootstrap_external>", line 940, in exec_module
  File "<frozen importlib._bootstrap>", line 241, in _call_with_frames_removed
  File "/opt/airflow/dags/countries_dag.py", line 6, in <module>
    from ingestion.minio_to_snowflake import run_pipeline
  File "/opt/airflow/ingestion/minio_to_snowflake.py", line 7, in <module>
    from minio import Minio
ModuleNotFoundError: No module named 'minio'
[2026-09-09T00:52:18.217+0000] {processor.py:927} WARNING - No viable dags retrieved from /opt/airflow/dags/countries_dag.py
[2026-09-09T00:52:18.430+0000] {processor.py:208} INFO - Processing /opt/airflow/dags/countries_dag.py took 0.554 seconds
[2026-09-09T00:52:49.420+0000] {processor.py:186} INFO - Started process (PID=1822) to work on /opt/airflow/dags/countries_dag.py
[2026-09-09T00:52:49.431+0000] {processor.py:914} INFO - Processing file /opt/airflow/dags/countries_dag.py for tasks to queue
[2026-09-09T00:52:49.536+0000] {logging_mixin.py:190} INFO - [2026-09-09T00:52:49.515+0000] {dagbag.py:588} INFO - Filling up the DagBag from /opt/airflow/dags/countries_dag.py
[2026-09-09T00:52:49.866+0000] {logging_mixin.py:190} INFO - [2026-09-09T00:52:49.792+0000] {dagbag.py:387} ERROR - Failed to import: /opt/airflow/dags/countries_dag.py
Traceback (most recent call last):
  File "/home/airflow/.local/lib/python3.11/site-packages/airflow/models/dagbag.py", line 383, in parse
    loader.exec_module(new_module)
  File "<frozen importlib._bootstrap_external>", line 940, in exec_module
  File "<frozen importlib._bootstrap>", line 241, in _call_with_frames_removed
  File "/opt/airflow/dags/countries_dag.py", line 6, in <module>
    from ingestion.minio_to_snowflake import run_pipeline
  File "/opt/airflow/ingestion/minio_to_snowflake.py", line 7, in <module>
    from minio import Minio
ModuleNotFoundError: No module named 'minio'
[2026-09-09T00:52:49.877+0000] {processor.py:927} WARNING - No viable dags retrieved from /opt/airflow/dags/countries_dag.py
[2026-09-09T00:52:49.992+0000] {processor.py:208} INFO - Processing /opt/airflow/dags/countries_dag.py took 0.610 seconds
[2026-09-09T00:53:20.938+0000] {processor.py:186} INFO - Started process (PID=1827) to work on /opt/airflow/dags/countries_dag.py
[2026-09-09T00:53:20.941+0000] {processor.py:914} INFO - Processing file /opt/airflow/dags/countries_dag.py for tasks to queue
[2026-09-09T00:53:20.954+0000] {logging_mixin.py:190} INFO - [2026-09-09T00:53:20.953+0000] {dagbag.py:588} INFO - Filling up the DagBag from /opt/airflow/dags/countries_dag.py
[2026-09-09T00:53:21.286+0000] {logging_mixin.py:190} INFO - [2026-09-09T00:53:21.236+0000] {dagbag.py:387} ERROR - Failed to import: /opt/airflow/dags/countries_dag.py
Traceback (most recent call last):
  File "/home/airflow/.local/lib/python3.11/site-packages/airflow/models/dagbag.py", line 383, in parse
    loader.exec_module(new_module)
  File "<frozen importlib._bootstrap_external>", line 940, in exec_module
  File "<frozen importlib._bootstrap>", line 241, in _call_with_frames_removed
  File "/opt/airflow/dags/countries_dag.py", line 6, in <module>
    from ingestion.minio_to_snowflake import run_pipeline
  File "/opt/airflow/ingestion/minio_to_snowflake.py", line 7, in <module>
    from minio import Minio
ModuleNotFoundError: No module named 'minio'
[2026-09-09T00:53:21.307+0000] {processor.py:927} WARNING - No viable dags retrieved from /opt/airflow/dags/countries_dag.py
[2026-09-09T00:53:21.400+0000] {processor.py:208} INFO - Processing /opt/airflow/dags/countries_dag.py took 0.493 seconds
[2026-09-09T00:53:51.838+0000] {processor.py:186} INFO - Started process (PID=1832) to work on /opt/airflow/dags/countries_dag.py
[2026-09-09T00:53:51.842+0000] {processor.py:914} INFO - Processing file /opt/airflow/dags/countries_dag.py for tasks to queue
[2026-09-09T00:53:51.853+0000] {logging_mixin.py:190} INFO - [2026-09-09T00:53:51.852+0000] {dagbag.py:588} INFO - Filling up the DagBag from /opt/airflow/dags/countries_dag.py
[2026-09-09T00:53:52.086+0000] {logging_mixin.py:190} INFO - [2026-09-09T00:53:52.028+0000] {dagbag.py:387} ERROR - Failed to import: /opt/airflow/dags/countries_dag.py
Traceback (most recent call last):
  File "/home/airflow/.local/lib/python3.11/site-packages/airflow/models/dagbag.py", line 383, in parse
    loader.exec_module(new_module)
  File "<frozen importlib._bootstrap_external>", line 940, in exec_module
  File "<frozen importlib._bootstrap>", line 241, in _call_with_frames_removed
  File "/opt/airflow/dags/countries_dag.py", line 6, in <module>
    from ingestion.minio_to_snowflake import run_pipeline
  File "/opt/airflow/ingestion/minio_to_snowflake.py", line 7, in <module>
    from minio import Minio
ModuleNotFoundError: No module named 'minio'
[2026-09-09T00:53:52.101+0000] {processor.py:927} WARNING - No viable dags retrieved from /opt/airflow/dags/countries_dag.py
[2026-09-09T00:53:52.221+0000] {processor.py:208} INFO - Processing /opt/airflow/dags/countries_dag.py took 0.407 seconds
[2026-09-09T00:54:23.117+0000] {processor.py:186} INFO - Started process (PID=1837) to work on /opt/airflow/dags/countries_dag.py
[2026-09-09T00:54:23.123+0000] {processor.py:914} INFO - Processing file /opt/airflow/dags/countries_dag.py for tasks to queue
[2026-09-09T00:54:23.140+0000] {logging_mixin.py:190} INFO - [2026-09-09T00:54:23.139+0000] {dagbag.py:588} INFO - Filling up the DagBag from /opt/airflow/dags/countries_dag.py
[2026-09-09T00:54:23.453+0000] {logging_mixin.py:190} INFO - [2026-09-09T00:54:23.367+0000] {dagbag.py:387} ERROR - Failed to import: /opt/airflow/dags/countries_dag.py
Traceback (most recent call last):
  File "/home/airflow/.local/lib/python3.11/site-packages/airflow/models/dagbag.py", line 383, in parse
    loader.exec_module(new_module)
  File "<frozen importlib._bootstrap_external>", line 940, in exec_module
  File "<frozen importlib._bootstrap>", line 241, in _call_with_frames_removed
  File "/opt/airflow/dags/countries_dag.py", line 6, in <module>
    from ingestion.minio_to_snowflake import run_pipeline
  File "/opt/airflow/ingestion/minio_to_snowflake.py", line 7, in <module>
    from minio import Minio
ModuleNotFoundError: No module named 'minio'
[2026-09-09T00:54:23.477+0000] {processor.py:927} WARNING - No viable dags retrieved from /opt/airflow/dags/countries_dag.py
[2026-09-09T00:54:23.609+0000] {processor.py:208} INFO - Processing /opt/airflow/dags/countries_dag.py took 0.543 seconds
[2026-09-09T00:54:54.099+0000] {processor.py:186} INFO - Started process (PID=1842) to work on /opt/airflow/dags/countries_dag.py
[2026-09-09T00:54:54.107+0000] {processor.py:914} INFO - Processing file /opt/airflow/dags/countries_dag.py for tasks to queue
[2026-09-09T00:54:54.114+0000] {logging_mixin.py:190} INFO - [2026-09-09T00:54:54.113+0000] {dagbag.py:588} INFO - Filling up the DagBag from /opt/airflow/dags/countries_dag.py
[2026-09-09T00:54:54.438+0000] {logging_mixin.py:190} INFO - [2026-09-09T00:54:54.352+0000] {dagbag.py:387} ERROR - Failed to import: /opt/airflow/dags/countries_dag.py
Traceback (most recent call last):
  File "/home/airflow/.local/lib/python3.11/site-packages/airflow/models/dagbag.py", line 383, in parse
    loader.exec_module(new_module)
  File "<frozen importlib._bootstrap_external>", line 940, in exec_module
  File "<frozen importlib._bootstrap>", line 241, in _call_with_frames_removed
  File "/opt/airflow/dags/countries_dag.py", line 6, in <module>
    from ingestion.minio_to_snowflake import run_pipeline
  File "/opt/airflow/ingestion/minio_to_snowflake.py", line 7, in <module>
    from minio import Minio
ModuleNotFoundError: No module named 'minio'
[2026-09-09T00:54:54.464+0000] {processor.py:927} WARNING - No viable dags retrieved from /opt/airflow/dags/countries_dag.py
[2026-09-09T00:54:54.705+0000] {processor.py:208} INFO - Processing /opt/airflow/dags/countries_dag.py took 0.642 seconds
[2026-09-09T00:55:25.496+0000] {processor.py:186} INFO - Started process (PID=1847) to work on /opt/airflow/dags/countries_dag.py
[2026-09-09T00:55:25.500+0000] {processor.py:914} INFO - Processing file /opt/airflow/dags/countries_dag.py for tasks to queue
[2026-09-09T00:55:25.517+0000] {logging_mixin.py:190} INFO - [2026-09-09T00:55:25.510+0000] {dagbag.py:588} INFO - Filling up the DagBag from /opt/airflow/dags/countries_dag.py
[2026-09-09T00:55:25.656+0000] {logging_mixin.py:190} INFO - [2026-09-09T00:55:25.631+0000] {dagbag.py:387} ERROR - Failed to import: /opt/airflow/dags/countries_dag.py
Traceback (most recent call last):
  File "/home/airflow/.local/lib/python3.11/site-packages/airflow/models/dagbag.py", line 383, in parse
    loader.exec_module(new_module)
  File "<frozen importlib._bootstrap_external>", line 940, in exec_module
  File "<frozen importlib._bootstrap>", line 241, in _call_with_frames_removed
  File "/opt/airflow/dags/countries_dag.py", line 6, in <module>
    from ingestion.minio_to_snowflake import run_pipeline
  File "/opt/airflow/ingestion/minio_to_snowflake.py", line 7, in <module>
    from minio import Minio
ModuleNotFoundError: No module named 'minio'
[2026-09-09T00:55:25.667+0000] {processor.py:927} WARNING - No viable dags retrieved from /opt/airflow/dags/countries_dag.py
[2026-09-09T00:55:25.790+0000] {processor.py:208} INFO - Processing /opt/airflow/dags/countries_dag.py took 0.318 seconds
[2026-09-09T00:55:56.698+0000] {processor.py:186} INFO - Started process (PID=1852) to work on /opt/airflow/dags/countries_dag.py
[2026-09-09T00:55:56.716+0000] {processor.py:914} INFO - Processing file /opt/airflow/dags/countries_dag.py for tasks to queue
[2026-09-09T00:55:56.746+0000] {logging_mixin.py:190} INFO - [2026-09-09T00:55:56.745+0000] {dagbag.py:588} INFO - Filling up the DagBag from /opt/airflow/dags/countries_dag.py
[2026-09-09T00:55:57.017+0000] {logging_mixin.py:190} INFO - [2026-09-09T00:55:56.990+0000] {dagbag.py:387} ERROR - Failed to import: /opt/airflow/dags/countries_dag.py
Traceback (most recent call last):
  File "/home/airflow/.local/lib/python3.11/site-packages/airflow/models/dagbag.py", line 383, in parse
    loader.exec_module(new_module)
  File "<frozen importlib._bootstrap_external>", line 940, in exec_module
  File "<frozen importlib._bootstrap>", line 241, in _call_with_frames_removed
  File "/opt/airflow/dags/countries_dag.py", line 6, in <module>
    from ingestion.minio_to_snowflake import run_pipeline
  File "/opt/airflow/ingestion/minio_to_snowflake.py", line 7, in <module>
    from minio import Minio
ModuleNotFoundError: No module named 'minio'
[2026-09-09T00:55:57.055+0000] {processor.py:927} WARNING - No viable dags retrieved from /opt/airflow/dags/countries_dag.py
[2026-09-09T00:55:57.186+0000] {processor.py:208} INFO - Processing /opt/airflow/dags/countries_dag.py took 0.533 seconds
[2026-09-09T00:56:27.837+0000] {processor.py:186} INFO - Started process (PID=1857) to work on /opt/airflow/dags/countries_dag.py
[2026-09-09T00:56:27.848+0000] {processor.py:914} INFO - Processing file /opt/airflow/dags/countries_dag.py for tasks to queue
[2026-09-09T00:56:27.859+0000] {logging_mixin.py:190} INFO - [2026-09-09T00:56:27.858+0000] {dagbag.py:588} INFO - Filling up the DagBag from /opt/airflow/dags/countries_dag.py
[2026-09-09T00:56:28.290+0000] {logging_mixin.py:190} INFO - [2026-09-09T00:56:28.185+0000] {dagbag.py:387} ERROR - Failed to import: /opt/airflow/dags/countries_dag.py
Traceback (most recent call last):
  File "/home/airflow/.local/lib/python3.11/site-packages/airflow/models/dagbag.py", line 383, in parse
    loader.exec_module(new_module)
  File "<frozen importlib._bootstrap_external>", line 940, in exec_module
  File "<frozen importlib._bootstrap>", line 241, in _call_with_frames_removed
  File "/opt/airflow/dags/countries_dag.py", line 6, in <module>
    from ingestion.minio_to_snowflake import run_pipeline
  File "/opt/airflow/ingestion/minio_to_snowflake.py", line 7, in <module>
    from minio import Minio
ModuleNotFoundError: No module named 'minio'
[2026-09-09T00:56:28.330+0000] {processor.py:927} WARNING - No viable dags retrieved from /opt/airflow/dags/countries_dag.py
[2026-09-09T00:56:28.473+0000] {processor.py:208} INFO - Processing /opt/airflow/dags/countries_dag.py took 0.662 seconds
[2026-09-09T00:56:59.017+0000] {processor.py:186} INFO - Started process (PID=1862) to work on /opt/airflow/dags/countries_dag.py
[2026-09-09T00:56:59.025+0000] {processor.py:914} INFO - Processing file /opt/airflow/dags/countries_dag.py for tasks to queue
[2026-09-09T00:56:59.038+0000] {logging_mixin.py:190} INFO - [2026-09-09T00:56:59.037+0000] {dagbag.py:588} INFO - Filling up the DagBag from /opt/airflow/dags/countries_dag.py
[2026-09-09T00:56:59.237+0000] {logging_mixin.py:190} INFO - [2026-09-09T00:56:59.203+0000] {dagbag.py:387} ERROR - Failed to import: /opt/airflow/dags/countries_dag.py
Traceback (most recent call last):
  File "/home/airflow/.local/lib/python3.11/site-packages/airflow/models/dagbag.py", line 383, in parse
    loader.exec_module(new_module)
  File "<frozen importlib._bootstrap_external>", line 940, in exec_module
  File "<frozen importlib._bootstrap>", line 241, in _call_with_frames_removed
  File "/opt/airflow/dags/countries_dag.py", line 6, in <module>
    from ingestion.minio_to_snowflake import run_pipeline
  File "/opt/airflow/ingestion/minio_to_snowflake.py", line 7, in <module>
    from minio import Minio
ModuleNotFoundError: No module named 'minio'
[2026-09-09T00:56:59.254+0000] {processor.py:927} WARNING - No viable dags retrieved from /opt/airflow/dags/countries_dag.py
[2026-09-09T00:56:59.366+0000] {processor.py:208} INFO - Processing /opt/airflow/dags/countries_dag.py took 0.398 seconds
[2026-09-09T00:57:29.907+0000] {processor.py:186} INFO - Started process (PID=1867) to work on /opt/airflow/dags/countries_dag.py
[2026-09-09T00:57:29.941+0000] {processor.py:914} INFO - Processing file /opt/airflow/dags/countries_dag.py for tasks to queue
[2026-09-09T00:57:29.949+0000] {logging_mixin.py:190} INFO - [2026-09-09T00:57:29.948+0000] {dagbag.py:588} INFO - Filling up the DagBag from /opt/airflow/dags/countries_dag.py
[2026-09-09T00:57:30.676+0000] {logging_mixin.py:190} INFO - [2026-09-09T00:57:30.484+0000] {dagbag.py:387} ERROR - Failed to import: /opt/airflow/dags/countries_dag.py
Traceback (most recent call last):
  File "/home/airflow/.local/lib/python3.11/site-packages/airflow/models/dagbag.py", line 383, in parse
    loader.exec_module(new_module)
  File "<frozen importlib._bootstrap_external>", line 940, in exec_module
  File "<frozen importlib._bootstrap>", line 241, in _call_with_frames_removed
  File "/opt/airflow/dags/countries_dag.py", line 6, in <module>
    from ingestion.minio_to_snowflake import run_pipeline
  File "/opt/airflow/ingestion/minio_to_snowflake.py", line 7, in <module>
    from minio import Minio
ModuleNotFoundError: No module named 'minio'
[2026-09-09T00:57:30.703+0000] {processor.py:927} WARNING - No viable dags retrieved from /opt/airflow/dags/countries_dag.py
[2026-09-09T00:57:30.808+0000] {processor.py:208} INFO - Processing /opt/airflow/dags/countries_dag.py took 0.947 seconds
[2026-09-09T00:58:01.546+0000] {processor.py:186} INFO - Started process (PID=1872) to work on /opt/airflow/dags/countries_dag.py
[2026-09-09T00:58:01.552+0000] {processor.py:914} INFO - Processing file /opt/airflow/dags/countries_dag.py for tasks to queue
[2026-09-09T00:58:01.563+0000] {logging_mixin.py:190} INFO - [2026-09-09T00:58:01.562+0000] {dagbag.py:588} INFO - Filling up the DagBag from /opt/airflow/dags/countries_dag.py
[2026-09-09T00:58:01.702+0000] {logging_mixin.py:190} INFO - [2026-09-09T00:58:01.663+0000] {dagbag.py:387} ERROR - Failed to import: /opt/airflow/dags/countries_dag.py
Traceback (most recent call last):
  File "/home/airflow/.local/lib/python3.11/site-packages/airflow/models/dagbag.py", line 383, in parse
    loader.exec_module(new_module)
  File "<frozen importlib._bootstrap_external>", line 940, in exec_module
  File "<frozen importlib._bootstrap>", line 241, in _call_with_frames_removed
  File "/opt/airflow/dags/countries_dag.py", line 6, in <module>
    from ingestion.minio_to_snowflake import run_pipeline
  File "/opt/airflow/ingestion/minio_to_snowflake.py", line 7, in <module>
    from minio import Minio
ModuleNotFoundError: No module named 'minio'
[2026-09-09T00:58:01.721+0000] {processor.py:927} WARNING - No viable dags retrieved from /opt/airflow/dags/countries_dag.py
[2026-09-09T00:58:01.884+0000] {processor.py:208} INFO - Processing /opt/airflow/dags/countries_dag.py took 0.376 seconds
[2026-09-09T00:58:32.078+0000] {processor.py:186} INFO - Started process (PID=1877) to work on /opt/airflow/dags/countries_dag.py
[2026-09-09T00:58:32.082+0000] {processor.py:914} INFO - Processing file /opt/airflow/dags/countries_dag.py for tasks to queue
[2026-09-09T00:58:32.109+0000] {logging_mixin.py:190} INFO - [2026-09-09T00:58:32.099+0000] {dagbag.py:588} INFO - Filling up the DagBag from /opt/airflow/dags/countries_dag.py
[2026-09-09T00:58:32.239+0000] {logging_mixin.py:190} INFO - [2026-09-09T00:58:32.219+0000] {dagbag.py:387} ERROR - Failed to import: /opt/airflow/dags/countries_dag.py
Traceback (most recent call last):
  File "/home/airflow/.local/lib/python3.11/site-packages/airflow/models/dagbag.py", line 383, in parse
    loader.exec_module(new_module)
  File "<frozen importlib._bootstrap_external>", line 940, in exec_module
  File "<frozen importlib._bootstrap>", line 241, in _call_with_frames_removed
  File "/opt/airflow/dags/countries_dag.py", line 6, in <module>
    from ingestion.minio_to_snowflake import run_pipeline
  File "/opt/airflow/ingestion/minio_to_snowflake.py", line 7, in <module>
    from minio import Minio
ModuleNotFoundError: No module named 'minio'
[2026-09-09T00:58:32.259+0000] {processor.py:927} WARNING - No viable dags retrieved from /opt/airflow/dags/countries_dag.py
[2026-09-09T00:58:32.378+0000] {processor.py:208} INFO - Processing /opt/airflow/dags/countries_dag.py took 0.346 seconds
[2026-09-09T00:59:02.743+0000] {processor.py:186} INFO - Started process (PID=1882) to work on /opt/airflow/dags/countries_dag.py
[2026-09-09T00:59:02.749+0000] {processor.py:914} INFO - Processing file /opt/airflow/dags/countries_dag.py for tasks to queue
[2026-09-09T00:59:02.759+0000] {logging_mixin.py:190} INFO - [2026-09-09T00:59:02.757+0000] {dagbag.py:588} INFO - Filling up the DagBag from /opt/airflow/dags/countries_dag.py
[2026-09-09T00:59:02.926+0000] {logging_mixin.py:190} INFO - [2026-09-09T00:59:02.905+0000] {dagbag.py:387} ERROR - Failed to import: /opt/airflow/dags/countries_dag.py
Traceback (most recent call last):
  File "/home/airflow/.local/lib/python3.11/site-packages/airflow/models/dagbag.py", line 383, in parse
    loader.exec_module(new_module)
  File "<frozen importlib._bootstrap_external>", line 940, in exec_module
  File "<frozen importlib._bootstrap>", line 241, in _call_with_frames_removed
  File "/opt/airflow/dags/countries_dag.py", line 6, in <module>
    from ingestion.minio_to_snowflake import run_pipeline
  File "/opt/airflow/ingestion/minio_to_snowflake.py", line 7, in <module>
    from minio import Minio
ModuleNotFoundError: No module named 'minio'
[2026-09-09T00:59:02.933+0000] {processor.py:927} WARNING - No viable dags retrieved from /opt/airflow/dags/countries_dag.py
[2026-09-09T00:59:03.018+0000] {processor.py:208} INFO - Processing /opt/airflow/dags/countries_dag.py took 0.299 seconds
[2026-09-09T00:59:33.585+0000] {processor.py:186} INFO - Started process (PID=1887) to work on /opt/airflow/dags/countries_dag.py
[2026-09-09T00:59:33.614+0000] {processor.py:914} INFO - Processing file /opt/airflow/dags/countries_dag.py for tasks to queue
[2026-09-09T00:59:33.652+0000] {logging_mixin.py:190} INFO - [2026-09-09T00:59:33.651+0000] {dagbag.py:588} INFO - Filling up the DagBag from /opt/airflow/dags/countries_dag.py
[2026-09-09T00:59:34.196+0000] {logging_mixin.py:190} INFO - [2026-09-09T00:59:34.167+0000] {dagbag.py:387} ERROR - Failed to import: /opt/airflow/dags/countries_dag.py
Traceback (most recent call last):
  File "/home/airflow/.local/lib/python3.11/site-packages/airflow/models/dagbag.py", line 383, in parse
    loader.exec_module(new_module)
  File "<frozen importlib._bootstrap_external>", line 940, in exec_module
  File "<frozen importlib._bootstrap>", line 241, in _call_with_frames_removed
  File "/opt/airflow/dags/countries_dag.py", line 6, in <module>
    from ingestion.minio_to_snowflake import run_pipeline
  File "/opt/airflow/ingestion/minio_to_snowflake.py", line 7, in <module>
    from minio import Minio
ModuleNotFoundError: No module named 'minio'
[2026-09-09T00:59:34.205+0000] {processor.py:927} WARNING - No viable dags retrieved from /opt/airflow/dags/countries_dag.py
[2026-09-09T00:59:34.370+0000] {processor.py:208} INFO - Processing /opt/airflow/dags/countries_dag.py took 0.857 seconds
[2026-09-09T01:00:05.617+0000] {processor.py:186} INFO - Started process (PID=1892) to work on /opt/airflow/dags/countries_dag.py
[2026-09-09T01:00:05.634+0000] {processor.py:914} INFO - Processing file /opt/airflow/dags/countries_dag.py for tasks to queue
[2026-09-09T01:00:05.654+0000] {logging_mixin.py:190} INFO - [2026-09-09T01:00:05.652+0000] {dagbag.py:588} INFO - Filling up the DagBag from /opt/airflow/dags/countries_dag.py
[2026-09-09T01:00:05.887+0000] {logging_mixin.py:190} INFO - [2026-09-09T01:00:05.841+0000] {dagbag.py:387} ERROR - Failed to import: /opt/airflow/dags/countries_dag.py
Traceback (most recent call last):
  File "/home/airflow/.local/lib/python3.11/site-packages/airflow/models/dagbag.py", line 383, in parse
    loader.exec_module(new_module)
  File "<frozen importlib._bootstrap_external>", line 940, in exec_module
  File "<frozen importlib._bootstrap>", line 241, in _call_with_frames_removed
  File "/opt/airflow/dags/countries_dag.py", line 6, in <module>
    from ingestion.minio_to_snowflake import run_pipeline
  File "/opt/airflow/ingestion/minio_to_snowflake.py", line 7, in <module>
    from minio import Minio
ModuleNotFoundError: No module named 'minio'
[2026-09-09T01:00:05.898+0000] {processor.py:927} WARNING - No viable dags retrieved from /opt/airflow/dags/countries_dag.py
[2026-09-09T01:00:05.974+0000] {processor.py:208} INFO - Processing /opt/airflow/dags/countries_dag.py took 0.382 seconds
[2026-09-09T01:00:36.229+0000] {processor.py:186} INFO - Started process (PID=1897) to work on /opt/airflow/dags/countries_dag.py
[2026-09-09T01:00:36.243+0000] {processor.py:914} INFO - Processing file /opt/airflow/dags/countries_dag.py for tasks to queue
[2026-09-09T01:00:36.251+0000] {logging_mixin.py:190} INFO - [2026-09-09T01:00:36.250+0000] {dagbag.py:588} INFO - Filling up the DagBag from /opt/airflow/dags/countries_dag.py
[2026-09-09T01:00:36.462+0000] {logging_mixin.py:190} INFO - [2026-09-09T01:00:36.433+0000] {dagbag.py:387} ERROR - Failed to import: /opt/airflow/dags/countries_dag.py
Traceback (most recent call last):
  File "/home/airflow/.local/lib/python3.11/site-packages/airflow/models/dagbag.py", line 383, in parse
    loader.exec_module(new_module)
  File "<frozen importlib._bootstrap_external>", line 940, in exec_module
  File "<frozen importlib._bootstrap>", line 241, in _call_with_frames_removed
  File "/opt/airflow/dags/countries_dag.py", line 6, in <module>
    from ingestion.minio_to_snowflake import run_pipeline
  File "/opt/airflow/ingestion/minio_to_snowflake.py", line 7, in <module>
    from minio import Minio
ModuleNotFoundError: No module named 'minio'
[2026-09-09T01:00:36.468+0000] {processor.py:927} WARNING - No viable dags retrieved from /opt/airflow/dags/countries_dag.py
[2026-09-09T01:00:36.553+0000] {processor.py:208} INFO - Processing /opt/airflow/dags/countries_dag.py took 0.350 seconds
[2026-09-09T01:01:06.917+0000] {processor.py:186} INFO - Started process (PID=1902) to work on /opt/airflow/dags/countries_dag.py
[2026-09-09T01:01:06.925+0000] {processor.py:914} INFO - Processing file /opt/airflow/dags/countries_dag.py for tasks to queue
[2026-09-09T01:01:06.939+0000] {logging_mixin.py:190} INFO - [2026-09-09T01:01:06.938+0000] {dagbag.py:588} INFO - Filling up the DagBag from /opt/airflow/dags/countries_dag.py
[2026-09-09T01:01:07.175+0000] {logging_mixin.py:190} INFO - [2026-09-09T01:01:07.092+0000] {dagbag.py:387} ERROR - Failed to import: /opt/airflow/dags/countries_dag.py
Traceback (most recent call last):
  File "/home/airflow/.local/lib/python3.11/site-packages/airflow/models/dagbag.py", line 383, in parse
    loader.exec_module(new_module)
  File "<frozen importlib._bootstrap_external>", line 940, in exec_module
  File "<frozen importlib._bootstrap>", line 241, in _call_with_frames_removed
  File "/opt/airflow/dags/countries_dag.py", line 6, in <module>
    from ingestion.minio_to_snowflake import run_pipeline
  File "/opt/airflow/ingestion/minio_to_snowflake.py", line 7, in <module>
    from minio import Minio
ModuleNotFoundError: No module named 'minio'
[2026-09-09T01:01:07.208+0000] {processor.py:927} WARNING - No viable dags retrieved from /opt/airflow/dags/countries_dag.py
[2026-09-09T01:01:07.297+0000] {processor.py:208} INFO - Processing /opt/airflow/dags/countries_dag.py took 0.433 seconds
[2026-09-09T01:01:38.360+0000] {processor.py:186} INFO - Started process (PID=1907) to work on /opt/airflow/dags/countries_dag.py
[2026-09-09T01:01:38.366+0000] {processor.py:914} INFO - Processing file /opt/airflow/dags/countries_dag.py for tasks to queue
[2026-09-09T01:01:38.378+0000] {logging_mixin.py:190} INFO - [2026-09-09T01:01:38.377+0000] {dagbag.py:588} INFO - Filling up the DagBag from /opt/airflow/dags/countries_dag.py
[2026-09-09T01:01:38.619+0000] {logging_mixin.py:190} INFO - [2026-09-09T01:01:38.599+0000] {dagbag.py:387} ERROR - Failed to import: /opt/airflow/dags/countries_dag.py
Traceback (most recent call last):
  File "/home/airflow/.local/lib/python3.11/site-packages/airflow/models/dagbag.py", line 383, in parse
    loader.exec_module(new_module)
  File "<frozen importlib._bootstrap_external>", line 940, in exec_module
  File "<frozen importlib._bootstrap>", line 241, in _call_with_frames_removed
  File "/opt/airflow/dags/countries_dag.py", line 6, in <module>
    from ingestion.minio_to_snowflake import run_pipeline
  File "/opt/airflow/ingestion/minio_to_snowflake.py", line 7, in <module>
    from minio import Minio
ModuleNotFoundError: No module named 'minio'
[2026-09-09T01:01:38.626+0000] {processor.py:927} WARNING - No viable dags retrieved from /opt/airflow/dags/countries_dag.py
[2026-09-09T01:01:38.746+0000] {processor.py:208} INFO - Processing /opt/airflow/dags/countries_dag.py took 0.420 seconds
[2026-09-09T01:02:09.638+0000] {processor.py:186} INFO - Started process (PID=1912) to work on /opt/airflow/dags/countries_dag.py
[2026-09-09T01:02:09.641+0000] {processor.py:914} INFO - Processing file /opt/airflow/dags/countries_dag.py for tasks to queue
[2026-09-09T01:02:09.654+0000] {logging_mixin.py:190} INFO - [2026-09-09T01:02:09.652+0000] {dagbag.py:588} INFO - Filling up the DagBag from /opt/airflow/dags/countries_dag.py
[2026-09-09T01:02:10.028+0000] {logging_mixin.py:190} INFO - [2026-09-09T01:02:09.979+0000] {dagbag.py:387} ERROR - Failed to import: /opt/airflow/dags/countries_dag.py
Traceback (most recent call last):
  File "/home/airflow/.local/lib/python3.11/site-packages/airflow/models/dagbag.py", line 383, in parse
    loader.exec_module(new_module)
  File "<frozen importlib._bootstrap_external>", line 940, in exec_module
  File "<frozen importlib._bootstrap>", line 241, in _call_with_frames_removed
  File "/opt/airflow/dags/countries_dag.py", line 6, in <module>
    from ingestion.minio_to_snowflake import run_pipeline
  File "/opt/airflow/ingestion/minio_to_snowflake.py", line 7, in <module>
    from minio import Minio
ModuleNotFoundError: No module named 'minio'
[2026-09-09T01:02:10.051+0000] {processor.py:927} WARNING - No viable dags retrieved from /opt/airflow/dags/countries_dag.py
[2026-09-09T01:02:10.259+0000] {processor.py:208} INFO - Processing /opt/airflow/dags/countries_dag.py took 0.656 seconds
[2026-09-09T01:02:41.589+0000] {processor.py:186} INFO - Started process (PID=1917) to work on /opt/airflow/dags/countries_dag.py
[2026-09-09T01:02:41.594+0000] {processor.py:914} INFO - Processing file /opt/airflow/dags/countries_dag.py for tasks to queue
[2026-09-09T01:02:41.615+0000] {logging_mixin.py:190} INFO - [2026-09-09T01:02:41.613+0000] {dagbag.py:588} INFO - Filling up the DagBag from /opt/airflow/dags/countries_dag.py
[2026-09-09T01:02:41.816+0000] {logging_mixin.py:190} INFO - [2026-09-09T01:02:41.768+0000] {dagbag.py:387} ERROR - Failed to import: /opt/airflow/dags/countries_dag.py
Traceback (most recent call last):
  File "/home/airflow/.local/lib/python3.11/site-packages/airflow/models/dagbag.py", line 383, in parse
    loader.exec_module(new_module)
  File "<frozen importlib._bootstrap_external>", line 940, in exec_module
  File "<frozen importlib._bootstrap>", line 241, in _call_with_frames_removed
  File "/opt/airflow/dags/countries_dag.py", line 6, in <module>
    from ingestion.minio_to_snowflake import run_pipeline
  File "/opt/airflow/ingestion/minio_to_snowflake.py", line 7, in <module>
    from minio import Minio
ModuleNotFoundError: No module named 'minio'
[2026-09-09T01:02:41.825+0000] {processor.py:927} WARNING - No viable dags retrieved from /opt/airflow/dags/countries_dag.py
[2026-09-09T01:02:42.057+0000] {processor.py:208} INFO - Processing /opt/airflow/dags/countries_dag.py took 0.493 seconds
[2026-09-09T01:03:12.918+0000] {processor.py:186} INFO - Started process (PID=1922) to work on /opt/airflow/dags/countries_dag.py
[2026-09-09T01:03:12.924+0000] {processor.py:914} INFO - Processing file /opt/airflow/dags/countries_dag.py for tasks to queue
[2026-09-09T01:03:12.950+0000] {logging_mixin.py:190} INFO - [2026-09-09T01:03:12.946+0000] {dagbag.py:588} INFO - Filling up the DagBag from /opt/airflow/dags/countries_dag.py
[2026-09-09T01:03:13.202+0000] {logging_mixin.py:190} INFO - [2026-09-09T01:03:13.172+0000] {dagbag.py:387} ERROR - Failed to import: /opt/airflow/dags/countries_dag.py
Traceback (most recent call last):
  File "/home/airflow/.local/lib/python3.11/site-packages/airflow/models/dagbag.py", line 383, in parse
    loader.exec_module(new_module)
  File "<frozen importlib._bootstrap_external>", line 940, in exec_module
  File "<frozen importlib._bootstrap>", line 241, in _call_with_frames_removed
  File "/opt/airflow/dags/countries_dag.py", line 6, in <module>
    from ingestion.minio_to_snowflake import run_pipeline
  File "/opt/airflow/ingestion/minio_to_snowflake.py", line 7, in <module>
    from minio import Minio
ModuleNotFoundError: No module named 'minio'
[2026-09-09T01:03:13.210+0000] {processor.py:927} WARNING - No viable dags retrieved from /opt/airflow/dags/countries_dag.py
[2026-09-09T01:03:13.413+0000] {processor.py:208} INFO - Processing /opt/airflow/dags/countries_dag.py took 0.523 seconds
[2026-09-09T01:03:44.068+0000] {processor.py:186} INFO - Started process (PID=1927) to work on /opt/airflow/dags/countries_dag.py
[2026-09-09T01:03:44.072+0000] {processor.py:914} INFO - Processing file /opt/airflow/dags/countries_dag.py for tasks to queue
[2026-09-09T01:03:44.098+0000] {logging_mixin.py:190} INFO - [2026-09-09T01:03:44.095+0000] {dagbag.py:588} INFO - Filling up the DagBag from /opt/airflow/dags/countries_dag.py
[2026-09-09T01:03:44.387+0000] {logging_mixin.py:190} INFO - [2026-09-09T01:03:44.320+0000] {dagbag.py:387} ERROR - Failed to import: /opt/airflow/dags/countries_dag.py
Traceback (most recent call last):
  File "/home/airflow/.local/lib/python3.11/site-packages/airflow/models/dagbag.py", line 383, in parse
    loader.exec_module(new_module)
  File "<frozen importlib._bootstrap_external>", line 940, in exec_module
  File "<frozen importlib._bootstrap>", line 241, in _call_with_frames_removed
  File "/opt/airflow/dags/countries_dag.py", line 6, in <module>
    from ingestion.minio_to_snowflake import run_pipeline
  File "/opt/airflow/ingestion/minio_to_snowflake.py", line 7, in <module>
    from minio import Minio
ModuleNotFoundError: No module named 'minio'
[2026-09-09T01:03:44.420+0000] {processor.py:927} WARNING - No viable dags retrieved from /opt/airflow/dags/countries_dag.py
[2026-09-09T01:03:44.536+0000] {processor.py:208} INFO - Processing /opt/airflow/dags/countries_dag.py took 0.525 seconds
[2026-09-09T01:04:15.197+0000] {processor.py:186} INFO - Started process (PID=1932) to work on /opt/airflow/dags/countries_dag.py
[2026-09-09T01:04:15.202+0000] {processor.py:914} INFO - Processing file /opt/airflow/dags/countries_dag.py for tasks to queue
[2026-09-09T01:04:15.222+0000] {logging_mixin.py:190} INFO - [2026-09-09T01:04:15.217+0000] {dagbag.py:588} INFO - Filling up the DagBag from /opt/airflow/dags/countries_dag.py
[2026-09-09T01:04:15.514+0000] {logging_mixin.py:190} INFO - [2026-09-09T01:04:15.429+0000] {dagbag.py:387} ERROR - Failed to import: /opt/airflow/dags/countries_dag.py
Traceback (most recent call last):
  File "/home/airflow/.local/lib/python3.11/site-packages/airflow/models/dagbag.py", line 383, in parse
    loader.exec_module(new_module)
  File "<frozen importlib._bootstrap_external>", line 940, in exec_module
  File "<frozen importlib._bootstrap>", line 241, in _call_with_frames_removed
  File "/opt/airflow/dags/countries_dag.py", line 6, in <module>
    from ingestion.minio_to_snowflake import run_pipeline
  File "/opt/airflow/ingestion/minio_to_snowflake.py", line 7, in <module>
    from minio import Minio
ModuleNotFoundError: No module named 'minio'
[2026-09-09T01:04:15.529+0000] {processor.py:927} WARNING - No viable dags retrieved from /opt/airflow/dags/countries_dag.py
[2026-09-09T01:04:15.664+0000] {processor.py:208} INFO - Processing /opt/airflow/dags/countries_dag.py took 0.515 seconds
[2026-09-09T01:04:46.759+0000] {processor.py:186} INFO - Started process (PID=1937) to work on /opt/airflow/dags/countries_dag.py
[2026-09-09T01:04:46.805+0000] {processor.py:914} INFO - Processing file /opt/airflow/dags/countries_dag.py for tasks to queue
[2026-09-09T01:04:46.870+0000] {logging_mixin.py:190} INFO - [2026-09-09T01:04:46.868+0000] {dagbag.py:588} INFO - Filling up the DagBag from /opt/airflow/dags/countries_dag.py
[2026-09-09T01:04:47.605+0000] {logging_mixin.py:190} INFO - [2026-09-09T01:04:47.194+0000] {dagbag.py:387} ERROR - Failed to import: /opt/airflow/dags/countries_dag.py
Traceback (most recent call last):
  File "/home/airflow/.local/lib/python3.11/site-packages/airflow/models/dagbag.py", line 383, in parse
    loader.exec_module(new_module)
  File "<frozen importlib._bootstrap_external>", line 940, in exec_module
  File "<frozen importlib._bootstrap>", line 241, in _call_with_frames_removed
  File "/opt/airflow/dags/countries_dag.py", line 6, in <module>
    from ingestion.minio_to_snowflake import run_pipeline
  File "/opt/airflow/ingestion/minio_to_snowflake.py", line 7, in <module>
    from minio import Minio
ModuleNotFoundError: No module named 'minio'
[2026-09-09T01:04:47.739+0000] {processor.py:927} WARNING - No viable dags retrieved from /opt/airflow/dags/countries_dag.py
[2026-09-09T01:04:47.974+0000] {processor.py:208} INFO - Processing /opt/airflow/dags/countries_dag.py took 1.282 seconds
[2026-09-09T01:05:18.986+0000] {processor.py:186} INFO - Started process (PID=1942) to work on /opt/airflow/dags/countries_dag.py
[2026-09-09T01:05:18.994+0000] {processor.py:914} INFO - Processing file /opt/airflow/dags/countries_dag.py for tasks to queue
[2026-09-09T01:05:19.003+0000] {logging_mixin.py:190} INFO - [2026-09-09T01:05:19.001+0000] {dagbag.py:588} INFO - Filling up the DagBag from /opt/airflow/dags/countries_dag.py
[2026-09-09T01:05:19.251+0000] {logging_mixin.py:190} INFO - [2026-09-09T01:05:19.211+0000] {dagbag.py:387} ERROR - Failed to import: /opt/airflow/dags/countries_dag.py
Traceback (most recent call last):
  File "/home/airflow/.local/lib/python3.11/site-packages/airflow/models/dagbag.py", line 383, in parse
    loader.exec_module(new_module)
  File "<frozen importlib._bootstrap_external>", line 940, in exec_module
  File "<frozen importlib._bootstrap>", line 241, in _call_with_frames_removed
  File "/opt/airflow/dags/countries_dag.py", line 6, in <module>
    from ingestion.minio_to_snowflake import run_pipeline
  File "/opt/airflow/ingestion/minio_to_snowflake.py", line 7, in <module>
    from minio import Minio
ModuleNotFoundError: No module named 'minio'
[2026-09-09T01:05:19.260+0000] {processor.py:927} WARNING - No viable dags retrieved from /opt/airflow/dags/countries_dag.py
[2026-09-09T01:05:19.353+0000] {processor.py:208} INFO - Processing /opt/airflow/dags/countries_dag.py took 0.391 seconds
[2026-09-09T01:05:49.959+0000] {processor.py:186} INFO - Started process (PID=1947) to work on /opt/airflow/dags/countries_dag.py
[2026-09-09T01:05:49.966+0000] {processor.py:914} INFO - Processing file /opt/airflow/dags/countries_dag.py for tasks to queue
[2026-09-09T01:05:49.986+0000] {logging_mixin.py:190} INFO - [2026-09-09T01:05:49.985+0000] {dagbag.py:588} INFO - Filling up the DagBag from /opt/airflow/dags/countries_dag.py
[2026-09-09T01:05:50.269+0000] {logging_mixin.py:190} INFO - [2026-09-09T01:05:50.225+0000] {dagbag.py:387} ERROR - Failed to import: /opt/airflow/dags/countries_dag.py
Traceback (most recent call last):
  File "/home/airflow/.local/lib/python3.11/site-packages/airflow/models/dagbag.py", line 383, in parse
    loader.exec_module(new_module)
  File "<frozen importlib._bootstrap_external>", line 940, in exec_module
  File "<frozen importlib._bootstrap>", line 241, in _call_with_frames_removed
  File "/opt/airflow/dags/countries_dag.py", line 6, in <module>
    from ingestion.minio_to_snowflake import run_pipeline
  File "/opt/airflow/ingestion/minio_to_snowflake.py", line 7, in <module>
    from minio import Minio
ModuleNotFoundError: No module named 'minio'
[2026-09-09T01:05:50.313+0000] {processor.py:927} WARNING - No viable dags retrieved from /opt/airflow/dags/countries_dag.py
[2026-09-09T01:05:50.439+0000] {processor.py:208} INFO - Processing /opt/airflow/dags/countries_dag.py took 0.528 seconds
[2026-09-09T01:06:21.248+0000] {processor.py:186} INFO - Started process (PID=1952) to work on /opt/airflow/dags/countries_dag.py
[2026-09-09T01:06:21.255+0000] {processor.py:914} INFO - Processing file /opt/airflow/dags/countries_dag.py for tasks to queue
[2026-09-09T01:06:21.265+0000] {logging_mixin.py:190} INFO - [2026-09-09T01:06:21.264+0000] {dagbag.py:588} INFO - Filling up the DagBag from /opt/airflow/dags/countries_dag.py
[2026-09-09T01:06:21.455+0000] {logging_mixin.py:190} INFO - [2026-09-09T01:06:21.409+0000] {dagbag.py:387} ERROR - Failed to import: /opt/airflow/dags/countries_dag.py
Traceback (most recent call last):
  File "/home/airflow/.local/lib/python3.11/site-packages/airflow/models/dagbag.py", line 383, in parse
    loader.exec_module(new_module)
  File "<frozen importlib._bootstrap_external>", line 940, in exec_module
  File "<frozen importlib._bootstrap>", line 241, in _call_with_frames_removed
  File "/opt/airflow/dags/countries_dag.py", line 6, in <module>
    from ingestion.minio_to_snowflake import run_pipeline
  File "/opt/airflow/ingestion/minio_to_snowflake.py", line 7, in <module>
    from minio import Minio
ModuleNotFoundError: No module named 'minio'
[2026-09-09T01:06:21.462+0000] {processor.py:927} WARNING - No viable dags retrieved from /opt/airflow/dags/countries_dag.py
[2026-09-09T01:06:21.536+0000] {processor.py:208} INFO - Processing /opt/airflow/dags/countries_dag.py took 0.311 seconds
[2026-09-09T01:06:52.010+0000] {processor.py:186} INFO - Started process (PID=1957) to work on /opt/airflow/dags/countries_dag.py
[2026-09-09T01:06:52.022+0000] {processor.py:914} INFO - Processing file /opt/airflow/dags/countries_dag.py for tasks to queue
[2026-09-09T01:06:52.038+0000] {logging_mixin.py:190} INFO - [2026-09-09T01:06:52.036+0000] {dagbag.py:588} INFO - Filling up the DagBag from /opt/airflow/dags/countries_dag.py
[2026-09-09T01:06:52.259+0000] {logging_mixin.py:190} INFO - [2026-09-09T01:06:52.209+0000] {dagbag.py:387} ERROR - Failed to import: /opt/airflow/dags/countries_dag.py
Traceback (most recent call last):
  File "/home/airflow/.local/lib/python3.11/site-packages/airflow/models/dagbag.py", line 383, in parse
    loader.exec_module(new_module)
  File "<frozen importlib._bootstrap_external>", line 940, in exec_module
  File "<frozen importlib._bootstrap>", line 241, in _call_with_frames_removed
  File "/opt/airflow/dags/countries_dag.py", line 6, in <module>
    from ingestion.minio_to_snowflake import run_pipeline
  File "/opt/airflow/ingestion/minio_to_snowflake.py", line 7, in <module>
    from minio import Minio
ModuleNotFoundError: No module named 'minio'
[2026-09-09T01:06:52.273+0000] {processor.py:927} WARNING - No viable dags retrieved from /opt/airflow/dags/countries_dag.py
[2026-09-09T01:06:52.374+0000] {processor.py:208} INFO - Processing /opt/airflow/dags/countries_dag.py took 0.435 seconds
[2026-09-09T01:07:22.720+0000] {processor.py:186} INFO - Started process (PID=1962) to work on /opt/airflow/dags/countries_dag.py
[2026-09-09T01:07:22.723+0000] {processor.py:914} INFO - Processing file /opt/airflow/dags/countries_dag.py for tasks to queue
[2026-09-09T01:07:22.750+0000] {logging_mixin.py:190} INFO - [2026-09-09T01:07:22.739+0000] {dagbag.py:588} INFO - Filling up the DagBag from /opt/airflow/dags/countries_dag.py
[2026-09-09T01:07:22.916+0000] {logging_mixin.py:190} INFO - [2026-09-09T01:07:22.878+0000] {dagbag.py:387} ERROR - Failed to import: /opt/airflow/dags/countries_dag.py
Traceback (most recent call last):
  File "/home/airflow/.local/lib/python3.11/site-packages/airflow/models/dagbag.py", line 383, in parse
    loader.exec_module(new_module)
  File "<frozen importlib._bootstrap_external>", line 940, in exec_module
  File "<frozen importlib._bootstrap>", line 241, in _call_with_frames_removed
  File "/opt/airflow/dags/countries_dag.py", line 6, in <module>
    from ingestion.minio_to_snowflake import run_pipeline
  File "/opt/airflow/ingestion/minio_to_snowflake.py", line 7, in <module>
    from minio import Minio
ModuleNotFoundError: No module named 'minio'
[2026-09-09T01:07:22.935+0000] {processor.py:927} WARNING - No viable dags retrieved from /opt/airflow/dags/countries_dag.py
[2026-09-09T01:07:23.007+0000] {processor.py:208} INFO - Processing /opt/airflow/dags/countries_dag.py took 0.317 seconds
[2026-09-09T01:07:53.514+0000] {processor.py:186} INFO - Started process (PID=1967) to work on /opt/airflow/dags/countries_dag.py
[2026-09-09T01:07:53.520+0000] {processor.py:914} INFO - Processing file /opt/airflow/dags/countries_dag.py for tasks to queue
[2026-09-09T01:07:53.537+0000] {logging_mixin.py:190} INFO - [2026-09-09T01:07:53.536+0000] {dagbag.py:588} INFO - Filling up the DagBag from /opt/airflow/dags/countries_dag.py
[2026-09-09T01:07:53.927+0000] {logging_mixin.py:190} INFO - [2026-09-09T01:07:53.869+0000] {dagbag.py:387} ERROR - Failed to import: /opt/airflow/dags/countries_dag.py
Traceback (most recent call last):
  File "/home/airflow/.local/lib/python3.11/site-packages/airflow/models/dagbag.py", line 383, in parse
    loader.exec_module(new_module)
  File "<frozen importlib._bootstrap_external>", line 940, in exec_module
  File "<frozen importlib._bootstrap>", line 241, in _call_with_frames_removed
  File "/opt/airflow/dags/countries_dag.py", line 6, in <module>
    from ingestion.minio_to_snowflake import run_pipeline
  File "/opt/airflow/ingestion/minio_to_snowflake.py", line 7, in <module>
    from minio import Minio
ModuleNotFoundError: No module named 'minio'
[2026-09-09T01:07:53.952+0000] {processor.py:927} WARNING - No viable dags retrieved from /opt/airflow/dags/countries_dag.py
[2026-09-09T01:07:54.083+0000] {processor.py:208} INFO - Processing /opt/airflow/dags/countries_dag.py took 0.608 seconds
[2026-09-09T01:08:24.758+0000] {processor.py:186} INFO - Started process (PID=1972) to work on /opt/airflow/dags/countries_dag.py
[2026-09-09T01:08:24.769+0000] {processor.py:914} INFO - Processing file /opt/airflow/dags/countries_dag.py for tasks to queue
[2026-09-09T01:08:24.786+0000] {logging_mixin.py:190} INFO - [2026-09-09T01:08:24.785+0000] {dagbag.py:588} INFO - Filling up the DagBag from /opt/airflow/dags/countries_dag.py
[2026-09-09T01:08:25.041+0000] {logging_mixin.py:190} INFO - [2026-09-09T01:08:24.978+0000] {dagbag.py:387} ERROR - Failed to import: /opt/airflow/dags/countries_dag.py
Traceback (most recent call last):
  File "/home/airflow/.local/lib/python3.11/site-packages/airflow/models/dagbag.py", line 383, in parse
    loader.exec_module(new_module)
  File "<frozen importlib._bootstrap_external>", line 940, in exec_module
  File "<frozen importlib._bootstrap>", line 241, in _call_with_frames_removed
  File "/opt/airflow/dags/countries_dag.py", line 6, in <module>
    from ingestion.minio_to_snowflake import run_pipeline
  File "/opt/airflow/ingestion/minio_to_snowflake.py", line 7, in <module>
    from minio import Minio
ModuleNotFoundError: No module named 'minio'
[2026-09-09T01:08:25.047+0000] {processor.py:927} WARNING - No viable dags retrieved from /opt/airflow/dags/countries_dag.py
[2026-09-09T01:08:25.171+0000] {processor.py:208} INFO - Processing /opt/airflow/dags/countries_dag.py took 0.441 seconds
[2026-09-09T01:08:56.177+0000] {processor.py:186} INFO - Started process (PID=1977) to work on /opt/airflow/dags/countries_dag.py
[2026-09-09T01:08:56.182+0000] {processor.py:914} INFO - Processing file /opt/airflow/dags/countries_dag.py for tasks to queue
[2026-09-09T01:08:56.192+0000] {logging_mixin.py:190} INFO - [2026-09-09T01:08:56.190+0000] {dagbag.py:588} INFO - Filling up the DagBag from /opt/airflow/dags/countries_dag.py
[2026-09-09T01:08:56.329+0000] {logging_mixin.py:190} INFO - [2026-09-09T01:08:56.292+0000] {dagbag.py:387} ERROR - Failed to import: /opt/airflow/dags/countries_dag.py
Traceback (most recent call last):
  File "/home/airflow/.local/lib/python3.11/site-packages/airflow/models/dagbag.py", line 383, in parse
    loader.exec_module(new_module)
  File "<frozen importlib._bootstrap_external>", line 940, in exec_module
  File "<frozen importlib._bootstrap>", line 241, in _call_with_frames_removed
  File "/opt/airflow/dags/countries_dag.py", line 6, in <module>
    from ingestion.minio_to_snowflake import run_pipeline
  File "/opt/airflow/ingestion/minio_to_snowflake.py", line 7, in <module>
    from minio import Minio
ModuleNotFoundError: No module named 'minio'
[2026-09-09T01:08:56.335+0000] {processor.py:927} WARNING - No viable dags retrieved from /opt/airflow/dags/countries_dag.py
[2026-09-09T01:08:57.315+0000] {processor.py:208} INFO - Processing /opt/airflow/dags/countries_dag.py took 1.173 seconds
[2026-09-09T01:09:28.622+0000] {processor.py:186} INFO - Started process (PID=1982) to work on /opt/airflow/dags/countries_dag.py
[2026-09-09T01:09:28.627+0000] {processor.py:914} INFO - Processing file /opt/airflow/dags/countries_dag.py for tasks to queue
[2026-09-09T01:09:28.647+0000] {logging_mixin.py:190} INFO - [2026-09-09T01:09:28.646+0000] {dagbag.py:588} INFO - Filling up the DagBag from /opt/airflow/dags/countries_dag.py
[2026-09-09T01:09:29.084+0000] {logging_mixin.py:190} INFO - [2026-09-09T01:09:29.035+0000] {dagbag.py:387} ERROR - Failed to import: /opt/airflow/dags/countries_dag.py
Traceback (most recent call last):
  File "/home/airflow/.local/lib/python3.11/site-packages/airflow/models/dagbag.py", line 383, in parse
    loader.exec_module(new_module)
  File "<frozen importlib._bootstrap_external>", line 940, in exec_module
  File "<frozen importlib._bootstrap>", line 241, in _call_with_frames_removed
  File "/opt/airflow/dags/countries_dag.py", line 6, in <module>
    from ingestion.minio_to_snowflake import run_pipeline
  File "/opt/airflow/ingestion/minio_to_snowflake.py", line 7, in <module>
    from minio import Minio
ModuleNotFoundError: No module named 'minio'
[2026-09-09T01:09:29.096+0000] {processor.py:927} WARNING - No viable dags retrieved from /opt/airflow/dags/countries_dag.py
[2026-09-09T01:09:29.361+0000] {processor.py:208} INFO - Processing /opt/airflow/dags/countries_dag.py took 0.776 seconds
[2026-09-09T01:10:00.541+0000] {processor.py:186} INFO - Started process (PID=1987) to work on /opt/airflow/dags/countries_dag.py
[2026-09-09T01:10:00.581+0000] {processor.py:914} INFO - Processing file /opt/airflow/dags/countries_dag.py for tasks to queue
[2026-09-09T01:10:00.624+0000] {logging_mixin.py:190} INFO - [2026-09-09T01:10:00.622+0000] {dagbag.py:588} INFO - Filling up the DagBag from /opt/airflow/dags/countries_dag.py
[2026-09-09T01:10:01.028+0000] {logging_mixin.py:190} INFO - [2026-09-09T01:10:00.974+0000] {dagbag.py:387} ERROR - Failed to import: /opt/airflow/dags/countries_dag.py
Traceback (most recent call last):
  File "/home/airflow/.local/lib/python3.11/site-packages/airflow/models/dagbag.py", line 383, in parse
    loader.exec_module(new_module)
  File "<frozen importlib._bootstrap_external>", line 940, in exec_module
  File "<frozen importlib._bootstrap>", line 241, in _call_with_frames_removed
  File "/opt/airflow/dags/countries_dag.py", line 6, in <module>
    from ingestion.minio_to_snowflake import run_pipeline
  File "/opt/airflow/ingestion/minio_to_snowflake.py", line 7, in <module>
    from minio import Minio
ModuleNotFoundError: No module named 'minio'
[2026-09-09T01:10:01.042+0000] {processor.py:927} WARNING - No viable dags retrieved from /opt/airflow/dags/countries_dag.py
[2026-09-09T01:10:01.183+0000] {processor.py:208} INFO - Processing /opt/airflow/dags/countries_dag.py took 0.879 seconds
[2026-09-09T01:10:31.907+0000] {processor.py:186} INFO - Started process (PID=1992) to work on /opt/airflow/dags/countries_dag.py
[2026-09-09T01:10:31.918+0000] {processor.py:914} INFO - Processing file /opt/airflow/dags/countries_dag.py for tasks to queue
[2026-09-09T01:10:31.950+0000] {logging_mixin.py:190} INFO - [2026-09-09T01:10:31.934+0000] {dagbag.py:588} INFO - Filling up the DagBag from /opt/airflow/dags/countries_dag.py
[2026-09-09T01:10:32.249+0000] {logging_mixin.py:190} INFO - [2026-09-09T01:10:32.187+0000] {dagbag.py:387} ERROR - Failed to import: /opt/airflow/dags/countries_dag.py
Traceback (most recent call last):
  File "/home/airflow/.local/lib/python3.11/site-packages/airflow/models/dagbag.py", line 383, in parse
    loader.exec_module(new_module)
  File "<frozen importlib._bootstrap_external>", line 940, in exec_module
  File "<frozen importlib._bootstrap>", line 241, in _call_with_frames_removed
  File "/opt/airflow/dags/countries_dag.py", line 6, in <module>
    from ingestion.minio_to_snowflake import run_pipeline
  File "/opt/airflow/ingestion/minio_to_snowflake.py", line 7, in <module>
    from minio import Minio
ModuleNotFoundError: No module named 'minio'
[2026-09-09T01:10:32.258+0000] {processor.py:927} WARNING - No viable dags retrieved from /opt/airflow/dags/countries_dag.py
[2026-09-09T01:10:32.373+0000] {processor.py:208} INFO - Processing /opt/airflow/dags/countries_dag.py took 0.495 seconds
[2026-09-09T01:11:02.932+0000] {processor.py:186} INFO - Started process (PID=1997) to work on /opt/airflow/dags/countries_dag.py
[2026-09-09T01:11:02.942+0000] {processor.py:914} INFO - Processing file /opt/airflow/dags/countries_dag.py for tasks to queue
[2026-09-09T01:11:02.953+0000] {logging_mixin.py:190} INFO - [2026-09-09T01:11:02.952+0000] {dagbag.py:588} INFO - Filling up the DagBag from /opt/airflow/dags/countries_dag.py
[2026-09-09T01:11:03.176+0000] {logging_mixin.py:190} INFO - [2026-09-09T01:11:03.129+0000] {dagbag.py:387} ERROR - Failed to import: /opt/airflow/dags/countries_dag.py
Traceback (most recent call last):
  File "/home/airflow/.local/lib/python3.11/site-packages/airflow/models/dagbag.py", line 383, in parse
    loader.exec_module(new_module)
  File "<frozen importlib._bootstrap_external>", line 940, in exec_module
  File "<frozen importlib._bootstrap>", line 241, in _call_with_frames_removed
  File "/opt/airflow/dags/countries_dag.py", line 6, in <module>
    from ingestion.minio_to_snowflake import run_pipeline
  File "/opt/airflow/ingestion/minio_to_snowflake.py", line 7, in <module>
    from minio import Minio
ModuleNotFoundError: No module named 'minio'
[2026-09-09T01:11:03.183+0000] {processor.py:927} WARNING - No viable dags retrieved from /opt/airflow/dags/countries_dag.py
[2026-09-09T01:11:03.437+0000] {processor.py:208} INFO - Processing /opt/airflow/dags/countries_dag.py took 0.540 seconds
[2026-09-09T01:11:33.971+0000] {processor.py:186} INFO - Started process (PID=2002) to work on /opt/airflow/dags/countries_dag.py
[2026-09-09T01:11:33.982+0000] {processor.py:914} INFO - Processing file /opt/airflow/dags/countries_dag.py for tasks to queue
[2026-09-09T01:11:33.996+0000] {logging_mixin.py:190} INFO - [2026-09-09T01:11:33.995+0000] {dagbag.py:588} INFO - Filling up the DagBag from /opt/airflow/dags/countries_dag.py
[2026-09-09T01:11:34.304+0000] {logging_mixin.py:190} INFO - [2026-09-09T01:11:34.222+0000] {dagbag.py:387} ERROR - Failed to import: /opt/airflow/dags/countries_dag.py
Traceback (most recent call last):
  File "/home/airflow/.local/lib/python3.11/site-packages/airflow/models/dagbag.py", line 383, in parse
    loader.exec_module(new_module)
  File "<frozen importlib._bootstrap_external>", line 940, in exec_module
  File "<frozen importlib._bootstrap>", line 241, in _call_with_frames_removed
  File "/opt/airflow/dags/countries_dag.py", line 6, in <module>
    from ingestion.minio_to_snowflake import run_pipeline
  File "/opt/airflow/ingestion/minio_to_snowflake.py", line 7, in <module>
    from minio import Minio
ModuleNotFoundError: No module named 'minio'
[2026-09-09T01:11:34.331+0000] {processor.py:927} WARNING - No viable dags retrieved from /opt/airflow/dags/countries_dag.py
[2026-09-09T01:11:34.452+0000] {processor.py:208} INFO - Processing /opt/airflow/dags/countries_dag.py took 0.515 seconds
[2026-09-09T01:12:06.670+0000] {processor.py:186} INFO - Started process (PID=2007) to work on /opt/airflow/dags/countries_dag.py
[2026-09-09T01:12:06.681+0000] {processor.py:914} INFO - Processing file /opt/airflow/dags/countries_dag.py for tasks to queue
[2026-09-09T01:12:06.691+0000] {logging_mixin.py:190} INFO - [2026-09-09T01:12:06.690+0000] {dagbag.py:588} INFO - Filling up the DagBag from /opt/airflow/dags/countries_dag.py
[2026-09-09T01:12:07.124+0000] {logging_mixin.py:190} INFO - [2026-09-09T01:12:07.054+0000] {dagbag.py:387} ERROR - Failed to import: /opt/airflow/dags/countries_dag.py
Traceback (most recent call last):
  File "/home/airflow/.local/lib/python3.11/site-packages/airflow/models/dagbag.py", line 383, in parse
    loader.exec_module(new_module)
  File "<frozen importlib._bootstrap_external>", line 940, in exec_module
  File "<frozen importlib._bootstrap>", line 241, in _call_with_frames_removed
  File "/opt/airflow/dags/countries_dag.py", line 6, in <module>
    from ingestion.minio_to_snowflake import run_pipeline
  File "/opt/airflow/ingestion/minio_to_snowflake.py", line 7, in <module>
    from minio import Minio
ModuleNotFoundError: No module named 'minio'
[2026-09-09T01:12:07.130+0000] {processor.py:927} WARNING - No viable dags retrieved from /opt/airflow/dags/countries_dag.py
[2026-09-09T01:12:07.230+0000] {processor.py:208} INFO - Processing /opt/airflow/dags/countries_dag.py took 0.586 seconds
[2026-09-09T01:12:38.498+0000] {processor.py:186} INFO - Started process (PID=2012) to work on /opt/airflow/dags/countries_dag.py
[2026-09-09T01:12:38.504+0000] {processor.py:914} INFO - Processing file /opt/airflow/dags/countries_dag.py for tasks to queue
[2026-09-09T01:12:38.515+0000] {logging_mixin.py:190} INFO - [2026-09-09T01:12:38.514+0000] {dagbag.py:588} INFO - Filling up the DagBag from /opt/airflow/dags/countries_dag.py
[2026-09-09T01:12:39.183+0000] {logging_mixin.py:190} INFO - [2026-09-09T01:12:39.037+0000] {dagbag.py:387} ERROR - Failed to import: /opt/airflow/dags/countries_dag.py
Traceback (most recent call last):
  File "/home/airflow/.local/lib/python3.11/site-packages/airflow/models/dagbag.py", line 383, in parse
    loader.exec_module(new_module)
  File "<frozen importlib._bootstrap_external>", line 940, in exec_module
  File "<frozen importlib._bootstrap>", line 241, in _call_with_frames_removed
  File "/opt/airflow/dags/countries_dag.py", line 6, in <module>
    from ingestion.minio_to_snowflake import run_pipeline
  File "/opt/airflow/ingestion/minio_to_snowflake.py", line 7, in <module>
    from minio import Minio
ModuleNotFoundError: No module named 'minio'
[2026-09-09T01:12:39.211+0000] {processor.py:927} WARNING - No viable dags retrieved from /opt/airflow/dags/countries_dag.py
[2026-09-09T01:12:39.309+0000] {processor.py:208} INFO - Processing /opt/airflow/dags/countries_dag.py took 0.834 seconds
[2026-09-09T01:13:11.257+0000] {processor.py:186} INFO - Started process (PID=2017) to work on /opt/airflow/dags/countries_dag.py
[2026-09-09T01:13:11.260+0000] {processor.py:914} INFO - Processing file /opt/airflow/dags/countries_dag.py for tasks to queue
[2026-09-09T01:13:11.371+0000] {logging_mixin.py:190} INFO - [2026-09-09T01:13:11.369+0000] {dagbag.py:588} INFO - Filling up the DagBag from /opt/airflow/dags/countries_dag.py
[2026-09-09T01:13:12.090+0000] {logging_mixin.py:190} INFO - [2026-09-09T01:13:12.021+0000] {dagbag.py:387} ERROR - Failed to import: /opt/airflow/dags/countries_dag.py
Traceback (most recent call last):
  File "/home/airflow/.local/lib/python3.11/site-packages/airflow/models/dagbag.py", line 383, in parse
    loader.exec_module(new_module)
  File "<frozen importlib._bootstrap_external>", line 940, in exec_module
  File "<frozen importlib._bootstrap>", line 241, in _call_with_frames_removed
  File "/opt/airflow/dags/countries_dag.py", line 6, in <module>
    from ingestion.minio_to_snowflake import run_pipeline
  File "/opt/airflow/ingestion/minio_to_snowflake.py", line 7, in <module>
    from minio import Minio
ModuleNotFoundError: No module named 'minio'
[2026-09-09T01:13:12.144+0000] {processor.py:927} WARNING - No viable dags retrieved from /opt/airflow/dags/countries_dag.py
[2026-09-09T01:13:12.292+0000] {processor.py:208} INFO - Processing /opt/airflow/dags/countries_dag.py took 1.073 seconds
[2026-09-09T01:13:43.028+0000] {processor.py:186} INFO - Started process (PID=2022) to work on /opt/airflow/dags/countries_dag.py
[2026-09-09T01:13:43.039+0000] {processor.py:914} INFO - Processing file /opt/airflow/dags/countries_dag.py for tasks to queue
[2026-09-09T01:13:43.150+0000] {logging_mixin.py:190} INFO - [2026-09-09T01:13:43.150+0000] {dagbag.py:588} INFO - Filling up the DagBag from /opt/airflow/dags/countries_dag.py
[2026-09-09T01:13:43.536+0000] {logging_mixin.py:190} INFO - [2026-09-09T01:13:43.486+0000] {dagbag.py:387} ERROR - Failed to import: /opt/airflow/dags/countries_dag.py
Traceback (most recent call last):
  File "/home/airflow/.local/lib/python3.11/site-packages/airflow/models/dagbag.py", line 383, in parse
    loader.exec_module(new_module)
  File "<frozen importlib._bootstrap_external>", line 940, in exec_module
  File "<frozen importlib._bootstrap>", line 241, in _call_with_frames_removed
  File "/opt/airflow/dags/countries_dag.py", line 6, in <module>
    from ingestion.minio_to_snowflake import run_pipeline
  File "/opt/airflow/ingestion/minio_to_snowflake.py", line 7, in <module>
    from minio import Minio
ModuleNotFoundError: No module named 'minio'
[2026-09-09T01:13:43.563+0000] {processor.py:927} WARNING - No viable dags retrieved from /opt/airflow/dags/countries_dag.py
[2026-09-09T01:13:43.644+0000] {processor.py:208} INFO - Processing /opt/airflow/dags/countries_dag.py took 0.649 seconds
[2026-09-09T01:14:14.109+0000] {processor.py:186} INFO - Started process (PID=2027) to work on /opt/airflow/dags/countries_dag.py
[2026-09-09T01:14:14.120+0000] {processor.py:914} INFO - Processing file /opt/airflow/dags/countries_dag.py for tasks to queue
[2026-09-09T01:14:14.142+0000] {logging_mixin.py:190} INFO - [2026-09-09T01:14:14.141+0000] {dagbag.py:588} INFO - Filling up the DagBag from /opt/airflow/dags/countries_dag.py
[2026-09-09T01:14:14.526+0000] {logging_mixin.py:190} INFO - [2026-09-09T01:14:14.504+0000] {dagbag.py:387} ERROR - Failed to import: /opt/airflow/dags/countries_dag.py
Traceback (most recent call last):
  File "/home/airflow/.local/lib/python3.11/site-packages/airflow/models/dagbag.py", line 383, in parse
    loader.exec_module(new_module)
  File "<frozen importlib._bootstrap_external>", line 940, in exec_module
  File "<frozen importlib._bootstrap>", line 241, in _call_with_frames_removed
  File "/opt/airflow/dags/countries_dag.py", line 6, in <module>
    from ingestion.minio_to_snowflake import run_pipeline
  File "/opt/airflow/ingestion/minio_to_snowflake.py", line 7, in <module>
    from minio import Minio
ModuleNotFoundError: No module named 'minio'
[2026-09-09T01:14:14.532+0000] {processor.py:927} WARNING - No viable dags retrieved from /opt/airflow/dags/countries_dag.py
[2026-09-09T01:14:14.629+0000] {processor.py:208} INFO - Processing /opt/airflow/dags/countries_dag.py took 0.559 seconds
[2026-09-09T01:14:45.053+0000] {processor.py:186} INFO - Started process (PID=2032) to work on /opt/airflow/dags/countries_dag.py
[2026-09-09T01:14:45.056+0000] {processor.py:914} INFO - Processing file /opt/airflow/dags/countries_dag.py for tasks to queue
[2026-09-09T01:14:45.081+0000] {logging_mixin.py:190} INFO - [2026-09-09T01:14:45.080+0000] {dagbag.py:588} INFO - Filling up the DagBag from /opt/airflow/dags/countries_dag.py
[2026-09-09T01:14:45.433+0000] {logging_mixin.py:190} INFO - [2026-09-09T01:14:45.408+0000] {dagbag.py:387} ERROR - Failed to import: /opt/airflow/dags/countries_dag.py
Traceback (most recent call last):
  File "/home/airflow/.local/lib/python3.11/site-packages/airflow/models/dagbag.py", line 383, in parse
    loader.exec_module(new_module)
  File "<frozen importlib._bootstrap_external>", line 940, in exec_module
  File "<frozen importlib._bootstrap>", line 241, in _call_with_frames_removed
  File "/opt/airflow/dags/countries_dag.py", line 6, in <module>
    from ingestion.minio_to_snowflake import run_pipeline
  File "/opt/airflow/ingestion/minio_to_snowflake.py", line 7, in <module>
    from minio import Minio
ModuleNotFoundError: No module named 'minio'
[2026-09-09T01:14:45.463+0000] {processor.py:927} WARNING - No viable dags retrieved from /opt/airflow/dags/countries_dag.py
[2026-09-09T01:14:45.586+0000] {processor.py:208} INFO - Processing /opt/airflow/dags/countries_dag.py took 0.571 seconds
[2026-09-09T01:15:16.737+0000] {processor.py:186} INFO - Started process (PID=2037) to work on /opt/airflow/dags/countries_dag.py
[2026-09-09T01:15:16.740+0000] {processor.py:914} INFO - Processing file /opt/airflow/dags/countries_dag.py for tasks to queue
[2026-09-09T01:15:16.757+0000] {logging_mixin.py:190} INFO - [2026-09-09T01:15:16.755+0000] {dagbag.py:588} INFO - Filling up the DagBag from /opt/airflow/dags/countries_dag.py
[2026-09-09T01:15:17.121+0000] {logging_mixin.py:190} INFO - [2026-09-09T01:15:16.982+0000] {dagbag.py:387} ERROR - Failed to import: /opt/airflow/dags/countries_dag.py
Traceback (most recent call last):
  File "/home/airflow/.local/lib/python3.11/site-packages/airflow/models/dagbag.py", line 383, in parse
    loader.exec_module(new_module)
  File "<frozen importlib._bootstrap_external>", line 940, in exec_module
  File "<frozen importlib._bootstrap>", line 241, in _call_with_frames_removed
  File "/opt/airflow/dags/countries_dag.py", line 6, in <module>
    from ingestion.minio_to_snowflake import run_pipeline
  File "/opt/airflow/ingestion/minio_to_snowflake.py", line 7, in <module>
    from minio import Minio
ModuleNotFoundError: No module named 'minio'
[2026-09-09T01:15:17.147+0000] {processor.py:927} WARNING - No viable dags retrieved from /opt/airflow/dags/countries_dag.py
[2026-09-09T01:15:17.288+0000] {processor.py:208} INFO - Processing /opt/airflow/dags/countries_dag.py took 0.577 seconds
[2026-09-09T01:15:49.692+0000] {processor.py:186} INFO - Started process (PID=2042) to work on /opt/airflow/dags/countries_dag.py
[2026-09-09T01:15:49.704+0000] {processor.py:914} INFO - Processing file /opt/airflow/dags/countries_dag.py for tasks to queue
[2026-09-09T01:15:49.729+0000] {logging_mixin.py:190} INFO - [2026-09-09T01:15:49.728+0000] {dagbag.py:588} INFO - Filling up the DagBag from /opt/airflow/dags/countries_dag.py
[2026-09-09T01:15:50.994+0000] {logging_mixin.py:190} INFO - [2026-09-09T01:15:50.942+0000] {dagbag.py:387} ERROR - Failed to import: /opt/airflow/dags/countries_dag.py
Traceback (most recent call last):
  File "/home/airflow/.local/lib/python3.11/site-packages/airflow/models/dagbag.py", line 383, in parse
    loader.exec_module(new_module)
  File "<frozen importlib._bootstrap_external>", line 940, in exec_module
  File "<frozen importlib._bootstrap>", line 241, in _call_with_frames_removed
  File "/opt/airflow/dags/countries_dag.py", line 6, in <module>
    from ingestion.minio_to_snowflake import run_pipeline
  File "/opt/airflow/ingestion/minio_to_snowflake.py", line 7, in <module>
    from minio import Minio
ModuleNotFoundError: No module named 'minio'
[2026-09-09T01:15:51.014+0000] {processor.py:927} WARNING - No viable dags retrieved from /opt/airflow/dags/countries_dag.py
[2026-09-09T01:15:51.371+0000] {processor.py:208} INFO - Processing /opt/airflow/dags/countries_dag.py took 1.729 seconds
[2026-09-09T01:16:22.757+0000] {processor.py:186} INFO - Started process (PID=2047) to work on /opt/airflow/dags/countries_dag.py
[2026-09-09T01:16:22.766+0000] {processor.py:914} INFO - Processing file /opt/airflow/dags/countries_dag.py for tasks to queue
[2026-09-09T01:16:22.782+0000] {logging_mixin.py:190} INFO - [2026-09-09T01:16:22.772+0000] {dagbag.py:588} INFO - Filling up the DagBag from /opt/airflow/dags/countries_dag.py
[2026-09-09T01:16:23.140+0000] {logging_mixin.py:190} INFO - [2026-09-09T01:16:23.068+0000] {dagbag.py:387} ERROR - Failed to import: /opt/airflow/dags/countries_dag.py
Traceback (most recent call last):
  File "/home/airflow/.local/lib/python3.11/site-packages/airflow/models/dagbag.py", line 383, in parse
    loader.exec_module(new_module)
  File "<frozen importlib._bootstrap_external>", line 940, in exec_module
  File "<frozen importlib._bootstrap>", line 241, in _call_with_frames_removed
  File "/opt/airflow/dags/countries_dag.py", line 6, in <module>
    from ingestion.minio_to_snowflake import run_pipeline
  File "/opt/airflow/ingestion/minio_to_snowflake.py", line 7, in <module>
    from minio import Minio
ModuleNotFoundError: No module named 'minio'
[2026-09-09T01:16:23.147+0000] {processor.py:927} WARNING - No viable dags retrieved from /opt/airflow/dags/countries_dag.py
[2026-09-09T01:16:23.503+0000] {processor.py:208} INFO - Processing /opt/airflow/dags/countries_dag.py took 0.776 seconds
[2026-09-09T01:16:54.979+0000] {processor.py:186} INFO - Started process (PID=2052) to work on /opt/airflow/dags/countries_dag.py
[2026-09-09T01:16:54.991+0000] {processor.py:914} INFO - Processing file /opt/airflow/dags/countries_dag.py for tasks to queue
[2026-09-09T01:16:55.012+0000] {logging_mixin.py:190} INFO - [2026-09-09T01:16:55.010+0000] {dagbag.py:588} INFO - Filling up the DagBag from /opt/airflow/dags/countries_dag.py
[2026-09-09T01:16:55.510+0000] {logging_mixin.py:190} INFO - [2026-09-09T01:16:55.460+0000] {dagbag.py:387} ERROR - Failed to import: /opt/airflow/dags/countries_dag.py
Traceback (most recent call last):
  File "/home/airflow/.local/lib/python3.11/site-packages/airflow/models/dagbag.py", line 383, in parse
    loader.exec_module(new_module)
  File "<frozen importlib._bootstrap_external>", line 940, in exec_module
  File "<frozen importlib._bootstrap>", line 241, in _call_with_frames_removed
  File "/opt/airflow/dags/countries_dag.py", line 6, in <module>
    from ingestion.minio_to_snowflake import run_pipeline
  File "/opt/airflow/ingestion/minio_to_snowflake.py", line 7, in <module>
    from minio import Minio
ModuleNotFoundError: No module named 'minio'
[2026-09-09T01:16:55.528+0000] {processor.py:927} WARNING - No viable dags retrieved from /opt/airflow/dags/countries_dag.py
[2026-09-09T01:16:55.645+0000] {processor.py:208} INFO - Processing /opt/airflow/dags/countries_dag.py took 0.689 seconds
[2026-09-09T01:17:26.046+0000] {processor.py:186} INFO - Started process (PID=2057) to work on /opt/airflow/dags/countries_dag.py
[2026-09-09T01:17:26.054+0000] {processor.py:914} INFO - Processing file /opt/airflow/dags/countries_dag.py for tasks to queue
[2026-09-09T01:17:26.061+0000] {logging_mixin.py:190} INFO - [2026-09-09T01:17:26.060+0000] {dagbag.py:588} INFO - Filling up the DagBag from /opt/airflow/dags/countries_dag.py
[2026-09-09T01:17:26.261+0000] {logging_mixin.py:190} INFO - [2026-09-09T01:17:26.229+0000] {dagbag.py:387} ERROR - Failed to import: /opt/airflow/dags/countries_dag.py
Traceback (most recent call last):
  File "/home/airflow/.local/lib/python3.11/site-packages/airflow/models/dagbag.py", line 383, in parse
    loader.exec_module(new_module)
  File "<frozen importlib._bootstrap_external>", line 940, in exec_module
  File "<frozen importlib._bootstrap>", line 241, in _call_with_frames_removed
  File "/opt/airflow/dags/countries_dag.py", line 6, in <module>
    from ingestion.minio_to_snowflake import run_pipeline
  File "/opt/airflow/ingestion/minio_to_snowflake.py", line 7, in <module>
    from minio import Minio
ModuleNotFoundError: No module named 'minio'
[2026-09-09T01:17:26.266+0000] {processor.py:927} WARNING - No viable dags retrieved from /opt/airflow/dags/countries_dag.py
[2026-09-09T01:17:27.478+0000] {processor.py:208} INFO - Processing /opt/airflow/dags/countries_dag.py took 1.457 seconds
[2026-09-09T01:17:58.172+0000] {processor.py:186} INFO - Started process (PID=2062) to work on /opt/airflow/dags/countries_dag.py
[2026-09-09T01:17:58.235+0000] {processor.py:914} INFO - Processing file /opt/airflow/dags/countries_dag.py for tasks to queue
[2026-09-09T01:17:58.305+0000] {logging_mixin.py:190} INFO - [2026-09-09T01:17:58.293+0000] {dagbag.py:588} INFO - Filling up the DagBag from /opt/airflow/dags/countries_dag.py
[2026-09-09T01:17:59.500+0000] {logging_mixin.py:190} INFO - [2026-09-09T01:17:59.440+0000] {dagbag.py:387} ERROR - Failed to import: /opt/airflow/dags/countries_dag.py
Traceback (most recent call last):
  File "/home/airflow/.local/lib/python3.11/site-packages/airflow/models/dagbag.py", line 383, in parse
    loader.exec_module(new_module)
  File "<frozen importlib._bootstrap_external>", line 940, in exec_module
  File "<frozen importlib._bootstrap>", line 241, in _call_with_frames_removed
  File "/opt/airflow/dags/countries_dag.py", line 6, in <module>
    from ingestion.minio_to_snowflake import run_pipeline
  File "/opt/airflow/ingestion/minio_to_snowflake.py", line 7, in <module>
    from minio import Minio
ModuleNotFoundError: No module named 'minio'
[2026-09-09T01:17:59.513+0000] {processor.py:927} WARNING - No viable dags retrieved from /opt/airflow/dags/countries_dag.py
[2026-09-09T01:17:59.720+0000] {processor.py:208} INFO - Processing /opt/airflow/dags/countries_dag.py took 1.570 seconds
[2026-09-09T01:18:30.224+0000] {processor.py:186} INFO - Started process (PID=2067) to work on /opt/airflow/dags/countries_dag.py
[2026-09-09T01:18:30.238+0000] {processor.py:914} INFO - Processing file /opt/airflow/dags/countries_dag.py for tasks to queue
[2026-09-09T01:18:30.268+0000] {logging_mixin.py:190} INFO - [2026-09-09T01:18:30.264+0000] {dagbag.py:588} INFO - Filling up the DagBag from /opt/airflow/dags/countries_dag.py
[2026-09-09T01:18:30.626+0000] {logging_mixin.py:190} INFO - [2026-09-09T01:18:30.592+0000] {dagbag.py:387} ERROR - Failed to import: /opt/airflow/dags/countries_dag.py
Traceback (most recent call last):
  File "/home/airflow/.local/lib/python3.11/site-packages/airflow/models/dagbag.py", line 383, in parse
    loader.exec_module(new_module)
  File "<frozen importlib._bootstrap_external>", line 940, in exec_module
  File "<frozen importlib._bootstrap>", line 241, in _call_with_frames_removed
  File "/opt/airflow/dags/countries_dag.py", line 6, in <module>
    from ingestion.minio_to_snowflake import run_pipeline
  File "/opt/airflow/ingestion/minio_to_snowflake.py", line 7, in <module>
    from minio import Minio
ModuleNotFoundError: No module named 'minio'
[2026-09-09T01:18:30.637+0000] {processor.py:927} WARNING - No viable dags retrieved from /opt/airflow/dags/countries_dag.py
[2026-09-09T01:18:30.724+0000] {processor.py:208} INFO - Processing /opt/airflow/dags/countries_dag.py took 0.518 seconds
[2026-09-09T01:19:01.414+0000] {processor.py:186} INFO - Started process (PID=2072) to work on /opt/airflow/dags/countries_dag.py
[2026-09-09T01:19:01.444+0000] {processor.py:914} INFO - Processing file /opt/airflow/dags/countries_dag.py for tasks to queue
[2026-09-09T01:19:01.457+0000] {logging_mixin.py:190} INFO - [2026-09-09T01:19:01.456+0000] {dagbag.py:588} INFO - Filling up the DagBag from /opt/airflow/dags/countries_dag.py
[2026-09-09T01:19:01.787+0000] {logging_mixin.py:190} INFO - [2026-09-09T01:19:01.748+0000] {dagbag.py:387} ERROR - Failed to import: /opt/airflow/dags/countries_dag.py
Traceback (most recent call last):
  File "/home/airflow/.local/lib/python3.11/site-packages/airflow/models/dagbag.py", line 383, in parse
    loader.exec_module(new_module)
  File "<frozen importlib._bootstrap_external>", line 940, in exec_module
  File "<frozen importlib._bootstrap>", line 241, in _call_with_frames_removed
  File "/opt/airflow/dags/countries_dag.py", line 6, in <module>
    from ingestion.minio_to_snowflake import run_pipeline
  File "/opt/airflow/ingestion/minio_to_snowflake.py", line 7, in <module>
    from minio import Minio
ModuleNotFoundError: No module named 'minio'
[2026-09-09T01:19:01.795+0000] {processor.py:927} WARNING - No viable dags retrieved from /opt/airflow/dags/countries_dag.py
[2026-09-09T01:19:01.898+0000] {processor.py:208} INFO - Processing /opt/airflow/dags/countries_dag.py took 0.597 seconds
[2026-09-09T01:19:32.481+0000] {processor.py:186} INFO - Started process (PID=2077) to work on /opt/airflow/dags/countries_dag.py
[2026-09-09T01:19:32.494+0000] {processor.py:914} INFO - Processing file /opt/airflow/dags/countries_dag.py for tasks to queue
[2026-09-09T01:19:32.508+0000] {logging_mixin.py:190} INFO - [2026-09-09T01:19:32.507+0000] {dagbag.py:588} INFO - Filling up the DagBag from /opt/airflow/dags/countries_dag.py
[2026-09-09T01:19:32.814+0000] {logging_mixin.py:190} INFO - [2026-09-09T01:19:32.791+0000] {dagbag.py:387} ERROR - Failed to import: /opt/airflow/dags/countries_dag.py
Traceback (most recent call last):
  File "/home/airflow/.local/lib/python3.11/site-packages/airflow/models/dagbag.py", line 383, in parse
    loader.exec_module(new_module)
  File "<frozen importlib._bootstrap_external>", line 940, in exec_module
  File "<frozen importlib._bootstrap>", line 241, in _call_with_frames_removed
  File "/opt/airflow/dags/countries_dag.py", line 6, in <module>
    from ingestion.minio_to_snowflake import run_pipeline
  File "/opt/airflow/ingestion/minio_to_snowflake.py", line 7, in <module>
    from minio import Minio
ModuleNotFoundError: No module named 'minio'
[2026-09-09T01:19:32.842+0000] {processor.py:927} WARNING - No viable dags retrieved from /opt/airflow/dags/countries_dag.py
[2026-09-09T01:19:32.950+0000] {processor.py:208} INFO - Processing /opt/airflow/dags/countries_dag.py took 0.494 seconds
[2026-09-09T01:20:04.176+0000] {processor.py:186} INFO - Started process (PID=2082) to work on /opt/airflow/dags/countries_dag.py
[2026-09-09T01:20:04.188+0000] {processor.py:914} INFO - Processing file /opt/airflow/dags/countries_dag.py for tasks to queue
[2026-09-09T01:20:04.203+0000] {logging_mixin.py:190} INFO - [2026-09-09T01:20:04.202+0000] {dagbag.py:588} INFO - Filling up the DagBag from /opt/airflow/dags/countries_dag.py
[2026-09-09T01:20:04.496+0000] {logging_mixin.py:190} INFO - [2026-09-09T01:20:04.437+0000] {dagbag.py:387} ERROR - Failed to import: /opt/airflow/dags/countries_dag.py
Traceback (most recent call last):
  File "/home/airflow/.local/lib/python3.11/site-packages/airflow/models/dagbag.py", line 383, in parse
    loader.exec_module(new_module)
  File "<frozen importlib._bootstrap_external>", line 940, in exec_module
  File "<frozen importlib._bootstrap>", line 241, in _call_with_frames_removed
  File "/opt/airflow/dags/countries_dag.py", line 6, in <module>
    from ingestion.minio_to_snowflake import run_pipeline
  File "/opt/airflow/ingestion/minio_to_snowflake.py", line 7, in <module>
    from minio import Minio
ModuleNotFoundError: No module named 'minio'
[2026-09-09T01:20:04.509+0000] {processor.py:927} WARNING - No viable dags retrieved from /opt/airflow/dags/countries_dag.py
[2026-09-09T01:20:04.666+0000] {processor.py:208} INFO - Processing /opt/airflow/dags/countries_dag.py took 0.514 seconds
[2026-09-09T01:20:35.229+0000] {processor.py:186} INFO - Started process (PID=2087) to work on /opt/airflow/dags/countries_dag.py
[2026-09-09T01:20:35.233+0000] {processor.py:914} INFO - Processing file /opt/airflow/dags/countries_dag.py for tasks to queue
[2026-09-09T01:20:35.245+0000] {logging_mixin.py:190} INFO - [2026-09-09T01:20:35.244+0000] {dagbag.py:588} INFO - Filling up the DagBag from /opt/airflow/dags/countries_dag.py
[2026-09-09T01:20:35.758+0000] {logging_mixin.py:190} INFO - [2026-09-09T01:20:35.657+0000] {dagbag.py:387} ERROR - Failed to import: /opt/airflow/dags/countries_dag.py
Traceback (most recent call last):
  File "/home/airflow/.local/lib/python3.11/site-packages/airflow/models/dagbag.py", line 383, in parse
    loader.exec_module(new_module)
  File "<frozen importlib._bootstrap_external>", line 940, in exec_module
  File "<frozen importlib._bootstrap>", line 241, in _call_with_frames_removed
  File "/opt/airflow/dags/countries_dag.py", line 6, in <module>
    from ingestion.minio_to_snowflake import run_pipeline
  File "/opt/airflow/ingestion/minio_to_snowflake.py", line 7, in <module>
    from minio import Minio
ModuleNotFoundError: No module named 'minio'
[2026-09-09T01:20:35.822+0000] {processor.py:927} WARNING - No viable dags retrieved from /opt/airflow/dags/countries_dag.py
[2026-09-09T01:20:35.916+0000] {processor.py:208} INFO - Processing /opt/airflow/dags/countries_dag.py took 0.714 seconds
[2026-09-09T01:21:06.758+0000] {processor.py:186} INFO - Started process (PID=2092) to work on /opt/airflow/dags/countries_dag.py
[2026-09-09T01:21:06.768+0000] {processor.py:914} INFO - Processing file /opt/airflow/dags/countries_dag.py for tasks to queue
[2026-09-09T01:21:06.777+0000] {logging_mixin.py:190} INFO - [2026-09-09T01:21:06.777+0000] {dagbag.py:588} INFO - Filling up the DagBag from /opt/airflow/dags/countries_dag.py
[2026-09-09T01:21:06.964+0000] {logging_mixin.py:190} INFO - [2026-09-09T01:21:06.945+0000] {dagbag.py:387} ERROR - Failed to import: /opt/airflow/dags/countries_dag.py
Traceback (most recent call last):
  File "/home/airflow/.local/lib/python3.11/site-packages/airflow/models/dagbag.py", line 383, in parse
    loader.exec_module(new_module)
  File "<frozen importlib._bootstrap_external>", line 940, in exec_module
  File "<frozen importlib._bootstrap>", line 241, in _call_with_frames_removed
  File "/opt/airflow/dags/countries_dag.py", line 6, in <module>
    from ingestion.minio_to_snowflake import run_pipeline
  File "/opt/airflow/ingestion/minio_to_snowflake.py", line 7, in <module>
    from minio import Minio
ModuleNotFoundError: No module named 'minio'
[2026-09-09T01:21:06.972+0000] {processor.py:927} WARNING - No viable dags retrieved from /opt/airflow/dags/countries_dag.py
[2026-09-09T01:21:07.048+0000] {processor.py:208} INFO - Processing /opt/airflow/dags/countries_dag.py took 0.325 seconds
[2026-09-09T01:21:38.030+0000] {processor.py:186} INFO - Started process (PID=2098) to work on /opt/airflow/dags/countries_dag.py
[2026-09-09T01:21:38.038+0000] {processor.py:914} INFO - Processing file /opt/airflow/dags/countries_dag.py for tasks to queue
[2026-09-09T01:21:38.070+0000] {logging_mixin.py:190} INFO - [2026-09-09T01:21:38.069+0000] {dagbag.py:588} INFO - Filling up the DagBag from /opt/airflow/dags/countries_dag.py
[2026-09-09T01:21:38.246+0000] {logging_mixin.py:190} INFO - [2026-09-09T01:21:38.223+0000] {dagbag.py:387} ERROR - Failed to import: /opt/airflow/dags/countries_dag.py
Traceback (most recent call last):
  File "/home/airflow/.local/lib/python3.11/site-packages/airflow/models/dagbag.py", line 383, in parse
    loader.exec_module(new_module)
  File "<frozen importlib._bootstrap_external>", line 940, in exec_module
  File "<frozen importlib._bootstrap>", line 241, in _call_with_frames_removed
  File "/opt/airflow/dags/countries_dag.py", line 6, in <module>
    from ingestion.minio_to_snowflake import run_pipeline
  File "/opt/airflow/ingestion/minio_to_snowflake.py", line 7, in <module>
    from minio import Minio
ModuleNotFoundError: No module named 'minio'
[2026-09-09T01:21:38.261+0000] {processor.py:927} WARNING - No viable dags retrieved from /opt/airflow/dags/countries_dag.py
[2026-09-09T01:21:38.354+0000] {processor.py:208} INFO - Processing /opt/airflow/dags/countries_dag.py took 0.432 seconds
[2026-09-09T01:22:09.594+0000] {processor.py:186} INFO - Started process (PID=2103) to work on /opt/airflow/dags/countries_dag.py
[2026-09-09T01:22:09.596+0000] {processor.py:914} INFO - Processing file /opt/airflow/dags/countries_dag.py for tasks to queue
[2026-09-09T01:22:09.614+0000] {logging_mixin.py:190} INFO - [2026-09-09T01:22:09.613+0000] {dagbag.py:588} INFO - Filling up the DagBag from /opt/airflow/dags/countries_dag.py
[2026-09-09T01:22:10.275+0000] {logging_mixin.py:190} INFO - [2026-09-09T01:22:10.179+0000] {dagbag.py:387} ERROR - Failed to import: /opt/airflow/dags/countries_dag.py
Traceback (most recent call last):
  File "/home/airflow/.local/lib/python3.11/site-packages/airflow/models/dagbag.py", line 383, in parse
    loader.exec_module(new_module)
  File "<frozen importlib._bootstrap_external>", line 940, in exec_module
  File "<frozen importlib._bootstrap>", line 241, in _call_with_frames_removed
  File "/opt/airflow/dags/countries_dag.py", line 6, in <module>
    from ingestion.minio_to_snowflake import run_pipeline
  File "/opt/airflow/ingestion/minio_to_snowflake.py", line 7, in <module>
    from minio import Minio
ModuleNotFoundError: No module named 'minio'
[2026-09-09T01:22:10.302+0000] {processor.py:927} WARNING - No viable dags retrieved from /opt/airflow/dags/countries_dag.py
[2026-09-09T01:22:10.391+0000] {processor.py:208} INFO - Processing /opt/airflow/dags/countries_dag.py took 0.821 seconds
[2026-09-09T01:22:40.967+0000] {processor.py:186} INFO - Started process (PID=2108) to work on /opt/airflow/dags/countries_dag.py
[2026-09-09T01:22:40.992+0000] {processor.py:914} INFO - Processing file /opt/airflow/dags/countries_dag.py for tasks to queue
[2026-09-09T01:22:41.003+0000] {logging_mixin.py:190} INFO - [2026-09-09T01:22:41.003+0000] {dagbag.py:588} INFO - Filling up the DagBag from /opt/airflow/dags/countries_dag.py
[2026-09-09T01:22:41.413+0000] {logging_mixin.py:190} INFO - [2026-09-09T01:22:41.331+0000] {dagbag.py:387} ERROR - Failed to import: /opt/airflow/dags/countries_dag.py
Traceback (most recent call last):
  File "/home/airflow/.local/lib/python3.11/site-packages/airflow/models/dagbag.py", line 383, in parse
    loader.exec_module(new_module)
  File "<frozen importlib._bootstrap_external>", line 940, in exec_module
  File "<frozen importlib._bootstrap>", line 241, in _call_with_frames_removed
  File "/opt/airflow/dags/countries_dag.py", line 6, in <module>
    from ingestion.minio_to_snowflake import run_pipeline
  File "/opt/airflow/ingestion/minio_to_snowflake.py", line 7, in <module>
    from minio import Minio
ModuleNotFoundError: No module named 'minio'
[2026-09-09T01:22:41.465+0000] {processor.py:927} WARNING - No viable dags retrieved from /opt/airflow/dags/countries_dag.py
[2026-09-09T01:22:41.649+0000] {processor.py:208} INFO - Processing /opt/airflow/dags/countries_dag.py took 0.706 seconds
[2026-09-09T01:23:12.060+0000] {processor.py:186} INFO - Started process (PID=2113) to work on /opt/airflow/dags/countries_dag.py
[2026-09-09T01:23:12.063+0000] {processor.py:914} INFO - Processing file /opt/airflow/dags/countries_dag.py for tasks to queue
[2026-09-09T01:23:12.069+0000] {logging_mixin.py:190} INFO - [2026-09-09T01:23:12.068+0000] {dagbag.py:588} INFO - Filling up the DagBag from /opt/airflow/dags/countries_dag.py
[2026-09-09T01:23:12.213+0000] {logging_mixin.py:190} INFO - [2026-09-09T01:23:12.162+0000] {dagbag.py:387} ERROR - Failed to import: /opt/airflow/dags/countries_dag.py
Traceback (most recent call last):
  File "/home/airflow/.local/lib/python3.11/site-packages/airflow/models/dagbag.py", line 383, in parse
    loader.exec_module(new_module)
  File "<frozen importlib._bootstrap_external>", line 940, in exec_module
  File "<frozen importlib._bootstrap>", line 241, in _call_with_frames_removed
  File "/opt/airflow/dags/countries_dag.py", line 6, in <module>
    from ingestion.minio_to_snowflake import run_pipeline
  File "/opt/airflow/ingestion/minio_to_snowflake.py", line 7, in <module>
    from minio import Minio
ModuleNotFoundError: No module named 'minio'
[2026-09-09T01:23:12.285+0000] {processor.py:927} WARNING - No viable dags retrieved from /opt/airflow/dags/countries_dag.py
[2026-09-09T01:23:12.486+0000] {processor.py:208} INFO - Processing /opt/airflow/dags/countries_dag.py took 0.444 seconds
[2026-09-09T01:23:43.659+0000] {processor.py:186} INFO - Started process (PID=2118) to work on /opt/airflow/dags/countries_dag.py
[2026-09-09T01:23:43.664+0000] {processor.py:914} INFO - Processing file /opt/airflow/dags/countries_dag.py for tasks to queue
[2026-09-09T01:23:43.692+0000] {logging_mixin.py:190} INFO - [2026-09-09T01:23:43.687+0000] {dagbag.py:588} INFO - Filling up the DagBag from /opt/airflow/dags/countries_dag.py
[2026-09-09T01:23:44.106+0000] {logging_mixin.py:190} INFO - [2026-09-09T01:23:44.040+0000] {dagbag.py:387} ERROR - Failed to import: /opt/airflow/dags/countries_dag.py
Traceback (most recent call last):
  File "/home/airflow/.local/lib/python3.11/site-packages/airflow/models/dagbag.py", line 383, in parse
    loader.exec_module(new_module)
  File "<frozen importlib._bootstrap_external>", line 940, in exec_module
  File "<frozen importlib._bootstrap>", line 241, in _call_with_frames_removed
  File "/opt/airflow/dags/countries_dag.py", line 6, in <module>
    from ingestion.minio_to_snowflake import run_pipeline
  File "/opt/airflow/ingestion/minio_to_snowflake.py", line 7, in <module>
    from minio import Minio
ModuleNotFoundError: No module named 'minio'
[2026-09-09T01:23:44.121+0000] {processor.py:927} WARNING - No viable dags retrieved from /opt/airflow/dags/countries_dag.py
[2026-09-09T01:23:44.233+0000] {processor.py:208} INFO - Processing /opt/airflow/dags/countries_dag.py took 0.613 seconds
[2026-09-09T01:24:15.199+0000] {processor.py:186} INFO - Started process (PID=2123) to work on /opt/airflow/dags/countries_dag.py
[2026-09-09T01:24:15.207+0000] {processor.py:914} INFO - Processing file /opt/airflow/dags/countries_dag.py for tasks to queue
[2026-09-09T01:24:15.220+0000] {logging_mixin.py:190} INFO - [2026-09-09T01:24:15.219+0000] {dagbag.py:588} INFO - Filling up the DagBag from /opt/airflow/dags/countries_dag.py
[2026-09-09T01:24:15.715+0000] {logging_mixin.py:190} INFO - [2026-09-09T01:24:15.629+0000] {dagbag.py:387} ERROR - Failed to import: /opt/airflow/dags/countries_dag.py
Traceback (most recent call last):
  File "/home/airflow/.local/lib/python3.11/site-packages/airflow/models/dagbag.py", line 383, in parse
    loader.exec_module(new_module)
  File "<frozen importlib._bootstrap_external>", line 940, in exec_module
  File "<frozen importlib._bootstrap>", line 241, in _call_with_frames_removed
  File "/opt/airflow/dags/countries_dag.py", line 6, in <module>
    from ingestion.minio_to_snowflake import run_pipeline
  File "/opt/airflow/ingestion/minio_to_snowflake.py", line 7, in <module>
    from minio import Minio
ModuleNotFoundError: No module named 'minio'
[2026-09-09T01:24:15.729+0000] {processor.py:927} WARNING - No viable dags retrieved from /opt/airflow/dags/countries_dag.py
[2026-09-09T01:24:15.863+0000] {processor.py:208} INFO - Processing /opt/airflow/dags/countries_dag.py took 0.688 seconds
[2026-09-09T01:24:46.786+0000] {processor.py:186} INFO - Started process (PID=2128) to work on /opt/airflow/dags/countries_dag.py
[2026-09-09T01:24:46.798+0000] {processor.py:914} INFO - Processing file /opt/airflow/dags/countries_dag.py for tasks to queue
[2026-09-09T01:24:46.807+0000] {logging_mixin.py:190} INFO - [2026-09-09T01:24:46.806+0000] {dagbag.py:588} INFO - Filling up the DagBag from /opt/airflow/dags/countries_dag.py
[2026-09-09T01:24:47.156+0000] {logging_mixin.py:190} INFO - [2026-09-09T01:24:47.123+0000] {dagbag.py:387} ERROR - Failed to import: /opt/airflow/dags/countries_dag.py
Traceback (most recent call last):
  File "/home/airflow/.local/lib/python3.11/site-packages/airflow/models/dagbag.py", line 383, in parse
    loader.exec_module(new_module)
  File "<frozen importlib._bootstrap_external>", line 940, in exec_module
  File "<frozen importlib._bootstrap>", line 241, in _call_with_frames_removed
  File "/opt/airflow/dags/countries_dag.py", line 6, in <module>
    from ingestion.minio_to_snowflake import run_pipeline
  File "/opt/airflow/ingestion/minio_to_snowflake.py", line 7, in <module>
    from minio import Minio
ModuleNotFoundError: No module named 'minio'
[2026-09-09T01:24:47.162+0000] {processor.py:927} WARNING - No viable dags retrieved from /opt/airflow/dags/countries_dag.py
[2026-09-09T01:24:47.228+0000] {processor.py:208} INFO - Processing /opt/airflow/dags/countries_dag.py took 0.472 seconds
[2026-09-09T01:25:17.826+0000] {processor.py:186} INFO - Started process (PID=2133) to work on /opt/airflow/dags/countries_dag.py
[2026-09-09T01:25:17.830+0000] {processor.py:914} INFO - Processing file /opt/airflow/dags/countries_dag.py for tasks to queue
[2026-09-09T01:25:17.845+0000] {logging_mixin.py:190} INFO - [2026-09-09T01:25:17.844+0000] {dagbag.py:588} INFO - Filling up the DagBag from /opt/airflow/dags/countries_dag.py
[2026-09-09T01:25:18.312+0000] {logging_mixin.py:190} INFO - [2026-09-09T01:25:18.247+0000] {dagbag.py:387} ERROR - Failed to import: /opt/airflow/dags/countries_dag.py
Traceback (most recent call last):
  File "/home/airflow/.local/lib/python3.11/site-packages/airflow/models/dagbag.py", line 383, in parse
    loader.exec_module(new_module)
  File "<frozen importlib._bootstrap_external>", line 940, in exec_module
  File "<frozen importlib._bootstrap>", line 241, in _call_with_frames_removed
  File "/opt/airflow/dags/countries_dag.py", line 6, in <module>
    from ingestion.minio_to_snowflake import run_pipeline
  File "/opt/airflow/ingestion/minio_to_snowflake.py", line 7, in <module>
    from minio import Minio
ModuleNotFoundError: No module named 'minio'
[2026-09-09T01:25:18.319+0000] {processor.py:927} WARNING - No viable dags retrieved from /opt/airflow/dags/countries_dag.py
[2026-09-09T01:25:18.445+0000] {processor.py:208} INFO - Processing /opt/airflow/dags/countries_dag.py took 0.653 seconds
[2026-09-09T01:25:48.913+0000] {processor.py:186} INFO - Started process (PID=2138) to work on /opt/airflow/dags/countries_dag.py
[2026-09-09T01:25:48.946+0000] {processor.py:914} INFO - Processing file /opt/airflow/dags/countries_dag.py for tasks to queue
[2026-09-09T01:25:49.080+0000] {logging_mixin.py:190} INFO - [2026-09-09T01:25:49.079+0000] {dagbag.py:588} INFO - Filling up the DagBag from /opt/airflow/dags/countries_dag.py
[2026-09-09T01:25:49.634+0000] {logging_mixin.py:190} INFO - [2026-09-09T01:25:49.564+0000] {dagbag.py:387} ERROR - Failed to import: /opt/airflow/dags/countries_dag.py
Traceback (most recent call last):
  File "/home/airflow/.local/lib/python3.11/site-packages/airflow/models/dagbag.py", line 383, in parse
    loader.exec_module(new_module)
  File "<frozen importlib._bootstrap_external>", line 940, in exec_module
  File "<frozen importlib._bootstrap>", line 241, in _call_with_frames_removed
  File "/opt/airflow/dags/countries_dag.py", line 6, in <module>
    from ingestion.minio_to_snowflake import run_pipeline
  File "/opt/airflow/ingestion/minio_to_snowflake.py", line 7, in <module>
    from minio import Minio
ModuleNotFoundError: No module named 'minio'
[2026-09-09T01:25:49.697+0000] {processor.py:927} WARNING - No viable dags retrieved from /opt/airflow/dags/countries_dag.py
[2026-09-09T01:25:49.866+0000] {processor.py:208} INFO - Processing /opt/airflow/dags/countries_dag.py took 0.978 seconds
[2026-09-09T01:26:20.485+0000] {processor.py:186} INFO - Started process (PID=2143) to work on /opt/airflow/dags/countries_dag.py
[2026-09-09T01:26:20.487+0000] {processor.py:914} INFO - Processing file /opt/airflow/dags/countries_dag.py for tasks to queue
[2026-09-09T01:26:20.498+0000] {logging_mixin.py:190} INFO - [2026-09-09T01:26:20.496+0000] {dagbag.py:588} INFO - Filling up the DagBag from /opt/airflow/dags/countries_dag.py
[2026-09-09T01:26:20.854+0000] {logging_mixin.py:190} INFO - [2026-09-09T01:26:20.833+0000] {dagbag.py:387} ERROR - Failed to import: /opt/airflow/dags/countries_dag.py
Traceback (most recent call last):
  File "/home/airflow/.local/lib/python3.11/site-packages/airflow/models/dagbag.py", line 383, in parse
    loader.exec_module(new_module)
  File "<frozen importlib._bootstrap_external>", line 940, in exec_module
  File "<frozen importlib._bootstrap>", line 241, in _call_with_frames_removed
  File "/opt/airflow/dags/countries_dag.py", line 6, in <module>
    from ingestion.minio_to_snowflake import run_pipeline
  File "/opt/airflow/ingestion/minio_to_snowflake.py", line 7, in <module>
    from minio import Minio
ModuleNotFoundError: No module named 'minio'
[2026-09-09T01:26:20.869+0000] {processor.py:927} WARNING - No viable dags retrieved from /opt/airflow/dags/countries_dag.py
[2026-09-09T01:26:20.997+0000] {processor.py:208} INFO - Processing /opt/airflow/dags/countries_dag.py took 0.542 seconds
[2026-09-09T01:26:52.571+0000] {processor.py:186} INFO - Started process (PID=2148) to work on /opt/airflow/dags/countries_dag.py
[2026-09-09T01:26:52.594+0000] {processor.py:914} INFO - Processing file /opt/airflow/dags/countries_dag.py for tasks to queue
[2026-09-09T01:26:52.607+0000] {logging_mixin.py:190} INFO - [2026-09-09T01:26:52.606+0000] {dagbag.py:588} INFO - Filling up the DagBag from /opt/airflow/dags/countries_dag.py
[2026-09-09T01:26:52.805+0000] {logging_mixin.py:190} INFO - [2026-09-09T01:26:52.777+0000] {dagbag.py:387} ERROR - Failed to import: /opt/airflow/dags/countries_dag.py
Traceback (most recent call last):
  File "/home/airflow/.local/lib/python3.11/site-packages/airflow/models/dagbag.py", line 383, in parse
    loader.exec_module(new_module)
  File "<frozen importlib._bootstrap_external>", line 940, in exec_module
  File "<frozen importlib._bootstrap>", line 241, in _call_with_frames_removed
  File "/opt/airflow/dags/countries_dag.py", line 6, in <module>
    from ingestion.minio_to_snowflake import run_pipeline
  File "/opt/airflow/ingestion/minio_to_snowflake.py", line 7, in <module>
    from minio import Minio
ModuleNotFoundError: No module named 'minio'
[2026-09-09T01:26:52.814+0000] {processor.py:927} WARNING - No viable dags retrieved from /opt/airflow/dags/countries_dag.py
[2026-09-09T01:26:52.914+0000] {processor.py:208} INFO - Processing /opt/airflow/dags/countries_dag.py took 0.402 seconds
[2026-09-09T01:27:24.357+0000] {processor.py:186} INFO - Started process (PID=2153) to work on /opt/airflow/dags/countries_dag.py
[2026-09-09T01:27:24.379+0000] {processor.py:914} INFO - Processing file /opt/airflow/dags/countries_dag.py for tasks to queue
[2026-09-09T01:27:24.399+0000] {logging_mixin.py:190} INFO - [2026-09-09T01:27:24.388+0000] {dagbag.py:588} INFO - Filling up the DagBag from /opt/airflow/dags/countries_dag.py
[2026-09-09T01:27:24.791+0000] {logging_mixin.py:190} INFO - [2026-09-09T01:27:24.745+0000] {dagbag.py:387} ERROR - Failed to import: /opt/airflow/dags/countries_dag.py
Traceback (most recent call last):
  File "/home/airflow/.local/lib/python3.11/site-packages/airflow/models/dagbag.py", line 383, in parse
    loader.exec_module(new_module)
  File "<frozen importlib._bootstrap_external>", line 940, in exec_module
  File "<frozen importlib._bootstrap>", line 241, in _call_with_frames_removed
  File "/opt/airflow/dags/countries_dag.py", line 6, in <module>
    from ingestion.minio_to_snowflake import run_pipeline
  File "/opt/airflow/ingestion/minio_to_snowflake.py", line 7, in <module>
    from minio import Minio
ModuleNotFoundError: No module named 'minio'
[2026-09-09T01:27:24.804+0000] {processor.py:927} WARNING - No viable dags retrieved from /opt/airflow/dags/countries_dag.py
[2026-09-09T01:27:25.005+0000] {processor.py:208} INFO - Processing /opt/airflow/dags/countries_dag.py took 0.668 seconds
[2026-09-09T01:39:43.639+0000] {processor.py:186} INFO - Started process (PID=190) to work on /opt/airflow/dags/countries_dag.py
[2026-09-09T01:39:43.643+0000] {processor.py:914} INFO - Processing file /opt/airflow/dags/countries_dag.py for tasks to queue
[2026-09-09T01:39:43.651+0000] {logging_mixin.py:190} INFO - [2026-09-09T01:39:43.650+0000] {dagbag.py:588} INFO - Filling up the DagBag from /opt/airflow/dags/countries_dag.py
[2026-09-09T01:39:43.939+0000] {logging_mixin.py:190} INFO - [2026-09-09T01:39:43.919+0000] {dagbag.py:387} ERROR - Failed to import: /opt/airflow/dags/countries_dag.py
Traceback (most recent call last):
  File "/home/airflow/.local/lib/python3.11/site-packages/airflow/models/dagbag.py", line 383, in parse
    loader.exec_module(new_module)
  File "<frozen importlib._bootstrap_external>", line 940, in exec_module
  File "<frozen importlib._bootstrap>", line 241, in _call_with_frames_removed
  File "/opt/airflow/dags/countries_dag.py", line 6, in <module>
    from ingestion.minio_to_snowflake import run_pipeline
  File "/opt/airflow/ingestion/minio_to_snowflake.py", line 7, in <module>
    from minio import Minio
ModuleNotFoundError: No module named 'minio'
[2026-09-09T01:39:43.945+0000] {processor.py:927} WARNING - No viable dags retrieved from /opt/airflow/dags/countries_dag.py
[2026-09-09T01:39:44.115+0000] {processor.py:208} INFO - Processing /opt/airflow/dags/countries_dag.py took 0.508 seconds
[2026-09-09T01:40:14.678+0000] {processor.py:186} INFO - Started process (PID=196) to work on /opt/airflow/dags/countries_dag.py
[2026-09-09T01:40:14.690+0000] {processor.py:914} INFO - Processing file /opt/airflow/dags/countries_dag.py for tasks to queue
[2026-09-09T01:40:14.718+0000] {logging_mixin.py:190} INFO - [2026-09-09T01:40:14.717+0000] {dagbag.py:588} INFO - Filling up the DagBag from /opt/airflow/dags/countries_dag.py
[2026-09-09T01:40:14.998+0000] {logging_mixin.py:190} INFO - [2026-09-09T01:40:14.950+0000] {dagbag.py:387} ERROR - Failed to import: /opt/airflow/dags/countries_dag.py
Traceback (most recent call last):
  File "/home/airflow/.local/lib/python3.11/site-packages/airflow/models/dagbag.py", line 383, in parse
    loader.exec_module(new_module)
  File "<frozen importlib._bootstrap_external>", line 940, in exec_module
  File "<frozen importlib._bootstrap>", line 241, in _call_with_frames_removed
  File "/opt/airflow/dags/countries_dag.py", line 6, in <module>
    from ingestion.minio_to_snowflake import run_pipeline
  File "/opt/airflow/ingestion/minio_to_snowflake.py", line 7, in <module>
    from minio import Minio
ModuleNotFoundError: No module named 'minio'
[2026-09-09T01:40:15.027+0000] {processor.py:927} WARNING - No viable dags retrieved from /opt/airflow/dags/countries_dag.py
[2026-09-09T01:40:15.241+0000] {processor.py:208} INFO - Processing /opt/airflow/dags/countries_dag.py took 0.599 seconds
[2026-09-09T01:40:45.952+0000] {processor.py:186} INFO - Started process (PID=201) to work on /opt/airflow/dags/countries_dag.py
[2026-09-09T01:40:46.073+0000] {processor.py:914} INFO - Processing file /opt/airflow/dags/countries_dag.py for tasks to queue
[2026-09-09T01:40:46.193+0000] {logging_mixin.py:190} INFO - [2026-09-09T01:40:46.192+0000] {dagbag.py:588} INFO - Filling up the DagBag from /opt/airflow/dags/countries_dag.py
[2026-09-09T01:40:46.855+0000] {logging_mixin.py:190} INFO - [2026-09-09T01:40:46.803+0000] {dagbag.py:387} ERROR - Failed to import: /opt/airflow/dags/countries_dag.py
Traceback (most recent call last):
  File "/home/airflow/.local/lib/python3.11/site-packages/airflow/models/dagbag.py", line 383, in parse
    loader.exec_module(new_module)
  File "<frozen importlib._bootstrap_external>", line 940, in exec_module
  File "<frozen importlib._bootstrap>", line 241, in _call_with_frames_removed
  File "/opt/airflow/dags/countries_dag.py", line 6, in <module>
    from ingestion.minio_to_snowflake import run_pipeline
  File "/opt/airflow/ingestion/minio_to_snowflake.py", line 7, in <module>
    from minio import Minio
ModuleNotFoundError: No module named 'minio'
[2026-09-09T01:40:46.875+0000] {processor.py:927} WARNING - No viable dags retrieved from /opt/airflow/dags/countries_dag.py
[2026-09-09T01:40:47.108+0000] {processor.py:208} INFO - Processing /opt/airflow/dags/countries_dag.py took 1.217 seconds
[2026-09-09T01:43:04.852+0000] {processor.py:186} INFO - Started process (PID=192) to work on /opt/airflow/dags/countries_dag.py
[2026-09-09T01:43:04.856+0000] {processor.py:914} INFO - Processing file /opt/airflow/dags/countries_dag.py for tasks to queue
[2026-09-09T01:43:04.869+0000] {logging_mixin.py:190} INFO - [2026-09-09T01:43:04.868+0000] {dagbag.py:588} INFO - Filling up the DagBag from /opt/airflow/dags/countries_dag.py
[2026-09-09T01:43:05.256+0000] {logging_mixin.py:190} INFO - [2026-09-09T01:43:05.221+0000] {dagbag.py:387} ERROR - Failed to import: /opt/airflow/dags/countries_dag.py
Traceback (most recent call last):
  File "/home/airflow/.local/lib/python3.11/site-packages/airflow/models/dagbag.py", line 383, in parse
    loader.exec_module(new_module)
  File "<frozen importlib._bootstrap_external>", line 940, in exec_module
  File "<frozen importlib._bootstrap>", line 241, in _call_with_frames_removed
  File "/opt/airflow/dags/countries_dag.py", line 6, in <module>
    from ingestion.minio_to_snowflake import run_pipeline
  File "/opt/airflow/ingestion/minio_to_snowflake.py", line 7, in <module>
    from minio import Minio
ModuleNotFoundError: No module named 'minio'
[2026-09-09T01:43:05.285+0000] {processor.py:927} WARNING - No viable dags retrieved from /opt/airflow/dags/countries_dag.py
[2026-09-09T01:43:05.385+0000] {processor.py:208} INFO - Processing /opt/airflow/dags/countries_dag.py took 0.568 seconds
[2026-09-09T01:43:36.084+0000] {processor.py:186} INFO - Started process (PID=206) to work on /opt/airflow/dags/countries_dag.py
[2026-09-09T01:43:36.086+0000] {processor.py:914} INFO - Processing file /opt/airflow/dags/countries_dag.py for tasks to queue
[2026-09-09T01:43:36.107+0000] {logging_mixin.py:190} INFO - [2026-09-09T01:43:36.106+0000] {dagbag.py:588} INFO - Filling up the DagBag from /opt/airflow/dags/countries_dag.py
[2026-09-09T01:43:36.763+0000] {logging_mixin.py:190} INFO - [2026-09-09T01:43:36.397+0000] {dagbag.py:387} ERROR - Failed to import: /opt/airflow/dags/countries_dag.py
Traceback (most recent call last):
  File "/home/airflow/.local/lib/python3.11/site-packages/airflow/models/dagbag.py", line 383, in parse
    loader.exec_module(new_module)
  File "<frozen importlib._bootstrap_external>", line 940, in exec_module
  File "<frozen importlib._bootstrap>", line 241, in _call_with_frames_removed
  File "/opt/airflow/dags/countries_dag.py", line 6, in <module>
    from ingestion.minio_to_snowflake import run_pipeline
  File "/opt/airflow/ingestion/minio_to_snowflake.py", line 7, in <module>
    from minio import Minio
ModuleNotFoundError: No module named 'minio'
[2026-09-09T01:43:36.814+0000] {processor.py:927} WARNING - No viable dags retrieved from /opt/airflow/dags/countries_dag.py
[2026-09-09T01:43:37.739+0000] {processor.py:208} INFO - Processing /opt/airflow/dags/countries_dag.py took 1.685 seconds
[2026-09-09T01:44:09.961+0000] {processor.py:186} INFO - Started process (PID=211) to work on /opt/airflow/dags/countries_dag.py
[2026-09-09T01:44:10.006+0000] {processor.py:914} INFO - Processing file /opt/airflow/dags/countries_dag.py for tasks to queue
[2026-09-09T01:44:10.579+0000] {logging_mixin.py:190} INFO - [2026-09-09T01:44:10.557+0000] {dagbag.py:588} INFO - Filling up the DagBag from /opt/airflow/dags/countries_dag.py
[2026-09-09T01:44:14.858+0000] {logging_mixin.py:190} INFO - [2026-09-09T01:44:14.694+0000] {dagbag.py:387} ERROR - Failed to import: /opt/airflow/dags/countries_dag.py
Traceback (most recent call last):
  File "/home/airflow/.local/lib/python3.11/site-packages/airflow/models/dagbag.py", line 383, in parse
    loader.exec_module(new_module)
  File "<frozen importlib._bootstrap_external>", line 940, in exec_module
  File "<frozen importlib._bootstrap>", line 241, in _call_with_frames_removed
  File "/opt/airflow/dags/countries_dag.py", line 6, in <module>
    from ingestion.minio_to_snowflake import run_pipeline
  File "/opt/airflow/ingestion/minio_to_snowflake.py", line 7, in <module>
    from minio import Minio
ModuleNotFoundError: No module named 'minio'
[2026-09-09T01:44:14.916+0000] {processor.py:927} WARNING - No viable dags retrieved from /opt/airflow/dags/countries_dag.py
[2026-09-09T01:44:15.589+0000] {processor.py:208} INFO - Processing /opt/airflow/dags/countries_dag.py took 5.695 seconds
[2026-09-09T01:44:48.079+0000] {processor.py:186} INFO - Started process (PID=216) to work on /opt/airflow/dags/countries_dag.py
[2026-09-09T01:44:48.104+0000] {processor.py:914} INFO - Processing file /opt/airflow/dags/countries_dag.py for tasks to queue
[2026-09-09T01:44:48.493+0000] {logging_mixin.py:190} INFO - [2026-09-09T01:44:48.492+0000] {dagbag.py:588} INFO - Filling up the DagBag from /opt/airflow/dags/countries_dag.py
[2026-09-09T01:44:49.013+0000] {logging_mixin.py:190} INFO - [2026-09-09T01:44:48.940+0000] {dagbag.py:387} ERROR - Failed to import: /opt/airflow/dags/countries_dag.py
Traceback (most recent call last):
  File "/home/airflow/.local/lib/python3.11/site-packages/airflow/models/dagbag.py", line 383, in parse
    loader.exec_module(new_module)
  File "<frozen importlib._bootstrap_external>", line 940, in exec_module
  File "<frozen importlib._bootstrap>", line 241, in _call_with_frames_removed
  File "/opt/airflow/dags/countries_dag.py", line 6, in <module>
    from ingestion.minio_to_snowflake import run_pipeline
  File "/opt/airflow/ingestion/minio_to_snowflake.py", line 7, in <module>
    from minio import Minio
ModuleNotFoundError: No module named 'minio'
[2026-09-09T01:44:49.070+0000] {processor.py:927} WARNING - No viable dags retrieved from /opt/airflow/dags/countries_dag.py
[2026-09-09T01:44:49.627+0000] {processor.py:208} INFO - Processing /opt/airflow/dags/countries_dag.py took 1.735 seconds
[2026-09-09T01:45:21.879+0000] {processor.py:186} INFO - Started process (PID=221) to work on /opt/airflow/dags/countries_dag.py
[2026-09-09T01:45:21.895+0000] {processor.py:914} INFO - Processing file /opt/airflow/dags/countries_dag.py for tasks to queue
[2026-09-09T01:45:21.912+0000] {logging_mixin.py:190} INFO - [2026-09-09T01:45:21.905+0000] {dagbag.py:588} INFO - Filling up the DagBag from /opt/airflow/dags/countries_dag.py
[2026-09-09T01:45:22.249+0000] {logging_mixin.py:190} INFO - [2026-09-09T01:45:22.174+0000] {dagbag.py:387} ERROR - Failed to import: /opt/airflow/dags/countries_dag.py
Traceback (most recent call last):
  File "/home/airflow/.local/lib/python3.11/site-packages/airflow/models/dagbag.py", line 383, in parse
    loader.exec_module(new_module)
  File "<frozen importlib._bootstrap_external>", line 940, in exec_module
  File "<frozen importlib._bootstrap>", line 241, in _call_with_frames_removed
  File "/opt/airflow/dags/countries_dag.py", line 6, in <module>
    from ingestion.minio_to_snowflake import run_pipeline
  File "/opt/airflow/ingestion/minio_to_snowflake.py", line 7, in <module>
    from minio import Minio
ModuleNotFoundError: No module named 'minio'
[2026-09-09T01:45:22.255+0000] {processor.py:927} WARNING - No viable dags retrieved from /opt/airflow/dags/countries_dag.py
[2026-09-09T01:45:22.331+0000] {processor.py:208} INFO - Processing /opt/airflow/dags/countries_dag.py took 0.608 seconds
[2026-09-09T01:45:53.768+0000] {processor.py:186} INFO - Started process (PID=226) to work on /opt/airflow/dags/countries_dag.py
[2026-09-09T01:45:53.772+0000] {processor.py:914} INFO - Processing file /opt/airflow/dags/countries_dag.py for tasks to queue
[2026-09-09T01:45:53.786+0000] {logging_mixin.py:190} INFO - [2026-09-09T01:45:53.785+0000] {dagbag.py:588} INFO - Filling up the DagBag from /opt/airflow/dags/countries_dag.py
[2026-09-09T01:45:55.003+0000] {logging_mixin.py:190} INFO - [2026-09-09T01:45:54.690+0000] {dagbag.py:387} ERROR - Failed to import: /opt/airflow/dags/countries_dag.py
Traceback (most recent call last):
  File "/home/airflow/.local/lib/python3.11/site-packages/airflow/models/dagbag.py", line 383, in parse
    loader.exec_module(new_module)
  File "<frozen importlib._bootstrap_external>", line 940, in exec_module
  File "<frozen importlib._bootstrap>", line 241, in _call_with_frames_removed
  File "/opt/airflow/dags/countries_dag.py", line 6, in <module>
    from ingestion.minio_to_snowflake import run_pipeline
  File "/opt/airflow/ingestion/minio_to_snowflake.py", line 7, in <module>
    from minio import Minio
ModuleNotFoundError: No module named 'minio'
[2026-09-09T01:45:55.011+0000] {processor.py:927} WARNING - No viable dags retrieved from /opt/airflow/dags/countries_dag.py
[2026-09-09T01:45:55.368+0000] {processor.py:208} INFO - Processing /opt/airflow/dags/countries_dag.py took 1.726 seconds
[2026-09-09T01:46:26.298+0000] {processor.py:186} INFO - Started process (PID=231) to work on /opt/airflow/dags/countries_dag.py
[2026-09-09T01:46:26.302+0000] {processor.py:914} INFO - Processing file /opt/airflow/dags/countries_dag.py for tasks to queue
[2026-09-09T01:46:26.329+0000] {logging_mixin.py:190} INFO - [2026-09-09T01:46:26.328+0000] {dagbag.py:588} INFO - Filling up the DagBag from /opt/airflow/dags/countries_dag.py
[2026-09-09T01:46:26.940+0000] {logging_mixin.py:190} INFO - [2026-09-09T01:46:26.759+0000] {dagbag.py:387} ERROR - Failed to import: /opt/airflow/dags/countries_dag.py
Traceback (most recent call last):
  File "/home/airflow/.local/lib/python3.11/site-packages/airflow/models/dagbag.py", line 383, in parse
    loader.exec_module(new_module)
  File "<frozen importlib._bootstrap_external>", line 940, in exec_module
  File "<frozen importlib._bootstrap>", line 241, in _call_with_frames_removed
  File "/opt/airflow/dags/countries_dag.py", line 6, in <module>
    from ingestion.minio_to_snowflake import run_pipeline
  File "/opt/airflow/ingestion/minio_to_snowflake.py", line 7, in <module>
    from minio import Minio
ModuleNotFoundError: No module named 'minio'
[2026-09-09T01:46:26.956+0000] {processor.py:927} WARNING - No viable dags retrieved from /opt/airflow/dags/countries_dag.py
[2026-09-09T01:46:27.137+0000] {processor.py:208} INFO - Processing /opt/airflow/dags/countries_dag.py took 0.990 seconds
[2026-09-09T01:46:58.334+0000] {processor.py:186} INFO - Started process (PID=236) to work on /opt/airflow/dags/countries_dag.py
[2026-09-09T01:46:58.337+0000] {processor.py:914} INFO - Processing file /opt/airflow/dags/countries_dag.py for tasks to queue
[2026-09-09T01:46:58.343+0000] {logging_mixin.py:190} INFO - [2026-09-09T01:46:58.342+0000] {dagbag.py:588} INFO - Filling up the DagBag from /opt/airflow/dags/countries_dag.py
[2026-09-09T01:46:58.832+0000] {logging_mixin.py:190} INFO - [2026-09-09T01:46:58.812+0000] {dagbag.py:387} ERROR - Failed to import: /opt/airflow/dags/countries_dag.py
Traceback (most recent call last):
  File "/home/airflow/.local/lib/python3.11/site-packages/airflow/models/dagbag.py", line 383, in parse
    loader.exec_module(new_module)
  File "<frozen importlib._bootstrap_external>", line 940, in exec_module
  File "<frozen importlib._bootstrap>", line 241, in _call_with_frames_removed
  File "/opt/airflow/dags/countries_dag.py", line 6, in <module>
    from ingestion.minio_to_snowflake import run_pipeline
  File "/opt/airflow/ingestion/minio_to_snowflake.py", line 7, in <module>
    from minio import Minio
ModuleNotFoundError: No module named 'minio'
[2026-09-09T01:46:58.846+0000] {processor.py:927} WARNING - No viable dags retrieved from /opt/airflow/dags/countries_dag.py
[2026-09-09T01:46:58.935+0000] {processor.py:208} INFO - Processing /opt/airflow/dags/countries_dag.py took 0.636 seconds
[2026-09-09T01:47:29.703+0000] {processor.py:186} INFO - Started process (PID=241) to work on /opt/airflow/dags/countries_dag.py
[2026-09-09T01:47:29.795+0000] {processor.py:914} INFO - Processing file /opt/airflow/dags/countries_dag.py for tasks to queue
[2026-09-09T01:47:29.804+0000] {logging_mixin.py:190} INFO - [2026-09-09T01:47:29.803+0000] {dagbag.py:588} INFO - Filling up the DagBag from /opt/airflow/dags/countries_dag.py
[2026-09-09T01:47:30.011+0000] {logging_mixin.py:190} INFO - [2026-09-09T01:47:29.944+0000] {dagbag.py:387} ERROR - Failed to import: /opt/airflow/dags/countries_dag.py
Traceback (most recent call last):
  File "/home/airflow/.local/lib/python3.11/site-packages/airflow/models/dagbag.py", line 383, in parse
    loader.exec_module(new_module)
  File "<frozen importlib._bootstrap_external>", line 940, in exec_module
  File "<frozen importlib._bootstrap>", line 241, in _call_with_frames_removed
  File "/opt/airflow/dags/countries_dag.py", line 6, in <module>
    from ingestion.minio_to_snowflake import run_pipeline
  File "/opt/airflow/ingestion/minio_to_snowflake.py", line 7, in <module>
    from minio import Minio
ModuleNotFoundError: No module named 'minio'
[2026-09-09T01:47:30.053+0000] {processor.py:927} WARNING - No viable dags retrieved from /opt/airflow/dags/countries_dag.py
[2026-09-09T01:47:30.141+0000] {processor.py:208} INFO - Processing /opt/airflow/dags/countries_dag.py took 0.471 seconds
[2026-09-09T01:48:01.090+0000] {processor.py:186} INFO - Started process (PID=246) to work on /opt/airflow/dags/countries_dag.py
[2026-09-09T01:48:01.100+0000] {processor.py:914} INFO - Processing file /opt/airflow/dags/countries_dag.py for tasks to queue
[2026-09-09T01:48:01.210+0000] {logging_mixin.py:190} INFO - [2026-09-09T01:48:01.209+0000] {dagbag.py:588} INFO - Filling up the DagBag from /opt/airflow/dags/countries_dag.py
[2026-09-09T01:48:01.444+0000] {logging_mixin.py:190} INFO - [2026-09-09T01:48:01.403+0000] {dagbag.py:387} ERROR - Failed to import: /opt/airflow/dags/countries_dag.py
Traceback (most recent call last):
  File "/home/airflow/.local/lib/python3.11/site-packages/airflow/models/dagbag.py", line 383, in parse
    loader.exec_module(new_module)
  File "<frozen importlib._bootstrap_external>", line 940, in exec_module
  File "<frozen importlib._bootstrap>", line 241, in _call_with_frames_removed
  File "/opt/airflow/dags/countries_dag.py", line 6, in <module>
    from ingestion.minio_to_snowflake import run_pipeline
  File "/opt/airflow/ingestion/minio_to_snowflake.py", line 7, in <module>
    from minio import Minio
ModuleNotFoundError: No module named 'minio'
[2026-09-09T01:48:01.451+0000] {processor.py:927} WARNING - No viable dags retrieved from /opt/airflow/dags/countries_dag.py
[2026-09-09T01:48:01.575+0000] {processor.py:208} INFO - Processing /opt/airflow/dags/countries_dag.py took 0.518 seconds
[2026-09-09T01:48:32.724+0000] {processor.py:186} INFO - Started process (PID=251) to work on /opt/airflow/dags/countries_dag.py
[2026-09-09T01:48:32.727+0000] {processor.py:914} INFO - Processing file /opt/airflow/dags/countries_dag.py for tasks to queue
[2026-09-09T01:48:32.743+0000] {logging_mixin.py:190} INFO - [2026-09-09T01:48:32.742+0000] {dagbag.py:588} INFO - Filling up the DagBag from /opt/airflow/dags/countries_dag.py
[2026-09-09T01:48:32.949+0000] {logging_mixin.py:190} INFO - [2026-09-09T01:48:32.932+0000] {dagbag.py:387} ERROR - Failed to import: /opt/airflow/dags/countries_dag.py
Traceback (most recent call last):
  File "/home/airflow/.local/lib/python3.11/site-packages/airflow/models/dagbag.py", line 383, in parse
    loader.exec_module(new_module)
  File "<frozen importlib._bootstrap_external>", line 940, in exec_module
  File "<frozen importlib._bootstrap>", line 241, in _call_with_frames_removed
  File "/opt/airflow/dags/countries_dag.py", line 6, in <module>
    from ingestion.minio_to_snowflake import run_pipeline
  File "/opt/airflow/ingestion/minio_to_snowflake.py", line 7, in <module>
    from minio import Minio
ModuleNotFoundError: No module named 'minio'
[2026-09-09T01:48:32.962+0000] {processor.py:927} WARNING - No viable dags retrieved from /opt/airflow/dags/countries_dag.py
[2026-09-09T01:48:33.099+0000] {processor.py:208} INFO - Processing /opt/airflow/dags/countries_dag.py took 0.421 seconds
[2026-09-09T01:49:03.639+0000] {processor.py:186} INFO - Started process (PID=256) to work on /opt/airflow/dags/countries_dag.py
[2026-09-09T01:49:03.641+0000] {processor.py:914} INFO - Processing file /opt/airflow/dags/countries_dag.py for tasks to queue
[2026-09-09T01:49:03.668+0000] {logging_mixin.py:190} INFO - [2026-09-09T01:49:03.652+0000] {dagbag.py:588} INFO - Filling up the DagBag from /opt/airflow/dags/countries_dag.py
[2026-09-09T01:49:03.993+0000] {logging_mixin.py:190} INFO - [2026-09-09T01:49:03.978+0000] {dagbag.py:387} ERROR - Failed to import: /opt/airflow/dags/countries_dag.py
Traceback (most recent call last):
  File "/home/airflow/.local/lib/python3.11/site-packages/airflow/models/dagbag.py", line 383, in parse
    loader.exec_module(new_module)
  File "<frozen importlib._bootstrap_external>", line 940, in exec_module
  File "<frozen importlib._bootstrap>", line 241, in _call_with_frames_removed
  File "/opt/airflow/dags/countries_dag.py", line 6, in <module>
    from ingestion.minio_to_snowflake import run_pipeline
  File "/opt/airflow/ingestion/minio_to_snowflake.py", line 7, in <module>
    from minio import Minio
ModuleNotFoundError: No module named 'minio'
[2026-09-09T01:49:03.998+0000] {processor.py:927} WARNING - No viable dags retrieved from /opt/airflow/dags/countries_dag.py
[2026-09-09T01:49:04.138+0000] {processor.py:208} INFO - Processing /opt/airflow/dags/countries_dag.py took 0.530 seconds
[2026-09-09T01:49:35.308+0000] {processor.py:186} INFO - Started process (PID=261) to work on /opt/airflow/dags/countries_dag.py
[2026-09-09T01:49:35.314+0000] {processor.py:914} INFO - Processing file /opt/airflow/dags/countries_dag.py for tasks to queue
[2026-09-09T01:49:35.325+0000] {logging_mixin.py:190} INFO - [2026-09-09T01:49:35.324+0000] {dagbag.py:588} INFO - Filling up the DagBag from /opt/airflow/dags/countries_dag.py
[2026-09-09T01:49:35.625+0000] {logging_mixin.py:190} INFO - [2026-09-09T01:49:35.556+0000] {dagbag.py:387} ERROR - Failed to import: /opt/airflow/dags/countries_dag.py
Traceback (most recent call last):
  File "/home/airflow/.local/lib/python3.11/site-packages/airflow/models/dagbag.py", line 383, in parse
    loader.exec_module(new_module)
  File "<frozen importlib._bootstrap_external>", line 940, in exec_module
  File "<frozen importlib._bootstrap>", line 241, in _call_with_frames_removed
  File "/opt/airflow/dags/countries_dag.py", line 6, in <module>
    from ingestion.minio_to_snowflake import run_pipeline
  File "/opt/airflow/ingestion/minio_to_snowflake.py", line 7, in <module>
    from minio import Minio
ModuleNotFoundError: No module named 'minio'
[2026-09-09T01:49:35.632+0000] {processor.py:927} WARNING - No viable dags retrieved from /opt/airflow/dags/countries_dag.py
[2026-09-09T01:49:35.723+0000] {processor.py:208} INFO - Processing /opt/airflow/dags/countries_dag.py took 0.439 seconds
[2026-09-09T01:50:06.409+0000] {processor.py:186} INFO - Started process (PID=266) to work on /opt/airflow/dags/countries_dag.py
[2026-09-09T01:50:06.430+0000] {processor.py:914} INFO - Processing file /opt/airflow/dags/countries_dag.py for tasks to queue
[2026-09-09T01:50:06.448+0000] {logging_mixin.py:190} INFO - [2026-09-09T01:50:06.445+0000] {dagbag.py:588} INFO - Filling up the DagBag from /opt/airflow/dags/countries_dag.py
[2026-09-09T01:50:07.112+0000] {logging_mixin.py:190} INFO - [2026-09-09T01:50:07.039+0000] {dagbag.py:387} ERROR - Failed to import: /opt/airflow/dags/countries_dag.py
Traceback (most recent call last):
  File "/home/airflow/.local/lib/python3.11/site-packages/airflow/models/dagbag.py", line 383, in parse
    loader.exec_module(new_module)
  File "<frozen importlib._bootstrap_external>", line 940, in exec_module
  File "<frozen importlib._bootstrap>", line 241, in _call_with_frames_removed
  File "/opt/airflow/dags/countries_dag.py", line 6, in <module>
    from ingestion.minio_to_snowflake import run_pipeline
  File "/opt/airflow/ingestion/minio_to_snowflake.py", line 7, in <module>
    from minio import Minio
ModuleNotFoundError: No module named 'minio'
[2026-09-09T01:50:07.123+0000] {processor.py:927} WARNING - No viable dags retrieved from /opt/airflow/dags/countries_dag.py
[2026-09-09T01:50:07.257+0000] {processor.py:208} INFO - Processing /opt/airflow/dags/countries_dag.py took 0.887 seconds
[2026-09-09T01:50:38.749+0000] {processor.py:186} INFO - Started process (PID=271) to work on /opt/airflow/dags/countries_dag.py
[2026-09-09T01:50:38.758+0000] {processor.py:914} INFO - Processing file /opt/airflow/dags/countries_dag.py for tasks to queue
[2026-09-09T01:50:38.772+0000] {logging_mixin.py:190} INFO - [2026-09-09T01:50:38.771+0000] {dagbag.py:588} INFO - Filling up the DagBag from /opt/airflow/dags/countries_dag.py
[2026-09-09T01:50:39.016+0000] {logging_mixin.py:190} INFO - [2026-09-09T01:50:38.987+0000] {dagbag.py:387} ERROR - Failed to import: /opt/airflow/dags/countries_dag.py
Traceback (most recent call last):
  File "/home/airflow/.local/lib/python3.11/site-packages/airflow/models/dagbag.py", line 383, in parse
    loader.exec_module(new_module)
  File "<frozen importlib._bootstrap_external>", line 940, in exec_module
  File "<frozen importlib._bootstrap>", line 241, in _call_with_frames_removed
  File "/opt/airflow/dags/countries_dag.py", line 6, in <module>
    from ingestion.minio_to_snowflake import run_pipeline
  File "/opt/airflow/ingestion/minio_to_snowflake.py", line 7, in <module>
    from minio import Minio
ModuleNotFoundError: No module named 'minio'
[2026-09-09T01:50:39.032+0000] {processor.py:927} WARNING - No viable dags retrieved from /opt/airflow/dags/countries_dag.py
[2026-09-09T01:50:39.281+0000] {processor.py:208} INFO - Processing /opt/airflow/dags/countries_dag.py took 0.555 seconds
[2026-09-09T01:51:09.736+0000] {processor.py:186} INFO - Started process (PID=276) to work on /opt/airflow/dags/countries_dag.py
[2026-09-09T01:51:09.739+0000] {processor.py:914} INFO - Processing file /opt/airflow/dags/countries_dag.py for tasks to queue
[2026-09-09T01:51:09.754+0000] {logging_mixin.py:190} INFO - [2026-09-09T01:51:09.751+0000] {dagbag.py:588} INFO - Filling up the DagBag from /opt/airflow/dags/countries_dag.py
[2026-09-09T01:51:09.895+0000] {logging_mixin.py:190} INFO - [2026-09-09T01:51:09.880+0000] {dagbag.py:387} ERROR - Failed to import: /opt/airflow/dags/countries_dag.py
Traceback (most recent call last):
  File "/home/airflow/.local/lib/python3.11/site-packages/airflow/models/dagbag.py", line 383, in parse
    loader.exec_module(new_module)
  File "<frozen importlib._bootstrap_external>", line 940, in exec_module
  File "<frozen importlib._bootstrap>", line 241, in _call_with_frames_removed
  File "/opt/airflow/dags/countries_dag.py", line 6, in <module>
    from ingestion.minio_to_snowflake import run_pipeline
  File "/opt/airflow/ingestion/minio_to_snowflake.py", line 7, in <module>
    from minio import Minio
ModuleNotFoundError: No module named 'minio'
[2026-09-09T01:51:09.901+0000] {processor.py:927} WARNING - No viable dags retrieved from /opt/airflow/dags/countries_dag.py
[2026-09-09T01:51:10.043+0000] {processor.py:208} INFO - Processing /opt/airflow/dags/countries_dag.py took 0.342 seconds
[2026-09-09T01:51:40.533+0000] {processor.py:186} INFO - Started process (PID=281) to work on /opt/airflow/dags/countries_dag.py
[2026-09-09T01:51:40.539+0000] {processor.py:914} INFO - Processing file /opt/airflow/dags/countries_dag.py for tasks to queue
[2026-09-09T01:51:40.575+0000] {logging_mixin.py:190} INFO - [2026-09-09T01:51:40.574+0000] {dagbag.py:588} INFO - Filling up the DagBag from /opt/airflow/dags/countries_dag.py
[2026-09-09T01:51:40.813+0000] {logging_mixin.py:190} INFO - [2026-09-09T01:51:40.794+0000] {dagbag.py:387} ERROR - Failed to import: /opt/airflow/dags/countries_dag.py
Traceback (most recent call last):
  File "/home/airflow/.local/lib/python3.11/site-packages/airflow/models/dagbag.py", line 383, in parse
    loader.exec_module(new_module)
  File "<frozen importlib._bootstrap_external>", line 940, in exec_module
  File "<frozen importlib._bootstrap>", line 241, in _call_with_frames_removed
  File "/opt/airflow/dags/countries_dag.py", line 6, in <module>
    from ingestion.minio_to_snowflake import run_pipeline
  File "/opt/airflow/ingestion/minio_to_snowflake.py", line 7, in <module>
    from minio import Minio
ModuleNotFoundError: No module named 'minio'
[2026-09-09T01:51:40.820+0000] {processor.py:927} WARNING - No viable dags retrieved from /opt/airflow/dags/countries_dag.py
[2026-09-09T01:51:40.982+0000] {processor.py:208} INFO - Processing /opt/airflow/dags/countries_dag.py took 0.486 seconds
[2026-09-09T01:52:11.870+0000] {processor.py:186} INFO - Started process (PID=286) to work on /opt/airflow/dags/countries_dag.py
[2026-09-09T01:52:11.873+0000] {processor.py:914} INFO - Processing file /opt/airflow/dags/countries_dag.py for tasks to queue
[2026-09-09T01:52:11.886+0000] {logging_mixin.py:190} INFO - [2026-09-09T01:52:11.885+0000] {dagbag.py:588} INFO - Filling up the DagBag from /opt/airflow/dags/countries_dag.py
[2026-09-09T01:52:12.122+0000] {logging_mixin.py:190} INFO - [2026-09-09T01:52:12.065+0000] {dagbag.py:387} ERROR - Failed to import: /opt/airflow/dags/countries_dag.py
Traceback (most recent call last):
  File "/home/airflow/.local/lib/python3.11/site-packages/airflow/models/dagbag.py", line 383, in parse
    loader.exec_module(new_module)
  File "<frozen importlib._bootstrap_external>", line 940, in exec_module
  File "<frozen importlib._bootstrap>", line 241, in _call_with_frames_removed
  File "/opt/airflow/dags/countries_dag.py", line 6, in <module>
    from ingestion.minio_to_snowflake import run_pipeline
  File "/opt/airflow/ingestion/minio_to_snowflake.py", line 7, in <module>
    from minio import Minio
ModuleNotFoundError: No module named 'minio'
[2026-09-09T01:52:12.134+0000] {processor.py:927} WARNING - No viable dags retrieved from /opt/airflow/dags/countries_dag.py
[2026-09-09T01:52:12.270+0000] {processor.py:208} INFO - Processing /opt/airflow/dags/countries_dag.py took 0.425 seconds
[2026-09-09T01:52:42.612+0000] {processor.py:186} INFO - Started process (PID=291) to work on /opt/airflow/dags/countries_dag.py
[2026-09-09T01:52:42.616+0000] {processor.py:914} INFO - Processing file /opt/airflow/dags/countries_dag.py for tasks to queue
[2026-09-09T01:52:42.630+0000] {logging_mixin.py:190} INFO - [2026-09-09T01:52:42.628+0000] {dagbag.py:588} INFO - Filling up the DagBag from /opt/airflow/dags/countries_dag.py
[2026-09-09T01:52:42.851+0000] {logging_mixin.py:190} INFO - [2026-09-09T01:52:42.785+0000] {dagbag.py:387} ERROR - Failed to import: /opt/airflow/dags/countries_dag.py
Traceback (most recent call last):
  File "/home/airflow/.local/lib/python3.11/site-packages/airflow/models/dagbag.py", line 383, in parse
    loader.exec_module(new_module)
  File "<frozen importlib._bootstrap_external>", line 940, in exec_module
  File "<frozen importlib._bootstrap>", line 241, in _call_with_frames_removed
  File "/opt/airflow/dags/countries_dag.py", line 6, in <module>
    from ingestion.minio_to_snowflake import run_pipeline
  File "/opt/airflow/ingestion/minio_to_snowflake.py", line 7, in <module>
    from minio import Minio
ModuleNotFoundError: No module named 'minio'
[2026-09-09T01:52:42.860+0000] {processor.py:927} WARNING - No viable dags retrieved from /opt/airflow/dags/countries_dag.py
[2026-09-09T01:52:42.944+0000] {processor.py:208} INFO - Processing /opt/airflow/dags/countries_dag.py took 0.434 seconds
[2026-09-09T01:53:13.849+0000] {processor.py:186} INFO - Started process (PID=296) to work on /opt/airflow/dags/countries_dag.py
[2026-09-09T01:53:13.857+0000] {processor.py:914} INFO - Processing file /opt/airflow/dags/countries_dag.py for tasks to queue
[2026-09-09T01:53:13.866+0000] {logging_mixin.py:190} INFO - [2026-09-09T01:53:13.866+0000] {dagbag.py:588} INFO - Filling up the DagBag from /opt/airflow/dags/countries_dag.py
[2026-09-09T01:53:14.226+0000] {logging_mixin.py:190} INFO - [2026-09-09T01:53:14.066+0000] {dagbag.py:387} ERROR - Failed to import: /opt/airflow/dags/countries_dag.py
Traceback (most recent call last):
  File "/home/airflow/.local/lib/python3.11/site-packages/airflow/models/dagbag.py", line 383, in parse
    loader.exec_module(new_module)
  File "<frozen importlib._bootstrap_external>", line 940, in exec_module
  File "<frozen importlib._bootstrap>", line 241, in _call_with_frames_removed
  File "/opt/airflow/dags/countries_dag.py", line 6, in <module>
    from ingestion.minio_to_snowflake import run_pipeline
  File "/opt/airflow/ingestion/minio_to_snowflake.py", line 7, in <module>
    from minio import Minio
ModuleNotFoundError: No module named 'minio'
[2026-09-09T01:53:14.235+0000] {processor.py:927} WARNING - No viable dags retrieved from /opt/airflow/dags/countries_dag.py
[2026-09-09T01:53:14.362+0000] {processor.py:208} INFO - Processing /opt/airflow/dags/countries_dag.py took 0.544 seconds
[2026-09-09T01:53:45.521+0000] {processor.py:186} INFO - Started process (PID=301) to work on /opt/airflow/dags/countries_dag.py
[2026-09-09T01:53:45.535+0000] {processor.py:914} INFO - Processing file /opt/airflow/dags/countries_dag.py for tasks to queue
[2026-09-09T01:53:45.571+0000] {logging_mixin.py:190} INFO - [2026-09-09T01:53:45.570+0000] {dagbag.py:588} INFO - Filling up the DagBag from /opt/airflow/dags/countries_dag.py
[2026-09-09T01:53:46.029+0000] {logging_mixin.py:190} INFO - [2026-09-09T01:53:45.975+0000] {dagbag.py:387} ERROR - Failed to import: /opt/airflow/dags/countries_dag.py
Traceback (most recent call last):
  File "/home/airflow/.local/lib/python3.11/site-packages/airflow/models/dagbag.py", line 383, in parse
    loader.exec_module(new_module)
  File "<frozen importlib._bootstrap_external>", line 940, in exec_module
  File "<frozen importlib._bootstrap>", line 241, in _call_with_frames_removed
  File "/opt/airflow/dags/countries_dag.py", line 6, in <module>
    from ingestion.minio_to_snowflake import run_pipeline
  File "/opt/airflow/ingestion/minio_to_snowflake.py", line 7, in <module>
    from minio import Minio
ModuleNotFoundError: No module named 'minio'
[2026-09-09T01:53:46.036+0000] {processor.py:927} WARNING - No viable dags retrieved from /opt/airflow/dags/countries_dag.py
[2026-09-09T01:53:46.206+0000] {processor.py:208} INFO - Processing /opt/airflow/dags/countries_dag.py took 0.749 seconds
[2026-09-09T01:54:16.923+0000] {processor.py:186} INFO - Started process (PID=306) to work on /opt/airflow/dags/countries_dag.py
[2026-09-09T01:54:16.927+0000] {processor.py:914} INFO - Processing file /opt/airflow/dags/countries_dag.py for tasks to queue
[2026-09-09T01:54:16.939+0000] {logging_mixin.py:190} INFO - [2026-09-09T01:54:16.938+0000] {dagbag.py:588} INFO - Filling up the DagBag from /opt/airflow/dags/countries_dag.py
[2026-09-09T01:54:17.411+0000] {logging_mixin.py:190} INFO - [2026-09-09T01:54:17.323+0000] {dagbag.py:387} ERROR - Failed to import: /opt/airflow/dags/countries_dag.py
Traceback (most recent call last):
  File "/home/airflow/.local/lib/python3.11/site-packages/airflow/models/dagbag.py", line 383, in parse
    loader.exec_module(new_module)
  File "<frozen importlib._bootstrap_external>", line 940, in exec_module
  File "<frozen importlib._bootstrap>", line 241, in _call_with_frames_removed
  File "/opt/airflow/dags/countries_dag.py", line 6, in <module>
    from ingestion.minio_to_snowflake import run_pipeline
  File "/opt/airflow/ingestion/minio_to_snowflake.py", line 7, in <module>
    from minio import Minio
ModuleNotFoundError: No module named 'minio'
[2026-09-09T01:54:17.417+0000] {processor.py:927} WARNING - No viable dags retrieved from /opt/airflow/dags/countries_dag.py
[2026-09-09T01:54:17.531+0000] {processor.py:208} INFO - Processing /opt/airflow/dags/countries_dag.py took 0.633 seconds
[2026-09-09T01:54:49.148+0000] {processor.py:186} INFO - Started process (PID=311) to work on /opt/airflow/dags/countries_dag.py
[2026-09-09T01:54:49.167+0000] {processor.py:914} INFO - Processing file /opt/airflow/dags/countries_dag.py for tasks to queue
[2026-09-09T01:54:49.173+0000] {logging_mixin.py:190} INFO - [2026-09-09T01:54:49.172+0000] {dagbag.py:588} INFO - Filling up the DagBag from /opt/airflow/dags/countries_dag.py
[2026-09-09T01:54:49.391+0000] {logging_mixin.py:190} INFO - [2026-09-09T01:54:49.342+0000] {dagbag.py:387} ERROR - Failed to import: /opt/airflow/dags/countries_dag.py
Traceback (most recent call last):
  File "/home/airflow/.local/lib/python3.11/site-packages/airflow/models/dagbag.py", line 383, in parse
    loader.exec_module(new_module)
  File "<frozen importlib._bootstrap_external>", line 940, in exec_module
  File "<frozen importlib._bootstrap>", line 241, in _call_with_frames_removed
  File "/opt/airflow/dags/countries_dag.py", line 6, in <module>
    from ingestion.minio_to_snowflake import run_pipeline
  File "/opt/airflow/ingestion/minio_to_snowflake.py", line 7, in <module>
    from minio import Minio
ModuleNotFoundError: No module named 'minio'
[2026-09-09T01:54:49.598+0000] {processor.py:927} WARNING - No viable dags retrieved from /opt/airflow/dags/countries_dag.py
[2026-09-09T01:54:49.918+0000] {processor.py:208} INFO - Processing /opt/airflow/dags/countries_dag.py took 0.800 seconds
[2026-09-09T01:55:20.706+0000] {processor.py:186} INFO - Started process (PID=316) to work on /opt/airflow/dags/countries_dag.py
[2026-09-09T01:55:20.709+0000] {processor.py:914} INFO - Processing file /opt/airflow/dags/countries_dag.py for tasks to queue
[2026-09-09T01:55:20.740+0000] {logging_mixin.py:190} INFO - [2026-09-09T01:55:20.739+0000] {dagbag.py:588} INFO - Filling up the DagBag from /opt/airflow/dags/countries_dag.py
[2026-09-09T01:55:20.909+0000] {logging_mixin.py:190} INFO - [2026-09-09T01:55:20.887+0000] {dagbag.py:387} ERROR - Failed to import: /opt/airflow/dags/countries_dag.py
Traceback (most recent call last):
  File "/home/airflow/.local/lib/python3.11/site-packages/airflow/models/dagbag.py", line 383, in parse
    loader.exec_module(new_module)
  File "<frozen importlib._bootstrap_external>", line 940, in exec_module
  File "<frozen importlib._bootstrap>", line 241, in _call_with_frames_removed
  File "/opt/airflow/dags/countries_dag.py", line 6, in <module>
    from ingestion.minio_to_snowflake import run_pipeline
  File "/opt/airflow/ingestion/minio_to_snowflake.py", line 7, in <module>
    from minio import Minio
ModuleNotFoundError: No module named 'minio'
[2026-09-09T01:55:20.917+0000] {processor.py:927} WARNING - No viable dags retrieved from /opt/airflow/dags/countries_dag.py
[2026-09-09T01:55:20.989+0000] {processor.py:208} INFO - Processing /opt/airflow/dags/countries_dag.py took 0.320 seconds
[2026-09-09T01:55:51.662+0000] {processor.py:186} INFO - Started process (PID=321) to work on /opt/airflow/dags/countries_dag.py
[2026-09-09T01:55:51.666+0000] {processor.py:914} INFO - Processing file /opt/airflow/dags/countries_dag.py for tasks to queue
[2026-09-09T01:55:51.698+0000] {logging_mixin.py:190} INFO - [2026-09-09T01:55:51.694+0000] {dagbag.py:588} INFO - Filling up the DagBag from /opt/airflow/dags/countries_dag.py
[2026-09-09T01:55:52.173+0000] {logging_mixin.py:190} INFO - [2026-09-09T01:55:52.065+0000] {dagbag.py:387} ERROR - Failed to import: /opt/airflow/dags/countries_dag.py
Traceback (most recent call last):
  File "/home/airflow/.local/lib/python3.11/site-packages/airflow/models/dagbag.py", line 383, in parse
    loader.exec_module(new_module)
  File "<frozen importlib._bootstrap_external>", line 940, in exec_module
  File "<frozen importlib._bootstrap>", line 241, in _call_with_frames_removed
  File "/opt/airflow/dags/countries_dag.py", line 6, in <module>
    from ingestion.minio_to_snowflake import run_pipeline
  File "/opt/airflow/ingestion/minio_to_snowflake.py", line 7, in <module>
    from minio import Minio
ModuleNotFoundError: No module named 'minio'
[2026-09-09T01:55:52.183+0000] {processor.py:927} WARNING - No viable dags retrieved from /opt/airflow/dags/countries_dag.py
[2026-09-09T01:55:52.322+0000] {processor.py:208} INFO - Processing /opt/airflow/dags/countries_dag.py took 0.687 seconds
[2026-09-09T01:56:23.358+0000] {processor.py:186} INFO - Started process (PID=326) to work on /opt/airflow/dags/countries_dag.py
[2026-09-09T01:56:23.384+0000] {processor.py:914} INFO - Processing file /opt/airflow/dags/countries_dag.py for tasks to queue
[2026-09-09T01:56:23.409+0000] {logging_mixin.py:190} INFO - [2026-09-09T01:56:23.408+0000] {dagbag.py:588} INFO - Filling up the DagBag from /opt/airflow/dags/countries_dag.py
[2026-09-09T01:56:23.697+0000] {logging_mixin.py:190} INFO - [2026-09-09T01:56:23.646+0000] {dagbag.py:387} ERROR - Failed to import: /opt/airflow/dags/countries_dag.py
Traceback (most recent call last):
  File "/home/airflow/.local/lib/python3.11/site-packages/airflow/models/dagbag.py", line 383, in parse
    loader.exec_module(new_module)
  File "<frozen importlib._bootstrap_external>", line 940, in exec_module
  File "<frozen importlib._bootstrap>", line 241, in _call_with_frames_removed
  File "/opt/airflow/dags/countries_dag.py", line 6, in <module>
    from ingestion.minio_to_snowflake import run_pipeline
  File "/opt/airflow/ingestion/minio_to_snowflake.py", line 7, in <module>
    from minio import Minio
ModuleNotFoundError: No module named 'minio'
[2026-09-09T01:56:23.774+0000] {processor.py:927} WARNING - No viable dags retrieved from /opt/airflow/dags/countries_dag.py
[2026-09-09T01:56:23.840+0000] {processor.py:208} INFO - Processing /opt/airflow/dags/countries_dag.py took 0.515 seconds
[2026-09-09T01:56:54.747+0000] {processor.py:186} INFO - Started process (PID=331) to work on /opt/airflow/dags/countries_dag.py
[2026-09-09T01:56:54.764+0000] {processor.py:914} INFO - Processing file /opt/airflow/dags/countries_dag.py for tasks to queue
[2026-09-09T01:56:54.775+0000] {logging_mixin.py:190} INFO - [2026-09-09T01:56:54.775+0000] {dagbag.py:588} INFO - Filling up the DagBag from /opt/airflow/dags/countries_dag.py
[2026-09-09T01:56:55.068+0000] {logging_mixin.py:190} INFO - [2026-09-09T01:56:55.040+0000] {dagbag.py:387} ERROR - Failed to import: /opt/airflow/dags/countries_dag.py
Traceback (most recent call last):
  File "/home/airflow/.local/lib/python3.11/site-packages/airflow/models/dagbag.py", line 383, in parse
    loader.exec_module(new_module)
  File "<frozen importlib._bootstrap_external>", line 940, in exec_module
  File "<frozen importlib._bootstrap>", line 241, in _call_with_frames_removed
  File "/opt/airflow/dags/countries_dag.py", line 6, in <module>
    from ingestion.minio_to_snowflake import run_pipeline
  File "/opt/airflow/ingestion/minio_to_snowflake.py", line 7, in <module>
    from minio import Minio
ModuleNotFoundError: No module named 'minio'
[2026-09-09T01:56:55.076+0000] {processor.py:927} WARNING - No viable dags retrieved from /opt/airflow/dags/countries_dag.py
[2026-09-09T01:56:55.326+0000] {processor.py:208} INFO - Processing /opt/airflow/dags/countries_dag.py took 0.627 seconds
[2026-09-09T01:57:26.676+0000] {processor.py:186} INFO - Started process (PID=336) to work on /opt/airflow/dags/countries_dag.py
[2026-09-09T01:57:26.680+0000] {processor.py:914} INFO - Processing file /opt/airflow/dags/countries_dag.py for tasks to queue
[2026-09-09T01:57:26.760+0000] {logging_mixin.py:190} INFO - [2026-09-09T01:57:26.759+0000] {dagbag.py:588} INFO - Filling up the DagBag from /opt/airflow/dags/countries_dag.py
[2026-09-09T01:57:27.145+0000] {logging_mixin.py:190} INFO - [2026-09-09T01:57:27.123+0000] {dagbag.py:387} ERROR - Failed to import: /opt/airflow/dags/countries_dag.py
Traceback (most recent call last):
  File "/home/airflow/.local/lib/python3.11/site-packages/airflow/models/dagbag.py", line 383, in parse
    loader.exec_module(new_module)
  File "<frozen importlib._bootstrap_external>", line 940, in exec_module
  File "<frozen importlib._bootstrap>", line 241, in _call_with_frames_removed
  File "/opt/airflow/dags/countries_dag.py", line 6, in <module>
    from ingestion.minio_to_snowflake import run_pipeline
  File "/opt/airflow/ingestion/minio_to_snowflake.py", line 7, in <module>
    from minio import Minio
ModuleNotFoundError: No module named 'minio'
[2026-09-09T01:57:27.152+0000] {processor.py:927} WARNING - No viable dags retrieved from /opt/airflow/dags/countries_dag.py
[2026-09-09T01:57:27.234+0000] {processor.py:208} INFO - Processing /opt/airflow/dags/countries_dag.py took 0.581 seconds
[2026-09-09T01:57:57.737+0000] {processor.py:186} INFO - Started process (PID=341) to work on /opt/airflow/dags/countries_dag.py
[2026-09-09T01:57:57.741+0000] {processor.py:914} INFO - Processing file /opt/airflow/dags/countries_dag.py for tasks to queue
[2026-09-09T01:57:57.755+0000] {logging_mixin.py:190} INFO - [2026-09-09T01:57:57.754+0000] {dagbag.py:588} INFO - Filling up the DagBag from /opt/airflow/dags/countries_dag.py
[2026-09-09T01:57:58.041+0000] {logging_mixin.py:190} INFO - [2026-09-09T01:57:57.945+0000] {dagbag.py:387} ERROR - Failed to import: /opt/airflow/dags/countries_dag.py
Traceback (most recent call last):
  File "/home/airflow/.local/lib/python3.11/site-packages/airflow/models/dagbag.py", line 383, in parse
    loader.exec_module(new_module)
  File "<frozen importlib._bootstrap_external>", line 940, in exec_module
  File "<frozen importlib._bootstrap>", line 241, in _call_with_frames_removed
  File "/opt/airflow/dags/countries_dag.py", line 6, in <module>
    from ingestion.minio_to_snowflake import run_pipeline
  File "/opt/airflow/ingestion/minio_to_snowflake.py", line 7, in <module>
    from minio import Minio
ModuleNotFoundError: No module named 'minio'
[2026-09-09T01:57:58.066+0000] {processor.py:927} WARNING - No viable dags retrieved from /opt/airflow/dags/countries_dag.py
[2026-09-09T01:57:58.359+0000] {processor.py:208} INFO - Processing /opt/airflow/dags/countries_dag.py took 0.655 seconds
[2026-09-09T01:58:28.826+0000] {processor.py:186} INFO - Started process (PID=346) to work on /opt/airflow/dags/countries_dag.py
[2026-09-09T01:58:28.830+0000] {processor.py:914} INFO - Processing file /opt/airflow/dags/countries_dag.py for tasks to queue
[2026-09-09T01:58:28.839+0000] {logging_mixin.py:190} INFO - [2026-09-09T01:58:28.837+0000] {dagbag.py:588} INFO - Filling up the DagBag from /opt/airflow/dags/countries_dag.py
[2026-09-09T01:58:28.999+0000] {logging_mixin.py:190} INFO - [2026-09-09T01:58:28.968+0000] {dagbag.py:387} ERROR - Failed to import: /opt/airflow/dags/countries_dag.py
Traceback (most recent call last):
  File "/home/airflow/.local/lib/python3.11/site-packages/airflow/models/dagbag.py", line 383, in parse
    loader.exec_module(new_module)
  File "<frozen importlib._bootstrap_external>", line 940, in exec_module
  File "<frozen importlib._bootstrap>", line 241, in _call_with_frames_removed
  File "/opt/airflow/dags/countries_dag.py", line 6, in <module>
    from ingestion.minio_to_snowflake import run_pipeline
  File "/opt/airflow/ingestion/minio_to_snowflake.py", line 7, in <module>
    from minio import Minio
ModuleNotFoundError: No module named 'minio'
[2026-09-09T01:58:29.010+0000] {processor.py:927} WARNING - No viable dags retrieved from /opt/airflow/dags/countries_dag.py
[2026-09-09T01:58:29.081+0000] {processor.py:208} INFO - Processing /opt/airflow/dags/countries_dag.py took 0.274 seconds
[2026-09-09T01:59:00.206+0000] {processor.py:186} INFO - Started process (PID=351) to work on /opt/airflow/dags/countries_dag.py
[2026-09-09T01:59:00.210+0000] {processor.py:914} INFO - Processing file /opt/airflow/dags/countries_dag.py for tasks to queue
[2026-09-09T01:59:00.218+0000] {logging_mixin.py:190} INFO - [2026-09-09T01:59:00.217+0000] {dagbag.py:588} INFO - Filling up the DagBag from /opt/airflow/dags/countries_dag.py
[2026-09-09T01:59:00.477+0000] {logging_mixin.py:190} INFO - [2026-09-09T01:59:00.454+0000] {dagbag.py:387} ERROR - Failed to import: /opt/airflow/dags/countries_dag.py
Traceback (most recent call last):
  File "/home/airflow/.local/lib/python3.11/site-packages/airflow/models/dagbag.py", line 383, in parse
    loader.exec_module(new_module)
  File "<frozen importlib._bootstrap_external>", line 940, in exec_module
  File "<frozen importlib._bootstrap>", line 241, in _call_with_frames_removed
  File "/opt/airflow/dags/countries_dag.py", line 6, in <module>
    from ingestion.minio_to_snowflake import run_pipeline
  File "/opt/airflow/ingestion/minio_to_snowflake.py", line 7, in <module>
    from minio import Minio
ModuleNotFoundError: No module named 'minio'
[2026-09-09T01:59:00.488+0000] {processor.py:927} WARNING - No viable dags retrieved from /opt/airflow/dags/countries_dag.py
[2026-09-09T01:59:00.563+0000] {processor.py:208} INFO - Processing /opt/airflow/dags/countries_dag.py took 0.393 seconds
[2026-09-09T01:59:31.141+0000] {processor.py:186} INFO - Started process (PID=356) to work on /opt/airflow/dags/countries_dag.py
[2026-09-09T01:59:31.146+0000] {processor.py:914} INFO - Processing file /opt/airflow/dags/countries_dag.py for tasks to queue
[2026-09-09T01:59:31.169+0000] {logging_mixin.py:190} INFO - [2026-09-09T01:59:31.159+0000] {dagbag.py:588} INFO - Filling up the DagBag from /opt/airflow/dags/countries_dag.py
[2026-09-09T01:59:31.335+0000] {logging_mixin.py:190} INFO - [2026-09-09T01:59:31.306+0000] {dagbag.py:387} ERROR - Failed to import: /opt/airflow/dags/countries_dag.py
Traceback (most recent call last):
  File "/home/airflow/.local/lib/python3.11/site-packages/airflow/models/dagbag.py", line 383, in parse
    loader.exec_module(new_module)
  File "<frozen importlib._bootstrap_external>", line 940, in exec_module
  File "<frozen importlib._bootstrap>", line 241, in _call_with_frames_removed
  File "/opt/airflow/dags/countries_dag.py", line 6, in <module>
    from ingestion.minio_to_snowflake import run_pipeline
  File "/opt/airflow/ingestion/minio_to_snowflake.py", line 7, in <module>
    from minio import Minio
ModuleNotFoundError: No module named 'minio'
[2026-09-09T01:59:31.339+0000] {processor.py:927} WARNING - No viable dags retrieved from /opt/airflow/dags/countries_dag.py
[2026-09-09T01:59:31.433+0000] {processor.py:208} INFO - Processing /opt/airflow/dags/countries_dag.py took 0.333 seconds
[2026-09-09T02:00:02.640+0000] {processor.py:186} INFO - Started process (PID=361) to work on /opt/airflow/dags/countries_dag.py
[2026-09-09T02:00:02.643+0000] {processor.py:914} INFO - Processing file /opt/airflow/dags/countries_dag.py for tasks to queue
[2026-09-09T02:00:02.654+0000] {logging_mixin.py:190} INFO - [2026-09-09T02:00:02.653+0000] {dagbag.py:588} INFO - Filling up the DagBag from /opt/airflow/dags/countries_dag.py
[2026-09-09T02:00:03.059+0000] {logging_mixin.py:190} INFO - [2026-09-09T02:00:03.026+0000] {dagbag.py:387} ERROR - Failed to import: /opt/airflow/dags/countries_dag.py
Traceback (most recent call last):
  File "/home/airflow/.local/lib/python3.11/site-packages/airflow/models/dagbag.py", line 383, in parse
    loader.exec_module(new_module)
  File "<frozen importlib._bootstrap_external>", line 940, in exec_module
  File "<frozen importlib._bootstrap>", line 241, in _call_with_frames_removed
  File "/opt/airflow/dags/countries_dag.py", line 6, in <module>
    from ingestion.minio_to_snowflake import run_pipeline
  File "/opt/airflow/ingestion/minio_to_snowflake.py", line 7, in <module>
    from minio import Minio
ModuleNotFoundError: No module named 'minio'
[2026-09-09T02:00:03.066+0000] {processor.py:927} WARNING - No viable dags retrieved from /opt/airflow/dags/countries_dag.py
[2026-09-09T02:00:03.362+0000] {processor.py:208} INFO - Processing /opt/airflow/dags/countries_dag.py took 0.756 seconds
[2026-09-09T02:00:34.986+0000] {processor.py:186} INFO - Started process (PID=366) to work on /opt/airflow/dags/countries_dag.py
[2026-09-09T02:00:35.015+0000] {processor.py:914} INFO - Processing file /opt/airflow/dags/countries_dag.py for tasks to queue
[2026-09-09T02:00:35.052+0000] {logging_mixin.py:190} INFO - [2026-09-09T02:00:35.051+0000] {dagbag.py:588} INFO - Filling up the DagBag from /opt/airflow/dags/countries_dag.py
[2026-09-09T02:00:35.331+0000] {logging_mixin.py:190} INFO - [2026-09-09T02:00:35.292+0000] {dagbag.py:387} ERROR - Failed to import: /opt/airflow/dags/countries_dag.py
Traceback (most recent call last):
  File "/home/airflow/.local/lib/python3.11/site-packages/airflow/models/dagbag.py", line 383, in parse
    loader.exec_module(new_module)
  File "<frozen importlib._bootstrap_external>", line 940, in exec_module
  File "<frozen importlib._bootstrap>", line 241, in _call_with_frames_removed
  File "/opt/airflow/dags/countries_dag.py", line 6, in <module>
    from ingestion.minio_to_snowflake import run_pipeline
  File "/opt/airflow/ingestion/minio_to_snowflake.py", line 7, in <module>
    from minio import Minio
ModuleNotFoundError: No module named 'minio'
[2026-09-09T02:00:35.371+0000] {processor.py:927} WARNING - No viable dags retrieved from /opt/airflow/dags/countries_dag.py
[2026-09-09T02:00:35.539+0000] {processor.py:208} INFO - Processing /opt/airflow/dags/countries_dag.py took 0.585 seconds
[2026-09-09T02:01:06.707+0000] {processor.py:186} INFO - Started process (PID=372) to work on /opt/airflow/dags/countries_dag.py
[2026-09-09T02:01:06.715+0000] {processor.py:914} INFO - Processing file /opt/airflow/dags/countries_dag.py for tasks to queue
[2026-09-09T02:01:06.728+0000] {logging_mixin.py:190} INFO - [2026-09-09T02:01:06.725+0000] {dagbag.py:588} INFO - Filling up the DagBag from /opt/airflow/dags/countries_dag.py
[2026-09-09T02:01:07.091+0000] {logging_mixin.py:190} INFO - [2026-09-09T02:01:07.052+0000] {dagbag.py:387} ERROR - Failed to import: /opt/airflow/dags/countries_dag.py
Traceback (most recent call last):
  File "/home/airflow/.local/lib/python3.11/site-packages/airflow/models/dagbag.py", line 383, in parse
    loader.exec_module(new_module)
  File "<frozen importlib._bootstrap_external>", line 940, in exec_module
  File "<frozen importlib._bootstrap>", line 241, in _call_with_frames_removed
  File "/opt/airflow/dags/countries_dag.py", line 6, in <module>
    from ingestion.minio_to_snowflake import run_pipeline
  File "/opt/airflow/ingestion/minio_to_snowflake.py", line 7, in <module>
    from minio import Minio
ModuleNotFoundError: No module named 'minio'
[2026-09-09T02:01:07.212+0000] {processor.py:927} WARNING - No viable dags retrieved from /opt/airflow/dags/countries_dag.py
[2026-09-09T02:01:07.631+0000] {processor.py:208} INFO - Processing /opt/airflow/dags/countries_dag.py took 0.953 seconds
[2026-09-09T02:01:38.222+0000] {processor.py:186} INFO - Started process (PID=377) to work on /opt/airflow/dags/countries_dag.py
[2026-09-09T02:01:38.226+0000] {processor.py:914} INFO - Processing file /opt/airflow/dags/countries_dag.py for tasks to queue
[2026-09-09T02:01:38.240+0000] {logging_mixin.py:190} INFO - [2026-09-09T02:01:38.239+0000] {dagbag.py:588} INFO - Filling up the DagBag from /opt/airflow/dags/countries_dag.py
[2026-09-09T02:01:38.430+0000] {logging_mixin.py:190} INFO - [2026-09-09T02:01:38.404+0000] {dagbag.py:387} ERROR - Failed to import: /opt/airflow/dags/countries_dag.py
Traceback (most recent call last):
  File "/home/airflow/.local/lib/python3.11/site-packages/airflow/models/dagbag.py", line 383, in parse
    loader.exec_module(new_module)
  File "<frozen importlib._bootstrap_external>", line 940, in exec_module
  File "<frozen importlib._bootstrap>", line 241, in _call_with_frames_removed
  File "/opt/airflow/dags/countries_dag.py", line 6, in <module>
    from ingestion.minio_to_snowflake import run_pipeline
  File "/opt/airflow/ingestion/minio_to_snowflake.py", line 7, in <module>
    from minio import Minio
ModuleNotFoundError: No module named 'minio'
[2026-09-09T02:01:38.439+0000] {processor.py:927} WARNING - No viable dags retrieved from /opt/airflow/dags/countries_dag.py
[2026-09-09T02:01:38.548+0000] {processor.py:208} INFO - Processing /opt/airflow/dags/countries_dag.py took 0.352 seconds
[2026-09-09T02:02:09.554+0000] {processor.py:186} INFO - Started process (PID=382) to work on /opt/airflow/dags/countries_dag.py
[2026-09-09T02:02:09.580+0000] {processor.py:914} INFO - Processing file /opt/airflow/dags/countries_dag.py for tasks to queue
[2026-09-09T02:02:09.601+0000] {logging_mixin.py:190} INFO - [2026-09-09T02:02:09.600+0000] {dagbag.py:588} INFO - Filling up the DagBag from /opt/airflow/dags/countries_dag.py
[2026-09-09T02:02:09.906+0000] {logging_mixin.py:190} INFO - [2026-09-09T02:02:09.854+0000] {dagbag.py:387} ERROR - Failed to import: /opt/airflow/dags/countries_dag.py
Traceback (most recent call last):
  File "/home/airflow/.local/lib/python3.11/site-packages/airflow/models/dagbag.py", line 383, in parse
    loader.exec_module(new_module)
  File "<frozen importlib._bootstrap_external>", line 940, in exec_module
  File "<frozen importlib._bootstrap>", line 241, in _call_with_frames_removed
  File "/opt/airflow/dags/countries_dag.py", line 6, in <module>
    from ingestion.minio_to_snowflake import run_pipeline
  File "/opt/airflow/ingestion/minio_to_snowflake.py", line 7, in <module>
    from minio import Minio
ModuleNotFoundError: No module named 'minio'
[2026-09-09T02:02:09.923+0000] {processor.py:927} WARNING - No viable dags retrieved from /opt/airflow/dags/countries_dag.py
[2026-09-09T02:02:10.064+0000] {processor.py:208} INFO - Processing /opt/airflow/dags/countries_dag.py took 0.613 seconds
[2026-09-09T02:02:40.490+0000] {processor.py:186} INFO - Started process (PID=387) to work on /opt/airflow/dags/countries_dag.py
[2026-09-09T02:02:40.496+0000] {processor.py:914} INFO - Processing file /opt/airflow/dags/countries_dag.py for tasks to queue
[2026-09-09T02:02:40.510+0000] {logging_mixin.py:190} INFO - [2026-09-09T02:02:40.509+0000] {dagbag.py:588} INFO - Filling up the DagBag from /opt/airflow/dags/countries_dag.py
[2026-09-09T02:02:40.781+0000] {logging_mixin.py:190} INFO - [2026-09-09T02:02:40.742+0000] {dagbag.py:387} ERROR - Failed to import: /opt/airflow/dags/countries_dag.py
Traceback (most recent call last):
  File "/home/airflow/.local/lib/python3.11/site-packages/airflow/models/dagbag.py", line 383, in parse
    loader.exec_module(new_module)
  File "<frozen importlib._bootstrap_external>", line 940, in exec_module
  File "<frozen importlib._bootstrap>", line 241, in _call_with_frames_removed
  File "/opt/airflow/dags/countries_dag.py", line 6, in <module>
    from ingestion.minio_to_snowflake import run_pipeline
  File "/opt/airflow/ingestion/minio_to_snowflake.py", line 7, in <module>
    from minio import Minio
ModuleNotFoundError: No module named 'minio'
[2026-09-09T02:02:40.840+0000] {processor.py:927} WARNING - No viable dags retrieved from /opt/airflow/dags/countries_dag.py
[2026-09-09T02:02:40.961+0000] {processor.py:208} INFO - Processing /opt/airflow/dags/countries_dag.py took 0.515 seconds
[2026-09-09T02:03:11.714+0000] {processor.py:186} INFO - Started process (PID=392) to work on /opt/airflow/dags/countries_dag.py
[2026-09-09T02:03:11.721+0000] {processor.py:914} INFO - Processing file /opt/airflow/dags/countries_dag.py for tasks to queue
[2026-09-09T02:03:11.759+0000] {logging_mixin.py:190} INFO - [2026-09-09T02:03:11.758+0000] {dagbag.py:588} INFO - Filling up the DagBag from /opt/airflow/dags/countries_dag.py
[2026-09-09T02:03:12.119+0000] {logging_mixin.py:190} INFO - [2026-09-09T02:03:12.094+0000] {dagbag.py:387} ERROR - Failed to import: /opt/airflow/dags/countries_dag.py
Traceback (most recent call last):
  File "/home/airflow/.local/lib/python3.11/site-packages/airflow/models/dagbag.py", line 383, in parse
    loader.exec_module(new_module)
  File "<frozen importlib._bootstrap_external>", line 940, in exec_module
  File "<frozen importlib._bootstrap>", line 241, in _call_with_frames_removed
  File "/opt/airflow/dags/countries_dag.py", line 6, in <module>
    from ingestion.minio_to_snowflake import run_pipeline
  File "/opt/airflow/ingestion/minio_to_snowflake.py", line 7, in <module>
    from minio import Minio
ModuleNotFoundError: No module named 'minio'
[2026-09-09T02:03:12.132+0000] {processor.py:927} WARNING - No viable dags retrieved from /opt/airflow/dags/countries_dag.py
[2026-09-09T02:03:12.247+0000] {processor.py:208} INFO - Processing /opt/airflow/dags/countries_dag.py took 0.565 seconds
[2026-09-09T02:03:42.742+0000] {processor.py:186} INFO - Started process (PID=397) to work on /opt/airflow/dags/countries_dag.py
[2026-09-09T02:03:42.746+0000] {processor.py:914} INFO - Processing file /opt/airflow/dags/countries_dag.py for tasks to queue
[2026-09-09T02:03:42.761+0000] {logging_mixin.py:190} INFO - [2026-09-09T02:03:42.760+0000] {dagbag.py:588} INFO - Filling up the DagBag from /opt/airflow/dags/countries_dag.py
[2026-09-09T02:03:42.932+0000] {logging_mixin.py:190} INFO - [2026-09-09T02:03:42.882+0000] {dagbag.py:387} ERROR - Failed to import: /opt/airflow/dags/countries_dag.py
Traceback (most recent call last):
  File "/home/airflow/.local/lib/python3.11/site-packages/airflow/models/dagbag.py", line 383, in parse
    loader.exec_module(new_module)
  File "<frozen importlib._bootstrap_external>", line 940, in exec_module
  File "<frozen importlib._bootstrap>", line 241, in _call_with_frames_removed
  File "/opt/airflow/dags/countries_dag.py", line 6, in <module>
    from ingestion.minio_to_snowflake import run_pipeline
  File "/opt/airflow/ingestion/minio_to_snowflake.py", line 7, in <module>
    from minio import Minio
ModuleNotFoundError: No module named 'minio'
[2026-09-09T02:03:42.942+0000] {processor.py:927} WARNING - No viable dags retrieved from /opt/airflow/dags/countries_dag.py
[2026-09-09T02:03:43.012+0000] {processor.py:208} INFO - Processing /opt/airflow/dags/countries_dag.py took 0.319 seconds
[2026-09-09T02:04:14.636+0000] {processor.py:186} INFO - Started process (PID=402) to work on /opt/airflow/dags/countries_dag.py
[2026-09-09T02:04:14.653+0000] {processor.py:914} INFO - Processing file /opt/airflow/dags/countries_dag.py for tasks to queue
[2026-09-09T02:04:14.768+0000] {logging_mixin.py:190} INFO - [2026-09-09T02:04:14.664+0000] {dagbag.py:588} INFO - Filling up the DagBag from /opt/airflow/dags/countries_dag.py
[2026-09-09T02:04:15.365+0000] {logging_mixin.py:190} INFO - [2026-09-09T02:04:15.313+0000] {dagbag.py:387} ERROR - Failed to import: /opt/airflow/dags/countries_dag.py
Traceback (most recent call last):
  File "/home/airflow/.local/lib/python3.11/site-packages/airflow/models/dagbag.py", line 383, in parse
    loader.exec_module(new_module)
  File "<frozen importlib._bootstrap_external>", line 940, in exec_module
  File "<frozen importlib._bootstrap>", line 241, in _call_with_frames_removed
  File "/opt/airflow/dags/countries_dag.py", line 6, in <module>
    from ingestion.minio_to_snowflake import run_pipeline
  File "/opt/airflow/ingestion/minio_to_snowflake.py", line 7, in <module>
    from minio import Minio
ModuleNotFoundError: No module named 'minio'
[2026-09-09T02:04:15.375+0000] {processor.py:927} WARNING - No viable dags retrieved from /opt/airflow/dags/countries_dag.py
[2026-09-09T02:04:15.572+0000] {processor.py:208} INFO - Processing /opt/airflow/dags/countries_dag.py took 0.997 seconds
[2026-09-09T02:04:46.859+0000] {processor.py:186} INFO - Started process (PID=407) to work on /opt/airflow/dags/countries_dag.py
[2026-09-09T02:04:46.940+0000] {processor.py:914} INFO - Processing file /opt/airflow/dags/countries_dag.py for tasks to queue
[2026-09-09T02:04:46.974+0000] {logging_mixin.py:190} INFO - [2026-09-09T02:04:46.974+0000] {dagbag.py:588} INFO - Filling up the DagBag from /opt/airflow/dags/countries_dag.py
[2026-09-09T02:04:47.502+0000] {logging_mixin.py:190} INFO - [2026-09-09T02:04:47.462+0000] {dagbag.py:387} ERROR - Failed to import: /opt/airflow/dags/countries_dag.py
Traceback (most recent call last):
  File "/home/airflow/.local/lib/python3.11/site-packages/airflow/models/dagbag.py", line 383, in parse
    loader.exec_module(new_module)
  File "<frozen importlib._bootstrap_external>", line 940, in exec_module
  File "<frozen importlib._bootstrap>", line 241, in _call_with_frames_removed
  File "/opt/airflow/dags/countries_dag.py", line 6, in <module>
    from ingestion.minio_to_snowflake import run_pipeline
  File "/opt/airflow/ingestion/minio_to_snowflake.py", line 7, in <module>
    from minio import Minio
ModuleNotFoundError: No module named 'minio'
[2026-09-09T02:04:47.512+0000] {processor.py:927} WARNING - No viable dags retrieved from /opt/airflow/dags/countries_dag.py
[2026-09-09T02:04:47.712+0000] {processor.py:208} INFO - Processing /opt/airflow/dags/countries_dag.py took 0.893 seconds
[2026-09-09T02:10:15.919+0000] {processor.py:186} INFO - Started process (PID=208) to work on /opt/airflow/dags/countries_dag.py
[2026-09-09T02:10:16.060+0000] {processor.py:914} INFO - Processing file /opt/airflow/dags/countries_dag.py for tasks to queue
[2026-09-09T02:10:16.075+0000] {logging_mixin.py:190} INFO - [2026-09-09T02:10:16.071+0000] {dagbag.py:588} INFO - Filling up the DagBag from /opt/airflow/dags/countries_dag.py
[2026-09-09T02:10:36.587+0000] {processor.py:925} INFO - DAG(s) 'countries_ingestion' retrieved from /opt/airflow/dags/countries_dag.py
[2026-09-09T02:10:38.541+0000] {logging_mixin.py:190} INFO - [2026-09-09T02:10:38.537+0000] {override.py:1912} INFO - Created Permission View: can edit on DAG:countries_ingestion
[2026-09-09T02:10:38.622+0000] {logging_mixin.py:190} INFO - [2026-09-09T02:10:38.621+0000] {override.py:1912} INFO - Created Permission View: can delete on DAG:countries_ingestion
[2026-09-09T02:10:38.656+0000] {logging_mixin.py:190} INFO - [2026-09-09T02:10:38.656+0000] {override.py:1912} INFO - Created Permission View: can read on DAG:countries_ingestion
[2026-09-09T02:10:38.725+0000] {logging_mixin.py:190} INFO - [2026-09-09T02:10:38.724+0000] {override.py:1912} INFO - Created Permission View: can create on DAG Run:countries_ingestion
[2026-09-09T02:10:38.781+0000] {logging_mixin.py:190} INFO - [2026-09-09T02:10:38.780+0000] {override.py:1912} INFO - Created Permission View: can delete on DAG Run:countries_ingestion
[2026-09-09T02:10:39.018+0000] {logging_mixin.py:190} INFO - [2026-09-09T02:10:39.017+0000] {override.py:1912} INFO - Created Permission View: menu access on DAG Run:countries_ingestion
[2026-09-09T02:10:39.097+0000] {logging_mixin.py:190} INFO - [2026-09-09T02:10:39.096+0000] {override.py:1912} INFO - Created Permission View: can read on DAG Run:countries_ingestion
[2026-09-09T02:10:39.098+0000] {logging_mixin.py:190} INFO - [2026-09-09T02:10:39.098+0000] {dag.py:3239} INFO - Sync 1 DAGs
[2026-09-09T02:10:39.229+0000] {logging_mixin.py:190} INFO - [2026-09-09T02:10:39.228+0000] {dag.py:3262} INFO - Creating ORM DAG for countries_ingestion
[2026-09-09T02:10:39.302+0000] {logging_mixin.py:190} INFO - [2026-09-09T02:10:39.301+0000] {dag.py:4180} INFO - Setting next_dagrun for countries_ingestion to 2026-09-08 20:00:00+00:00, run_after=2026-09-09 00:00:00+00:00
[2026-09-09T02:10:39.636+0000] {processor.py:208} INFO - Processing /opt/airflow/dags/countries_dag.py took 24.259 seconds
[2026-09-09T02:11:10.463+0000] {processor.py:186} INFO - Started process (PID=215) to work on /opt/airflow/dags/countries_dag.py
[2026-09-09T02:11:10.473+0000] {processor.py:914} INFO - Processing file /opt/airflow/dags/countries_dag.py for tasks to queue
[2026-09-09T02:11:10.493+0000] {logging_mixin.py:190} INFO - [2026-09-09T02:11:10.491+0000] {dagbag.py:588} INFO - Filling up the DagBag from /opt/airflow/dags/countries_dag.py
[2026-09-09T02:13:20.460+0000] {processor.py:186} INFO - Started process (PID=209) to work on /opt/airflow/dags/countries_dag.py
[2026-09-09T02:13:20.464+0000] {processor.py:914} INFO - Processing file /opt/airflow/dags/countries_dag.py for tasks to queue
[2026-09-09T02:13:20.487+0000] {logging_mixin.py:190} INFO - [2026-09-09T02:13:20.472+0000] {dagbag.py:588} INFO - Filling up the DagBag from /opt/airflow/dags/countries_dag.py
[2026-09-09T02:13:26.670+0000] {processor.py:925} INFO - DAG(s) 'countries_ingestion' retrieved from /opt/airflow/dags/countries_dag.py
[2026-09-09T02:13:26.951+0000] {logging_mixin.py:190} INFO - [2026-09-09T02:13:26.951+0000] {dag.py:3239} INFO - Sync 1 DAGs
[2026-09-09T02:13:27.249+0000] {logging_mixin.py:190} INFO - [2026-09-09T02:13:27.248+0000] {dag.py:4180} INFO - Setting next_dagrun for countries_ingestion to 2026-09-08 20:00:00+00:00, run_after=2026-09-09 00:00:00+00:00
[2026-09-09T02:13:27.400+0000] {processor.py:208} INFO - Processing /opt/airflow/dags/countries_dag.py took 7.094 seconds
[2026-09-09T02:13:58.235+0000] {processor.py:186} INFO - Started process (PID=217) to work on /opt/airflow/dags/countries_dag.py
[2026-09-09T02:13:58.243+0000] {processor.py:914} INFO - Processing file /opt/airflow/dags/countries_dag.py for tasks to queue
[2026-09-09T02:13:58.266+0000] {logging_mixin.py:190} INFO - [2026-09-09T02:13:58.264+0000] {dagbag.py:588} INFO - Filling up the DagBag from /opt/airflow/dags/countries_dag.py
[2026-09-09T02:14:02.505+0000] {processor.py:925} INFO - DAG(s) 'countries_ingestion' retrieved from /opt/airflow/dags/countries_dag.py
[2026-09-09T02:14:02.617+0000] {logging_mixin.py:190} INFO - [2026-09-09T02:14:02.617+0000] {dag.py:3239} INFO - Sync 1 DAGs
[2026-09-09T02:14:02.732+0000] {logging_mixin.py:190} INFO - [2026-09-09T02:14:02.732+0000] {dag.py:4180} INFO - Setting next_dagrun for countries_ingestion to 2026-09-08 20:00:00+00:00, run_after=2026-09-09 00:00:00+00:00
[2026-09-09T02:14:02.851+0000] {processor.py:208} INFO - Processing /opt/airflow/dags/countries_dag.py took 4.680 seconds
[2026-09-09T02:14:33.537+0000] {processor.py:186} INFO - Started process (PID=233) to work on /opt/airflow/dags/countries_dag.py
[2026-09-09T02:14:33.554+0000] {processor.py:914} INFO - Processing file /opt/airflow/dags/countries_dag.py for tasks to queue
[2026-09-09T02:14:33.615+0000] {logging_mixin.py:190} INFO - [2026-09-09T02:14:33.564+0000] {dagbag.py:588} INFO - Filling up the DagBag from /opt/airflow/dags/countries_dag.py
[2026-09-09T02:14:41.783+0000] {processor.py:925} INFO - DAG(s) 'countries_ingestion' retrieved from /opt/airflow/dags/countries_dag.py
[2026-09-09T02:14:41.966+0000] {logging_mixin.py:190} INFO - [2026-09-09T02:14:41.965+0000] {dag.py:3239} INFO - Sync 1 DAGs
[2026-09-09T02:14:47.278+0000] {logging_mixin.py:190} INFO - [2026-09-09T02:14:47.273+0000] {dag.py:4180} INFO - Setting next_dagrun for countries_ingestion to 2026-09-08 20:00:00+00:00, run_after=2026-09-09 00:00:00+00:00
[2026-09-09T02:14:47.415+0000] {processor.py:208} INFO - Processing /opt/airflow/dags/countries_dag.py took 13.937 seconds
[2026-09-09T02:15:18.264+0000] {processor.py:186} INFO - Started process (PID=240) to work on /opt/airflow/dags/countries_dag.py
[2026-09-09T02:15:18.287+0000] {processor.py:914} INFO - Processing file /opt/airflow/dags/countries_dag.py for tasks to queue
[2026-09-09T02:15:18.330+0000] {logging_mixin.py:190} INFO - [2026-09-09T02:15:18.329+0000] {dagbag.py:588} INFO - Filling up the DagBag from /opt/airflow/dags/countries_dag.py
[2026-09-09T02:15:23.487+0000] {processor.py:925} INFO - DAG(s) 'countries_ingestion' retrieved from /opt/airflow/dags/countries_dag.py
[2026-09-09T02:15:23.681+0000] {logging_mixin.py:190} INFO - [2026-09-09T02:15:23.680+0000] {dag.py:3239} INFO - Sync 1 DAGs
[2026-09-09T02:15:23.874+0000] {logging_mixin.py:190} INFO - [2026-09-09T02:15:23.874+0000] {dag.py:4180} INFO - Setting next_dagrun for countries_ingestion to 2026-09-08 20:00:00+00:00, run_after=2026-09-09 00:00:00+00:00
[2026-09-09T02:15:23.972+0000] {processor.py:208} INFO - Processing /opt/airflow/dags/countries_dag.py took 5.752 seconds
[2026-09-09T02:15:55.000+0000] {processor.py:186} INFO - Started process (PID=247) to work on /opt/airflow/dags/countries_dag.py
[2026-09-09T02:15:55.020+0000] {processor.py:914} INFO - Processing file /opt/airflow/dags/countries_dag.py for tasks to queue
[2026-09-09T02:15:55.028+0000] {logging_mixin.py:190} INFO - [2026-09-09T02:15:55.027+0000] {dagbag.py:588} INFO - Filling up the DagBag from /opt/airflow/dags/countries_dag.py
[2026-09-09T02:15:58.706+0000] {processor.py:925} INFO - DAG(s) 'countries_ingestion' retrieved from /opt/airflow/dags/countries_dag.py
[2026-09-09T02:15:58.877+0000] {logging_mixin.py:190} INFO - [2026-09-09T02:15:58.877+0000] {dag.py:3239} INFO - Sync 1 DAGs
[2026-09-09T02:15:59.047+0000] {logging_mixin.py:190} INFO - [2026-09-09T02:15:59.046+0000] {dag.py:4180} INFO - Setting next_dagrun for countries_ingestion to 2026-09-08 20:00:00+00:00, run_after=2026-09-09 00:00:00+00:00
[2026-09-09T02:15:59.140+0000] {processor.py:208} INFO - Processing /opt/airflow/dags/countries_dag.py took 4.181 seconds
[2026-09-09T02:16:30.311+0000] {processor.py:186} INFO - Started process (PID=254) to work on /opt/airflow/dags/countries_dag.py
[2026-09-09T02:16:30.314+0000] {processor.py:914} INFO - Processing file /opt/airflow/dags/countries_dag.py for tasks to queue
[2026-09-09T02:16:30.322+0000] {logging_mixin.py:190} INFO - [2026-09-09T02:16:30.321+0000] {dagbag.py:588} INFO - Filling up the DagBag from /opt/airflow/dags/countries_dag.py
[2026-09-09T02:16:35.358+0000] {processor.py:925} INFO - DAG(s) 'countries_ingestion' retrieved from /opt/airflow/dags/countries_dag.py
[2026-09-09T02:16:35.510+0000] {logging_mixin.py:190} INFO - [2026-09-09T02:16:35.510+0000] {dag.py:3239} INFO - Sync 1 DAGs
[2026-09-09T02:16:35.678+0000] {logging_mixin.py:190} INFO - [2026-09-09T02:16:35.677+0000] {dag.py:4180} INFO - Setting next_dagrun for countries_ingestion to 2026-09-08 20:00:00+00:00, run_after=2026-09-09 00:00:00+00:00
[2026-09-09T02:16:35.780+0000] {processor.py:208} INFO - Processing /opt/airflow/dags/countries_dag.py took 5.506 seconds
[2026-09-09T02:17:06.104+0000] {processor.py:186} INFO - Started process (PID=261) to work on /opt/airflow/dags/countries_dag.py
[2026-09-09T02:17:06.135+0000] {processor.py:914} INFO - Processing file /opt/airflow/dags/countries_dag.py for tasks to queue
[2026-09-09T02:17:06.148+0000] {logging_mixin.py:190} INFO - [2026-09-09T02:17:06.147+0000] {dagbag.py:588} INFO - Filling up the DagBag from /opt/airflow/dags/countries_dag.py
[2026-09-09T02:17:10.674+0000] {processor.py:925} INFO - DAG(s) 'countries_ingestion' retrieved from /opt/airflow/dags/countries_dag.py
[2026-09-09T02:17:10.804+0000] {logging_mixin.py:190} INFO - [2026-09-09T02:17:10.803+0000] {dag.py:3239} INFO - Sync 1 DAGs
[2026-09-09T02:17:12.859+0000] {logging_mixin.py:190} INFO - [2026-09-09T02:17:12.858+0000] {dag.py:4180} INFO - Setting next_dagrun for countries_ingestion to 2026-09-08 20:00:00+00:00, run_after=2026-09-09 00:00:00+00:00
[2026-09-09T02:17:12.936+0000] {processor.py:208} INFO - Processing /opt/airflow/dags/countries_dag.py took 6.854 seconds
[2026-09-09T02:17:43.142+0000] {processor.py:186} INFO - Started process (PID=268) to work on /opt/airflow/dags/countries_dag.py
[2026-09-09T02:17:43.145+0000] {processor.py:914} INFO - Processing file /opt/airflow/dags/countries_dag.py for tasks to queue
[2026-09-09T02:17:43.152+0000] {logging_mixin.py:190} INFO - [2026-09-09T02:17:43.151+0000] {dagbag.py:588} INFO - Filling up the DagBag from /opt/airflow/dags/countries_dag.py
[2026-09-09T02:17:46.793+0000] {processor.py:925} INFO - DAG(s) 'countries_ingestion' retrieved from /opt/airflow/dags/countries_dag.py
[2026-09-09T02:17:46.883+0000] {logging_mixin.py:190} INFO - [2026-09-09T02:17:46.883+0000] {dag.py:3239} INFO - Sync 1 DAGs
[2026-09-09T02:17:47.567+0000] {logging_mixin.py:190} INFO - [2026-09-09T02:17:47.566+0000] {dag.py:4180} INFO - Setting next_dagrun for countries_ingestion to 2026-09-08 20:00:00+00:00, run_after=2026-09-09 00:00:00+00:00
[2026-09-09T02:17:47.678+0000] {processor.py:208} INFO - Processing /opt/airflow/dags/countries_dag.py took 4.576 seconds
[2026-09-09T02:18:19.001+0000] {processor.py:186} INFO - Started process (PID=276) to work on /opt/airflow/dags/countries_dag.py
[2026-09-09T02:18:19.018+0000] {processor.py:914} INFO - Processing file /opt/airflow/dags/countries_dag.py for tasks to queue
[2026-09-09T02:18:19.037+0000] {logging_mixin.py:190} INFO - [2026-09-09T02:18:19.036+0000] {dagbag.py:588} INFO - Filling up the DagBag from /opt/airflow/dags/countries_dag.py
[2026-09-09T02:18:24.499+0000] {processor.py:925} INFO - DAG(s) 'countries_ingestion' retrieved from /opt/airflow/dags/countries_dag.py
[2026-09-09T02:18:24.729+0000] {logging_mixin.py:190} INFO - [2026-09-09T02:18:24.728+0000] {dag.py:3239} INFO - Sync 1 DAGs
[2026-09-09T02:18:25.013+0000] {logging_mixin.py:190} INFO - [2026-09-09T02:18:25.012+0000] {dag.py:4180} INFO - Setting next_dagrun for countries_ingestion to 2026-09-08 20:00:00+00:00, run_after=2026-09-09 00:00:00+00:00
[2026-09-09T02:18:25.324+0000] {processor.py:208} INFO - Processing /opt/airflow/dags/countries_dag.py took 6.381 seconds
[2026-09-09T02:18:55.802+0000] {processor.py:186} INFO - Started process (PID=283) to work on /opt/airflow/dags/countries_dag.py
[2026-09-09T02:18:55.806+0000] {processor.py:914} INFO - Processing file /opt/airflow/dags/countries_dag.py for tasks to queue
[2026-09-09T02:18:55.827+0000] {logging_mixin.py:190} INFO - [2026-09-09T02:18:55.826+0000] {dagbag.py:588} INFO - Filling up the DagBag from /opt/airflow/dags/countries_dag.py
[2026-09-09T02:19:00.900+0000] {processor.py:925} INFO - DAG(s) 'countries_ingestion' retrieved from /opt/airflow/dags/countries_dag.py
[2026-09-09T02:19:01.246+0000] {logging_mixin.py:190} INFO - [2026-09-09T02:19:01.246+0000] {dag.py:3239} INFO - Sync 1 DAGs
[2026-09-09T02:19:01.590+0000] {logging_mixin.py:190} INFO - [2026-09-09T02:19:01.586+0000] {dag.py:4180} INFO - Setting next_dagrun for countries_ingestion to 2026-09-08 20:00:00+00:00, run_after=2026-09-09 00:00:00+00:00
[2026-09-09T02:19:01.931+0000] {processor.py:208} INFO - Processing /opt/airflow/dags/countries_dag.py took 6.170 seconds
[2026-09-09T02:19:32.744+0000] {processor.py:186} INFO - Started process (PID=293) to work on /opt/airflow/dags/countries_dag.py
[2026-09-09T02:19:32.754+0000] {processor.py:914} INFO - Processing file /opt/airflow/dags/countries_dag.py for tasks to queue
[2026-09-09T02:19:32.773+0000] {logging_mixin.py:190} INFO - [2026-09-09T02:19:32.771+0000] {dagbag.py:588} INFO - Filling up the DagBag from /opt/airflow/dags/countries_dag.py
[2026-09-09T02:19:37.479+0000] {processor.py:925} INFO - DAG(s) 'countries_ingestion' retrieved from /opt/airflow/dags/countries_dag.py
[2026-09-09T02:19:37.661+0000] {logging_mixin.py:190} INFO - [2026-09-09T02:19:37.661+0000] {dag.py:3239} INFO - Sync 1 DAGs
[2026-09-09T02:19:37.930+0000] {processor.py:208} INFO - Processing /opt/airflow/dags/countries_dag.py took 5.254 seconds
[2026-09-09T02:20:08.729+0000] {processor.py:186} INFO - Started process (PID=302) to work on /opt/airflow/dags/countries_dag.py
[2026-09-09T02:20:08.747+0000] {processor.py:914} INFO - Processing file /opt/airflow/dags/countries_dag.py for tasks to queue
[2026-09-09T02:20:08.763+0000] {logging_mixin.py:190} INFO - [2026-09-09T02:20:08.762+0000] {dagbag.py:588} INFO - Filling up the DagBag from /opt/airflow/dags/countries_dag.py
[2026-09-09T02:20:14.828+0000] {processor.py:925} INFO - DAG(s) 'countries_ingestion' retrieved from /opt/airflow/dags/countries_dag.py
[2026-09-09T02:20:15.012+0000] {logging_mixin.py:190} INFO - [2026-09-09T02:20:15.005+0000] {dag.py:3239} INFO - Sync 1 DAGs
[2026-09-09T02:20:16.411+0000] {processor.py:208} INFO - Processing /opt/airflow/dags/countries_dag.py took 7.749 seconds
[2026-09-09T02:20:47.133+0000] {processor.py:186} INFO - Started process (PID=309) to work on /opt/airflow/dags/countries_dag.py
[2026-09-09T02:20:47.143+0000] {processor.py:914} INFO - Processing file /opt/airflow/dags/countries_dag.py for tasks to queue
[2026-09-09T02:20:47.159+0000] {logging_mixin.py:190} INFO - [2026-09-09T02:20:47.155+0000] {dagbag.py:588} INFO - Filling up the DagBag from /opt/airflow/dags/countries_dag.py
[2026-09-09T02:20:50.425+0000] {processor.py:925} INFO - DAG(s) 'countries_ingestion' retrieved from /opt/airflow/dags/countries_dag.py
[2026-09-09T02:20:50.559+0000] {logging_mixin.py:190} INFO - [2026-09-09T02:20:50.557+0000] {dag.py:3239} INFO - Sync 1 DAGs
[2026-09-09T02:20:51.263+0000] {processor.py:208} INFO - Processing /opt/airflow/dags/countries_dag.py took 4.166 seconds
[2026-09-09T02:21:22.428+0000] {processor.py:186} INFO - Started process (PID=326) to work on /opt/airflow/dags/countries_dag.py
[2026-09-09T02:21:22.437+0000] {processor.py:914} INFO - Processing file /opt/airflow/dags/countries_dag.py for tasks to queue
[2026-09-09T02:21:22.448+0000] {logging_mixin.py:190} INFO - [2026-09-09T02:21:22.447+0000] {dagbag.py:588} INFO - Filling up the DagBag from /opt/airflow/dags/countries_dag.py
[2026-09-09T02:21:27.534+0000] {processor.py:925} INFO - DAG(s) 'countries_ingestion' retrieved from /opt/airflow/dags/countries_dag.py
[2026-09-09T02:21:27.654+0000] {logging_mixin.py:190} INFO - [2026-09-09T02:21:27.653+0000] {dag.py:3239} INFO - Sync 1 DAGs
[2026-09-09T02:21:27.890+0000] {processor.py:208} INFO - Processing /opt/airflow/dags/countries_dag.py took 5.508 seconds
[2026-09-09T02:21:58.745+0000] {processor.py:186} INFO - Started process (PID=333) to work on /opt/airflow/dags/countries_dag.py
[2026-09-09T02:21:58.754+0000] {processor.py:914} INFO - Processing file /opt/airflow/dags/countries_dag.py for tasks to queue
[2026-09-09T02:21:58.783+0000] {logging_mixin.py:190} INFO - [2026-09-09T02:21:58.776+0000] {dagbag.py:588} INFO - Filling up the DagBag from /opt/airflow/dags/countries_dag.py
[2026-09-09T02:22:02.633+0000] {processor.py:925} INFO - DAG(s) 'countries_ingestion' retrieved from /opt/airflow/dags/countries_dag.py
[2026-09-09T02:22:02.781+0000] {logging_mixin.py:190} INFO - [2026-09-09T02:22:02.781+0000] {dag.py:3239} INFO - Sync 1 DAGs
[2026-09-09T02:22:02.950+0000] {processor.py:208} INFO - Processing /opt/airflow/dags/countries_dag.py took 4.260 seconds
[2026-09-09T02:22:33.868+0000] {processor.py:186} INFO - Started process (PID=345) to work on /opt/airflow/dags/countries_dag.py
[2026-09-09T02:22:33.887+0000] {processor.py:914} INFO - Processing file /opt/airflow/dags/countries_dag.py for tasks to queue
[2026-09-09T02:22:33.933+0000] {logging_mixin.py:190} INFO - [2026-09-09T02:22:33.932+0000] {dagbag.py:588} INFO - Filling up the DagBag from /opt/airflow/dags/countries_dag.py
[2026-09-09T02:22:39.500+0000] {processor.py:925} INFO - DAG(s) 'countries_ingestion' retrieved from /opt/airflow/dags/countries_dag.py
[2026-09-09T02:22:39.792+0000] {logging_mixin.py:190} INFO - [2026-09-09T02:22:39.790+0000] {dag.py:3239} INFO - Sync 1 DAGs
[2026-09-09T02:22:40.164+0000] {processor.py:208} INFO - Processing /opt/airflow/dags/countries_dag.py took 6.459 seconds
[2026-09-09T02:23:10.712+0000] {processor.py:186} INFO - Started process (PID=352) to work on /opt/airflow/dags/countries_dag.py
[2026-09-09T02:23:10.715+0000] {processor.py:914} INFO - Processing file /opt/airflow/dags/countries_dag.py for tasks to queue
[2026-09-09T02:23:10.733+0000] {logging_mixin.py:190} INFO - [2026-09-09T02:23:10.732+0000] {dagbag.py:588} INFO - Filling up the DagBag from /opt/airflow/dags/countries_dag.py
[2026-09-09T02:23:15.723+0000] {processor.py:925} INFO - DAG(s) 'countries_ingestion' retrieved from /opt/airflow/dags/countries_dag.py
[2026-09-09T02:23:15.883+0000] {logging_mixin.py:190} INFO - [2026-09-09T02:23:15.882+0000] {dag.py:3239} INFO - Sync 1 DAGs
[2026-09-09T02:23:16.850+0000] {logging_mixin.py:190} INFO - [2026-09-09T02:23:16.850+0000] {dag.py:4180} INFO - Setting next_dagrun for countries_ingestion to 2026-09-09 00:00:00+00:00, run_after=2026-09-09 04:00:00+00:00
[2026-09-09T02:23:16.962+0000] {processor.py:208} INFO - Processing /opt/airflow/dags/countries_dag.py took 6.297 seconds
[2026-09-09T02:23:47.988+0000] {processor.py:186} INFO - Started process (PID=359) to work on /opt/airflow/dags/countries_dag.py
[2026-09-09T02:23:48.000+0000] {processor.py:914} INFO - Processing file /opt/airflow/dags/countries_dag.py for tasks to queue
[2026-09-09T02:23:48.005+0000] {logging_mixin.py:190} INFO - [2026-09-09T02:23:48.004+0000] {dagbag.py:588} INFO - Filling up the DagBag from /opt/airflow/dags/countries_dag.py
[2026-09-09T02:23:52.400+0000] {processor.py:925} INFO - DAG(s) 'countries_ingestion' retrieved from /opt/airflow/dags/countries_dag.py
[2026-09-09T02:23:52.513+0000] {logging_mixin.py:190} INFO - [2026-09-09T02:23:52.512+0000] {dag.py:3239} INFO - Sync 1 DAGs
[2026-09-09T02:23:53.228+0000] {logging_mixin.py:190} INFO - [2026-09-09T02:23:53.228+0000] {dag.py:4180} INFO - Setting next_dagrun for countries_ingestion to 2026-09-09 00:00:00+00:00, run_after=2026-09-09 04:00:00+00:00
[2026-09-09T02:23:53.323+0000] {processor.py:208} INFO - Processing /opt/airflow/dags/countries_dag.py took 5.366 seconds
[2026-09-09T02:24:24.011+0000] {processor.py:186} INFO - Started process (PID=366) to work on /opt/airflow/dags/countries_dag.py
[2026-09-09T02:24:24.022+0000] {processor.py:914} INFO - Processing file /opt/airflow/dags/countries_dag.py for tasks to queue
[2026-09-09T02:24:24.045+0000] {logging_mixin.py:190} INFO - [2026-09-09T02:24:24.031+0000] {dagbag.py:588} INFO - Filling up the DagBag from /opt/airflow/dags/countries_dag.py
[2026-09-09T02:24:28.008+0000] {processor.py:925} INFO - DAG(s) 'countries_ingestion' retrieved from /opt/airflow/dags/countries_dag.py
[2026-09-09T02:24:28.146+0000] {logging_mixin.py:190} INFO - [2026-09-09T02:24:28.139+0000] {dag.py:3239} INFO - Sync 1 DAGs
[2026-09-09T02:24:28.264+0000] {logging_mixin.py:190} INFO - [2026-09-09T02:24:28.254+0000] {dag.py:4180} INFO - Setting next_dagrun for countries_ingestion to 2026-09-09 00:00:00+00:00, run_after=2026-09-09 04:00:00+00:00
[2026-09-09T02:24:28.341+0000] {processor.py:208} INFO - Processing /opt/airflow/dags/countries_dag.py took 4.358 seconds
[2026-09-09T02:24:59.767+0000] {processor.py:186} INFO - Started process (PID=373) to work on /opt/airflow/dags/countries_dag.py
[2026-09-09T02:24:59.775+0000] {processor.py:914} INFO - Processing file /opt/airflow/dags/countries_dag.py for tasks to queue
[2026-09-09T02:24:59.783+0000] {logging_mixin.py:190} INFO - [2026-09-09T02:24:59.782+0000] {dagbag.py:588} INFO - Filling up the DagBag from /opt/airflow/dags/countries_dag.py
[2026-09-09T02:25:07.355+0000] {processor.py:925} INFO - DAG(s) 'countries_ingestion' retrieved from /opt/airflow/dags/countries_dag.py
[2026-09-09T02:25:07.654+0000] {logging_mixin.py:190} INFO - [2026-09-09T02:25:07.653+0000] {dag.py:3239} INFO - Sync 1 DAGs
[2026-09-09T02:25:07.798+0000] {logging_mixin.py:190} INFO - [2026-09-09T02:25:07.797+0000] {dag.py:4180} INFO - Setting next_dagrun for countries_ingestion to 2026-09-09 00:00:00+00:00, run_after=2026-09-09 04:00:00+00:00
[2026-09-09T02:25:07.980+0000] {processor.py:208} INFO - Processing /opt/airflow/dags/countries_dag.py took 8.311 seconds
[2026-09-09T02:25:38.542+0000] {processor.py:186} INFO - Started process (PID=380) to work on /opt/airflow/dags/countries_dag.py
[2026-09-09T02:25:38.551+0000] {processor.py:914} INFO - Processing file /opt/airflow/dags/countries_dag.py for tasks to queue
[2026-09-09T02:25:38.560+0000] {logging_mixin.py:190} INFO - [2026-09-09T02:25:38.559+0000] {dagbag.py:588} INFO - Filling up the DagBag from /opt/airflow/dags/countries_dag.py
[2026-09-09T02:25:44.714+0000] {processor.py:925} INFO - DAG(s) 'countries_ingestion' retrieved from /opt/airflow/dags/countries_dag.py
[2026-09-09T02:25:44.888+0000] {logging_mixin.py:190} INFO - [2026-09-09T02:25:44.883+0000] {dag.py:3239} INFO - Sync 1 DAGs
[2026-09-09T02:25:45.077+0000] {logging_mixin.py:190} INFO - [2026-09-09T02:25:45.066+0000] {dag.py:4180} INFO - Setting next_dagrun for countries_ingestion to 2026-09-09 00:00:00+00:00, run_after=2026-09-09 04:00:00+00:00
[2026-09-09T02:25:45.273+0000] {processor.py:208} INFO - Processing /opt/airflow/dags/countries_dag.py took 6.769 seconds
[2026-09-09T02:26:16.158+0000] {processor.py:186} INFO - Started process (PID=387) to work on /opt/airflow/dags/countries_dag.py
[2026-09-09T02:26:16.212+0000] {processor.py:914} INFO - Processing file /opt/airflow/dags/countries_dag.py for tasks to queue
[2026-09-09T02:26:16.264+0000] {logging_mixin.py:190} INFO - [2026-09-09T02:26:16.263+0000] {dagbag.py:588} INFO - Filling up the DagBag from /opt/airflow/dags/countries_dag.py
[2026-09-09T02:26:22.782+0000] {processor.py:925} INFO - DAG(s) 'countries_ingestion' retrieved from /opt/airflow/dags/countries_dag.py
[2026-09-09T02:26:23.356+0000] {logging_mixin.py:190} INFO - [2026-09-09T02:26:23.356+0000] {dag.py:3239} INFO - Sync 1 DAGs
