[2026-09-08T00:27:50.536+0000] {processor.py:186} INFO - Started process (PID=191) to work on /opt/airflow/dags/countries_dag.py
[2026-09-08T00:27:50.556+0000] {processor.py:914} INFO - Processing file /opt/airflow/dags/countries_dag.py for tasks to queue
[2026-09-08T00:27:50.595+0000] {logging_mixin.py:190} INFO - [2026-09-08T00:27:50.592+0000] {dagbag.py:588} INFO - Filling up the DagBag from /opt/airflow/dags/countries_dag.py
[2026-09-08T00:27:52.737+0000] {logging_mixin.py:190} INFO - [2026-09-08T00:27:52.442+0000] {dagbag.py:387} ERROR - Failed to import: /opt/airflow/dags/countries_dag.py
Traceback (most recent call last):
  File "/home/airflow/.local/lib/python3.11/site-packages/airflow/models/dagbag.py", line 383, in parse
    loader.exec_module(new_module)
  File "<frozen importlib._bootstrap_external>", line 940, in exec_module
  File "<frozen importlib._bootstrap>", line 241, in _call_with_frames_removed
  File "/opt/airflow/dags/countries_dag.py", line 6, in <module>
    from ingestion.minio_to_snowflake import run_pipeline
  File "/opt/airflow/ingestion/minio_to_snowflake.py", line 7, in <module>
    from minio import Minio
ModuleNotFoundError: No module named 'minio'
[2026-09-08T00:27:52.755+0000] {processor.py:927} WARNING - No viable dags retrieved from /opt/airflow/dags/countries_dag.py
[2026-09-08T00:27:52.916+0000] {processor.py:208} INFO - Processing /opt/airflow/dags/countries_dag.py took 2.405 seconds
[2026-09-08T00:28:24.051+0000] {processor.py:186} INFO - Started process (PID=196) to work on /opt/airflow/dags/countries_dag.py
[2026-09-08T00:28:24.060+0000] {processor.py:914} INFO - Processing file /opt/airflow/dags/countries_dag.py for tasks to queue
[2026-09-08T00:28:24.252+0000] {logging_mixin.py:190} INFO - [2026-09-08T00:28:24.225+0000] {dagbag.py:588} INFO - Filling up the DagBag from /opt/airflow/dags/countries_dag.py
[2026-09-08T00:28:24.716+0000] {logging_mixin.py:190} INFO - [2026-09-08T00:28:24.688+0000] {dagbag.py:387} ERROR - Failed to import: /opt/airflow/dags/countries_dag.py
Traceback (most recent call last):
  File "/home/airflow/.local/lib/python3.11/site-packages/airflow/models/dagbag.py", line 383, in parse
    loader.exec_module(new_module)
  File "<frozen importlib._bootstrap_external>", line 940, in exec_module
  File "<frozen importlib._bootstrap>", line 241, in _call_with_frames_removed
  File "/opt/airflow/dags/countries_dag.py", line 6, in <module>
    from ingestion.minio_to_snowflake import run_pipeline
  File "/opt/airflow/ingestion/minio_to_snowflake.py", line 7, in <module>
    from minio import Minio
ModuleNotFoundError: No module named 'minio'
[2026-09-08T00:28:24.746+0000] {processor.py:927} WARNING - No viable dags retrieved from /opt/airflow/dags/countries_dag.py
[2026-09-08T00:28:24.947+0000] {processor.py:208} INFO - Processing /opt/airflow/dags/countries_dag.py took 0.992 seconds
[2026-09-08T00:30:40.147+0000] {processor.py:186} INFO - Started process (PID=191) to work on /opt/airflow/dags/countries_dag.py
[2026-09-08T00:30:40.164+0000] {processor.py:914} INFO - Processing file /opt/airflow/dags/countries_dag.py for tasks to queue
[2026-09-08T00:30:40.219+0000] {logging_mixin.py:190} INFO - [2026-09-08T00:30:40.214+0000] {dagbag.py:588} INFO - Filling up the DagBag from /opt/airflow/dags/countries_dag.py
[2026-09-08T00:30:40.771+0000] {logging_mixin.py:190} INFO - [2026-09-08T00:30:40.645+0000] {dagbag.py:387} ERROR - Failed to import: /opt/airflow/dags/countries_dag.py
Traceback (most recent call last):
  File "/home/airflow/.local/lib/python3.11/site-packages/airflow/models/dagbag.py", line 383, in parse
    loader.exec_module(new_module)
  File "<frozen importlib._bootstrap_external>", line 940, in exec_module
  File "<frozen importlib._bootstrap>", line 241, in _call_with_frames_removed
  File "/opt/airflow/dags/countries_dag.py", line 6, in <module>
    from ingestion.minio_to_snowflake import run_pipeline
  File "/opt/airflow/ingestion/minio_to_snowflake.py", line 7, in <module>
    from minio import Minio
ModuleNotFoundError: No module named 'minio'
[2026-09-08T00:30:40.790+0000] {processor.py:927} WARNING - No viable dags retrieved from /opt/airflow/dags/countries_dag.py
[2026-09-08T00:30:40.931+0000] {processor.py:208} INFO - Processing /opt/airflow/dags/countries_dag.py took 0.844 seconds
[2026-09-08T00:31:12.130+0000] {processor.py:186} INFO - Started process (PID=202) to work on /opt/airflow/dags/countries_dag.py
[2026-09-08T00:31:12.135+0000] {processor.py:914} INFO - Processing file /opt/airflow/dags/countries_dag.py for tasks to queue
[2026-09-08T00:31:12.239+0000] {logging_mixin.py:190} INFO - [2026-09-08T00:31:12.178+0000] {dagbag.py:588} INFO - Filling up the DagBag from /opt/airflow/dags/countries_dag.py
[2026-09-08T00:31:12.522+0000] {logging_mixin.py:190} INFO - [2026-09-08T00:31:12.492+0000] {dagbag.py:387} ERROR - Failed to import: /opt/airflow/dags/countries_dag.py
Traceback (most recent call last):
  File "/home/airflow/.local/lib/python3.11/site-packages/airflow/models/dagbag.py", line 383, in parse
    loader.exec_module(new_module)
  File "<frozen importlib._bootstrap_external>", line 940, in exec_module
  File "<frozen importlib._bootstrap>", line 241, in _call_with_frames_removed
  File "/opt/airflow/dags/countries_dag.py", line 6, in <module>
    from ingestion.minio_to_snowflake import run_pipeline
  File "/opt/airflow/ingestion/minio_to_snowflake.py", line 7, in <module>
    from minio import Minio
ModuleNotFoundError: No module named 'minio'
[2026-09-08T00:31:12.529+0000] {processor.py:927} WARNING - No viable dags retrieved from /opt/airflow/dags/countries_dag.py
[2026-09-08T00:31:12.871+0000] {processor.py:208} INFO - Processing /opt/airflow/dags/countries_dag.py took 0.838 seconds
[2026-09-08T00:31:44.226+0000] {processor.py:186} INFO - Started process (PID=208) to work on /opt/airflow/dags/countries_dag.py
[2026-09-08T00:31:44.267+0000] {processor.py:914} INFO - Processing file /opt/airflow/dags/countries_dag.py for tasks to queue
[2026-09-08T00:31:44.367+0000] {logging_mixin.py:190} INFO - [2026-09-08T00:31:44.365+0000] {dagbag.py:588} INFO - Filling up the DagBag from /opt/airflow/dags/countries_dag.py
[2026-09-08T00:31:44.710+0000] {logging_mixin.py:190} INFO - [2026-09-08T00:31:44.674+0000] {dagbag.py:387} ERROR - Failed to import: /opt/airflow/dags/countries_dag.py
Traceback (most recent call last):
  File "/home/airflow/.local/lib/python3.11/site-packages/airflow/models/dagbag.py", line 383, in parse
    loader.exec_module(new_module)
  File "<frozen importlib._bootstrap_external>", line 940, in exec_module
  File "<frozen importlib._bootstrap>", line 241, in _call_with_frames_removed
  File "/opt/airflow/dags/countries_dag.py", line 6, in <module>
    from ingestion.minio_to_snowflake import run_pipeline
  File "/opt/airflow/ingestion/minio_to_snowflake.py", line 7, in <module>
    from minio import Minio
ModuleNotFoundError: No module named 'minio'
[2026-09-08T00:31:44.722+0000] {processor.py:927} WARNING - No viable dags retrieved from /opt/airflow/dags/countries_dag.py
[2026-09-08T00:31:44.866+0000] {processor.py:208} INFO - Processing /opt/airflow/dags/countries_dag.py took 0.811 seconds
[2026-09-08T00:34:29.857+0000] {processor.py:186} INFO - Started process (PID=191) to work on /opt/airflow/dags/countries_dag.py
[2026-09-08T00:34:29.861+0000] {processor.py:914} INFO - Processing file /opt/airflow/dags/countries_dag.py for tasks to queue
[2026-09-08T00:34:29.908+0000] {logging_mixin.py:190} INFO - [2026-09-08T00:34:29.907+0000] {dagbag.py:588} INFO - Filling up the DagBag from /opt/airflow/dags/countries_dag.py
[2026-09-08T00:34:30.906+0000] {logging_mixin.py:190} INFO - [2026-09-08T00:34:30.498+0000] {dagbag.py:387} ERROR - Failed to import: /opt/airflow/dags/countries_dag.py
Traceback (most recent call last):
  File "/home/airflow/.local/lib/python3.11/site-packages/airflow/models/dagbag.py", line 383, in parse
    loader.exec_module(new_module)
  File "<frozen importlib._bootstrap_external>", line 940, in exec_module
  File "<frozen importlib._bootstrap>", line 241, in _call_with_frames_removed
  File "/opt/airflow/dags/countries_dag.py", line 6, in <module>
    from ingestion.minio_to_snowflake import run_pipeline
  File "/opt/airflow/ingestion/minio_to_snowflake.py", line 7, in <module>
    from minio import Minio
ModuleNotFoundError: No module named 'minio'
[2026-09-08T00:34:31.025+0000] {processor.py:927} WARNING - No viable dags retrieved from /opt/airflow/dags/countries_dag.py
[2026-09-08T00:34:31.522+0000] {processor.py:208} INFO - Processing /opt/airflow/dags/countries_dag.py took 1.717 seconds
[2026-09-08T00:35:02.383+0000] {processor.py:186} INFO - Started process (PID=206) to work on /opt/airflow/dags/countries_dag.py
[2026-09-08T00:35:02.395+0000] {processor.py:914} INFO - Processing file /opt/airflow/dags/countries_dag.py for tasks to queue
[2026-09-08T00:35:02.446+0000] {logging_mixin.py:190} INFO - [2026-09-08T00:35:02.406+0000] {dagbag.py:588} INFO - Filling up the DagBag from /opt/airflow/dags/countries_dag.py
[2026-09-08T00:35:02.620+0000] {logging_mixin.py:190} INFO - [2026-09-08T00:35:02.584+0000] {dagbag.py:387} ERROR - Failed to import: /opt/airflow/dags/countries_dag.py
Traceback (most recent call last):
  File "/home/airflow/.local/lib/python3.11/site-packages/airflow/models/dagbag.py", line 383, in parse
    loader.exec_module(new_module)
  File "<frozen importlib._bootstrap_external>", line 940, in exec_module
  File "<frozen importlib._bootstrap>", line 241, in _call_with_frames_removed
  File "/opt/airflow/dags/countries_dag.py", line 6, in <module>
    from ingestion.minio_to_snowflake import run_pipeline
  File "/opt/airflow/ingestion/minio_to_snowflake.py", line 7, in <module>
    from minio import Minio
ModuleNotFoundError: No module named 'minio'
[2026-09-08T00:35:02.629+0000] {processor.py:927} WARNING - No viable dags retrieved from /opt/airflow/dags/countries_dag.py
[2026-09-08T00:35:02.808+0000] {processor.py:208} INFO - Processing /opt/airflow/dags/countries_dag.py took 0.465 seconds
[2026-09-08T00:35:33.041+0000] {processor.py:186} INFO - Started process (PID=211) to work on /opt/airflow/dags/countries_dag.py
[2026-09-08T00:35:33.054+0000] {processor.py:914} INFO - Processing file /opt/airflow/dags/countries_dag.py for tasks to queue
[2026-09-08T00:35:33.064+0000] {logging_mixin.py:190} INFO - [2026-09-08T00:35:33.062+0000] {dagbag.py:588} INFO - Filling up the DagBag from /opt/airflow/dags/countries_dag.py
[2026-09-08T00:35:33.298+0000] {logging_mixin.py:190} INFO - [2026-09-08T00:35:33.242+0000] {dagbag.py:387} ERROR - Failed to import: /opt/airflow/dags/countries_dag.py
Traceback (most recent call last):
  File "/home/airflow/.local/lib/python3.11/site-packages/airflow/models/dagbag.py", line 383, in parse
    loader.exec_module(new_module)
  File "<frozen importlib._bootstrap_external>", line 940, in exec_module
  File "<frozen importlib._bootstrap>", line 241, in _call_with_frames_removed
  File "/opt/airflow/dags/countries_dag.py", line 6, in <module>
    from ingestion.minio_to_snowflake import run_pipeline
  File "/opt/airflow/ingestion/minio_to_snowflake.py", line 7, in <module>
    from minio import Minio
ModuleNotFoundError: No module named 'minio'
[2026-09-08T00:35:33.306+0000] {processor.py:927} WARNING - No viable dags retrieved from /opt/airflow/dags/countries_dag.py
[2026-09-08T00:35:33.444+0000] {processor.py:208} INFO - Processing /opt/airflow/dags/countries_dag.py took 0.435 seconds
[2026-09-08T00:36:04.130+0000] {processor.py:186} INFO - Started process (PID=216) to work on /opt/airflow/dags/countries_dag.py
[2026-09-08T00:36:04.133+0000] {processor.py:914} INFO - Processing file /opt/airflow/dags/countries_dag.py for tasks to queue
[2026-09-08T00:36:04.158+0000] {logging_mixin.py:190} INFO - [2026-09-08T00:36:04.157+0000] {dagbag.py:588} INFO - Filling up the DagBag from /opt/airflow/dags/countries_dag.py
[2026-09-08T00:36:04.674+0000] {logging_mixin.py:190} INFO - [2026-09-08T00:36:04.600+0000] {dagbag.py:387} ERROR - Failed to import: /opt/airflow/dags/countries_dag.py
Traceback (most recent call last):
  File "/home/airflow/.local/lib/python3.11/site-packages/airflow/models/dagbag.py", line 383, in parse
    loader.exec_module(new_module)
  File "<frozen importlib._bootstrap_external>", line 940, in exec_module
  File "<frozen importlib._bootstrap>", line 241, in _call_with_frames_removed
  File "/opt/airflow/dags/countries_dag.py", line 6, in <module>
    from ingestion.minio_to_snowflake import run_pipeline
  File "/opt/airflow/ingestion/minio_to_snowflake.py", line 7, in <module>
    from minio import Minio
ModuleNotFoundError: No module named 'minio'
[2026-09-08T00:36:04.709+0000] {processor.py:927} WARNING - No viable dags retrieved from /opt/airflow/dags/countries_dag.py
[2026-09-08T00:36:04.854+0000] {processor.py:208} INFO - Processing /opt/airflow/dags/countries_dag.py took 0.759 seconds
[2026-09-08T00:36:35.838+0000] {processor.py:186} INFO - Started process (PID=221) to work on /opt/airflow/dags/countries_dag.py
[2026-09-08T00:36:35.854+0000] {processor.py:914} INFO - Processing file /opt/airflow/dags/countries_dag.py for tasks to queue
[2026-09-08T00:36:35.872+0000] {logging_mixin.py:190} INFO - [2026-09-08T00:36:35.871+0000] {dagbag.py:588} INFO - Filling up the DagBag from /opt/airflow/dags/countries_dag.py
[2026-09-08T00:36:36.088+0000] {logging_mixin.py:190} INFO - [2026-09-08T00:36:36.053+0000] {dagbag.py:387} ERROR - Failed to import: /opt/airflow/dags/countries_dag.py
Traceback (most recent call last):
  File "/home/airflow/.local/lib/python3.11/site-packages/airflow/models/dagbag.py", line 383, in parse
    loader.exec_module(new_module)
  File "<frozen importlib._bootstrap_external>", line 940, in exec_module
  File "<frozen importlib._bootstrap>", line 241, in _call_with_frames_removed
  File "/opt/airflow/dags/countries_dag.py", line 6, in <module>
    from ingestion.minio_to_snowflake import run_pipeline
  File "/opt/airflow/ingestion/minio_to_snowflake.py", line 7, in <module>
    from minio import Minio
ModuleNotFoundError: No module named 'minio'
[2026-09-08T00:36:36.114+0000] {processor.py:927} WARNING - No viable dags retrieved from /opt/airflow/dags/countries_dag.py
[2026-09-08T00:36:36.242+0000] {processor.py:208} INFO - Processing /opt/airflow/dags/countries_dag.py took 0.472 seconds
[2026-09-08T00:37:06.832+0000] {processor.py:186} INFO - Started process (PID=226) to work on /opt/airflow/dags/countries_dag.py
[2026-09-08T00:37:06.836+0000] {processor.py:914} INFO - Processing file /opt/airflow/dags/countries_dag.py for tasks to queue
[2026-09-08T00:37:06.854+0000] {logging_mixin.py:190} INFO - [2026-09-08T00:37:06.853+0000] {dagbag.py:588} INFO - Filling up the DagBag from /opt/airflow/dags/countries_dag.py
[2026-09-08T00:37:07.080+0000] {logging_mixin.py:190} INFO - [2026-09-08T00:37:07.049+0000] {dagbag.py:387} ERROR - Failed to import: /opt/airflow/dags/countries_dag.py
Traceback (most recent call last):
  File "/home/airflow/.local/lib/python3.11/site-packages/airflow/models/dagbag.py", line 383, in parse
    loader.exec_module(new_module)
  File "<frozen importlib._bootstrap_external>", line 940, in exec_module
  File "<frozen importlib._bootstrap>", line 241, in _call_with_frames_removed
  File "/opt/airflow/dags/countries_dag.py", line 6, in <module>
    from ingestion.minio_to_snowflake import run_pipeline
  File "/opt/airflow/ingestion/minio_to_snowflake.py", line 7, in <module>
    from minio import Minio
ModuleNotFoundError: No module named 'minio'
[2026-09-08T00:37:07.087+0000] {processor.py:927} WARNING - No viable dags retrieved from /opt/airflow/dags/countries_dag.py
[2026-09-08T00:37:07.186+0000] {processor.py:208} INFO - Processing /opt/airflow/dags/countries_dag.py took 0.399 seconds
[2026-09-08T00:37:40.734+0000] {processor.py:186} INFO - Started process (PID=231) to work on /opt/airflow/dags/countries_dag.py
[2026-09-08T00:37:40.775+0000] {processor.py:914} INFO - Processing file /opt/airflow/dags/countries_dag.py for tasks to queue
[2026-09-08T00:37:41.020+0000] {logging_mixin.py:190} INFO - [2026-09-08T00:37:41.018+0000] {dagbag.py:588} INFO - Filling up the DagBag from /opt/airflow/dags/countries_dag.py
[2026-09-08T00:37:41.575+0000] {logging_mixin.py:190} INFO - [2026-09-08T00:37:41.505+0000] {dagbag.py:387} ERROR - Failed to import: /opt/airflow/dags/countries_dag.py
Traceback (most recent call last):
  File "/home/airflow/.local/lib/python3.11/site-packages/airflow/models/dagbag.py", line 383, in parse
    loader.exec_module(new_module)
  File "<frozen importlib._bootstrap_external>", line 940, in exec_module
  File "<frozen importlib._bootstrap>", line 241, in _call_with_frames_removed
  File "/opt/airflow/dags/countries_dag.py", line 6, in <module>
    from ingestion.minio_to_snowflake import run_pipeline
  File "/opt/airflow/ingestion/minio_to_snowflake.py", line 7, in <module>
    from minio import Minio
ModuleNotFoundError: No module named 'minio'
[2026-09-08T00:37:41.603+0000] {processor.py:927} WARNING - No viable dags retrieved from /opt/airflow/dags/countries_dag.py
[2026-09-08T00:37:41.972+0000] {processor.py:208} INFO - Processing /opt/airflow/dags/countries_dag.py took 3.285 seconds
[2026-09-08T00:38:13.017+0000] {processor.py:186} INFO - Started process (PID=236) to work on /opt/airflow/dags/countries_dag.py
[2026-09-08T00:38:13.046+0000] {processor.py:914} INFO - Processing file /opt/airflow/dags/countries_dag.py for tasks to queue
[2026-09-08T00:38:13.104+0000] {logging_mixin.py:190} INFO - [2026-09-08T00:38:13.078+0000] {dagbag.py:588} INFO - Filling up the DagBag from /opt/airflow/dags/countries_dag.py
[2026-09-08T00:38:13.419+0000] {logging_mixin.py:190} INFO - [2026-09-08T00:38:13.388+0000] {dagbag.py:387} ERROR - Failed to import: /opt/airflow/dags/countries_dag.py
Traceback (most recent call last):
  File "/home/airflow/.local/lib/python3.11/site-packages/airflow/models/dagbag.py", line 383, in parse
    loader.exec_module(new_module)
  File "<frozen importlib._bootstrap_external>", line 940, in exec_module
  File "<frozen importlib._bootstrap>", line 241, in _call_with_frames_removed
  File "/opt/airflow/dags/countries_dag.py", line 6, in <module>
    from ingestion.minio_to_snowflake import run_pipeline
  File "/opt/airflow/ingestion/minio_to_snowflake.py", line 7, in <module>
    from minio import Minio
ModuleNotFoundError: No module named 'minio'
[2026-09-08T00:38:13.431+0000] {processor.py:927} WARNING - No viable dags retrieved from /opt/airflow/dags/countries_dag.py
[2026-09-08T00:38:13.721+0000] {processor.py:208} INFO - Processing /opt/airflow/dags/countries_dag.py took 0.846 seconds
[2026-09-08T00:38:44.762+0000] {processor.py:186} INFO - Started process (PID=241) to work on /opt/airflow/dags/countries_dag.py
[2026-09-08T00:38:44.766+0000] {processor.py:914} INFO - Processing file /opt/airflow/dags/countries_dag.py for tasks to queue
[2026-09-08T00:38:44.781+0000] {logging_mixin.py:190} INFO - [2026-09-08T00:38:44.780+0000] {dagbag.py:588} INFO - Filling up the DagBag from /opt/airflow/dags/countries_dag.py
[2026-09-08T00:38:45.184+0000] {logging_mixin.py:190} INFO - [2026-09-08T00:38:45.115+0000] {dagbag.py:387} ERROR - Failed to import: /opt/airflow/dags/countries_dag.py
Traceback (most recent call last):
  File "/home/airflow/.local/lib/python3.11/site-packages/airflow/models/dagbag.py", line 383, in parse
    loader.exec_module(new_module)
  File "<frozen importlib._bootstrap_external>", line 940, in exec_module
  File "<frozen importlib._bootstrap>", line 241, in _call_with_frames_removed
  File "/opt/airflow/dags/countries_dag.py", line 6, in <module>
    from ingestion.minio_to_snowflake import run_pipeline
  File "/opt/airflow/ingestion/minio_to_snowflake.py", line 7, in <module>
    from minio import Minio
ModuleNotFoundError: No module named 'minio'
[2026-09-08T00:38:45.229+0000] {processor.py:927} WARNING - No viable dags retrieved from /opt/airflow/dags/countries_dag.py
[2026-09-08T00:38:45.398+0000] {processor.py:208} INFO - Processing /opt/airflow/dags/countries_dag.py took 0.674 seconds
[2026-09-08T00:39:15.958+0000] {processor.py:186} INFO - Started process (PID=246) to work on /opt/airflow/dags/countries_dag.py
[2026-09-08T00:39:15.971+0000] {processor.py:914} INFO - Processing file /opt/airflow/dags/countries_dag.py for tasks to queue
[2026-09-08T00:39:15.994+0000] {logging_mixin.py:190} INFO - [2026-09-08T00:39:15.993+0000] {dagbag.py:588} INFO - Filling up the DagBag from /opt/airflow/dags/countries_dag.py
[2026-09-08T00:39:16.337+0000] {logging_mixin.py:190} INFO - [2026-09-08T00:39:16.232+0000] {dagbag.py:387} ERROR - Failed to import: /opt/airflow/dags/countries_dag.py
Traceback (most recent call last):
  File "/home/airflow/.local/lib/python3.11/site-packages/airflow/models/dagbag.py", line 383, in parse
    loader.exec_module(new_module)
  File "<frozen importlib._bootstrap_external>", line 940, in exec_module
  File "<frozen importlib._bootstrap>", line 241, in _call_with_frames_removed
  File "/opt/airflow/dags/countries_dag.py", line 6, in <module>
    from ingestion.minio_to_snowflake import run_pipeline
  File "/opt/airflow/ingestion/minio_to_snowflake.py", line 7, in <module>
    from minio import Minio
ModuleNotFoundError: No module named 'minio'
[2026-09-08T00:39:16.385+0000] {processor.py:927} WARNING - No viable dags retrieved from /opt/airflow/dags/countries_dag.py
[2026-09-08T00:39:16.557+0000] {processor.py:208} INFO - Processing /opt/airflow/dags/countries_dag.py took 0.644 seconds
[2026-09-08T00:39:47.476+0000] {processor.py:186} INFO - Started process (PID=251) to work on /opt/airflow/dags/countries_dag.py
[2026-09-08T00:39:47.488+0000] {processor.py:914} INFO - Processing file /opt/airflow/dags/countries_dag.py for tasks to queue
[2026-09-08T00:39:47.506+0000] {logging_mixin.py:190} INFO - [2026-09-08T00:39:47.499+0000] {dagbag.py:588} INFO - Filling up the DagBag from /opt/airflow/dags/countries_dag.py
[2026-09-08T00:39:47.712+0000] {logging_mixin.py:190} INFO - [2026-09-08T00:39:47.674+0000] {dagbag.py:387} ERROR - Failed to import: /opt/airflow/dags/countries_dag.py
Traceback (most recent call last):
  File "/home/airflow/.local/lib/python3.11/site-packages/airflow/models/dagbag.py", line 383, in parse
    loader.exec_module(new_module)
  File "<frozen importlib._bootstrap_external>", line 940, in exec_module
  File "<frozen importlib._bootstrap>", line 241, in _call_with_frames_removed
  File "/opt/airflow/dags/countries_dag.py", line 6, in <module>
    from ingestion.minio_to_snowflake import run_pipeline
  File "/opt/airflow/ingestion/minio_to_snowflake.py", line 7, in <module>
    from minio import Minio
ModuleNotFoundError: No module named 'minio'
[2026-09-08T00:39:47.727+0000] {processor.py:927} WARNING - No viable dags retrieved from /opt/airflow/dags/countries_dag.py
[2026-09-08T00:39:47.862+0000] {processor.py:208} INFO - Processing /opt/airflow/dags/countries_dag.py took 0.420 seconds
[2026-09-08T00:40:18.428+0000] {processor.py:186} INFO - Started process (PID=256) to work on /opt/airflow/dags/countries_dag.py
[2026-09-08T00:40:18.441+0000] {processor.py:914} INFO - Processing file /opt/airflow/dags/countries_dag.py for tasks to queue
[2026-09-08T00:40:18.450+0000] {logging_mixin.py:190} INFO - [2026-09-08T00:40:18.448+0000] {dagbag.py:588} INFO - Filling up the DagBag from /opt/airflow/dags/countries_dag.py
[2026-09-08T00:40:18.704+0000] {logging_mixin.py:190} INFO - [2026-09-08T00:40:18.675+0000] {dagbag.py:387} ERROR - Failed to import: /opt/airflow/dags/countries_dag.py
Traceback (most recent call last):
  File "/home/airflow/.local/lib/python3.11/site-packages/airflow/models/dagbag.py", line 383, in parse
    loader.exec_module(new_module)
  File "<frozen importlib._bootstrap_external>", line 940, in exec_module
  File "<frozen importlib._bootstrap>", line 241, in _call_with_frames_removed
  File "/opt/airflow/dags/countries_dag.py", line 6, in <module>
    from ingestion.minio_to_snowflake import run_pipeline
  File "/opt/airflow/ingestion/minio_to_snowflake.py", line 7, in <module>
    from minio import Minio
ModuleNotFoundError: No module named 'minio'
[2026-09-08T00:40:18.710+0000] {processor.py:927} WARNING - No viable dags retrieved from /opt/airflow/dags/countries_dag.py
[2026-09-08T00:40:18.847+0000] {processor.py:208} INFO - Processing /opt/airflow/dags/countries_dag.py took 0.469 seconds
[2026-09-08T00:40:49.903+0000] {processor.py:186} INFO - Started process (PID=261) to work on /opt/airflow/dags/countries_dag.py
[2026-09-08T00:40:49.921+0000] {processor.py:914} INFO - Processing file /opt/airflow/dags/countries_dag.py for tasks to queue
[2026-09-08T00:40:49.941+0000] {logging_mixin.py:190} INFO - [2026-09-08T00:40:49.939+0000] {dagbag.py:588} INFO - Filling up the DagBag from /opt/airflow/dags/countries_dag.py
[2026-09-08T00:40:50.222+0000] {logging_mixin.py:190} INFO - [2026-09-08T00:40:50.184+0000] {dagbag.py:387} ERROR - Failed to import: /opt/airflow/dags/countries_dag.py
Traceback (most recent call last):
  File "/home/airflow/.local/lib/python3.11/site-packages/airflow/models/dagbag.py", line 383, in parse
    loader.exec_module(new_module)
  File "<frozen importlib._bootstrap_external>", line 940, in exec_module
  File "<frozen importlib._bootstrap>", line 241, in _call_with_frames_removed
  File "/opt/airflow/dags/countries_dag.py", line 6, in <module>
    from ingestion.minio_to_snowflake import run_pipeline
  File "/opt/airflow/ingestion/minio_to_snowflake.py", line 7, in <module>
    from minio import Minio
ModuleNotFoundError: No module named 'minio'
[2026-09-08T00:40:50.238+0000] {processor.py:927} WARNING - No viable dags retrieved from /opt/airflow/dags/countries_dag.py
[2026-09-08T00:40:50.427+0000] {processor.py:208} INFO - Processing /opt/airflow/dags/countries_dag.py took 0.558 seconds
[2026-09-08T00:41:21.012+0000] {processor.py:186} INFO - Started process (PID=266) to work on /opt/airflow/dags/countries_dag.py
[2026-09-08T00:41:21.018+0000] {processor.py:914} INFO - Processing file /opt/airflow/dags/countries_dag.py for tasks to queue
[2026-09-08T00:41:21.033+0000] {logging_mixin.py:190} INFO - [2026-09-08T00:41:21.032+0000] {dagbag.py:588} INFO - Filling up the DagBag from /opt/airflow/dags/countries_dag.py
[2026-09-08T00:41:21.358+0000] {logging_mixin.py:190} INFO - [2026-09-08T00:41:21.316+0000] {dagbag.py:387} ERROR - Failed to import: /opt/airflow/dags/countries_dag.py
Traceback (most recent call last):
  File "/home/airflow/.local/lib/python3.11/site-packages/airflow/models/dagbag.py", line 383, in parse
    loader.exec_module(new_module)
  File "<frozen importlib._bootstrap_external>", line 940, in exec_module
  File "<frozen importlib._bootstrap>", line 241, in _call_with_frames_removed
  File "/opt/airflow/dags/countries_dag.py", line 6, in <module>
    from ingestion.minio_to_snowflake import run_pipeline
  File "/opt/airflow/ingestion/minio_to_snowflake.py", line 7, in <module>
    from minio import Minio
ModuleNotFoundError: No module named 'minio'
[2026-09-08T00:41:21.368+0000] {processor.py:927} WARNING - No viable dags retrieved from /opt/airflow/dags/countries_dag.py
[2026-09-08T00:41:21.577+0000] {processor.py:208} INFO - Processing /opt/airflow/dags/countries_dag.py took 0.601 seconds
[2026-09-08T00:41:52.683+0000] {processor.py:186} INFO - Started process (PID=271) to work on /opt/airflow/dags/countries_dag.py
[2026-09-08T00:41:52.778+0000] {processor.py:914} INFO - Processing file /opt/airflow/dags/countries_dag.py for tasks to queue
[2026-09-08T00:41:52.807+0000] {logging_mixin.py:190} INFO - [2026-09-08T00:41:52.805+0000] {dagbag.py:588} INFO - Filling up the DagBag from /opt/airflow/dags/countries_dag.py
[2026-09-08T00:41:53.889+0000] {logging_mixin.py:190} INFO - [2026-09-08T00:41:53.691+0000] {dagbag.py:387} ERROR - Failed to import: /opt/airflow/dags/countries_dag.py
Traceback (most recent call last):
  File "/home/airflow/.local/lib/python3.11/site-packages/airflow/models/dagbag.py", line 383, in parse
    loader.exec_module(new_module)
  File "<frozen importlib._bootstrap_external>", line 940, in exec_module
  File "<frozen importlib._bootstrap>", line 241, in _call_with_frames_removed
  File "/opt/airflow/dags/countries_dag.py", line 6, in <module>
    from ingestion.minio_to_snowflake import run_pipeline
  File "/opt/airflow/ingestion/minio_to_snowflake.py", line 7, in <module>
    from minio import Minio
ModuleNotFoundError: No module named 'minio'
[2026-09-08T00:41:53.943+0000] {processor.py:927} WARNING - No viable dags retrieved from /opt/airflow/dags/countries_dag.py
[2026-09-08T00:41:54.174+0000] {processor.py:208} INFO - Processing /opt/airflow/dags/countries_dag.py took 1.662 seconds
[2026-09-08T00:42:24.703+0000] {processor.py:186} INFO - Started process (PID=276) to work on /opt/airflow/dags/countries_dag.py
[2026-09-08T00:42:24.708+0000] {processor.py:914} INFO - Processing file /opt/airflow/dags/countries_dag.py for tasks to queue
[2026-09-08T00:42:24.740+0000] {logging_mixin.py:190} INFO - [2026-09-08T00:42:24.739+0000] {dagbag.py:588} INFO - Filling up the DagBag from /opt/airflow/dags/countries_dag.py
[2026-09-08T00:42:25.089+0000] {logging_mixin.py:190} INFO - [2026-09-08T00:42:25.052+0000] {dagbag.py:387} ERROR - Failed to import: /opt/airflow/dags/countries_dag.py
Traceback (most recent call last):
  File "/home/airflow/.local/lib/python3.11/site-packages/airflow/models/dagbag.py", line 383, in parse
    loader.exec_module(new_module)
  File "<frozen importlib._bootstrap_external>", line 940, in exec_module
  File "<frozen importlib._bootstrap>", line 241, in _call_with_frames_removed
  File "/opt/airflow/dags/countries_dag.py", line 6, in <module>
    from ingestion.minio_to_snowflake import run_pipeline
  File "/opt/airflow/ingestion/minio_to_snowflake.py", line 7, in <module>
    from minio import Minio
ModuleNotFoundError: No module named 'minio'
[2026-09-08T00:42:25.097+0000] {processor.py:927} WARNING - No viable dags retrieved from /opt/airflow/dags/countries_dag.py
[2026-09-08T00:42:25.219+0000] {processor.py:208} INFO - Processing /opt/airflow/dags/countries_dag.py took 0.563 seconds
[2026-09-08T00:42:56.242+0000] {processor.py:186} INFO - Started process (PID=281) to work on /opt/airflow/dags/countries_dag.py
[2026-09-08T00:42:56.245+0000] {processor.py:914} INFO - Processing file /opt/airflow/dags/countries_dag.py for tasks to queue
[2026-09-08T00:42:56.269+0000] {logging_mixin.py:190} INFO - [2026-09-08T00:42:56.266+0000] {dagbag.py:588} INFO - Filling up the DagBag from /opt/airflow/dags/countries_dag.py
[2026-09-08T00:42:56.435+0000] {logging_mixin.py:190} INFO - [2026-09-08T00:42:56.390+0000] {dagbag.py:387} ERROR - Failed to import: /opt/airflow/dags/countries_dag.py
Traceback (most recent call last):
  File "/home/airflow/.local/lib/python3.11/site-packages/airflow/models/dagbag.py", line 383, in parse
    loader.exec_module(new_module)
  File "<frozen importlib._bootstrap_external>", line 940, in exec_module
  File "<frozen importlib._bootstrap>", line 241, in _call_with_frames_removed
  File "/opt/airflow/dags/countries_dag.py", line 6, in <module>
    from ingestion.minio_to_snowflake import run_pipeline
  File "/opt/airflow/ingestion/minio_to_snowflake.py", line 7, in <module>
    from minio import Minio
ModuleNotFoundError: No module named 'minio'
[2026-09-08T00:42:56.451+0000] {processor.py:927} WARNING - No viable dags retrieved from /opt/airflow/dags/countries_dag.py
[2026-09-08T00:42:56.591+0000] {processor.py:208} INFO - Processing /opt/airflow/dags/countries_dag.py took 0.427 seconds
[2026-09-08T00:43:27.474+0000] {processor.py:186} INFO - Started process (PID=286) to work on /opt/airflow/dags/countries_dag.py
[2026-09-08T00:43:27.482+0000] {processor.py:914} INFO - Processing file /opt/airflow/dags/countries_dag.py for tasks to queue
[2026-09-08T00:43:27.496+0000] {logging_mixin.py:190} INFO - [2026-09-08T00:43:27.494+0000] {dagbag.py:588} INFO - Filling up the DagBag from /opt/airflow/dags/countries_dag.py
[2026-09-08T00:43:27.709+0000] {logging_mixin.py:190} INFO - [2026-09-08T00:43:27.671+0000] {dagbag.py:387} ERROR - Failed to import: /opt/airflow/dags/countries_dag.py
Traceback (most recent call last):
  File "/home/airflow/.local/lib/python3.11/site-packages/airflow/models/dagbag.py", line 383, in parse
    loader.exec_module(new_module)
  File "<frozen importlib._bootstrap_external>", line 940, in exec_module
  File "<frozen importlib._bootstrap>", line 241, in _call_with_frames_removed
  File "/opt/airflow/dags/countries_dag.py", line 6, in <module>
    from ingestion.minio_to_snowflake import run_pipeline
  File "/opt/airflow/ingestion/minio_to_snowflake.py", line 7, in <module>
    from minio import Minio
ModuleNotFoundError: No module named 'minio'
[2026-09-08T00:43:27.716+0000] {processor.py:927} WARNING - No viable dags retrieved from /opt/airflow/dags/countries_dag.py
[2026-09-08T00:43:27.868+0000] {processor.py:208} INFO - Processing /opt/airflow/dags/countries_dag.py took 0.511 seconds
[2026-09-08T00:43:58.810+0000] {processor.py:186} INFO - Started process (PID=291) to work on /opt/airflow/dags/countries_dag.py
[2026-09-08T00:43:58.828+0000] {processor.py:914} INFO - Processing file /opt/airflow/dags/countries_dag.py for tasks to queue
[2026-09-08T00:43:58.937+0000] {logging_mixin.py:190} INFO - [2026-09-08T00:43:58.899+0000] {dagbag.py:588} INFO - Filling up the DagBag from /opt/airflow/dags/countries_dag.py
[2026-09-08T00:43:59.296+0000] {logging_mixin.py:190} INFO - [2026-09-08T00:43:59.241+0000] {dagbag.py:387} ERROR - Failed to import: /opt/airflow/dags/countries_dag.py
Traceback (most recent call last):
  File "/home/airflow/.local/lib/python3.11/site-packages/airflow/models/dagbag.py", line 383, in parse
    loader.exec_module(new_module)
  File "<frozen importlib._bootstrap_external>", line 940, in exec_module
  File "<frozen importlib._bootstrap>", line 241, in _call_with_frames_removed
  File "/opt/airflow/dags/countries_dag.py", line 6, in <module>
    from ingestion.minio_to_snowflake import run_pipeline
  File "/opt/airflow/ingestion/minio_to_snowflake.py", line 7, in <module>
    from minio import Minio
ModuleNotFoundError: No module named 'minio'
[2026-09-08T00:43:59.311+0000] {processor.py:927} WARNING - No viable dags retrieved from /opt/airflow/dags/countries_dag.py
[2026-09-08T00:43:59.467+0000] {processor.py:208} INFO - Processing /opt/airflow/dags/countries_dag.py took 0.770 seconds
[2026-09-08T00:44:29.954+0000] {processor.py:186} INFO - Started process (PID=296) to work on /opt/airflow/dags/countries_dag.py
[2026-09-08T00:44:29.966+0000] {processor.py:914} INFO - Processing file /opt/airflow/dags/countries_dag.py for tasks to queue
[2026-09-08T00:44:29.992+0000] {logging_mixin.py:190} INFO - [2026-09-08T00:44:29.991+0000] {dagbag.py:588} INFO - Filling up the DagBag from /opt/airflow/dags/countries_dag.py
[2026-09-08T00:44:30.201+0000] {logging_mixin.py:190} INFO - [2026-09-08T00:44:30.177+0000] {dagbag.py:387} ERROR - Failed to import: /opt/airflow/dags/countries_dag.py
Traceback (most recent call last):
  File "/home/airflow/.local/lib/python3.11/site-packages/airflow/models/dagbag.py", line 383, in parse
    loader.exec_module(new_module)
  File "<frozen importlib._bootstrap_external>", line 940, in exec_module
  File "<frozen importlib._bootstrap>", line 241, in _call_with_frames_removed
  File "/opt/airflow/dags/countries_dag.py", line 6, in <module>
    from ingestion.minio_to_snowflake import run_pipeline
  File "/opt/airflow/ingestion/minio_to_snowflake.py", line 7, in <module>
    from minio import Minio
ModuleNotFoundError: No module named 'minio'
[2026-09-08T00:44:30.215+0000] {processor.py:927} WARNING - No viable dags retrieved from /opt/airflow/dags/countries_dag.py
[2026-09-08T00:44:30.340+0000] {processor.py:208} INFO - Processing /opt/airflow/dags/countries_dag.py took 0.439 seconds
[2026-09-08T00:45:01.258+0000] {processor.py:186} INFO - Started process (PID=301) to work on /opt/airflow/dags/countries_dag.py
[2026-09-08T00:45:01.262+0000] {processor.py:914} INFO - Processing file /opt/airflow/dags/countries_dag.py for tasks to queue
[2026-09-08T00:45:01.277+0000] {logging_mixin.py:190} INFO - [2026-09-08T00:45:01.276+0000] {dagbag.py:588} INFO - Filling up the DagBag from /opt/airflow/dags/countries_dag.py
[2026-09-08T00:45:01.437+0000] {logging_mixin.py:190} INFO - [2026-09-08T00:45:01.408+0000] {dagbag.py:387} ERROR - Failed to import: /opt/airflow/dags/countries_dag.py
Traceback (most recent call last):
  File "/home/airflow/.local/lib/python3.11/site-packages/airflow/models/dagbag.py", line 383, in parse
    loader.exec_module(new_module)
  File "<frozen importlib._bootstrap_external>", line 940, in exec_module
  File "<frozen importlib._bootstrap>", line 241, in _call_with_frames_removed
  File "/opt/airflow/dags/countries_dag.py", line 6, in <module>
    from ingestion.minio_to_snowflake import run_pipeline
  File "/opt/airflow/ingestion/minio_to_snowflake.py", line 7, in <module>
    from minio import Minio
ModuleNotFoundError: No module named 'minio'
[2026-09-08T00:45:01.446+0000] {processor.py:927} WARNING - No viable dags retrieved from /opt/airflow/dags/countries_dag.py
[2026-09-08T00:45:01.542+0000] {processor.py:208} INFO - Processing /opt/airflow/dags/countries_dag.py took 0.320 seconds
[2026-09-08T00:45:32.230+0000] {processor.py:186} INFO - Started process (PID=306) to work on /opt/airflow/dags/countries_dag.py
[2026-09-08T00:45:32.235+0000] {processor.py:914} INFO - Processing file /opt/airflow/dags/countries_dag.py for tasks to queue
[2026-09-08T00:45:32.258+0000] {logging_mixin.py:190} INFO - [2026-09-08T00:45:32.254+0000] {dagbag.py:588} INFO - Filling up the DagBag from /opt/airflow/dags/countries_dag.py
[2026-09-08T00:45:32.506+0000] {logging_mixin.py:190} INFO - [2026-09-08T00:45:32.460+0000] {dagbag.py:387} ERROR - Failed to import: /opt/airflow/dags/countries_dag.py
Traceback (most recent call last):
  File "/home/airflow/.local/lib/python3.11/site-packages/airflow/models/dagbag.py", line 383, in parse
    loader.exec_module(new_module)
  File "<frozen importlib._bootstrap_external>", line 940, in exec_module
  File "<frozen importlib._bootstrap>", line 241, in _call_with_frames_removed
  File "/opt/airflow/dags/countries_dag.py", line 6, in <module>
    from ingestion.minio_to_snowflake import run_pipeline
  File "/opt/airflow/ingestion/minio_to_snowflake.py", line 7, in <module>
    from minio import Minio
ModuleNotFoundError: No module named 'minio'
[2026-09-08T00:45:32.519+0000] {processor.py:927} WARNING - No viable dags retrieved from /opt/airflow/dags/countries_dag.py
[2026-09-08T00:45:32.597+0000] {processor.py:208} INFO - Processing /opt/airflow/dags/countries_dag.py took 0.404 seconds
[2026-09-08T00:46:02.871+0000] {processor.py:186} INFO - Started process (PID=311) to work on /opt/airflow/dags/countries_dag.py
[2026-09-08T00:46:02.877+0000] {processor.py:914} INFO - Processing file /opt/airflow/dags/countries_dag.py for tasks to queue
[2026-09-08T00:46:02.890+0000] {logging_mixin.py:190} INFO - [2026-09-08T00:46:02.889+0000] {dagbag.py:588} INFO - Filling up the DagBag from /opt/airflow/dags/countries_dag.py
[2026-09-08T00:46:03.084+0000] {logging_mixin.py:190} INFO - [2026-09-08T00:46:03.060+0000] {dagbag.py:387} ERROR - Failed to import: /opt/airflow/dags/countries_dag.py
Traceback (most recent call last):
  File "/home/airflow/.local/lib/python3.11/site-packages/airflow/models/dagbag.py", line 383, in parse
    loader.exec_module(new_module)
  File "<frozen importlib._bootstrap_external>", line 940, in exec_module
  File "<frozen importlib._bootstrap>", line 241, in _call_with_frames_removed
  File "/opt/airflow/dags/countries_dag.py", line 6, in <module>
    from ingestion.minio_to_snowflake import run_pipeline
  File "/opt/airflow/ingestion/minio_to_snowflake.py", line 7, in <module>
    from minio import Minio
ModuleNotFoundError: No module named 'minio'
[2026-09-08T00:46:03.097+0000] {processor.py:927} WARNING - No viable dags retrieved from /opt/airflow/dags/countries_dag.py
[2026-09-08T00:46:03.223+0000] {processor.py:208} INFO - Processing /opt/airflow/dags/countries_dag.py took 0.382 seconds
[2026-09-08T00:46:33.729+0000] {processor.py:186} INFO - Started process (PID=316) to work on /opt/airflow/dags/countries_dag.py
[2026-09-08T00:46:33.742+0000] {processor.py:914} INFO - Processing file /opt/airflow/dags/countries_dag.py for tasks to queue
[2026-09-08T00:46:33.759+0000] {logging_mixin.py:190} INFO - [2026-09-08T00:46:33.758+0000] {dagbag.py:588} INFO - Filling up the DagBag from /opt/airflow/dags/countries_dag.py
[2026-09-08T00:46:33.987+0000] {logging_mixin.py:190} INFO - [2026-09-08T00:46:33.959+0000] {dagbag.py:387} ERROR - Failed to import: /opt/airflow/dags/countries_dag.py
Traceback (most recent call last):
  File "/home/airflow/.local/lib/python3.11/site-packages/airflow/models/dagbag.py", line 383, in parse
    loader.exec_module(new_module)
  File "<frozen importlib._bootstrap_external>", line 940, in exec_module
  File "<frozen importlib._bootstrap>", line 241, in _call_with_frames_removed
  File "/opt/airflow/dags/countries_dag.py", line 6, in <module>
    from ingestion.minio_to_snowflake import run_pipeline
  File "/opt/airflow/ingestion/minio_to_snowflake.py", line 7, in <module>
    from minio import Minio
ModuleNotFoundError: No module named 'minio'
[2026-09-08T00:46:33.994+0000] {processor.py:927} WARNING - No viable dags retrieved from /opt/airflow/dags/countries_dag.py
[2026-09-08T00:46:34.529+0000] {processor.py:208} INFO - Processing /opt/airflow/dags/countries_dag.py took 0.840 seconds
[2026-09-08T00:47:05.374+0000] {processor.py:186} INFO - Started process (PID=321) to work on /opt/airflow/dags/countries_dag.py
[2026-09-08T00:47:05.379+0000] {processor.py:914} INFO - Processing file /opt/airflow/dags/countries_dag.py for tasks to queue
[2026-09-08T00:47:05.397+0000] {logging_mixin.py:190} INFO - [2026-09-08T00:47:05.394+0000] {dagbag.py:588} INFO - Filling up the DagBag from /opt/airflow/dags/countries_dag.py
[2026-09-08T00:47:05.563+0000] {logging_mixin.py:190} INFO - [2026-09-08T00:47:05.539+0000] {dagbag.py:387} ERROR - Failed to import: /opt/airflow/dags/countries_dag.py
Traceback (most recent call last):
  File "/home/airflow/.local/lib/python3.11/site-packages/airflow/models/dagbag.py", line 383, in parse
    loader.exec_module(new_module)
  File "<frozen importlib._bootstrap_external>", line 940, in exec_module
  File "<frozen importlib._bootstrap>", line 241, in _call_with_frames_removed
  File "/opt/airflow/dags/countries_dag.py", line 6, in <module>
    from ingestion.minio_to_snowflake import run_pipeline
  File "/opt/airflow/ingestion/minio_to_snowflake.py", line 7, in <module>
    from minio import Minio
ModuleNotFoundError: No module named 'minio'
[2026-09-08T00:47:05.569+0000] {processor.py:927} WARNING - No viable dags retrieved from /opt/airflow/dags/countries_dag.py
[2026-09-08T00:47:05.997+0000] {processor.py:208} INFO - Processing /opt/airflow/dags/countries_dag.py took 0.660 seconds
[2026-09-08T00:47:37.604+0000] {processor.py:186} INFO - Started process (PID=326) to work on /opt/airflow/dags/countries_dag.py
[2026-09-08T00:47:37.653+0000] {processor.py:914} INFO - Processing file /opt/airflow/dags/countries_dag.py for tasks to queue
[2026-09-08T00:47:37.679+0000] {logging_mixin.py:190} INFO - [2026-09-08T00:47:37.678+0000] {dagbag.py:588} INFO - Filling up the DagBag from /opt/airflow/dags/countries_dag.py
[2026-09-08T00:47:37.863+0000] {logging_mixin.py:190} INFO - [2026-09-08T00:47:37.841+0000] {dagbag.py:387} ERROR - Failed to import: /opt/airflow/dags/countries_dag.py
Traceback (most recent call last):
  File "/home/airflow/.local/lib/python3.11/site-packages/airflow/models/dagbag.py", line 383, in parse
    loader.exec_module(new_module)
  File "<frozen importlib._bootstrap_external>", line 940, in exec_module
  File "<frozen importlib._bootstrap>", line 241, in _call_with_frames_removed
  File "/opt/airflow/dags/countries_dag.py", line 6, in <module>
    from ingestion.minio_to_snowflake import run_pipeline
  File "/opt/airflow/ingestion/minio_to_snowflake.py", line 7, in <module>
    from minio import Minio
ModuleNotFoundError: No module named 'minio'
[2026-09-08T00:47:37.869+0000] {processor.py:927} WARNING - No viable dags retrieved from /opt/airflow/dags/countries_dag.py
[2026-09-08T00:47:37.972+0000] {processor.py:208} INFO - Processing /opt/airflow/dags/countries_dag.py took 0.492 seconds
[2026-09-08T00:48:09.554+0000] {processor.py:186} INFO - Started process (PID=331) to work on /opt/airflow/dags/countries_dag.py
[2026-09-08T00:48:09.566+0000] {processor.py:914} INFO - Processing file /opt/airflow/dags/countries_dag.py for tasks to queue
[2026-09-08T00:48:09.574+0000] {logging_mixin.py:190} INFO - [2026-09-08T00:48:09.573+0000] {dagbag.py:588} INFO - Filling up the DagBag from /opt/airflow/dags/countries_dag.py
[2026-09-08T00:48:09.896+0000] {logging_mixin.py:190} INFO - [2026-09-08T00:48:09.804+0000] {dagbag.py:387} ERROR - Failed to import: /opt/airflow/dags/countries_dag.py
Traceback (most recent call last):
  File "/home/airflow/.local/lib/python3.11/site-packages/airflow/models/dagbag.py", line 383, in parse
    loader.exec_module(new_module)
  File "<frozen importlib._bootstrap_external>", line 940, in exec_module
  File "<frozen importlib._bootstrap>", line 241, in _call_with_frames_removed
  File "/opt/airflow/dags/countries_dag.py", line 6, in <module>
    from ingestion.minio_to_snowflake import run_pipeline
  File "/opt/airflow/ingestion/minio_to_snowflake.py", line 7, in <module>
    from minio import Minio
ModuleNotFoundError: No module named 'minio'
[2026-09-08T00:48:09.912+0000] {processor.py:927} WARNING - No viable dags retrieved from /opt/airflow/dags/countries_dag.py
[2026-09-08T00:48:10.387+0000] {processor.py:208} INFO - Processing /opt/airflow/dags/countries_dag.py took 0.888 seconds
[2026-09-08T00:48:41.396+0000] {processor.py:186} INFO - Started process (PID=336) to work on /opt/airflow/dags/countries_dag.py
[2026-09-08T00:48:41.408+0000] {processor.py:914} INFO - Processing file /opt/airflow/dags/countries_dag.py for tasks to queue
[2026-09-08T00:48:41.415+0000] {logging_mixin.py:190} INFO - [2026-09-08T00:48:41.415+0000] {dagbag.py:588} INFO - Filling up the DagBag from /opt/airflow/dags/countries_dag.py
[2026-09-08T00:48:41.560+0000] {logging_mixin.py:190} INFO - [2026-09-08T00:48:41.537+0000] {dagbag.py:387} ERROR - Failed to import: /opt/airflow/dags/countries_dag.py
Traceback (most recent call last):
  File "/home/airflow/.local/lib/python3.11/site-packages/airflow/models/dagbag.py", line 383, in parse
    loader.exec_module(new_module)
  File "<frozen importlib._bootstrap_external>", line 940, in exec_module
  File "<frozen importlib._bootstrap>", line 241, in _call_with_frames_removed
  File "/opt/airflow/dags/countries_dag.py", line 6, in <module>
    from ingestion.minio_to_snowflake import run_pipeline
  File "/opt/airflow/ingestion/minio_to_snowflake.py", line 7, in <module>
    from minio import Minio
ModuleNotFoundError: No module named 'minio'
[2026-09-08T00:48:41.573+0000] {processor.py:927} WARNING - No viable dags retrieved from /opt/airflow/dags/countries_dag.py
[2026-09-08T00:48:41.713+0000] {processor.py:208} INFO - Processing /opt/airflow/dags/countries_dag.py took 0.347 seconds
[2026-09-08T00:49:12.402+0000] {processor.py:186} INFO - Started process (PID=341) to work on /opt/airflow/dags/countries_dag.py
[2026-09-08T00:49:12.406+0000] {processor.py:914} INFO - Processing file /opt/airflow/dags/countries_dag.py for tasks to queue
[2026-09-08T00:49:12.425+0000] {logging_mixin.py:190} INFO - [2026-09-08T00:49:12.423+0000] {dagbag.py:588} INFO - Filling up the DagBag from /opt/airflow/dags/countries_dag.py
[2026-09-08T00:49:12.628+0000] {logging_mixin.py:190} INFO - [2026-09-08T00:49:12.583+0000] {dagbag.py:387} ERROR - Failed to import: /opt/airflow/dags/countries_dag.py
Traceback (most recent call last):
  File "/home/airflow/.local/lib/python3.11/site-packages/airflow/models/dagbag.py", line 383, in parse
    loader.exec_module(new_module)
  File "<frozen importlib._bootstrap_external>", line 940, in exec_module
  File "<frozen importlib._bootstrap>", line 241, in _call_with_frames_removed
  File "/opt/airflow/dags/countries_dag.py", line 6, in <module>
    from ingestion.minio_to_snowflake import run_pipeline
  File "/opt/airflow/ingestion/minio_to_snowflake.py", line 7, in <module>
    from minio import Minio
ModuleNotFoundError: No module named 'minio'
[2026-09-08T00:49:12.634+0000] {processor.py:927} WARNING - No viable dags retrieved from /opt/airflow/dags/countries_dag.py
[2026-09-08T00:49:12.750+0000] {processor.py:208} INFO - Processing /opt/airflow/dags/countries_dag.py took 0.405 seconds
[2026-09-08T00:49:43.427+0000] {processor.py:186} INFO - Started process (PID=346) to work on /opt/airflow/dags/countries_dag.py
[2026-09-08T00:49:43.435+0000] {processor.py:914} INFO - Processing file /opt/airflow/dags/countries_dag.py for tasks to queue
[2026-09-08T00:49:43.443+0000] {logging_mixin.py:190} INFO - [2026-09-08T00:49:43.442+0000] {dagbag.py:588} INFO - Filling up the DagBag from /opt/airflow/dags/countries_dag.py
[2026-09-08T00:49:43.579+0000] {logging_mixin.py:190} INFO - [2026-09-08T00:49:43.548+0000] {dagbag.py:387} ERROR - Failed to import: /opt/airflow/dags/countries_dag.py
Traceback (most recent call last):
  File "/home/airflow/.local/lib/python3.11/site-packages/airflow/models/dagbag.py", line 383, in parse
    loader.exec_module(new_module)
  File "<frozen importlib._bootstrap_external>", line 940, in exec_module
  File "<frozen importlib._bootstrap>", line 241, in _call_with_frames_removed
  File "/opt/airflow/dags/countries_dag.py", line 6, in <module>
    from ingestion.minio_to_snowflake import run_pipeline
  File "/opt/airflow/ingestion/minio_to_snowflake.py", line 7, in <module>
    from minio import Minio
ModuleNotFoundError: No module named 'minio'
[2026-09-08T00:49:43.593+0000] {processor.py:927} WARNING - No viable dags retrieved from /opt/airflow/dags/countries_dag.py
[2026-09-08T00:49:43.691+0000] {processor.py:208} INFO - Processing /opt/airflow/dags/countries_dag.py took 0.293 seconds
[2026-09-08T00:50:14.377+0000] {processor.py:186} INFO - Started process (PID=351) to work on /opt/airflow/dags/countries_dag.py
[2026-09-08T00:50:14.383+0000] {processor.py:914} INFO - Processing file /opt/airflow/dags/countries_dag.py for tasks to queue
[2026-09-08T00:50:14.407+0000] {logging_mixin.py:190} INFO - [2026-09-08T00:50:14.404+0000] {dagbag.py:588} INFO - Filling up the DagBag from /opt/airflow/dags/countries_dag.py
[2026-09-08T00:50:14.867+0000] {logging_mixin.py:190} INFO - [2026-09-08T00:50:14.751+0000] {dagbag.py:387} ERROR - Failed to import: /opt/airflow/dags/countries_dag.py
Traceback (most recent call last):
  File "/home/airflow/.local/lib/python3.11/site-packages/airflow/models/dagbag.py", line 383, in parse
    loader.exec_module(new_module)
  File "<frozen importlib._bootstrap_external>", line 940, in exec_module
  File "<frozen importlib._bootstrap>", line 241, in _call_with_frames_removed
  File "/opt/airflow/dags/countries_dag.py", line 6, in <module>
    from ingestion.minio_to_snowflake import run_pipeline
  File "/opt/airflow/ingestion/minio_to_snowflake.py", line 7, in <module>
    from minio import Minio
ModuleNotFoundError: No module named 'minio'
[2026-09-08T00:50:14.892+0000] {processor.py:927} WARNING - No viable dags retrieved from /opt/airflow/dags/countries_dag.py
[2026-09-08T00:50:15.102+0000] {processor.py:208} INFO - Processing /opt/airflow/dags/countries_dag.py took 0.787 seconds
[2026-09-08T00:50:45.858+0000] {processor.py:186} INFO - Started process (PID=356) to work on /opt/airflow/dags/countries_dag.py
[2026-09-08T00:50:45.891+0000] {processor.py:914} INFO - Processing file /opt/airflow/dags/countries_dag.py for tasks to queue
[2026-09-08T00:50:45.913+0000] {logging_mixin.py:190} INFO - [2026-09-08T00:50:45.912+0000] {dagbag.py:588} INFO - Filling up the DagBag from /opt/airflow/dags/countries_dag.py
[2026-09-08T00:50:46.167+0000] {logging_mixin.py:190} INFO - [2026-09-08T00:50:46.102+0000] {dagbag.py:387} ERROR - Failed to import: /opt/airflow/dags/countries_dag.py
Traceback (most recent call last):
  File "/home/airflow/.local/lib/python3.11/site-packages/airflow/models/dagbag.py", line 383, in parse
    loader.exec_module(new_module)
  File "<frozen importlib._bootstrap_external>", line 940, in exec_module
  File "<frozen importlib._bootstrap>", line 241, in _call_with_frames_removed
  File "/opt/airflow/dags/countries_dag.py", line 6, in <module>
    from ingestion.minio_to_snowflake import run_pipeline
  File "/opt/airflow/ingestion/minio_to_snowflake.py", line 7, in <module>
    from minio import Minio
ModuleNotFoundError: No module named 'minio'
[2026-09-08T00:50:46.211+0000] {processor.py:927} WARNING - No viable dags retrieved from /opt/airflow/dags/countries_dag.py
[2026-09-08T00:50:46.509+0000] {processor.py:208} INFO - Processing /opt/airflow/dags/countries_dag.py took 0.689 seconds
[2026-09-08T00:51:19.722+0000] {processor.py:186} INFO - Started process (PID=361) to work on /opt/airflow/dags/countries_dag.py
[2026-09-08T00:51:19.731+0000] {processor.py:914} INFO - Processing file /opt/airflow/dags/countries_dag.py for tasks to queue
[2026-09-08T00:51:19.739+0000] {logging_mixin.py:190} INFO - [2026-09-08T00:51:19.738+0000] {dagbag.py:588} INFO - Filling up the DagBag from /opt/airflow/dags/countries_dag.py
[2026-09-08T00:51:19.919+0000] {logging_mixin.py:190} INFO - [2026-09-08T00:51:19.890+0000] {dagbag.py:387} ERROR - Failed to import: /opt/airflow/dags/countries_dag.py
Traceback (most recent call last):
  File "/home/airflow/.local/lib/python3.11/site-packages/airflow/models/dagbag.py", line 383, in parse
    loader.exec_module(new_module)
  File "<frozen importlib._bootstrap_external>", line 940, in exec_module
  File "<frozen importlib._bootstrap>", line 241, in _call_with_frames_removed
  File "/opt/airflow/dags/countries_dag.py", line 6, in <module>
    from ingestion.minio_to_snowflake import run_pipeline
  File "/opt/airflow/ingestion/minio_to_snowflake.py", line 7, in <module>
    from minio import Minio
ModuleNotFoundError: No module named 'minio'
[2026-09-08T00:51:19.953+0000] {processor.py:927} WARNING - No viable dags retrieved from /opt/airflow/dags/countries_dag.py
[2026-09-08T00:51:20.203+0000] {processor.py:208} INFO - Processing /opt/airflow/dags/countries_dag.py took 0.508 seconds
[2026-09-08T00:51:51.384+0000] {processor.py:186} INFO - Started process (PID=366) to work on /opt/airflow/dags/countries_dag.py
[2026-09-08T00:51:51.404+0000] {processor.py:914} INFO - Processing file /opt/airflow/dags/countries_dag.py for tasks to queue
[2026-09-08T00:51:51.414+0000] {logging_mixin.py:190} INFO - [2026-09-08T00:51:51.413+0000] {dagbag.py:588} INFO - Filling up the DagBag from /opt/airflow/dags/countries_dag.py
[2026-09-08T00:51:51.681+0000] {logging_mixin.py:190} INFO - [2026-09-08T00:51:51.625+0000] {dagbag.py:387} ERROR - Failed to import: /opt/airflow/dags/countries_dag.py
Traceback (most recent call last):
  File "/home/airflow/.local/lib/python3.11/site-packages/airflow/models/dagbag.py", line 383, in parse
    loader.exec_module(new_module)
  File "<frozen importlib._bootstrap_external>", line 940, in exec_module
  File "<frozen importlib._bootstrap>", line 241, in _call_with_frames_removed
  File "/opt/airflow/dags/countries_dag.py", line 6, in <module>
    from ingestion.minio_to_snowflake import run_pipeline
  File "/opt/airflow/ingestion/minio_to_snowflake.py", line 7, in <module>
    from minio import Minio
ModuleNotFoundError: No module named 'minio'
[2026-09-08T00:51:51.695+0000] {processor.py:927} WARNING - No viable dags retrieved from /opt/airflow/dags/countries_dag.py
[2026-09-08T00:51:51.949+0000] {processor.py:208} INFO - Processing /opt/airflow/dags/countries_dag.py took 0.603 seconds
[2026-09-08T00:52:22.284+0000] {processor.py:186} INFO - Started process (PID=371) to work on /opt/airflow/dags/countries_dag.py
[2026-09-08T00:52:22.290+0000] {processor.py:914} INFO - Processing file /opt/airflow/dags/countries_dag.py for tasks to queue
[2026-09-08T00:52:22.301+0000] {logging_mixin.py:190} INFO - [2026-09-08T00:52:22.299+0000] {dagbag.py:588} INFO - Filling up the DagBag from /opt/airflow/dags/countries_dag.py
[2026-09-08T00:52:22.519+0000] {logging_mixin.py:190} INFO - [2026-09-08T00:52:22.477+0000] {dagbag.py:387} ERROR - Failed to import: /opt/airflow/dags/countries_dag.py
Traceback (most recent call last):
  File "/home/airflow/.local/lib/python3.11/site-packages/airflow/models/dagbag.py", line 383, in parse
    loader.exec_module(new_module)
  File "<frozen importlib._bootstrap_external>", line 940, in exec_module
  File "<frozen importlib._bootstrap>", line 241, in _call_with_frames_removed
  File "/opt/airflow/dags/countries_dag.py", line 6, in <module>
    from ingestion.minio_to_snowflake import run_pipeline
  File "/opt/airflow/ingestion/minio_to_snowflake.py", line 7, in <module>
    from minio import Minio
ModuleNotFoundError: No module named 'minio'
[2026-09-08T00:52:22.542+0000] {processor.py:927} WARNING - No viable dags retrieved from /opt/airflow/dags/countries_dag.py
[2026-09-08T00:52:22.880+0000] {processor.py:208} INFO - Processing /opt/airflow/dags/countries_dag.py took 0.635 seconds
[2026-09-08T00:52:53.801+0000] {processor.py:186} INFO - Started process (PID=376) to work on /opt/airflow/dags/countries_dag.py
[2026-09-08T00:52:53.816+0000] {processor.py:914} INFO - Processing file /opt/airflow/dags/countries_dag.py for tasks to queue
[2026-09-08T00:52:53.875+0000] {logging_mixin.py:190} INFO - [2026-09-08T00:52:53.864+0000] {dagbag.py:588} INFO - Filling up the DagBag from /opt/airflow/dags/countries_dag.py
[2026-09-08T00:52:54.157+0000] {logging_mixin.py:190} INFO - [2026-09-08T00:52:54.106+0000] {dagbag.py:387} ERROR - Failed to import: /opt/airflow/dags/countries_dag.py
Traceback (most recent call last):
  File "/home/airflow/.local/lib/python3.11/site-packages/airflow/models/dagbag.py", line 383, in parse
    loader.exec_module(new_module)
  File "<frozen importlib._bootstrap_external>", line 940, in exec_module
  File "<frozen importlib._bootstrap>", line 241, in _call_with_frames_removed
  File "/opt/airflow/dags/countries_dag.py", line 6, in <module>
    from ingestion.minio_to_snowflake import run_pipeline
  File "/opt/airflow/ingestion/minio_to_snowflake.py", line 7, in <module>
    from minio import Minio
ModuleNotFoundError: No module named 'minio'
[2026-09-08T00:52:54.176+0000] {processor.py:927} WARNING - No viable dags retrieved from /opt/airflow/dags/countries_dag.py
[2026-09-08T00:52:54.259+0000] {processor.py:208} INFO - Processing /opt/airflow/dags/countries_dag.py took 0.496 seconds
[2026-09-08T00:53:24.870+0000] {processor.py:186} INFO - Started process (PID=381) to work on /opt/airflow/dags/countries_dag.py
[2026-09-08T00:53:24.896+0000] {processor.py:914} INFO - Processing file /opt/airflow/dags/countries_dag.py for tasks to queue
[2026-09-08T00:53:24.910+0000] {logging_mixin.py:190} INFO - [2026-09-08T00:53:24.909+0000] {dagbag.py:588} INFO - Filling up the DagBag from /opt/airflow/dags/countries_dag.py
[2026-09-08T00:53:25.207+0000] {logging_mixin.py:190} INFO - [2026-09-08T00:53:25.137+0000] {dagbag.py:387} ERROR - Failed to import: /opt/airflow/dags/countries_dag.py
Traceback (most recent call last):
  File "/home/airflow/.local/lib/python3.11/site-packages/airflow/models/dagbag.py", line 383, in parse
    loader.exec_module(new_module)
  File "<frozen importlib._bootstrap_external>", line 940, in exec_module
  File "<frozen importlib._bootstrap>", line 241, in _call_with_frames_removed
  File "/opt/airflow/dags/countries_dag.py", line 6, in <module>
    from ingestion.minio_to_snowflake import run_pipeline
  File "/opt/airflow/ingestion/minio_to_snowflake.py", line 7, in <module>
    from minio import Minio
ModuleNotFoundError: No module named 'minio'
[2026-09-08T00:53:25.222+0000] {processor.py:927} WARNING - No viable dags retrieved from /opt/airflow/dags/countries_dag.py
[2026-09-08T00:53:25.337+0000] {processor.py:208} INFO - Processing /opt/airflow/dags/countries_dag.py took 0.516 seconds
[2026-09-08T00:53:55.812+0000] {processor.py:186} INFO - Started process (PID=386) to work on /opt/airflow/dags/countries_dag.py
[2026-09-08T00:53:55.824+0000] {processor.py:914} INFO - Processing file /opt/airflow/dags/countries_dag.py for tasks to queue
[2026-09-08T00:53:55.842+0000] {logging_mixin.py:190} INFO - [2026-09-08T00:53:55.841+0000] {dagbag.py:588} INFO - Filling up the DagBag from /opt/airflow/dags/countries_dag.py
[2026-09-08T00:53:56.363+0000] {logging_mixin.py:190} INFO - [2026-09-08T00:53:56.292+0000] {dagbag.py:387} ERROR - Failed to import: /opt/airflow/dags/countries_dag.py
Traceback (most recent call last):
  File "/home/airflow/.local/lib/python3.11/site-packages/airflow/models/dagbag.py", line 383, in parse
    loader.exec_module(new_module)
  File "<frozen importlib._bootstrap_external>", line 940, in exec_module
  File "<frozen importlib._bootstrap>", line 241, in _call_with_frames_removed
  File "/opt/airflow/dags/countries_dag.py", line 6, in <module>
    from ingestion.minio_to_snowflake import run_pipeline
  File "/opt/airflow/ingestion/minio_to_snowflake.py", line 7, in <module>
    from minio import Minio
ModuleNotFoundError: No module named 'minio'
[2026-09-08T00:53:56.399+0000] {processor.py:927} WARNING - No viable dags retrieved from /opt/airflow/dags/countries_dag.py
[2026-09-08T00:53:56.495+0000] {processor.py:208} INFO - Processing /opt/airflow/dags/countries_dag.py took 0.711 seconds
[2026-09-08T00:54:27.185+0000] {processor.py:186} INFO - Started process (PID=391) to work on /opt/airflow/dags/countries_dag.py
[2026-09-08T00:54:27.188+0000] {processor.py:914} INFO - Processing file /opt/airflow/dags/countries_dag.py for tasks to queue
[2026-09-08T00:54:27.205+0000] {logging_mixin.py:190} INFO - [2026-09-08T00:54:27.199+0000] {dagbag.py:588} INFO - Filling up the DagBag from /opt/airflow/dags/countries_dag.py
[2026-09-08T00:54:27.346+0000] {logging_mixin.py:190} INFO - [2026-09-08T00:54:27.320+0000] {dagbag.py:387} ERROR - Failed to import: /opt/airflow/dags/countries_dag.py
Traceback (most recent call last):
  File "/home/airflow/.local/lib/python3.11/site-packages/airflow/models/dagbag.py", line 383, in parse
    loader.exec_module(new_module)
  File "<frozen importlib._bootstrap_external>", line 940, in exec_module
  File "<frozen importlib._bootstrap>", line 241, in _call_with_frames_removed
  File "/opt/airflow/dags/countries_dag.py", line 6, in <module>
    from ingestion.minio_to_snowflake import run_pipeline
  File "/opt/airflow/ingestion/minio_to_snowflake.py", line 7, in <module>
    from minio import Minio
ModuleNotFoundError: No module named 'minio'
[2026-09-08T00:54:27.356+0000] {processor.py:927} WARNING - No viable dags retrieved from /opt/airflow/dags/countries_dag.py
[2026-09-08T00:54:27.452+0000] {processor.py:208} INFO - Processing /opt/airflow/dags/countries_dag.py took 0.300 seconds
[2026-09-08T00:54:59.516+0000] {processor.py:186} INFO - Started process (PID=396) to work on /opt/airflow/dags/countries_dag.py
[2026-09-08T00:54:59.551+0000] {processor.py:914} INFO - Processing file /opt/airflow/dags/countries_dag.py for tasks to queue
[2026-09-08T00:54:59.672+0000] {logging_mixin.py:190} INFO - [2026-09-08T00:54:59.645+0000] {dagbag.py:588} INFO - Filling up the DagBag from /opt/airflow/dags/countries_dag.py
[2026-09-08T00:55:00.572+0000] {logging_mixin.py:190} INFO - [2026-09-08T00:55:00.408+0000] {dagbag.py:387} ERROR - Failed to import: /opt/airflow/dags/countries_dag.py
Traceback (most recent call last):
  File "/home/airflow/.local/lib/python3.11/site-packages/airflow/models/dagbag.py", line 383, in parse
    loader.exec_module(new_module)
  File "<frozen importlib._bootstrap_external>", line 940, in exec_module
  File "<frozen importlib._bootstrap>", line 241, in _call_with_frames_removed
  File "/opt/airflow/dags/countries_dag.py", line 6, in <module>
    from ingestion.minio_to_snowflake import run_pipeline
  File "/opt/airflow/ingestion/minio_to_snowflake.py", line 7, in <module>
    from minio import Minio
ModuleNotFoundError: No module named 'minio'
[2026-09-08T00:55:00.605+0000] {processor.py:927} WARNING - No viable dags retrieved from /opt/airflow/dags/countries_dag.py
[2026-09-08T00:55:01.245+0000] {processor.py:208} INFO - Processing /opt/airflow/dags/countries_dag.py took 1.796 seconds
[2026-09-08T00:55:32.344+0000] {processor.py:186} INFO - Started process (PID=401) to work on /opt/airflow/dags/countries_dag.py
[2026-09-08T00:55:32.347+0000] {processor.py:914} INFO - Processing file /opt/airflow/dags/countries_dag.py for tasks to queue
[2026-09-08T00:55:32.363+0000] {logging_mixin.py:190} INFO - [2026-09-08T00:55:32.362+0000] {dagbag.py:588} INFO - Filling up the DagBag from /opt/airflow/dags/countries_dag.py
[2026-09-08T00:55:32.646+0000] {logging_mixin.py:190} INFO - [2026-09-08T00:55:32.583+0000] {dagbag.py:387} ERROR - Failed to import: /opt/airflow/dags/countries_dag.py
Traceback (most recent call last):
  File "/home/airflow/.local/lib/python3.11/site-packages/airflow/models/dagbag.py", line 383, in parse
    loader.exec_module(new_module)
  File "<frozen importlib._bootstrap_external>", line 940, in exec_module
  File "<frozen importlib._bootstrap>", line 241, in _call_with_frames_removed
  File "/opt/airflow/dags/countries_dag.py", line 6, in <module>
    from ingestion.minio_to_snowflake import run_pipeline
  File "/opt/airflow/ingestion/minio_to_snowflake.py", line 7, in <module>
    from minio import Minio
ModuleNotFoundError: No module named 'minio'
[2026-09-08T00:55:32.663+0000] {processor.py:927} WARNING - No viable dags retrieved from /opt/airflow/dags/countries_dag.py
[2026-09-08T00:55:32.794+0000] {processor.py:208} INFO - Processing /opt/airflow/dags/countries_dag.py took 0.477 seconds
[2026-09-08T00:56:03.202+0000] {processor.py:186} INFO - Started process (PID=406) to work on /opt/airflow/dags/countries_dag.py
[2026-09-08T00:56:03.208+0000] {processor.py:914} INFO - Processing file /opt/airflow/dags/countries_dag.py for tasks to queue
[2026-09-08T00:56:03.236+0000] {logging_mixin.py:190} INFO - [2026-09-08T00:56:03.224+0000] {dagbag.py:588} INFO - Filling up the DagBag from /opt/airflow/dags/countries_dag.py
[2026-09-08T00:56:03.516+0000] {logging_mixin.py:190} INFO - [2026-09-08T00:56:03.468+0000] {dagbag.py:387} ERROR - Failed to import: /opt/airflow/dags/countries_dag.py
Traceback (most recent call last):
  File "/home/airflow/.local/lib/python3.11/site-packages/airflow/models/dagbag.py", line 383, in parse
    loader.exec_module(new_module)
  File "<frozen importlib._bootstrap_external>", line 940, in exec_module
  File "<frozen importlib._bootstrap>", line 241, in _call_with_frames_removed
  File "/opt/airflow/dags/countries_dag.py", line 6, in <module>
    from ingestion.minio_to_snowflake import run_pipeline
  File "/opt/airflow/ingestion/minio_to_snowflake.py", line 7, in <module>
    from minio import Minio
ModuleNotFoundError: No module named 'minio'
[2026-09-08T00:56:03.526+0000] {processor.py:927} WARNING - No viable dags retrieved from /opt/airflow/dags/countries_dag.py
[2026-09-08T00:56:03.689+0000] {processor.py:208} INFO - Processing /opt/airflow/dags/countries_dag.py took 0.543 seconds
[2026-09-08T00:56:34.510+0000] {processor.py:186} INFO - Started process (PID=411) to work on /opt/airflow/dags/countries_dag.py
[2026-09-08T00:56:34.513+0000] {processor.py:914} INFO - Processing file /opt/airflow/dags/countries_dag.py for tasks to queue
[2026-09-08T00:56:34.531+0000] {logging_mixin.py:190} INFO - [2026-09-08T00:56:34.530+0000] {dagbag.py:588} INFO - Filling up the DagBag from /opt/airflow/dags/countries_dag.py
[2026-09-08T00:56:34.745+0000] {logging_mixin.py:190} INFO - [2026-09-08T00:56:34.699+0000] {dagbag.py:387} ERROR - Failed to import: /opt/airflow/dags/countries_dag.py
Traceback (most recent call last):
  File "/home/airflow/.local/lib/python3.11/site-packages/airflow/models/dagbag.py", line 383, in parse
    loader.exec_module(new_module)
  File "<frozen importlib._bootstrap_external>", line 940, in exec_module
  File "<frozen importlib._bootstrap>", line 241, in _call_with_frames_removed
  File "/opt/airflow/dags/countries_dag.py", line 6, in <module>
    from ingestion.minio_to_snowflake import run_pipeline
  File "/opt/airflow/ingestion/minio_to_snowflake.py", line 7, in <module>
    from minio import Minio
ModuleNotFoundError: No module named 'minio'
[2026-09-08T00:56:34.756+0000] {processor.py:927} WARNING - No viable dags retrieved from /opt/airflow/dags/countries_dag.py
[2026-09-08T00:56:34.845+0000] {processor.py:208} INFO - Processing /opt/airflow/dags/countries_dag.py took 0.372 seconds
[2026-09-08T00:57:05.508+0000] {processor.py:186} INFO - Started process (PID=416) to work on /opt/airflow/dags/countries_dag.py
[2026-09-08T00:57:05.517+0000] {processor.py:914} INFO - Processing file /opt/airflow/dags/countries_dag.py for tasks to queue
[2026-09-08T00:57:05.542+0000] {logging_mixin.py:190} INFO - [2026-09-08T00:57:05.541+0000] {dagbag.py:588} INFO - Filling up the DagBag from /opt/airflow/dags/countries_dag.py
[2026-09-08T00:57:05.823+0000] {logging_mixin.py:190} INFO - [2026-09-08T00:57:05.787+0000] {dagbag.py:387} ERROR - Failed to import: /opt/airflow/dags/countries_dag.py
Traceback (most recent call last):
  File "/home/airflow/.local/lib/python3.11/site-packages/airflow/models/dagbag.py", line 383, in parse
    loader.exec_module(new_module)
  File "<frozen importlib._bootstrap_external>", line 940, in exec_module
  File "<frozen importlib._bootstrap>", line 241, in _call_with_frames_removed
  File "/opt/airflow/dags/countries_dag.py", line 6, in <module>
    from ingestion.minio_to_snowflake import run_pipeline
  File "/opt/airflow/ingestion/minio_to_snowflake.py", line 7, in <module>
    from minio import Minio
ModuleNotFoundError: No module named 'minio'
[2026-09-08T00:57:05.840+0000] {processor.py:927} WARNING - No viable dags retrieved from /opt/airflow/dags/countries_dag.py
[2026-09-08T00:57:05.955+0000] {processor.py:208} INFO - Processing /opt/airflow/dags/countries_dag.py took 0.500 seconds
[2026-09-08T00:57:36.896+0000] {processor.py:186} INFO - Started process (PID=421) to work on /opt/airflow/dags/countries_dag.py
[2026-09-08T00:57:36.905+0000] {processor.py:914} INFO - Processing file /opt/airflow/dags/countries_dag.py for tasks to queue
[2026-09-08T00:57:36.940+0000] {logging_mixin.py:190} INFO - [2026-09-08T00:57:36.939+0000] {dagbag.py:588} INFO - Filling up the DagBag from /opt/airflow/dags/countries_dag.py
[2026-09-08T00:57:37.157+0000] {logging_mixin.py:190} INFO - [2026-09-08T00:57:37.128+0000] {dagbag.py:387} ERROR - Failed to import: /opt/airflow/dags/countries_dag.py
Traceback (most recent call last):
  File "/home/airflow/.local/lib/python3.11/site-packages/airflow/models/dagbag.py", line 383, in parse
    loader.exec_module(new_module)
  File "<frozen importlib._bootstrap_external>", line 940, in exec_module
  File "<frozen importlib._bootstrap>", line 241, in _call_with_frames_removed
  File "/opt/airflow/dags/countries_dag.py", line 6, in <module>
    from ingestion.minio_to_snowflake import run_pipeline
  File "/opt/airflow/ingestion/minio_to_snowflake.py", line 7, in <module>
    from minio import Minio
ModuleNotFoundError: No module named 'minio'
[2026-09-08T00:57:37.167+0000] {processor.py:927} WARNING - No viable dags retrieved from /opt/airflow/dags/countries_dag.py
[2026-09-08T00:57:37.318+0000] {processor.py:208} INFO - Processing /opt/airflow/dags/countries_dag.py took 0.460 seconds
[2026-09-08T00:58:07.649+0000] {processor.py:186} INFO - Started process (PID=426) to work on /opt/airflow/dags/countries_dag.py
[2026-09-08T00:58:07.661+0000] {processor.py:914} INFO - Processing file /opt/airflow/dags/countries_dag.py for tasks to queue
[2026-09-08T00:58:07.691+0000] {logging_mixin.py:190} INFO - [2026-09-08T00:58:07.683+0000] {dagbag.py:588} INFO - Filling up the DagBag from /opt/airflow/dags/countries_dag.py
[2026-09-08T00:58:08.006+0000] {logging_mixin.py:190} INFO - [2026-09-08T00:58:07.965+0000] {dagbag.py:387} ERROR - Failed to import: /opt/airflow/dags/countries_dag.py
Traceback (most recent call last):
  File "/home/airflow/.local/lib/python3.11/site-packages/airflow/models/dagbag.py", line 383, in parse
    loader.exec_module(new_module)
  File "<frozen importlib._bootstrap_external>", line 940, in exec_module
  File "<frozen importlib._bootstrap>", line 241, in _call_with_frames_removed
  File "/opt/airflow/dags/countries_dag.py", line 6, in <module>
    from ingestion.minio_to_snowflake import run_pipeline
  File "/opt/airflow/ingestion/minio_to_snowflake.py", line 7, in <module>
    from minio import Minio
ModuleNotFoundError: No module named 'minio'
[2026-09-08T00:58:08.016+0000] {processor.py:927} WARNING - No viable dags retrieved from /opt/airflow/dags/countries_dag.py
[2026-09-08T00:58:08.146+0000] {processor.py:208} INFO - Processing /opt/airflow/dags/countries_dag.py took 0.545 seconds
[2026-09-08T20:09:00.195+0000] {processor.py:186} INFO - Started process (PID=431) to work on /opt/airflow/dags/countries_dag.py
[2026-09-08T20:09:00.412+0000] {processor.py:914} INFO - Processing file /opt/airflow/dags/countries_dag.py for tasks to queue
[2026-09-08T20:09:00.799+0000] {logging_mixin.py:190} INFO - [2026-09-08T20:09:00.611+0000] {dagbag.py:588} INFO - Filling up the DagBag from /opt/airflow/dags/countries_dag.py
[2026-09-08T20:09:05.237+0000] {logging_mixin.py:190} INFO - [2026-09-08T20:09:05.051+0000] {dagbag.py:387} ERROR - Failed to import: /opt/airflow/dags/countries_dag.py
Traceback (most recent call last):
  File "/home/airflow/.local/lib/python3.11/site-packages/airflow/models/dagbag.py", line 383, in parse
    loader.exec_module(new_module)
  File "<frozen importlib._bootstrap_external>", line 940, in exec_module
  File "<frozen importlib._bootstrap>", line 241, in _call_with_frames_removed
  File "/opt/airflow/dags/countries_dag.py", line 6, in <module>
    from ingestion.minio_to_snowflake import run_pipeline
  File "/opt/airflow/ingestion/minio_to_snowflake.py", line 7, in <module>
    from minio import Minio
ModuleNotFoundError: No module named 'minio'
[2026-09-08T20:09:05.266+0000] {processor.py:927} WARNING - No viable dags retrieved from /opt/airflow/dags/countries_dag.py
[2026-09-08T20:09:05.658+0000] {processor.py:208} INFO - Processing /opt/airflow/dags/countries_dag.py took 5.621 seconds
[2026-09-08T20:09:37.580+0000] {processor.py:186} INFO - Started process (PID=436) to work on /opt/airflow/dags/countries_dag.py
[2026-09-08T20:09:37.594+0000] {processor.py:914} INFO - Processing file /opt/airflow/dags/countries_dag.py for tasks to queue
[2026-09-08T20:09:37.606+0000] {logging_mixin.py:190} INFO - [2026-09-08T20:09:37.605+0000] {dagbag.py:588} INFO - Filling up the DagBag from /opt/airflow/dags/countries_dag.py
[2026-09-08T20:09:38.273+0000] {logging_mixin.py:190} INFO - [2026-09-08T20:09:38.209+0000] {dagbag.py:387} ERROR - Failed to import: /opt/airflow/dags/countries_dag.py
Traceback (most recent call last):
  File "/home/airflow/.local/lib/python3.11/site-packages/airflow/models/dagbag.py", line 383, in parse
    loader.exec_module(new_module)
  File "<frozen importlib._bootstrap_external>", line 940, in exec_module
  File "<frozen importlib._bootstrap>", line 241, in _call_with_frames_removed
  File "/opt/airflow/dags/countries_dag.py", line 6, in <module>
    from ingestion.minio_to_snowflake import run_pipeline
  File "/opt/airflow/ingestion/minio_to_snowflake.py", line 7, in <module>
    from minio import Minio
ModuleNotFoundError: No module named 'minio'
[2026-09-08T20:09:38.285+0000] {processor.py:927} WARNING - No viable dags retrieved from /opt/airflow/dags/countries_dag.py
[2026-09-08T20:09:39.153+0000] {processor.py:208} INFO - Processing /opt/airflow/dags/countries_dag.py took 1.599 seconds
[2026-09-08T20:10:10.293+0000] {processor.py:186} INFO - Started process (PID=441) to work on /opt/airflow/dags/countries_dag.py
[2026-09-08T20:10:10.305+0000] {processor.py:914} INFO - Processing file /opt/airflow/dags/countries_dag.py for tasks to queue
[2026-09-08T20:10:10.363+0000] {logging_mixin.py:190} INFO - [2026-09-08T20:10:10.362+0000] {dagbag.py:588} INFO - Filling up the DagBag from /opt/airflow/dags/countries_dag.py
[2026-09-08T20:10:10.669+0000] {logging_mixin.py:190} INFO - [2026-09-08T20:10:10.634+0000] {dagbag.py:387} ERROR - Failed to import: /opt/airflow/dags/countries_dag.py
Traceback (most recent call last):
  File "/home/airflow/.local/lib/python3.11/site-packages/airflow/models/dagbag.py", line 383, in parse
    loader.exec_module(new_module)
  File "<frozen importlib._bootstrap_external>", line 940, in exec_module
  File "<frozen importlib._bootstrap>", line 241, in _call_with_frames_removed
  File "/opt/airflow/dags/countries_dag.py", line 6, in <module>
    from ingestion.minio_to_snowflake import run_pipeline
  File "/opt/airflow/ingestion/minio_to_snowflake.py", line 7, in <module>
    from minio import Minio
ModuleNotFoundError: No module named 'minio'
[2026-09-08T20:10:10.683+0000] {processor.py:927} WARNING - No viable dags retrieved from /opt/airflow/dags/countries_dag.py
[2026-09-08T20:10:10.774+0000] {processor.py:208} INFO - Processing /opt/airflow/dags/countries_dag.py took 0.516 seconds
[2026-09-08T20:10:41.460+0000] {processor.py:186} INFO - Started process (PID=446) to work on /opt/airflow/dags/countries_dag.py
[2026-09-08T20:10:41.496+0000] {processor.py:914} INFO - Processing file /opt/airflow/dags/countries_dag.py for tasks to queue
[2026-09-08T20:10:41.521+0000] {logging_mixin.py:190} INFO - [2026-09-08T20:10:41.520+0000] {dagbag.py:588} INFO - Filling up the DagBag from /opt/airflow/dags/countries_dag.py
[2026-09-08T20:10:41.873+0000] {logging_mixin.py:190} INFO - [2026-09-08T20:10:41.754+0000] {dagbag.py:387} ERROR - Failed to import: /opt/airflow/dags/countries_dag.py
Traceback (most recent call last):
  File "/home/airflow/.local/lib/python3.11/site-packages/airflow/models/dagbag.py", line 383, in parse
    loader.exec_module(new_module)
  File "<frozen importlib._bootstrap_external>", line 940, in exec_module
  File "<frozen importlib._bootstrap>", line 241, in _call_with_frames_removed
  File "/opt/airflow/dags/countries_dag.py", line 6, in <module>
    from ingestion.minio_to_snowflake import run_pipeline
  File "/opt/airflow/ingestion/minio_to_snowflake.py", line 7, in <module>
    from minio import Minio
ModuleNotFoundError: No module named 'minio'
[2026-09-08T20:10:41.880+0000] {processor.py:927} WARNING - No viable dags retrieved from /opt/airflow/dags/countries_dag.py
[2026-09-08T20:10:41.980+0000] {processor.py:208} INFO - Processing /opt/airflow/dags/countries_dag.py took 0.561 seconds
[2026-09-08T20:11:12.630+0000] {processor.py:186} INFO - Started process (PID=451) to work on /opt/airflow/dags/countries_dag.py
[2026-09-08T20:11:12.652+0000] {processor.py:914} INFO - Processing file /opt/airflow/dags/countries_dag.py for tasks to queue
[2026-09-08T20:11:12.663+0000] {logging_mixin.py:190} INFO - [2026-09-08T20:11:12.662+0000] {dagbag.py:588} INFO - Filling up the DagBag from /opt/airflow/dags/countries_dag.py
[2026-09-08T20:11:12.935+0000] {logging_mixin.py:190} INFO - [2026-09-08T20:11:12.841+0000] {dagbag.py:387} ERROR - Failed to import: /opt/airflow/dags/countries_dag.py
Traceback (most recent call last):
  File "/home/airflow/.local/lib/python3.11/site-packages/airflow/models/dagbag.py", line 383, in parse
    loader.exec_module(new_module)
  File "<frozen importlib._bootstrap_external>", line 940, in exec_module
  File "<frozen importlib._bootstrap>", line 241, in _call_with_frames_removed
  File "/opt/airflow/dags/countries_dag.py", line 6, in <module>
    from ingestion.minio_to_snowflake import run_pipeline
  File "/opt/airflow/ingestion/minio_to_snowflake.py", line 7, in <module>
    from minio import Minio
ModuleNotFoundError: No module named 'minio'
[2026-09-08T20:11:12.941+0000] {processor.py:927} WARNING - No viable dags retrieved from /opt/airflow/dags/countries_dag.py
[2026-09-08T20:11:13.082+0000] {processor.py:208} INFO - Processing /opt/airflow/dags/countries_dag.py took 0.500 seconds
[2026-09-08T20:11:44.200+0000] {processor.py:186} INFO - Started process (PID=456) to work on /opt/airflow/dags/countries_dag.py
[2026-09-08T20:11:44.203+0000] {processor.py:914} INFO - Processing file /opt/airflow/dags/countries_dag.py for tasks to queue
[2026-09-08T20:11:44.218+0000] {logging_mixin.py:190} INFO - [2026-09-08T20:11:44.217+0000] {dagbag.py:588} INFO - Filling up the DagBag from /opt/airflow/dags/countries_dag.py
[2026-09-08T20:11:44.380+0000] {logging_mixin.py:190} INFO - [2026-09-08T20:11:44.337+0000] {dagbag.py:387} ERROR - Failed to import: /opt/airflow/dags/countries_dag.py
Traceback (most recent call last):
  File "/home/airflow/.local/lib/python3.11/site-packages/airflow/models/dagbag.py", line 383, in parse
    loader.exec_module(new_module)
  File "<frozen importlib._bootstrap_external>", line 940, in exec_module
  File "<frozen importlib._bootstrap>", line 241, in _call_with_frames_removed
  File "/opt/airflow/dags/countries_dag.py", line 6, in <module>
    from ingestion.minio_to_snowflake import run_pipeline
  File "/opt/airflow/ingestion/minio_to_snowflake.py", line 7, in <module>
    from minio import Minio
ModuleNotFoundError: No module named 'minio'
[2026-09-08T20:11:44.386+0000] {processor.py:927} WARNING - No viable dags retrieved from /opt/airflow/dags/countries_dag.py
[2026-09-08T20:11:44.499+0000] {processor.py:208} INFO - Processing /opt/airflow/dags/countries_dag.py took 0.338 seconds
[2026-09-08T20:12:15.695+0000] {processor.py:186} INFO - Started process (PID=461) to work on /opt/airflow/dags/countries_dag.py
[2026-09-08T20:12:15.712+0000] {processor.py:914} INFO - Processing file /opt/airflow/dags/countries_dag.py for tasks to queue
[2026-09-08T20:12:15.725+0000] {logging_mixin.py:190} INFO - [2026-09-08T20:12:15.724+0000] {dagbag.py:588} INFO - Filling up the DagBag from /opt/airflow/dags/countries_dag.py
[2026-09-08T20:12:16.339+0000] {logging_mixin.py:190} INFO - [2026-09-08T20:12:16.239+0000] {dagbag.py:387} ERROR - Failed to import: /opt/airflow/dags/countries_dag.py
Traceback (most recent call last):
  File "/home/airflow/.local/lib/python3.11/site-packages/airflow/models/dagbag.py", line 383, in parse
    loader.exec_module(new_module)
  File "<frozen importlib._bootstrap_external>", line 940, in exec_module
  File "<frozen importlib._bootstrap>", line 241, in _call_with_frames_removed
  File "/opt/airflow/dags/countries_dag.py", line 6, in <module>
    from ingestion.minio_to_snowflake import run_pipeline
  File "/opt/airflow/ingestion/minio_to_snowflake.py", line 7, in <module>
    from minio import Minio
ModuleNotFoundError: No module named 'minio'
[2026-09-08T20:12:16.373+0000] {processor.py:927} WARNING - No viable dags retrieved from /opt/airflow/dags/countries_dag.py
[2026-09-08T20:12:16.593+0000] {processor.py:208} INFO - Processing /opt/airflow/dags/countries_dag.py took 0.926 seconds
[2026-09-08T20:12:47.144+0000] {processor.py:186} INFO - Started process (PID=466) to work on /opt/airflow/dags/countries_dag.py
[2026-09-08T20:12:47.158+0000] {processor.py:914} INFO - Processing file /opt/airflow/dags/countries_dag.py for tasks to queue
[2026-09-08T20:12:47.171+0000] {logging_mixin.py:190} INFO - [2026-09-08T20:12:47.170+0000] {dagbag.py:588} INFO - Filling up the DagBag from /opt/airflow/dags/countries_dag.py
[2026-09-08T20:12:47.306+0000] {logging_mixin.py:190} INFO - [2026-09-08T20:12:47.289+0000] {dagbag.py:387} ERROR - Failed to import: /opt/airflow/dags/countries_dag.py
Traceback (most recent call last):
  File "/home/airflow/.local/lib/python3.11/site-packages/airflow/models/dagbag.py", line 383, in parse
    loader.exec_module(new_module)
  File "<frozen importlib._bootstrap_external>", line 940, in exec_module
  File "<frozen importlib._bootstrap>", line 241, in _call_with_frames_removed
  File "/opt/airflow/dags/countries_dag.py", line 6, in <module>
    from ingestion.minio_to_snowflake import run_pipeline
  File "/opt/airflow/ingestion/minio_to_snowflake.py", line 7, in <module>
    from minio import Minio
ModuleNotFoundError: No module named 'minio'
[2026-09-08T20:12:47.312+0000] {processor.py:927} WARNING - No viable dags retrieved from /opt/airflow/dags/countries_dag.py
[2026-09-08T20:12:47.420+0000] {processor.py:208} INFO - Processing /opt/airflow/dags/countries_dag.py took 0.306 seconds
[2026-09-08T20:13:17.789+0000] {processor.py:186} INFO - Started process (PID=471) to work on /opt/airflow/dags/countries_dag.py
[2026-09-08T20:13:17.792+0000] {processor.py:914} INFO - Processing file /opt/airflow/dags/countries_dag.py for tasks to queue
[2026-09-08T20:13:17.807+0000] {logging_mixin.py:190} INFO - [2026-09-08T20:13:17.806+0000] {dagbag.py:588} INFO - Filling up the DagBag from /opt/airflow/dags/countries_dag.py
[2026-09-08T20:13:17.909+0000] {logging_mixin.py:190} INFO - [2026-09-08T20:13:17.889+0000] {dagbag.py:387} ERROR - Failed to import: /opt/airflow/dags/countries_dag.py
Traceback (most recent call last):
  File "/home/airflow/.local/lib/python3.11/site-packages/airflow/models/dagbag.py", line 383, in parse
    loader.exec_module(new_module)
  File "<frozen importlib._bootstrap_external>", line 940, in exec_module
  File "<frozen importlib._bootstrap>", line 241, in _call_with_frames_removed
  File "/opt/airflow/dags/countries_dag.py", line 6, in <module>
    from ingestion.minio_to_snowflake import run_pipeline
  File "/opt/airflow/ingestion/minio_to_snowflake.py", line 7, in <module>
    from minio import Minio
ModuleNotFoundError: No module named 'minio'
[2026-09-08T20:13:17.920+0000] {processor.py:927} WARNING - No viable dags retrieved from /opt/airflow/dags/countries_dag.py
[2026-09-08T20:13:18.029+0000] {processor.py:208} INFO - Processing /opt/airflow/dags/countries_dag.py took 0.263 seconds
[2026-09-08T20:13:48.336+0000] {processor.py:186} INFO - Started process (PID=476) to work on /opt/airflow/dags/countries_dag.py
[2026-09-08T20:13:48.342+0000] {processor.py:914} INFO - Processing file /opt/airflow/dags/countries_dag.py for tasks to queue
[2026-09-08T20:13:48.358+0000] {logging_mixin.py:190} INFO - [2026-09-08T20:13:48.357+0000] {dagbag.py:588} INFO - Filling up the DagBag from /opt/airflow/dags/countries_dag.py
[2026-09-08T20:13:48.507+0000] {logging_mixin.py:190} INFO - [2026-09-08T20:13:48.472+0000] {dagbag.py:387} ERROR - Failed to import: /opt/airflow/dags/countries_dag.py
Traceback (most recent call last):
  File "/home/airflow/.local/lib/python3.11/site-packages/airflow/models/dagbag.py", line 383, in parse
    loader.exec_module(new_module)
  File "<frozen importlib._bootstrap_external>", line 940, in exec_module
  File "<frozen importlib._bootstrap>", line 241, in _call_with_frames_removed
  File "/opt/airflow/dags/countries_dag.py", line 6, in <module>
    from ingestion.minio_to_snowflake import run_pipeline
  File "/opt/airflow/ingestion/minio_to_snowflake.py", line 7, in <module>
    from minio import Minio
ModuleNotFoundError: No module named 'minio'
[2026-09-08T20:13:48.513+0000] {processor.py:927} WARNING - No viable dags retrieved from /opt/airflow/dags/countries_dag.py
[2026-09-08T20:13:48.608+0000] {processor.py:208} INFO - Processing /opt/airflow/dags/countries_dag.py took 0.297 seconds
[2026-09-08T20:14:19.202+0000] {processor.py:186} INFO - Started process (PID=481) to work on /opt/airflow/dags/countries_dag.py
[2026-09-08T20:14:19.217+0000] {processor.py:914} INFO - Processing file /opt/airflow/dags/countries_dag.py for tasks to queue
[2026-09-08T20:14:19.291+0000] {logging_mixin.py:190} INFO - [2026-09-08T20:14:19.290+0000] {dagbag.py:588} INFO - Filling up the DagBag from /opt/airflow/dags/countries_dag.py
[2026-09-08T20:14:19.916+0000] {logging_mixin.py:190} INFO - [2026-09-08T20:14:19.865+0000] {dagbag.py:387} ERROR - Failed to import: /opt/airflow/dags/countries_dag.py
Traceback (most recent call last):
  File "/home/airflow/.local/lib/python3.11/site-packages/airflow/models/dagbag.py", line 383, in parse
    loader.exec_module(new_module)
  File "<frozen importlib._bootstrap_external>", line 940, in exec_module
  File "<frozen importlib._bootstrap>", line 241, in _call_with_frames_removed
  File "/opt/airflow/dags/countries_dag.py", line 6, in <module>
    from ingestion.minio_to_snowflake import run_pipeline
  File "/opt/airflow/ingestion/minio_to_snowflake.py", line 7, in <module>
    from minio import Minio
ModuleNotFoundError: No module named 'minio'
[2026-09-08T20:14:19.921+0000] {processor.py:927} WARNING - No viable dags retrieved from /opt/airflow/dags/countries_dag.py
[2026-09-08T20:14:20.264+0000] {processor.py:208} INFO - Processing /opt/airflow/dags/countries_dag.py took 1.105 seconds
[2026-09-08T20:14:51.010+0000] {processor.py:186} INFO - Started process (PID=486) to work on /opt/airflow/dags/countries_dag.py
[2026-09-08T20:14:51.045+0000] {processor.py:914} INFO - Processing file /opt/airflow/dags/countries_dag.py for tasks to queue
[2026-09-08T20:14:51.058+0000] {logging_mixin.py:190} INFO - [2026-09-08T20:14:51.057+0000] {dagbag.py:588} INFO - Filling up the DagBag from /opt/airflow/dags/countries_dag.py
[2026-09-08T20:14:51.616+0000] {logging_mixin.py:190} INFO - [2026-09-08T20:14:51.587+0000] {dagbag.py:387} ERROR - Failed to import: /opt/airflow/dags/countries_dag.py
Traceback (most recent call last):
  File "/home/airflow/.local/lib/python3.11/site-packages/airflow/models/dagbag.py", line 383, in parse
    loader.exec_module(new_module)
  File "<frozen importlib._bootstrap_external>", line 940, in exec_module
  File "<frozen importlib._bootstrap>", line 241, in _call_with_frames_removed
  File "/opt/airflow/dags/countries_dag.py", line 6, in <module>
    from ingestion.minio_to_snowflake import run_pipeline
  File "/opt/airflow/ingestion/minio_to_snowflake.py", line 7, in <module>
    from minio import Minio
ModuleNotFoundError: No module named 'minio'
[2026-09-08T20:14:51.622+0000] {processor.py:927} WARNING - No viable dags retrieved from /opt/airflow/dags/countries_dag.py
[2026-09-08T20:14:51.773+0000] {processor.py:208} INFO - Processing /opt/airflow/dags/countries_dag.py took 0.788 seconds
[2026-09-08T20:15:22.636+0000] {processor.py:186} INFO - Started process (PID=491) to work on /opt/airflow/dags/countries_dag.py
[2026-09-08T20:15:22.649+0000] {processor.py:914} INFO - Processing file /opt/airflow/dags/countries_dag.py for tasks to queue
[2026-09-08T20:15:22.662+0000] {logging_mixin.py:190} INFO - [2026-09-08T20:15:22.661+0000] {dagbag.py:588} INFO - Filling up the DagBag from /opt/airflow/dags/countries_dag.py
[2026-09-08T20:15:23.066+0000] {logging_mixin.py:190} INFO - [2026-09-08T20:15:22.966+0000] {dagbag.py:387} ERROR - Failed to import: /opt/airflow/dags/countries_dag.py
Traceback (most recent call last):
  File "/home/airflow/.local/lib/python3.11/site-packages/airflow/models/dagbag.py", line 383, in parse
    loader.exec_module(new_module)
  File "<frozen importlib._bootstrap_external>", line 940, in exec_module
  File "<frozen importlib._bootstrap>", line 241, in _call_with_frames_removed
  File "/opt/airflow/dags/countries_dag.py", line 6, in <module>
    from ingestion.minio_to_snowflake import run_pipeline
  File "/opt/airflow/ingestion/minio_to_snowflake.py", line 7, in <module>
    from minio import Minio
ModuleNotFoundError: No module named 'minio'
[2026-09-08T20:15:23.081+0000] {processor.py:927} WARNING - No viable dags retrieved from /opt/airflow/dags/countries_dag.py
[2026-09-08T20:15:23.177+0000] {processor.py:208} INFO - Processing /opt/airflow/dags/countries_dag.py took 0.580 seconds
[2026-09-08T20:15:54.193+0000] {processor.py:186} INFO - Started process (PID=496) to work on /opt/airflow/dags/countries_dag.py
[2026-09-08T20:15:54.200+0000] {processor.py:914} INFO - Processing file /opt/airflow/dags/countries_dag.py for tasks to queue
[2026-09-08T20:15:54.213+0000] {logging_mixin.py:190} INFO - [2026-09-08T20:15:54.210+0000] {dagbag.py:588} INFO - Filling up the DagBag from /opt/airflow/dags/countries_dag.py
[2026-09-08T20:15:54.358+0000] {logging_mixin.py:190} INFO - [2026-09-08T20:15:54.338+0000] {dagbag.py:387} ERROR - Failed to import: /opt/airflow/dags/countries_dag.py
Traceback (most recent call last):
  File "/home/airflow/.local/lib/python3.11/site-packages/airflow/models/dagbag.py", line 383, in parse
    loader.exec_module(new_module)
  File "<frozen importlib._bootstrap_external>", line 940, in exec_module
  File "<frozen importlib._bootstrap>", line 241, in _call_with_frames_removed
  File "/opt/airflow/dags/countries_dag.py", line 6, in <module>
    from ingestion.minio_to_snowflake import run_pipeline
  File "/opt/airflow/ingestion/minio_to_snowflake.py", line 7, in <module>
    from minio import Minio
ModuleNotFoundError: No module named 'minio'
[2026-09-08T20:15:54.364+0000] {processor.py:927} WARNING - No viable dags retrieved from /opt/airflow/dags/countries_dag.py
[2026-09-08T20:15:54.464+0000] {processor.py:208} INFO - Processing /opt/airflow/dags/countries_dag.py took 0.310 seconds
[2026-09-08T20:16:24.685+0000] {processor.py:186} INFO - Started process (PID=501) to work on /opt/airflow/dags/countries_dag.py
[2026-09-08T20:16:24.688+0000] {processor.py:914} INFO - Processing file /opt/airflow/dags/countries_dag.py for tasks to queue
[2026-09-08T20:16:24.701+0000] {logging_mixin.py:190} INFO - [2026-09-08T20:16:24.700+0000] {dagbag.py:588} INFO - Filling up the DagBag from /opt/airflow/dags/countries_dag.py
[2026-09-08T20:16:24.804+0000] {logging_mixin.py:190} INFO - [2026-09-08T20:16:24.785+0000] {dagbag.py:387} ERROR - Failed to import: /opt/airflow/dags/countries_dag.py
Traceback (most recent call last):
  File "/home/airflow/.local/lib/python3.11/site-packages/airflow/models/dagbag.py", line 383, in parse
    loader.exec_module(new_module)
  File "<frozen importlib._bootstrap_external>", line 940, in exec_module
  File "<frozen importlib._bootstrap>", line 241, in _call_with_frames_removed
  File "/opt/airflow/dags/countries_dag.py", line 6, in <module>
    from ingestion.minio_to_snowflake import run_pipeline
  File "/opt/airflow/ingestion/minio_to_snowflake.py", line 7, in <module>
    from minio import Minio
ModuleNotFoundError: No module named 'minio'
[2026-09-08T20:16:24.816+0000] {processor.py:927} WARNING - No viable dags retrieved from /opt/airflow/dags/countries_dag.py
[2026-09-08T20:16:24.913+0000] {processor.py:208} INFO - Processing /opt/airflow/dags/countries_dag.py took 0.264 seconds
[2026-09-08T20:16:55.491+0000] {processor.py:186} INFO - Started process (PID=506) to work on /opt/airflow/dags/countries_dag.py
[2026-09-08T20:16:55.494+0000] {processor.py:914} INFO - Processing file /opt/airflow/dags/countries_dag.py for tasks to queue
[2026-09-08T20:16:55.512+0000] {logging_mixin.py:190} INFO - [2026-09-08T20:16:55.510+0000] {dagbag.py:588} INFO - Filling up the DagBag from /opt/airflow/dags/countries_dag.py
[2026-09-08T20:16:55.769+0000] {logging_mixin.py:190} INFO - [2026-09-08T20:16:55.721+0000] {dagbag.py:387} ERROR - Failed to import: /opt/airflow/dags/countries_dag.py
Traceback (most recent call last):
  File "/home/airflow/.local/lib/python3.11/site-packages/airflow/models/dagbag.py", line 383, in parse
    loader.exec_module(new_module)
  File "<frozen importlib._bootstrap_external>", line 940, in exec_module
  File "<frozen importlib._bootstrap>", line 241, in _call_with_frames_removed
  File "/opt/airflow/dags/countries_dag.py", line 6, in <module>
    from ingestion.minio_to_snowflake import run_pipeline
  File "/opt/airflow/ingestion/minio_to_snowflake.py", line 7, in <module>
    from minio import Minio
ModuleNotFoundError: No module named 'minio'
[2026-09-08T20:16:55.775+0000] {processor.py:927} WARNING - No viable dags retrieved from /opt/airflow/dags/countries_dag.py
[2026-09-08T20:16:55.848+0000] {processor.py:208} INFO - Processing /opt/airflow/dags/countries_dag.py took 0.383 seconds
[2026-09-08T20:17:26.562+0000] {processor.py:186} INFO - Started process (PID=511) to work on /opt/airflow/dags/countries_dag.py
[2026-09-08T20:17:26.575+0000] {processor.py:914} INFO - Processing file /opt/airflow/dags/countries_dag.py for tasks to queue
[2026-09-08T20:17:26.600+0000] {logging_mixin.py:190} INFO - [2026-09-08T20:17:26.592+0000] {dagbag.py:588} INFO - Filling up the DagBag from /opt/airflow/dags/countries_dag.py
[2026-09-08T20:17:27.033+0000] {logging_mixin.py:190} INFO - [2026-09-08T20:17:26.925+0000] {dagbag.py:387} ERROR - Failed to import: /opt/airflow/dags/countries_dag.py
Traceback (most recent call last):
  File "/home/airflow/.local/lib/python3.11/site-packages/airflow/models/dagbag.py", line 383, in parse
    loader.exec_module(new_module)
  File "<frozen importlib._bootstrap_external>", line 940, in exec_module
  File "<frozen importlib._bootstrap>", line 241, in _call_with_frames_removed
  File "/opt/airflow/dags/countries_dag.py", line 6, in <module>
    from ingestion.minio_to_snowflake import run_pipeline
  File "/opt/airflow/ingestion/minio_to_snowflake.py", line 7, in <module>
    from minio import Minio
ModuleNotFoundError: No module named 'minio'
[2026-09-08T20:17:27.079+0000] {processor.py:927} WARNING - No viable dags retrieved from /opt/airflow/dags/countries_dag.py
[2026-09-08T20:17:27.224+0000] {processor.py:208} INFO - Processing /opt/airflow/dags/countries_dag.py took 0.713 seconds
[2026-09-08T20:17:58.140+0000] {processor.py:186} INFO - Started process (PID=516) to work on /opt/airflow/dags/countries_dag.py
[2026-09-08T20:17:58.152+0000] {processor.py:914} INFO - Processing file /opt/airflow/dags/countries_dag.py for tasks to queue
[2026-09-08T20:17:58.167+0000] {logging_mixin.py:190} INFO - [2026-09-08T20:17:58.166+0000] {dagbag.py:588} INFO - Filling up the DagBag from /opt/airflow/dags/countries_dag.py
[2026-09-08T20:17:58.323+0000] {logging_mixin.py:190} INFO - [2026-09-08T20:17:58.300+0000] {dagbag.py:387} ERROR - Failed to import: /opt/airflow/dags/countries_dag.py
Traceback (most recent call last):
  File "/home/airflow/.local/lib/python3.11/site-packages/airflow/models/dagbag.py", line 383, in parse
    loader.exec_module(new_module)
  File "<frozen importlib._bootstrap_external>", line 940, in exec_module
  File "<frozen importlib._bootstrap>", line 241, in _call_with_frames_removed
  File "/opt/airflow/dags/countries_dag.py", line 6, in <module>
    from ingestion.minio_to_snowflake import run_pipeline
  File "/opt/airflow/ingestion/minio_to_snowflake.py", line 7, in <module>
    from minio import Minio
ModuleNotFoundError: No module named 'minio'
[2026-09-08T20:17:58.329+0000] {processor.py:927} WARNING - No viable dags retrieved from /opt/airflow/dags/countries_dag.py
[2026-09-08T20:17:58.426+0000] {processor.py:208} INFO - Processing /opt/airflow/dags/countries_dag.py took 0.316 seconds
[2026-09-08T20:18:29.337+0000] {processor.py:186} INFO - Started process (PID=521) to work on /opt/airflow/dags/countries_dag.py
[2026-09-08T20:18:29.340+0000] {processor.py:914} INFO - Processing file /opt/airflow/dags/countries_dag.py for tasks to queue
[2026-09-08T20:18:29.353+0000] {logging_mixin.py:190} INFO - [2026-09-08T20:18:29.352+0000] {dagbag.py:588} INFO - Filling up the DagBag from /opt/airflow/dags/countries_dag.py
[2026-09-08T20:18:29.485+0000] {logging_mixin.py:190} INFO - [2026-09-08T20:18:29.460+0000] {dagbag.py:387} ERROR - Failed to import: /opt/airflow/dags/countries_dag.py
Traceback (most recent call last):
  File "/home/airflow/.local/lib/python3.11/site-packages/airflow/models/dagbag.py", line 383, in parse
    loader.exec_module(new_module)
  File "<frozen importlib._bootstrap_external>", line 940, in exec_module
  File "<frozen importlib._bootstrap>", line 241, in _call_with_frames_removed
  File "/opt/airflow/dags/countries_dag.py", line 6, in <module>
    from ingestion.minio_to_snowflake import run_pipeline
  File "/opt/airflow/ingestion/minio_to_snowflake.py", line 7, in <module>
    from minio import Minio
ModuleNotFoundError: No module named 'minio'
[2026-09-08T20:18:29.490+0000] {processor.py:927} WARNING - No viable dags retrieved from /opt/airflow/dags/countries_dag.py
[2026-09-08T20:18:29.573+0000] {processor.py:208} INFO - Processing /opt/airflow/dags/countries_dag.py took 0.262 seconds
[2026-09-08T20:19:00.435+0000] {processor.py:186} INFO - Started process (PID=526) to work on /opt/airflow/dags/countries_dag.py
[2026-09-08T20:19:00.447+0000] {processor.py:914} INFO - Processing file /opt/airflow/dags/countries_dag.py for tasks to queue
[2026-09-08T20:19:00.462+0000] {logging_mixin.py:190} INFO - [2026-09-08T20:19:00.462+0000] {dagbag.py:588} INFO - Filling up the DagBag from /opt/airflow/dags/countries_dag.py
[2026-09-08T20:19:00.662+0000] {logging_mixin.py:190} INFO - [2026-09-08T20:19:00.614+0000] {dagbag.py:387} ERROR - Failed to import: /opt/airflow/dags/countries_dag.py
Traceback (most recent call last):
  File "/home/airflow/.local/lib/python3.11/site-packages/airflow/models/dagbag.py", line 383, in parse
    loader.exec_module(new_module)
  File "<frozen importlib._bootstrap_external>", line 940, in exec_module
  File "<frozen importlib._bootstrap>", line 241, in _call_with_frames_removed
  File "/opt/airflow/dags/countries_dag.py", line 6, in <module>
    from ingestion.minio_to_snowflake import run_pipeline
  File "/opt/airflow/ingestion/minio_to_snowflake.py", line 7, in <module>
    from minio import Minio
ModuleNotFoundError: No module named 'minio'
[2026-09-08T20:19:00.667+0000] {processor.py:927} WARNING - No viable dags retrieved from /opt/airflow/dags/countries_dag.py
[2026-09-08T20:19:00.737+0000] {processor.py:208} INFO - Processing /opt/airflow/dags/countries_dag.py took 0.332 seconds
[2026-09-08T20:19:31.591+0000] {processor.py:186} INFO - Started process (PID=531) to work on /opt/airflow/dags/countries_dag.py
[2026-09-08T20:19:31.602+0000] {processor.py:914} INFO - Processing file /opt/airflow/dags/countries_dag.py for tasks to queue
[2026-09-08T20:19:31.619+0000] {logging_mixin.py:190} INFO - [2026-09-08T20:19:31.619+0000] {dagbag.py:588} INFO - Filling up the DagBag from /opt/airflow/dags/countries_dag.py
[2026-09-08T20:19:32.159+0000] {logging_mixin.py:190} INFO - [2026-09-08T20:19:31.981+0000] {dagbag.py:387} ERROR - Failed to import: /opt/airflow/dags/countries_dag.py
Traceback (most recent call last):
  File "/home/airflow/.local/lib/python3.11/site-packages/airflow/models/dagbag.py", line 383, in parse
    loader.exec_module(new_module)
  File "<frozen importlib._bootstrap_external>", line 940, in exec_module
  File "<frozen importlib._bootstrap>", line 241, in _call_with_frames_removed
  File "/opt/airflow/dags/countries_dag.py", line 6, in <module>
    from ingestion.minio_to_snowflake import run_pipeline
  File "/opt/airflow/ingestion/minio_to_snowflake.py", line 7, in <module>
    from minio import Minio
ModuleNotFoundError: No module named 'minio'
[2026-09-08T20:19:32.213+0000] {processor.py:927} WARNING - No viable dags retrieved from /opt/airflow/dags/countries_dag.py
[2026-09-08T20:19:32.303+0000] {processor.py:208} INFO - Processing /opt/airflow/dags/countries_dag.py took 0.748 seconds
[2026-09-08T20:20:02.929+0000] {processor.py:186} INFO - Started process (PID=536) to work on /opt/airflow/dags/countries_dag.py
[2026-09-08T20:20:02.947+0000] {processor.py:914} INFO - Processing file /opt/airflow/dags/countries_dag.py for tasks to queue
[2026-09-08T20:20:02.958+0000] {logging_mixin.py:190} INFO - [2026-09-08T20:20:02.957+0000] {dagbag.py:588} INFO - Filling up the DagBag from /opt/airflow/dags/countries_dag.py
[2026-09-08T20:20:03.547+0000] {logging_mixin.py:190} INFO - [2026-09-08T20:20:03.473+0000] {dagbag.py:387} ERROR - Failed to import: /opt/airflow/dags/countries_dag.py
Traceback (most recent call last):
  File "/home/airflow/.local/lib/python3.11/site-packages/airflow/models/dagbag.py", line 383, in parse
    loader.exec_module(new_module)
  File "<frozen importlib._bootstrap_external>", line 940, in exec_module
  File "<frozen importlib._bootstrap>", line 241, in _call_with_frames_removed
  File "/opt/airflow/dags/countries_dag.py", line 6, in <module>
    from ingestion.minio_to_snowflake import run_pipeline
  File "/opt/airflow/ingestion/minio_to_snowflake.py", line 7, in <module>
    from minio import Minio
ModuleNotFoundError: No module named 'minio'
[2026-09-08T20:20:03.612+0000] {processor.py:927} WARNING - No viable dags retrieved from /opt/airflow/dags/countries_dag.py
[2026-09-08T20:20:03.795+0000] {processor.py:208} INFO - Processing /opt/airflow/dags/countries_dag.py took 0.896 seconds
[2026-09-08T20:20:34.750+0000] {processor.py:186} INFO - Started process (PID=541) to work on /opt/airflow/dags/countries_dag.py
[2026-09-08T20:20:34.765+0000] {processor.py:914} INFO - Processing file /opt/airflow/dags/countries_dag.py for tasks to queue
[2026-09-08T20:20:34.779+0000] {logging_mixin.py:190} INFO - [2026-09-08T20:20:34.778+0000] {dagbag.py:588} INFO - Filling up the DagBag from /opt/airflow/dags/countries_dag.py
[2026-09-08T20:20:34.911+0000] {logging_mixin.py:190} INFO - [2026-09-08T20:20:34.891+0000] {dagbag.py:387} ERROR - Failed to import: /opt/airflow/dags/countries_dag.py
Traceback (most recent call last):
  File "/home/airflow/.local/lib/python3.11/site-packages/airflow/models/dagbag.py", line 383, in parse
    loader.exec_module(new_module)
  File "<frozen importlib._bootstrap_external>", line 940, in exec_module
  File "<frozen importlib._bootstrap>", line 241, in _call_with_frames_removed
  File "/opt/airflow/dags/countries_dag.py", line 6, in <module>
    from ingestion.minio_to_snowflake import run_pipeline
  File "/opt/airflow/ingestion/minio_to_snowflake.py", line 7, in <module>
    from minio import Minio
ModuleNotFoundError: No module named 'minio'
[2026-09-08T20:20:34.921+0000] {processor.py:927} WARNING - No viable dags retrieved from /opt/airflow/dags/countries_dag.py
[2026-09-08T20:20:35.020+0000] {processor.py:208} INFO - Processing /opt/airflow/dags/countries_dag.py took 0.306 seconds
[2026-09-08T20:21:05.959+0000] {processor.py:186} INFO - Started process (PID=546) to work on /opt/airflow/dags/countries_dag.py
[2026-09-08T20:21:05.973+0000] {processor.py:914} INFO - Processing file /opt/airflow/dags/countries_dag.py for tasks to queue
[2026-09-08T20:21:05.981+0000] {logging_mixin.py:190} INFO - [2026-09-08T20:21:05.980+0000] {dagbag.py:588} INFO - Filling up the DagBag from /opt/airflow/dags/countries_dag.py
[2026-09-08T20:21:06.385+0000] {logging_mixin.py:190} INFO - [2026-09-08T20:21:06.315+0000] {dagbag.py:387} ERROR - Failed to import: /opt/airflow/dags/countries_dag.py
Traceback (most recent call last):
  File "/home/airflow/.local/lib/python3.11/site-packages/airflow/models/dagbag.py", line 383, in parse
    loader.exec_module(new_module)
  File "<frozen importlib._bootstrap_external>", line 940, in exec_module
  File "<frozen importlib._bootstrap>", line 241, in _call_with_frames_removed
  File "/opt/airflow/dags/countries_dag.py", line 6, in <module>
    from ingestion.minio_to_snowflake import run_pipeline
  File "/opt/airflow/ingestion/minio_to_snowflake.py", line 7, in <module>
    from minio import Minio
ModuleNotFoundError: No module named 'minio'
[2026-09-08T20:21:06.398+0000] {processor.py:927} WARNING - No viable dags retrieved from /opt/airflow/dags/countries_dag.py
[2026-09-08T20:21:06.508+0000] {processor.py:208} INFO - Processing /opt/airflow/dags/countries_dag.py took 0.631 seconds
[2026-09-08T20:21:37.479+0000] {processor.py:186} INFO - Started process (PID=551) to work on /opt/airflow/dags/countries_dag.py
[2026-09-08T20:21:37.492+0000] {processor.py:914} INFO - Processing file /opt/airflow/dags/countries_dag.py for tasks to queue
[2026-09-08T20:21:37.498+0000] {logging_mixin.py:190} INFO - [2026-09-08T20:21:37.497+0000] {dagbag.py:588} INFO - Filling up the DagBag from /opt/airflow/dags/countries_dag.py
[2026-09-08T20:21:37.654+0000] {logging_mixin.py:190} INFO - [2026-09-08T20:21:37.626+0000] {dagbag.py:387} ERROR - Failed to import: /opt/airflow/dags/countries_dag.py
Traceback (most recent call last):
  File "/home/airflow/.local/lib/python3.11/site-packages/airflow/models/dagbag.py", line 383, in parse
    loader.exec_module(new_module)
  File "<frozen importlib._bootstrap_external>", line 940, in exec_module
  File "<frozen importlib._bootstrap>", line 241, in _call_with_frames_removed
  File "/opt/airflow/dags/countries_dag.py", line 6, in <module>
    from ingestion.minio_to_snowflake import run_pipeline
  File "/opt/airflow/ingestion/minio_to_snowflake.py", line 7, in <module>
    from minio import Minio
ModuleNotFoundError: No module named 'minio'
[2026-09-08T20:21:37.661+0000] {processor.py:927} WARNING - No viable dags retrieved from /opt/airflow/dags/countries_dag.py
[2026-09-08T20:21:37.774+0000] {processor.py:208} INFO - Processing /opt/airflow/dags/countries_dag.py took 0.329 seconds
[2026-09-08T20:22:08.135+0000] {processor.py:186} INFO - Started process (PID=556) to work on /opt/airflow/dags/countries_dag.py
[2026-09-08T20:22:08.139+0000] {processor.py:914} INFO - Processing file /opt/airflow/dags/countries_dag.py for tasks to queue
[2026-09-08T20:22:08.145+0000] {logging_mixin.py:190} INFO - [2026-09-08T20:22:08.144+0000] {dagbag.py:588} INFO - Filling up the DagBag from /opt/airflow/dags/countries_dag.py
[2026-09-08T20:22:08.305+0000] {logging_mixin.py:190} INFO - [2026-09-08T20:22:08.290+0000] {dagbag.py:387} ERROR - Failed to import: /opt/airflow/dags/countries_dag.py
Traceback (most recent call last):
  File "/home/airflow/.local/lib/python3.11/site-packages/airflow/models/dagbag.py", line 383, in parse
    loader.exec_module(new_module)
  File "<frozen importlib._bootstrap_external>", line 940, in exec_module
  File "<frozen importlib._bootstrap>", line 241, in _call_with_frames_removed
  File "/opt/airflow/dags/countries_dag.py", line 6, in <module>
    from ingestion.minio_to_snowflake import run_pipeline
  File "/opt/airflow/ingestion/minio_to_snowflake.py", line 7, in <module>
    from minio import Minio
ModuleNotFoundError: No module named 'minio'
[2026-09-08T20:22:08.312+0000] {processor.py:927} WARNING - No viable dags retrieved from /opt/airflow/dags/countries_dag.py
[2026-09-08T20:22:08.461+0000] {processor.py:208} INFO - Processing /opt/airflow/dags/countries_dag.py took 0.362 seconds
[2026-09-08T20:22:39.185+0000] {processor.py:186} INFO - Started process (PID=561) to work on /opt/airflow/dags/countries_dag.py
[2026-09-08T20:22:39.196+0000] {processor.py:914} INFO - Processing file /opt/airflow/dags/countries_dag.py for tasks to queue
[2026-09-08T20:22:39.202+0000] {logging_mixin.py:190} INFO - [2026-09-08T20:22:39.201+0000] {dagbag.py:588} INFO - Filling up the DagBag from /opt/airflow/dags/countries_dag.py
[2026-09-08T20:22:39.450+0000] {logging_mixin.py:190} INFO - [2026-09-08T20:22:39.417+0000] {dagbag.py:387} ERROR - Failed to import: /opt/airflow/dags/countries_dag.py
Traceback (most recent call last):
  File "/home/airflow/.local/lib/python3.11/site-packages/airflow/models/dagbag.py", line 383, in parse
    loader.exec_module(new_module)
  File "<frozen importlib._bootstrap_external>", line 940, in exec_module
  File "<frozen importlib._bootstrap>", line 241, in _call_with_frames_removed
  File "/opt/airflow/dags/countries_dag.py", line 6, in <module>
    from ingestion.minio_to_snowflake import run_pipeline
  File "/opt/airflow/ingestion/minio_to_snowflake.py", line 7, in <module>
    from minio import Minio
ModuleNotFoundError: No module named 'minio'
[2026-09-08T20:22:39.462+0000] {processor.py:927} WARNING - No viable dags retrieved from /opt/airflow/dags/countries_dag.py
[2026-09-08T20:22:39.546+0000] {processor.py:208} INFO - Processing /opt/airflow/dags/countries_dag.py took 0.401 seconds
[2026-09-08T20:23:09.780+0000] {processor.py:186} INFO - Started process (PID=566) to work on /opt/airflow/dags/countries_dag.py
[2026-09-08T20:23:09.785+0000] {processor.py:914} INFO - Processing file /opt/airflow/dags/countries_dag.py for tasks to queue
[2026-09-08T20:23:09.797+0000] {logging_mixin.py:190} INFO - [2026-09-08T20:23:09.796+0000] {dagbag.py:588} INFO - Filling up the DagBag from /opt/airflow/dags/countries_dag.py
[2026-09-08T20:23:10.014+0000] {logging_mixin.py:190} INFO - [2026-09-08T20:23:09.979+0000] {dagbag.py:387} ERROR - Failed to import: /opt/airflow/dags/countries_dag.py
Traceback (most recent call last):
  File "/home/airflow/.local/lib/python3.11/site-packages/airflow/models/dagbag.py", line 383, in parse
    loader.exec_module(new_module)
  File "<frozen importlib._bootstrap_external>", line 940, in exec_module
  File "<frozen importlib._bootstrap>", line 241, in _call_with_frames_removed
  File "/opt/airflow/dags/countries_dag.py", line 6, in <module>
    from ingestion.minio_to_snowflake import run_pipeline
  File "/opt/airflow/ingestion/minio_to_snowflake.py", line 7, in <module>
    from minio import Minio
ModuleNotFoundError: No module named 'minio'
[2026-09-08T20:23:10.023+0000] {processor.py:927} WARNING - No viable dags retrieved from /opt/airflow/dags/countries_dag.py
[2026-09-08T20:23:10.116+0000] {processor.py:208} INFO - Processing /opt/airflow/dags/countries_dag.py took 0.373 seconds
[2026-09-08T20:23:40.811+0000] {processor.py:186} INFO - Started process (PID=571) to work on /opt/airflow/dags/countries_dag.py
[2026-09-08T20:23:40.838+0000] {processor.py:914} INFO - Processing file /opt/airflow/dags/countries_dag.py for tasks to queue
[2026-09-08T20:23:40.850+0000] {logging_mixin.py:190} INFO - [2026-09-08T20:23:40.849+0000] {dagbag.py:588} INFO - Filling up the DagBag from /opt/airflow/dags/countries_dag.py
[2026-09-08T20:23:41.564+0000] {logging_mixin.py:190} INFO - [2026-09-08T20:23:41.507+0000] {dagbag.py:387} ERROR - Failed to import: /opt/airflow/dags/countries_dag.py
Traceback (most recent call last):
  File "/home/airflow/.local/lib/python3.11/site-packages/airflow/models/dagbag.py", line 383, in parse
    loader.exec_module(new_module)
  File "<frozen importlib._bootstrap_external>", line 940, in exec_module
  File "<frozen importlib._bootstrap>", line 241, in _call_with_frames_removed
  File "/opt/airflow/dags/countries_dag.py", line 6, in <module>
    from ingestion.minio_to_snowflake import run_pipeline
  File "/opt/airflow/ingestion/minio_to_snowflake.py", line 7, in <module>
    from minio import Minio
ModuleNotFoundError: No module named 'minio'
[2026-09-08T20:23:41.680+0000] {processor.py:927} WARNING - No viable dags retrieved from /opt/airflow/dags/countries_dag.py
[2026-09-08T20:23:41.816+0000] {processor.py:208} INFO - Processing /opt/airflow/dags/countries_dag.py took 1.038 seconds
[2026-09-08T20:24:12.562+0000] {processor.py:186} INFO - Started process (PID=576) to work on /opt/airflow/dags/countries_dag.py
[2026-09-08T20:24:12.564+0000] {processor.py:914} INFO - Processing file /opt/airflow/dags/countries_dag.py for tasks to queue
[2026-09-08T20:24:12.579+0000] {logging_mixin.py:190} INFO - [2026-09-08T20:24:12.578+0000] {dagbag.py:588} INFO - Filling up the DagBag from /opt/airflow/dags/countries_dag.py
[2026-09-08T20:24:12.832+0000] {logging_mixin.py:190} INFO - [2026-09-08T20:24:12.754+0000] {dagbag.py:387} ERROR - Failed to import: /opt/airflow/dags/countries_dag.py
Traceback (most recent call last):
  File "/home/airflow/.local/lib/python3.11/site-packages/airflow/models/dagbag.py", line 383, in parse
    loader.exec_module(new_module)
  File "<frozen importlib._bootstrap_external>", line 940, in exec_module
  File "<frozen importlib._bootstrap>", line 241, in _call_with_frames_removed
  File "/opt/airflow/dags/countries_dag.py", line 6, in <module>
    from ingestion.minio_to_snowflake import run_pipeline
  File "/opt/airflow/ingestion/minio_to_snowflake.py", line 7, in <module>
    from minio import Minio
ModuleNotFoundError: No module named 'minio'
[2026-09-08T20:24:12.842+0000] {processor.py:927} WARNING - No viable dags retrieved from /opt/airflow/dags/countries_dag.py
[2026-09-08T20:24:13.168+0000] {processor.py:208} INFO - Processing /opt/airflow/dags/countries_dag.py took 0.672 seconds
[2026-09-08T20:24:43.448+0000] {processor.py:186} INFO - Started process (PID=581) to work on /opt/airflow/dags/countries_dag.py
[2026-09-08T20:24:43.454+0000] {processor.py:914} INFO - Processing file /opt/airflow/dags/countries_dag.py for tasks to queue
[2026-09-08T20:24:43.472+0000] {logging_mixin.py:190} INFO - [2026-09-08T20:24:43.470+0000] {dagbag.py:588} INFO - Filling up the DagBag from /opt/airflow/dags/countries_dag.py
[2026-09-08T20:24:43.631+0000] {logging_mixin.py:190} INFO - [2026-09-08T20:24:43.592+0000] {dagbag.py:387} ERROR - Failed to import: /opt/airflow/dags/countries_dag.py
Traceback (most recent call last):
  File "/home/airflow/.local/lib/python3.11/site-packages/airflow/models/dagbag.py", line 383, in parse
    loader.exec_module(new_module)
  File "<frozen importlib._bootstrap_external>", line 940, in exec_module
  File "<frozen importlib._bootstrap>", line 241, in _call_with_frames_removed
  File "/opt/airflow/dags/countries_dag.py", line 6, in <module>
    from ingestion.minio_to_snowflake import run_pipeline
  File "/opt/airflow/ingestion/minio_to_snowflake.py", line 7, in <module>
    from minio import Minio
ModuleNotFoundError: No module named 'minio'
[2026-09-08T20:24:43.638+0000] {processor.py:927} WARNING - No viable dags retrieved from /opt/airflow/dags/countries_dag.py
[2026-09-08T20:24:43.727+0000] {processor.py:208} INFO - Processing /opt/airflow/dags/countries_dag.py took 0.312 seconds
[2026-09-08T20:25:14.450+0000] {processor.py:186} INFO - Started process (PID=586) to work on /opt/airflow/dags/countries_dag.py
[2026-09-08T20:25:14.463+0000] {processor.py:914} INFO - Processing file /opt/airflow/dags/countries_dag.py for tasks to queue
[2026-09-08T20:25:14.480+0000] {logging_mixin.py:190} INFO - [2026-09-08T20:25:14.479+0000] {dagbag.py:588} INFO - Filling up the DagBag from /opt/airflow/dags/countries_dag.py
[2026-09-08T20:25:14.615+0000] {logging_mixin.py:190} INFO - [2026-09-08T20:25:14.590+0000] {dagbag.py:387} ERROR - Failed to import: /opt/airflow/dags/countries_dag.py
Traceback (most recent call last):
  File "/home/airflow/.local/lib/python3.11/site-packages/airflow/models/dagbag.py", line 383, in parse
    loader.exec_module(new_module)
  File "<frozen importlib._bootstrap_external>", line 940, in exec_module
  File "<frozen importlib._bootstrap>", line 241, in _call_with_frames_removed
  File "/opt/airflow/dags/countries_dag.py", line 6, in <module>
    from ingestion.minio_to_snowflake import run_pipeline
  File "/opt/airflow/ingestion/minio_to_snowflake.py", line 7, in <module>
    from minio import Minio
ModuleNotFoundError: No module named 'minio'
[2026-09-08T20:25:14.622+0000] {processor.py:927} WARNING - No viable dags retrieved from /opt/airflow/dags/countries_dag.py
[2026-09-08T20:25:14.713+0000] {processor.py:208} INFO - Processing /opt/airflow/dags/countries_dag.py took 0.310 seconds
[2026-09-08T20:25:45.085+0000] {processor.py:186} INFO - Started process (PID=591) to work on /opt/airflow/dags/countries_dag.py
[2026-09-08T20:25:45.089+0000] {processor.py:914} INFO - Processing file /opt/airflow/dags/countries_dag.py for tasks to queue
[2026-09-08T20:25:45.101+0000] {logging_mixin.py:190} INFO - [2026-09-08T20:25:45.100+0000] {dagbag.py:588} INFO - Filling up the DagBag from /opt/airflow/dags/countries_dag.py
[2026-09-08T20:25:45.259+0000] {logging_mixin.py:190} INFO - [2026-09-08T20:25:45.222+0000] {dagbag.py:387} ERROR - Failed to import: /opt/airflow/dags/countries_dag.py
Traceback (most recent call last):
  File "/home/airflow/.local/lib/python3.11/site-packages/airflow/models/dagbag.py", line 383, in parse
    loader.exec_module(new_module)
  File "<frozen importlib._bootstrap_external>", line 940, in exec_module
  File "<frozen importlib._bootstrap>", line 241, in _call_with_frames_removed
  File "/opt/airflow/dags/countries_dag.py", line 6, in <module>
    from ingestion.minio_to_snowflake import run_pipeline
  File "/opt/airflow/ingestion/minio_to_snowflake.py", line 7, in <module>
    from minio import Minio
ModuleNotFoundError: No module named 'minio'
[2026-09-08T20:25:45.264+0000] {processor.py:927} WARNING - No viable dags retrieved from /opt/airflow/dags/countries_dag.py
[2026-09-08T20:25:45.358+0000] {processor.py:208} INFO - Processing /opt/airflow/dags/countries_dag.py took 0.310 seconds
[2026-09-08T20:26:15.903+0000] {processor.py:186} INFO - Started process (PID=596) to work on /opt/airflow/dags/countries_dag.py
[2026-09-08T20:26:15.906+0000] {processor.py:914} INFO - Processing file /opt/airflow/dags/countries_dag.py for tasks to queue
[2026-09-08T20:26:15.920+0000] {logging_mixin.py:190} INFO - [2026-09-08T20:26:15.919+0000] {dagbag.py:588} INFO - Filling up the DagBag from /opt/airflow/dags/countries_dag.py
[2026-09-08T20:26:16.136+0000] {logging_mixin.py:190} INFO - [2026-09-08T20:26:16.063+0000] {dagbag.py:387} ERROR - Failed to import: /opt/airflow/dags/countries_dag.py
Traceback (most recent call last):
  File "/home/airflow/.local/lib/python3.11/site-packages/airflow/models/dagbag.py", line 383, in parse
    loader.exec_module(new_module)
  File "<frozen importlib._bootstrap_external>", line 940, in exec_module
  File "<frozen importlib._bootstrap>", line 241, in _call_with_frames_removed
  File "/opt/airflow/dags/countries_dag.py", line 6, in <module>
    from ingestion.minio_to_snowflake import run_pipeline
  File "/opt/airflow/ingestion/minio_to_snowflake.py", line 7, in <module>
    from minio import Minio
ModuleNotFoundError: No module named 'minio'
[2026-09-08T20:26:16.148+0000] {processor.py:927} WARNING - No viable dags retrieved from /opt/airflow/dags/countries_dag.py
[2026-09-08T20:26:16.227+0000] {processor.py:208} INFO - Processing /opt/airflow/dags/countries_dag.py took 0.358 seconds
[2026-09-08T20:26:47.055+0000] {processor.py:186} INFO - Started process (PID=601) to work on /opt/airflow/dags/countries_dag.py
[2026-09-08T20:26:47.060+0000] {processor.py:914} INFO - Processing file /opt/airflow/dags/countries_dag.py for tasks to queue
[2026-09-08T20:26:47.079+0000] {logging_mixin.py:190} INFO - [2026-09-08T20:26:47.078+0000] {dagbag.py:588} INFO - Filling up the DagBag from /opt/airflow/dags/countries_dag.py
[2026-09-08T20:26:47.453+0000] {logging_mixin.py:190} INFO - [2026-09-08T20:26:47.420+0000] {dagbag.py:387} ERROR - Failed to import: /opt/airflow/dags/countries_dag.py
Traceback (most recent call last):
  File "/home/airflow/.local/lib/python3.11/site-packages/airflow/models/dagbag.py", line 383, in parse
    loader.exec_module(new_module)
  File "<frozen importlib._bootstrap_external>", line 940, in exec_module
  File "<frozen importlib._bootstrap>", line 241, in _call_with_frames_removed
  File "/opt/airflow/dags/countries_dag.py", line 6, in <module>
    from ingestion.minio_to_snowflake import run_pipeline
  File "/opt/airflow/ingestion/minio_to_snowflake.py", line 7, in <module>
    from minio import Minio
ModuleNotFoundError: No module named 'minio'
[2026-09-08T20:26:47.459+0000] {processor.py:927} WARNING - No viable dags retrieved from /opt/airflow/dags/countries_dag.py
[2026-09-08T20:26:47.550+0000] {processor.py:208} INFO - Processing /opt/airflow/dags/countries_dag.py took 0.530 seconds
[2026-09-08T20:27:18.572+0000] {processor.py:186} INFO - Started process (PID=606) to work on /opt/airflow/dags/countries_dag.py
[2026-09-08T20:27:18.576+0000] {processor.py:914} INFO - Processing file /opt/airflow/dags/countries_dag.py for tasks to queue
[2026-09-08T20:27:18.605+0000] {logging_mixin.py:190} INFO - [2026-09-08T20:27:18.590+0000] {dagbag.py:588} INFO - Filling up the DagBag from /opt/airflow/dags/countries_dag.py
[2026-09-08T20:27:18.869+0000] {logging_mixin.py:190} INFO - [2026-09-08T20:27:18.794+0000] {dagbag.py:387} ERROR - Failed to import: /opt/airflow/dags/countries_dag.py
Traceback (most recent call last):
  File "/home/airflow/.local/lib/python3.11/site-packages/airflow/models/dagbag.py", line 383, in parse
    loader.exec_module(new_module)
  File "<frozen importlib._bootstrap_external>", line 940, in exec_module
  File "<frozen importlib._bootstrap>", line 241, in _call_with_frames_removed
  File "/opt/airflow/dags/countries_dag.py", line 6, in <module>
    from ingestion.minio_to_snowflake import run_pipeline
  File "/opt/airflow/ingestion/minio_to_snowflake.py", line 7, in <module>
    from minio import Minio
ModuleNotFoundError: No module named 'minio'
[2026-09-08T20:27:18.881+0000] {processor.py:927} WARNING - No viable dags retrieved from /opt/airflow/dags/countries_dag.py
[2026-09-08T20:27:19.036+0000] {processor.py:208} INFO - Processing /opt/airflow/dags/countries_dag.py took 0.508 seconds
[2026-09-08T20:27:49.987+0000] {processor.py:186} INFO - Started process (PID=611) to work on /opt/airflow/dags/countries_dag.py
[2026-09-08T20:27:49.992+0000] {processor.py:914} INFO - Processing file /opt/airflow/dags/countries_dag.py for tasks to queue
[2026-09-08T20:27:50.009+0000] {logging_mixin.py:190} INFO - [2026-09-08T20:27:50.008+0000] {dagbag.py:588} INFO - Filling up the DagBag from /opt/airflow/dags/countries_dag.py
[2026-09-08T20:27:50.151+0000] {logging_mixin.py:190} INFO - [2026-09-08T20:27:50.125+0000] {dagbag.py:387} ERROR - Failed to import: /opt/airflow/dags/countries_dag.py
Traceback (most recent call last):
  File "/home/airflow/.local/lib/python3.11/site-packages/airflow/models/dagbag.py", line 383, in parse
    loader.exec_module(new_module)
  File "<frozen importlib._bootstrap_external>", line 940, in exec_module
  File "<frozen importlib._bootstrap>", line 241, in _call_with_frames_removed
  File "/opt/airflow/dags/countries_dag.py", line 6, in <module>
    from ingestion.minio_to_snowflake import run_pipeline
  File "/opt/airflow/ingestion/minio_to_snowflake.py", line 7, in <module>
    from minio import Minio
ModuleNotFoundError: No module named 'minio'
[2026-09-08T20:27:50.160+0000] {processor.py:927} WARNING - No viable dags retrieved from /opt/airflow/dags/countries_dag.py
[2026-09-08T20:27:50.249+0000] {processor.py:208} INFO - Processing /opt/airflow/dags/countries_dag.py took 0.296 seconds
[2026-09-08T20:28:23.422+0000] {processor.py:186} INFO - Started process (PID=616) to work on /opt/airflow/dags/countries_dag.py
[2026-09-08T20:28:23.437+0000] {processor.py:914} INFO - Processing file /opt/airflow/dags/countries_dag.py for tasks to queue
[2026-09-08T20:28:23.454+0000] {logging_mixin.py:190} INFO - [2026-09-08T20:28:23.454+0000] {dagbag.py:588} INFO - Filling up the DagBag from /opt/airflow/dags/countries_dag.py
[2026-09-08T20:28:24.874+0000] {logging_mixin.py:190} INFO - [2026-09-08T20:28:24.755+0000] {dagbag.py:387} ERROR - Failed to import: /opt/airflow/dags/countries_dag.py
Traceback (most recent call last):
  File "/home/airflow/.local/lib/python3.11/site-packages/airflow/models/dagbag.py", line 383, in parse
    loader.exec_module(new_module)
  File "<frozen importlib._bootstrap_external>", line 940, in exec_module
  File "<frozen importlib._bootstrap>", line 241, in _call_with_frames_removed
  File "/opt/airflow/dags/countries_dag.py", line 6, in <module>
    from ingestion.minio_to_snowflake import run_pipeline
  File "/opt/airflow/ingestion/minio_to_snowflake.py", line 7, in <module>
    from minio import Minio
ModuleNotFoundError: No module named 'minio'
[2026-09-08T20:28:25.516+0000] {processor.py:927} WARNING - No viable dags retrieved from /opt/airflow/dags/countries_dag.py
[2026-09-08T20:28:25.869+0000] {processor.py:208} INFO - Processing /opt/airflow/dags/countries_dag.py took 2.480 seconds
[2026-09-08T20:28:56.495+0000] {processor.py:186} INFO - Started process (PID=621) to work on /opt/airflow/dags/countries_dag.py
[2026-09-08T20:28:56.497+0000] {processor.py:914} INFO - Processing file /opt/airflow/dags/countries_dag.py for tasks to queue
[2026-09-08T20:28:56.511+0000] {logging_mixin.py:190} INFO - [2026-09-08T20:28:56.510+0000] {dagbag.py:588} INFO - Filling up the DagBag from /opt/airflow/dags/countries_dag.py
[2026-09-08T20:28:56.625+0000] {logging_mixin.py:190} INFO - [2026-09-08T20:28:56.600+0000] {dagbag.py:387} ERROR - Failed to import: /opt/airflow/dags/countries_dag.py
Traceback (most recent call last):
  File "/home/airflow/.local/lib/python3.11/site-packages/airflow/models/dagbag.py", line 383, in parse
    loader.exec_module(new_module)
  File "<frozen importlib._bootstrap_external>", line 940, in exec_module
  File "<frozen importlib._bootstrap>", line 241, in _call_with_frames_removed
  File "/opt/airflow/dags/countries_dag.py", line 6, in <module>
    from ingestion.minio_to_snowflake import run_pipeline
  File "/opt/airflow/ingestion/minio_to_snowflake.py", line 7, in <module>
    from minio import Minio
ModuleNotFoundError: No module named 'minio'
[2026-09-08T20:28:56.632+0000] {processor.py:927} WARNING - No viable dags retrieved from /opt/airflow/dags/countries_dag.py
[2026-09-08T20:28:56.749+0000] {processor.py:208} INFO - Processing /opt/airflow/dags/countries_dag.py took 0.287 seconds
[2026-09-08T20:29:27.039+0000] {processor.py:186} INFO - Started process (PID=626) to work on /opt/airflow/dags/countries_dag.py
[2026-09-08T20:29:27.042+0000] {processor.py:914} INFO - Processing file /opt/airflow/dags/countries_dag.py for tasks to queue
[2026-09-08T20:29:27.049+0000] {logging_mixin.py:190} INFO - [2026-09-08T20:29:27.048+0000] {dagbag.py:588} INFO - Filling up the DagBag from /opt/airflow/dags/countries_dag.py
[2026-09-08T20:29:27.285+0000] {logging_mixin.py:190} INFO - [2026-09-08T20:29:27.233+0000] {dagbag.py:387} ERROR - Failed to import: /opt/airflow/dags/countries_dag.py
Traceback (most recent call last):
  File "/home/airflow/.local/lib/python3.11/site-packages/airflow/models/dagbag.py", line 383, in parse
    loader.exec_module(new_module)
  File "<frozen importlib._bootstrap_external>", line 940, in exec_module
  File "<frozen importlib._bootstrap>", line 241, in _call_with_frames_removed
  File "/opt/airflow/dags/countries_dag.py", line 6, in <module>
    from ingestion.minio_to_snowflake import run_pipeline
  File "/opt/airflow/ingestion/minio_to_snowflake.py", line 7, in <module>
    from minio import Minio
ModuleNotFoundError: No module named 'minio'
[2026-09-08T20:29:27.310+0000] {processor.py:927} WARNING - No viable dags retrieved from /opt/airflow/dags/countries_dag.py
[2026-09-08T20:29:27.434+0000] {processor.py:208} INFO - Processing /opt/airflow/dags/countries_dag.py took 0.419 seconds
[2026-09-08T20:29:58.003+0000] {processor.py:186} INFO - Started process (PID=631) to work on /opt/airflow/dags/countries_dag.py
[2026-09-08T20:29:58.006+0000] {processor.py:914} INFO - Processing file /opt/airflow/dags/countries_dag.py for tasks to queue
[2026-09-08T20:29:58.020+0000] {logging_mixin.py:190} INFO - [2026-09-08T20:29:58.019+0000] {dagbag.py:588} INFO - Filling up the DagBag from /opt/airflow/dags/countries_dag.py
[2026-09-08T20:29:58.339+0000] {logging_mixin.py:190} INFO - [2026-09-08T20:29:58.302+0000] {dagbag.py:387} ERROR - Failed to import: /opt/airflow/dags/countries_dag.py
Traceback (most recent call last):
  File "/home/airflow/.local/lib/python3.11/site-packages/airflow/models/dagbag.py", line 383, in parse
    loader.exec_module(new_module)
  File "<frozen importlib._bootstrap_external>", line 940, in exec_module
  File "<frozen importlib._bootstrap>", line 241, in _call_with_frames_removed
  File "/opt/airflow/dags/countries_dag.py", line 6, in <module>
    from ingestion.minio_to_snowflake import run_pipeline
  File "/opt/airflow/ingestion/minio_to_snowflake.py", line 7, in <module>
    from minio import Minio
ModuleNotFoundError: No module named 'minio'
[2026-09-08T20:29:58.345+0000] {processor.py:927} WARNING - No viable dags retrieved from /opt/airflow/dags/countries_dag.py
[2026-09-08T20:29:58.428+0000] {processor.py:208} INFO - Processing /opt/airflow/dags/countries_dag.py took 0.447 seconds
[2026-09-08T20:30:28.947+0000] {processor.py:186} INFO - Started process (PID=636) to work on /opt/airflow/dags/countries_dag.py
[2026-09-08T20:30:28.960+0000] {processor.py:914} INFO - Processing file /opt/airflow/dags/countries_dag.py for tasks to queue
[2026-09-08T20:30:28.971+0000] {logging_mixin.py:190} INFO - [2026-09-08T20:30:28.970+0000] {dagbag.py:588} INFO - Filling up the DagBag from /opt/airflow/dags/countries_dag.py
[2026-09-08T20:30:29.321+0000] {logging_mixin.py:190} INFO - [2026-09-08T20:30:29.292+0000] {dagbag.py:387} ERROR - Failed to import: /opt/airflow/dags/countries_dag.py
Traceback (most recent call last):
  File "/home/airflow/.local/lib/python3.11/site-packages/airflow/models/dagbag.py", line 383, in parse
    loader.exec_module(new_module)
  File "<frozen importlib._bootstrap_external>", line 940, in exec_module
  File "<frozen importlib._bootstrap>", line 241, in _call_with_frames_removed
  File "/opt/airflow/dags/countries_dag.py", line 6, in <module>
    from ingestion.minio_to_snowflake import run_pipeline
  File "/opt/airflow/ingestion/minio_to_snowflake.py", line 7, in <module>
    from minio import Minio
ModuleNotFoundError: No module named 'minio'
[2026-09-08T20:30:29.328+0000] {processor.py:927} WARNING - No viable dags retrieved from /opt/airflow/dags/countries_dag.py
[2026-09-08T20:30:29.413+0000] {processor.py:208} INFO - Processing /opt/airflow/dags/countries_dag.py took 0.501 seconds
[2026-09-08T20:31:00.052+0000] {processor.py:186} INFO - Started process (PID=641) to work on /opt/airflow/dags/countries_dag.py
[2026-09-08T20:31:00.057+0000] {processor.py:914} INFO - Processing file /opt/airflow/dags/countries_dag.py for tasks to queue
[2026-09-08T20:31:00.070+0000] {logging_mixin.py:190} INFO - [2026-09-08T20:31:00.069+0000] {dagbag.py:588} INFO - Filling up the DagBag from /opt/airflow/dags/countries_dag.py
[2026-09-08T20:31:00.186+0000] {logging_mixin.py:190} INFO - [2026-09-08T20:31:00.164+0000] {dagbag.py:387} ERROR - Failed to import: /opt/airflow/dags/countries_dag.py
Traceback (most recent call last):
  File "/home/airflow/.local/lib/python3.11/site-packages/airflow/models/dagbag.py", line 383, in parse
    loader.exec_module(new_module)
  File "<frozen importlib._bootstrap_external>", line 940, in exec_module
  File "<frozen importlib._bootstrap>", line 241, in _call_with_frames_removed
  File "/opt/airflow/dags/countries_dag.py", line 6, in <module>
    from ingestion.minio_to_snowflake import run_pipeline
  File "/opt/airflow/ingestion/minio_to_snowflake.py", line 7, in <module>
    from minio import Minio
ModuleNotFoundError: No module named 'minio'
[2026-09-08T20:31:00.193+0000] {processor.py:927} WARNING - No viable dags retrieved from /opt/airflow/dags/countries_dag.py
[2026-09-08T20:31:00.271+0000] {processor.py:208} INFO - Processing /opt/airflow/dags/countries_dag.py took 0.253 seconds
[2026-09-08T20:31:30.777+0000] {processor.py:186} INFO - Started process (PID=646) to work on /opt/airflow/dags/countries_dag.py
[2026-09-08T20:31:30.791+0000] {processor.py:914} INFO - Processing file /opt/airflow/dags/countries_dag.py for tasks to queue
[2026-09-08T20:31:30.809+0000] {logging_mixin.py:190} INFO - [2026-09-08T20:31:30.808+0000] {dagbag.py:588} INFO - Filling up the DagBag from /opt/airflow/dags/countries_dag.py
[2026-09-08T20:31:31.445+0000] {logging_mixin.py:190} INFO - [2026-09-08T20:31:31.061+0000] {dagbag.py:387} ERROR - Failed to import: /opt/airflow/dags/countries_dag.py
Traceback (most recent call last):
  File "/home/airflow/.local/lib/python3.11/site-packages/airflow/models/dagbag.py", line 383, in parse
    loader.exec_module(new_module)
  File "<frozen importlib._bootstrap_external>", line 940, in exec_module
  File "<frozen importlib._bootstrap>", line 241, in _call_with_frames_removed
  File "/opt/airflow/dags/countries_dag.py", line 6, in <module>
    from ingestion.minio_to_snowflake import run_pipeline
  File "/opt/airflow/ingestion/minio_to_snowflake.py", line 7, in <module>
    from minio import Minio
ModuleNotFoundError: No module named 'minio'
[2026-09-08T20:31:31.470+0000] {processor.py:927} WARNING - No viable dags retrieved from /opt/airflow/dags/countries_dag.py
[2026-09-08T20:31:31.635+0000] {processor.py:208} INFO - Processing /opt/airflow/dags/countries_dag.py took 0.883 seconds
[2026-09-08T20:32:02.758+0000] {processor.py:186} INFO - Started process (PID=651) to work on /opt/airflow/dags/countries_dag.py
[2026-09-08T20:32:02.768+0000] {processor.py:914} INFO - Processing file /opt/airflow/dags/countries_dag.py for tasks to queue
[2026-09-08T20:32:02.779+0000] {logging_mixin.py:190} INFO - [2026-09-08T20:32:02.778+0000] {dagbag.py:588} INFO - Filling up the DagBag from /opt/airflow/dags/countries_dag.py
[2026-09-08T20:32:03.073+0000] {logging_mixin.py:190} INFO - [2026-09-08T20:32:02.975+0000] {dagbag.py:387} ERROR - Failed to import: /opt/airflow/dags/countries_dag.py
Traceback (most recent call last):
  File "/home/airflow/.local/lib/python3.11/site-packages/airflow/models/dagbag.py", line 383, in parse
    loader.exec_module(new_module)
  File "<frozen importlib._bootstrap_external>", line 940, in exec_module
  File "<frozen importlib._bootstrap>", line 241, in _call_with_frames_removed
  File "/opt/airflow/dags/countries_dag.py", line 6, in <module>
    from ingestion.minio_to_snowflake import run_pipeline
  File "/opt/airflow/ingestion/minio_to_snowflake.py", line 7, in <module>
    from minio import Minio
ModuleNotFoundError: No module named 'minio'
[2026-09-08T20:32:03.080+0000] {processor.py:927} WARNING - No viable dags retrieved from /opt/airflow/dags/countries_dag.py
[2026-09-08T20:32:03.174+0000] {processor.py:208} INFO - Processing /opt/airflow/dags/countries_dag.py took 0.453 seconds
[2026-09-08T20:32:33.693+0000] {processor.py:186} INFO - Started process (PID=656) to work on /opt/airflow/dags/countries_dag.py
[2026-09-08T20:32:33.715+0000] {processor.py:914} INFO - Processing file /opt/airflow/dags/countries_dag.py for tasks to queue
[2026-09-08T20:32:33.736+0000] {logging_mixin.py:190} INFO - [2026-09-08T20:32:33.735+0000] {dagbag.py:588} INFO - Filling up the DagBag from /opt/airflow/dags/countries_dag.py
[2026-09-08T20:32:34.095+0000] {logging_mixin.py:190} INFO - [2026-09-08T20:32:34.021+0000] {dagbag.py:387} ERROR - Failed to import: /opt/airflow/dags/countries_dag.py
Traceback (most recent call last):
  File "/home/airflow/.local/lib/python3.11/site-packages/airflow/models/dagbag.py", line 383, in parse
    loader.exec_module(new_module)
  File "<frozen importlib._bootstrap_external>", line 940, in exec_module
  File "<frozen importlib._bootstrap>", line 241, in _call_with_frames_removed
  File "/opt/airflow/dags/countries_dag.py", line 6, in <module>
    from ingestion.minio_to_snowflake import run_pipeline
  File "/opt/airflow/ingestion/minio_to_snowflake.py", line 7, in <module>
    from minio import Minio
ModuleNotFoundError: No module named 'minio'
[2026-09-08T20:32:34.132+0000] {processor.py:927} WARNING - No viable dags retrieved from /opt/airflow/dags/countries_dag.py
[2026-09-08T20:32:34.373+0000] {processor.py:208} INFO - Processing /opt/airflow/dags/countries_dag.py took 0.713 seconds
[2026-09-08T20:33:04.721+0000] {processor.py:186} INFO - Started process (PID=661) to work on /opt/airflow/dags/countries_dag.py
[2026-09-08T20:33:04.729+0000] {processor.py:914} INFO - Processing file /opt/airflow/dags/countries_dag.py for tasks to queue
[2026-09-08T20:33:04.775+0000] {logging_mixin.py:190} INFO - [2026-09-08T20:33:04.756+0000] {dagbag.py:588} INFO - Filling up the DagBag from /opt/airflow/dags/countries_dag.py
[2026-09-08T20:33:04.929+0000] {logging_mixin.py:190} INFO - [2026-09-08T20:33:04.908+0000] {dagbag.py:387} ERROR - Failed to import: /opt/airflow/dags/countries_dag.py
Traceback (most recent call last):
  File "/home/airflow/.local/lib/python3.11/site-packages/airflow/models/dagbag.py", line 383, in parse
    loader.exec_module(new_module)
  File "<frozen importlib._bootstrap_external>", line 940, in exec_module
  File "<frozen importlib._bootstrap>", line 241, in _call_with_frames_removed
  File "/opt/airflow/dags/countries_dag.py", line 6, in <module>
    from ingestion.minio_to_snowflake import run_pipeline
  File "/opt/airflow/ingestion/minio_to_snowflake.py", line 7, in <module>
    from minio import Minio
ModuleNotFoundError: No module named 'minio'
[2026-09-08T20:33:04.935+0000] {processor.py:927} WARNING - No viable dags retrieved from /opt/airflow/dags/countries_dag.py
[2026-09-08T20:33:05.017+0000] {processor.py:208} INFO - Processing /opt/airflow/dags/countries_dag.py took 0.328 seconds
[2026-09-08T20:33:36.181+0000] {processor.py:186} INFO - Started process (PID=666) to work on /opt/airflow/dags/countries_dag.py
[2026-09-08T20:33:36.191+0000] {processor.py:914} INFO - Processing file /opt/airflow/dags/countries_dag.py for tasks to queue
[2026-09-08T20:33:36.241+0000] {logging_mixin.py:190} INFO - [2026-09-08T20:33:36.229+0000] {dagbag.py:588} INFO - Filling up the DagBag from /opt/airflow/dags/countries_dag.py
[2026-09-08T20:33:36.619+0000] {logging_mixin.py:190} INFO - [2026-09-08T20:33:36.528+0000] {dagbag.py:387} ERROR - Failed to import: /opt/airflow/dags/countries_dag.py
Traceback (most recent call last):
  File "/home/airflow/.local/lib/python3.11/site-packages/airflow/models/dagbag.py", line 383, in parse
    loader.exec_module(new_module)
  File "<frozen importlib._bootstrap_external>", line 940, in exec_module
  File "<frozen importlib._bootstrap>", line 241, in _call_with_frames_removed
  File "/opt/airflow/dags/countries_dag.py", line 6, in <module>
    from ingestion.minio_to_snowflake import run_pipeline
  File "/opt/airflow/ingestion/minio_to_snowflake.py", line 7, in <module>
    from minio import Minio
ModuleNotFoundError: No module named 'minio'
[2026-09-08T20:33:36.633+0000] {processor.py:927} WARNING - No viable dags retrieved from /opt/airflow/dags/countries_dag.py
[2026-09-08T20:33:36.904+0000] {processor.py:208} INFO - Processing /opt/airflow/dags/countries_dag.py took 0.808 seconds
[2026-09-08T20:34:07.970+0000] {processor.py:186} INFO - Started process (PID=671) to work on /opt/airflow/dags/countries_dag.py
[2026-09-08T20:34:07.985+0000] {processor.py:914} INFO - Processing file /opt/airflow/dags/countries_dag.py for tasks to queue
[2026-09-08T20:34:08.004+0000] {logging_mixin.py:190} INFO - [2026-09-08T20:34:07.998+0000] {dagbag.py:588} INFO - Filling up the DagBag from /opt/airflow/dags/countries_dag.py
[2026-09-08T20:34:08.273+0000] {logging_mixin.py:190} INFO - [2026-09-08T20:34:08.214+0000] {dagbag.py:387} ERROR - Failed to import: /opt/airflow/dags/countries_dag.py
Traceback (most recent call last):
  File "/home/airflow/.local/lib/python3.11/site-packages/airflow/models/dagbag.py", line 383, in parse
    loader.exec_module(new_module)
  File "<frozen importlib._bootstrap_external>", line 940, in exec_module
  File "<frozen importlib._bootstrap>", line 241, in _call_with_frames_removed
  File "/opt/airflow/dags/countries_dag.py", line 6, in <module>
    from ingestion.minio_to_snowflake import run_pipeline
  File "/opt/airflow/ingestion/minio_to_snowflake.py", line 7, in <module>
    from minio import Minio
ModuleNotFoundError: No module named 'minio'
[2026-09-08T20:34:08.286+0000] {processor.py:927} WARNING - No viable dags retrieved from /opt/airflow/dags/countries_dag.py
[2026-09-08T20:34:08.426+0000] {processor.py:208} INFO - Processing /opt/airflow/dags/countries_dag.py took 0.501 seconds
[2026-09-08T20:34:39.200+0000] {processor.py:186} INFO - Started process (PID=676) to work on /opt/airflow/dags/countries_dag.py
[2026-09-08T20:34:39.207+0000] {processor.py:914} INFO - Processing file /opt/airflow/dags/countries_dag.py for tasks to queue
[2026-09-08T20:34:39.216+0000] {logging_mixin.py:190} INFO - [2026-09-08T20:34:39.215+0000] {dagbag.py:588} INFO - Filling up the DagBag from /opt/airflow/dags/countries_dag.py
[2026-09-08T20:34:39.343+0000] {logging_mixin.py:190} INFO - [2026-09-08T20:34:39.316+0000] {dagbag.py:387} ERROR - Failed to import: /opt/airflow/dags/countries_dag.py
Traceback (most recent call last):
  File "/home/airflow/.local/lib/python3.11/site-packages/airflow/models/dagbag.py", line 383, in parse
    loader.exec_module(new_module)
  File "<frozen importlib._bootstrap_external>", line 940, in exec_module
  File "<frozen importlib._bootstrap>", line 241, in _call_with_frames_removed
  File "/opt/airflow/dags/countries_dag.py", line 6, in <module>
    from ingestion.minio_to_snowflake import run_pipeline
  File "/opt/airflow/ingestion/minio_to_snowflake.py", line 7, in <module>
    from minio import Minio
ModuleNotFoundError: No module named 'minio'
[2026-09-08T20:34:39.348+0000] {processor.py:927} WARNING - No viable dags retrieved from /opt/airflow/dags/countries_dag.py
[2026-09-08T20:34:39.479+0000] {processor.py:208} INFO - Processing /opt/airflow/dags/countries_dag.py took 0.306 seconds
[2026-09-08T20:35:10.371+0000] {processor.py:186} INFO - Started process (PID=681) to work on /opt/airflow/dags/countries_dag.py
[2026-09-08T20:35:10.379+0000] {processor.py:914} INFO - Processing file /opt/airflow/dags/countries_dag.py for tasks to queue
[2026-09-08T20:35:10.401+0000] {logging_mixin.py:190} INFO - [2026-09-08T20:35:10.400+0000] {dagbag.py:588} INFO - Filling up the DagBag from /opt/airflow/dags/countries_dag.py
[2026-09-08T20:35:10.761+0000] {logging_mixin.py:190} INFO - [2026-09-08T20:35:10.611+0000] {dagbag.py:387} ERROR - Failed to import: /opt/airflow/dags/countries_dag.py
Traceback (most recent call last):
  File "/home/airflow/.local/lib/python3.11/site-packages/airflow/models/dagbag.py", line 383, in parse
    loader.exec_module(new_module)
  File "<frozen importlib._bootstrap_external>", line 940, in exec_module
  File "<frozen importlib._bootstrap>", line 241, in _call_with_frames_removed
  File "/opt/airflow/dags/countries_dag.py", line 6, in <module>
    from ingestion.minio_to_snowflake import run_pipeline
  File "/opt/airflow/ingestion/minio_to_snowflake.py", line 7, in <module>
    from minio import Minio
ModuleNotFoundError: No module named 'minio'
[2026-09-08T20:35:10.822+0000] {processor.py:927} WARNING - No viable dags retrieved from /opt/airflow/dags/countries_dag.py
[2026-09-08T20:35:10.968+0000] {processor.py:208} INFO - Processing /opt/airflow/dags/countries_dag.py took 0.632 seconds
[2026-09-08T20:35:41.937+0000] {processor.py:186} INFO - Started process (PID=686) to work on /opt/airflow/dags/countries_dag.py
[2026-09-08T20:35:41.944+0000] {processor.py:914} INFO - Processing file /opt/airflow/dags/countries_dag.py for tasks to queue
[2026-09-08T20:35:41.953+0000] {logging_mixin.py:190} INFO - [2026-09-08T20:35:41.952+0000] {dagbag.py:588} INFO - Filling up the DagBag from /opt/airflow/dags/countries_dag.py
[2026-09-08T20:35:42.150+0000] {logging_mixin.py:190} INFO - [2026-09-08T20:35:42.112+0000] {dagbag.py:387} ERROR - Failed to import: /opt/airflow/dags/countries_dag.py
Traceback (most recent call last):
  File "/home/airflow/.local/lib/python3.11/site-packages/airflow/models/dagbag.py", line 383, in parse
    loader.exec_module(new_module)
  File "<frozen importlib._bootstrap_external>", line 940, in exec_module
  File "<frozen importlib._bootstrap>", line 241, in _call_with_frames_removed
  File "/opt/airflow/dags/countries_dag.py", line 6, in <module>
    from ingestion.minio_to_snowflake import run_pipeline
  File "/opt/airflow/ingestion/minio_to_snowflake.py", line 7, in <module>
    from minio import Minio
ModuleNotFoundError: No module named 'minio'
[2026-09-08T20:35:42.166+0000] {processor.py:927} WARNING - No viable dags retrieved from /opt/airflow/dags/countries_dag.py
[2026-09-08T20:35:42.255+0000] {processor.py:208} INFO - Processing /opt/airflow/dags/countries_dag.py took 0.343 seconds
[2026-09-08T20:36:12.477+0000] {processor.py:186} INFO - Started process (PID=691) to work on /opt/airflow/dags/countries_dag.py
[2026-09-08T20:36:12.491+0000] {processor.py:914} INFO - Processing file /opt/airflow/dags/countries_dag.py for tasks to queue
[2026-09-08T20:36:12.505+0000] {logging_mixin.py:190} INFO - [2026-09-08T20:36:12.504+0000] {dagbag.py:588} INFO - Filling up the DagBag from /opt/airflow/dags/countries_dag.py
[2026-09-08T20:36:12.712+0000] {logging_mixin.py:190} INFO - [2026-09-08T20:36:12.660+0000] {dagbag.py:387} ERROR - Failed to import: /opt/airflow/dags/countries_dag.py
Traceback (most recent call last):
  File "/home/airflow/.local/lib/python3.11/site-packages/airflow/models/dagbag.py", line 383, in parse
    loader.exec_module(new_module)
  File "<frozen importlib._bootstrap_external>", line 940, in exec_module
  File "<frozen importlib._bootstrap>", line 241, in _call_with_frames_removed
  File "/opt/airflow/dags/countries_dag.py", line 6, in <module>
    from ingestion.minio_to_snowflake import run_pipeline
  File "/opt/airflow/ingestion/minio_to_snowflake.py", line 7, in <module>
    from minio import Minio
ModuleNotFoundError: No module named 'minio'
[2026-09-08T20:36:12.726+0000] {processor.py:927} WARNING - No viable dags retrieved from /opt/airflow/dags/countries_dag.py
[2026-09-08T20:36:12.826+0000] {processor.py:208} INFO - Processing /opt/airflow/dags/countries_dag.py took 0.379 seconds
[2026-09-08T20:36:43.347+0000] {processor.py:186} INFO - Started process (PID=696) to work on /opt/airflow/dags/countries_dag.py
[2026-09-08T20:36:43.350+0000] {processor.py:914} INFO - Processing file /opt/airflow/dags/countries_dag.py for tasks to queue
[2026-09-08T20:36:43.364+0000] {logging_mixin.py:190} INFO - [2026-09-08T20:36:43.363+0000] {dagbag.py:588} INFO - Filling up the DagBag from /opt/airflow/dags/countries_dag.py
[2026-09-08T20:36:43.556+0000] {logging_mixin.py:190} INFO - [2026-09-08T20:36:43.538+0000] {dagbag.py:387} ERROR - Failed to import: /opt/airflow/dags/countries_dag.py
Traceback (most recent call last):
  File "/home/airflow/.local/lib/python3.11/site-packages/airflow/models/dagbag.py", line 383, in parse
    loader.exec_module(new_module)
  File "<frozen importlib._bootstrap_external>", line 940, in exec_module
  File "<frozen importlib._bootstrap>", line 241, in _call_with_frames_removed
  File "/opt/airflow/dags/countries_dag.py", line 6, in <module>
    from ingestion.minio_to_snowflake import run_pipeline
  File "/opt/airflow/ingestion/minio_to_snowflake.py", line 7, in <module>
    from minio import Minio
ModuleNotFoundError: No module named 'minio'
[2026-09-08T20:36:43.564+0000] {processor.py:927} WARNING - No viable dags retrieved from /opt/airflow/dags/countries_dag.py
[2026-09-08T20:36:43.629+0000] {processor.py:208} INFO - Processing /opt/airflow/dags/countries_dag.py took 0.340 seconds
[2026-09-08T20:37:14.042+0000] {processor.py:186} INFO - Started process (PID=701) to work on /opt/airflow/dags/countries_dag.py
[2026-09-08T20:37:14.044+0000] {processor.py:914} INFO - Processing file /opt/airflow/dags/countries_dag.py for tasks to queue
[2026-09-08T20:37:14.062+0000] {logging_mixin.py:190} INFO - [2026-09-08T20:37:14.061+0000] {dagbag.py:588} INFO - Filling up the DagBag from /opt/airflow/dags/countries_dag.py
[2026-09-08T20:37:14.507+0000] {logging_mixin.py:190} INFO - [2026-09-08T20:37:14.369+0000] {dagbag.py:387} ERROR - Failed to import: /opt/airflow/dags/countries_dag.py
Traceback (most recent call last):
  File "/home/airflow/.local/lib/python3.11/site-packages/airflow/models/dagbag.py", line 383, in parse
    loader.exec_module(new_module)
  File "<frozen importlib._bootstrap_external>", line 940, in exec_module
  File "<frozen importlib._bootstrap>", line 241, in _call_with_frames_removed
  File "/opt/airflow/dags/countries_dag.py", line 6, in <module>
    from ingestion.minio_to_snowflake import run_pipeline
  File "/opt/airflow/ingestion/minio_to_snowflake.py", line 7, in <module>
    from minio import Minio
ModuleNotFoundError: No module named 'minio'
[2026-09-08T20:37:14.568+0000] {processor.py:927} WARNING - No viable dags retrieved from /opt/airflow/dags/countries_dag.py
[2026-09-08T20:37:14.685+0000] {processor.py:208} INFO - Processing /opt/airflow/dags/countries_dag.py took 0.667 seconds
[2026-09-08T20:37:44.947+0000] {processor.py:186} INFO - Started process (PID=706) to work on /opt/airflow/dags/countries_dag.py
[2026-09-08T20:37:44.970+0000] {processor.py:914} INFO - Processing file /opt/airflow/dags/countries_dag.py for tasks to queue
[2026-09-08T20:37:44.978+0000] {logging_mixin.py:190} INFO - [2026-09-08T20:37:44.977+0000] {dagbag.py:588} INFO - Filling up the DagBag from /opt/airflow/dags/countries_dag.py
[2026-09-08T20:37:45.147+0000] {logging_mixin.py:190} INFO - [2026-09-08T20:37:45.113+0000] {dagbag.py:387} ERROR - Failed to import: /opt/airflow/dags/countries_dag.py
Traceback (most recent call last):
  File "/home/airflow/.local/lib/python3.11/site-packages/airflow/models/dagbag.py", line 383, in parse
    loader.exec_module(new_module)
  File "<frozen importlib._bootstrap_external>", line 940, in exec_module
  File "<frozen importlib._bootstrap>", line 241, in _call_with_frames_removed
  File "/opt/airflow/dags/countries_dag.py", line 6, in <module>
    from ingestion.minio_to_snowflake import run_pipeline
  File "/opt/airflow/ingestion/minio_to_snowflake.py", line 7, in <module>
    from minio import Minio
ModuleNotFoundError: No module named 'minio'
[2026-09-08T20:37:45.162+0000] {processor.py:927} WARNING - No viable dags retrieved from /opt/airflow/dags/countries_dag.py
[2026-09-08T20:37:45.259+0000] {processor.py:208} INFO - Processing /opt/airflow/dags/countries_dag.py took 0.335 seconds
[2026-09-08T20:38:15.451+0000] {processor.py:186} INFO - Started process (PID=711) to work on /opt/airflow/dags/countries_dag.py
[2026-09-08T20:38:15.454+0000] {processor.py:914} INFO - Processing file /opt/airflow/dags/countries_dag.py for tasks to queue
[2026-09-08T20:38:15.461+0000] {logging_mixin.py:190} INFO - [2026-09-08T20:38:15.460+0000] {dagbag.py:588} INFO - Filling up the DagBag from /opt/airflow/dags/countries_dag.py
[2026-09-08T20:38:15.599+0000] {logging_mixin.py:190} INFO - [2026-09-08T20:38:15.569+0000] {dagbag.py:387} ERROR - Failed to import: /opt/airflow/dags/countries_dag.py
Traceback (most recent call last):
  File "/home/airflow/.local/lib/python3.11/site-packages/airflow/models/dagbag.py", line 383, in parse
    loader.exec_module(new_module)
  File "<frozen importlib._bootstrap_external>", line 940, in exec_module
  File "<frozen importlib._bootstrap>", line 241, in _call_with_frames_removed
  File "/opt/airflow/dags/countries_dag.py", line 6, in <module>
    from ingestion.minio_to_snowflake import run_pipeline
  File "/opt/airflow/ingestion/minio_to_snowflake.py", line 7, in <module>
    from minio import Minio
ModuleNotFoundError: No module named 'minio'
[2026-09-08T20:38:15.608+0000] {processor.py:927} WARNING - No viable dags retrieved from /opt/airflow/dags/countries_dag.py
[2026-09-08T20:38:15.705+0000] {processor.py:208} INFO - Processing /opt/airflow/dags/countries_dag.py took 0.291 seconds
[2026-09-08T20:38:46.706+0000] {processor.py:186} INFO - Started process (PID=716) to work on /opt/airflow/dags/countries_dag.py
[2026-09-08T20:38:46.709+0000] {processor.py:914} INFO - Processing file /opt/airflow/dags/countries_dag.py for tasks to queue
[2026-09-08T20:38:46.726+0000] {logging_mixin.py:190} INFO - [2026-09-08T20:38:46.725+0000] {dagbag.py:588} INFO - Filling up the DagBag from /opt/airflow/dags/countries_dag.py
[2026-09-08T20:38:46.999+0000] {logging_mixin.py:190} INFO - [2026-09-08T20:38:46.895+0000] {dagbag.py:387} ERROR - Failed to import: /opt/airflow/dags/countries_dag.py
Traceback (most recent call last):
  File "/home/airflow/.local/lib/python3.11/site-packages/airflow/models/dagbag.py", line 383, in parse
    loader.exec_module(new_module)
  File "<frozen importlib._bootstrap_external>", line 940, in exec_module
  File "<frozen importlib._bootstrap>", line 241, in _call_with_frames_removed
  File "/opt/airflow/dags/countries_dag.py", line 6, in <module>
    from ingestion.minio_to_snowflake import run_pipeline
  File "/opt/airflow/ingestion/minio_to_snowflake.py", line 7, in <module>
    from minio import Minio
ModuleNotFoundError: No module named 'minio'
[2026-09-08T20:38:47.007+0000] {processor.py:927} WARNING - No viable dags retrieved from /opt/airflow/dags/countries_dag.py
[2026-09-08T20:38:47.175+0000] {processor.py:208} INFO - Processing /opt/airflow/dags/countries_dag.py took 0.495 seconds
[2026-09-08T20:39:18.040+0000] {processor.py:186} INFO - Started process (PID=721) to work on /opt/airflow/dags/countries_dag.py
[2026-09-08T20:39:18.051+0000] {processor.py:914} INFO - Processing file /opt/airflow/dags/countries_dag.py for tasks to queue
[2026-09-08T20:39:18.060+0000] {logging_mixin.py:190} INFO - [2026-09-08T20:39:18.059+0000] {dagbag.py:588} INFO - Filling up the DagBag from /opt/airflow/dags/countries_dag.py
[2026-09-08T20:39:18.342+0000] {logging_mixin.py:190} INFO - [2026-09-08T20:39:18.293+0000] {dagbag.py:387} ERROR - Failed to import: /opt/airflow/dags/countries_dag.py
Traceback (most recent call last):
  File "/home/airflow/.local/lib/python3.11/site-packages/airflow/models/dagbag.py", line 383, in parse
    loader.exec_module(new_module)
  File "<frozen importlib._bootstrap_external>", line 940, in exec_module
  File "<frozen importlib._bootstrap>", line 241, in _call_with_frames_removed
  File "/opt/airflow/dags/countries_dag.py", line 6, in <module>
    from ingestion.minio_to_snowflake import run_pipeline
  File "/opt/airflow/ingestion/minio_to_snowflake.py", line 7, in <module>
    from minio import Minio
ModuleNotFoundError: No module named 'minio'
[2026-09-08T20:39:18.347+0000] {processor.py:927} WARNING - No viable dags retrieved from /opt/airflow/dags/countries_dag.py
[2026-09-08T20:39:18.472+0000] {processor.py:208} INFO - Processing /opt/airflow/dags/countries_dag.py took 0.473 seconds
[2026-09-08T20:39:48.675+0000] {processor.py:186} INFO - Started process (PID=726) to work on /opt/airflow/dags/countries_dag.py
[2026-09-08T20:39:48.683+0000] {processor.py:914} INFO - Processing file /opt/airflow/dags/countries_dag.py for tasks to queue
[2026-09-08T20:39:48.694+0000] {logging_mixin.py:190} INFO - [2026-09-08T20:39:48.693+0000] {dagbag.py:588} INFO - Filling up the DagBag from /opt/airflow/dags/countries_dag.py
[2026-09-08T20:39:48.835+0000] {logging_mixin.py:190} INFO - [2026-09-08T20:39:48.803+0000] {dagbag.py:387} ERROR - Failed to import: /opt/airflow/dags/countries_dag.py
Traceback (most recent call last):
  File "/home/airflow/.local/lib/python3.11/site-packages/airflow/models/dagbag.py", line 383, in parse
    loader.exec_module(new_module)
  File "<frozen importlib._bootstrap_external>", line 940, in exec_module
  File "<frozen importlib._bootstrap>", line 241, in _call_with_frames_removed
  File "/opt/airflow/dags/countries_dag.py", line 6, in <module>
    from ingestion.minio_to_snowflake import run_pipeline
  File "/opt/airflow/ingestion/minio_to_snowflake.py", line 7, in <module>
    from minio import Minio
ModuleNotFoundError: No module named 'minio'
[2026-09-08T20:39:48.840+0000] {processor.py:927} WARNING - No viable dags retrieved from /opt/airflow/dags/countries_dag.py
[2026-09-08T20:39:48.904+0000] {processor.py:208} INFO - Processing /opt/airflow/dags/countries_dag.py took 0.262 seconds
[2026-09-08T20:40:19.267+0000] {processor.py:186} INFO - Started process (PID=731) to work on /opt/airflow/dags/countries_dag.py
[2026-09-08T20:40:19.270+0000] {processor.py:914} INFO - Processing file /opt/airflow/dags/countries_dag.py for tasks to queue
[2026-09-08T20:40:19.300+0000] {logging_mixin.py:190} INFO - [2026-09-08T20:40:19.299+0000] {dagbag.py:588} INFO - Filling up the DagBag from /opt/airflow/dags/countries_dag.py
[2026-09-08T20:40:19.463+0000] {logging_mixin.py:190} INFO - [2026-09-08T20:40:19.429+0000] {dagbag.py:387} ERROR - Failed to import: /opt/airflow/dags/countries_dag.py
Traceback (most recent call last):
  File "/home/airflow/.local/lib/python3.11/site-packages/airflow/models/dagbag.py", line 383, in parse
    loader.exec_module(new_module)
  File "<frozen importlib._bootstrap_external>", line 940, in exec_module
  File "<frozen importlib._bootstrap>", line 241, in _call_with_frames_removed
  File "/opt/airflow/dags/countries_dag.py", line 6, in <module>
    from ingestion.minio_to_snowflake import run_pipeline
  File "/opt/airflow/ingestion/minio_to_snowflake.py", line 7, in <module>
    from minio import Minio
ModuleNotFoundError: No module named 'minio'
[2026-09-08T20:40:19.470+0000] {processor.py:927} WARNING - No viable dags retrieved from /opt/airflow/dags/countries_dag.py
[2026-09-08T20:40:19.574+0000] {processor.py:208} INFO - Processing /opt/airflow/dags/countries_dag.py took 0.343 seconds
[2026-09-08T20:40:50.326+0000] {processor.py:186} INFO - Started process (PID=736) to work on /opt/airflow/dags/countries_dag.py
[2026-09-08T20:40:50.332+0000] {processor.py:914} INFO - Processing file /opt/airflow/dags/countries_dag.py for tasks to queue
[2026-09-08T20:40:50.344+0000] {logging_mixin.py:190} INFO - [2026-09-08T20:40:50.343+0000] {dagbag.py:588} INFO - Filling up the DagBag from /opt/airflow/dags/countries_dag.py
[2026-09-08T20:40:50.495+0000] {logging_mixin.py:190} INFO - [2026-09-08T20:40:50.464+0000] {dagbag.py:387} ERROR - Failed to import: /opt/airflow/dags/countries_dag.py
Traceback (most recent call last):
  File "/home/airflow/.local/lib/python3.11/site-packages/airflow/models/dagbag.py", line 383, in parse
    loader.exec_module(new_module)
  File "<frozen importlib._bootstrap_external>", line 940, in exec_module
  File "<frozen importlib._bootstrap>", line 241, in _call_with_frames_removed
  File "/opt/airflow/dags/countries_dag.py", line 6, in <module>
    from ingestion.minio_to_snowflake import run_pipeline
  File "/opt/airflow/ingestion/minio_to_snowflake.py", line 7, in <module>
    from minio import Minio
ModuleNotFoundError: No module named 'minio'
[2026-09-08T20:40:50.502+0000] {processor.py:927} WARNING - No viable dags retrieved from /opt/airflow/dags/countries_dag.py
[2026-09-08T20:40:50.608+0000] {processor.py:208} INFO - Processing /opt/airflow/dags/countries_dag.py took 0.315 seconds
[2026-09-08T20:41:20.859+0000] {processor.py:186} INFO - Started process (PID=741) to work on /opt/airflow/dags/countries_dag.py
[2026-09-08T20:41:20.894+0000] {processor.py:914} INFO - Processing file /opt/airflow/dags/countries_dag.py for tasks to queue
[2026-09-08T20:41:20.902+0000] {logging_mixin.py:190} INFO - [2026-09-08T20:41:20.900+0000] {dagbag.py:588} INFO - Filling up the DagBag from /opt/airflow/dags/countries_dag.py
[2026-09-08T20:41:21.144+0000] {logging_mixin.py:190} INFO - [2026-09-08T20:41:21.067+0000] {dagbag.py:387} ERROR - Failed to import: /opt/airflow/dags/countries_dag.py
Traceback (most recent call last):
  File "/home/airflow/.local/lib/python3.11/site-packages/airflow/models/dagbag.py", line 383, in parse
    loader.exec_module(new_module)
  File "<frozen importlib._bootstrap_external>", line 940, in exec_module
  File "<frozen importlib._bootstrap>", line 241, in _call_with_frames_removed
  File "/opt/airflow/dags/countries_dag.py", line 6, in <module>
    from ingestion.minio_to_snowflake import run_pipeline
  File "/opt/airflow/ingestion/minio_to_snowflake.py", line 7, in <module>
    from minio import Minio
ModuleNotFoundError: No module named 'minio'
[2026-09-08T20:41:21.164+0000] {processor.py:927} WARNING - No viable dags retrieved from /opt/airflow/dags/countries_dag.py
[2026-09-08T20:41:21.291+0000] {processor.py:208} INFO - Processing /opt/airflow/dags/countries_dag.py took 0.461 seconds
[2026-09-08T20:41:52.652+0000] {processor.py:186} INFO - Started process (PID=746) to work on /opt/airflow/dags/countries_dag.py
[2026-09-08T20:41:52.667+0000] {processor.py:914} INFO - Processing file /opt/airflow/dags/countries_dag.py for tasks to queue
[2026-09-08T20:41:52.683+0000] {logging_mixin.py:190} INFO - [2026-09-08T20:41:52.682+0000] {dagbag.py:588} INFO - Filling up the DagBag from /opt/airflow/dags/countries_dag.py
[2026-09-08T20:41:52.829+0000] {logging_mixin.py:190} INFO - [2026-09-08T20:41:52.804+0000] {dagbag.py:387} ERROR - Failed to import: /opt/airflow/dags/countries_dag.py
Traceback (most recent call last):
  File "/home/airflow/.local/lib/python3.11/site-packages/airflow/models/dagbag.py", line 383, in parse
    loader.exec_module(new_module)
  File "<frozen importlib._bootstrap_external>", line 940, in exec_module
  File "<frozen importlib._bootstrap>", line 241, in _call_with_frames_removed
  File "/opt/airflow/dags/countries_dag.py", line 6, in <module>
    from ingestion.minio_to_snowflake import run_pipeline
  File "/opt/airflow/ingestion/minio_to_snowflake.py", line 7, in <module>
    from minio import Minio
ModuleNotFoundError: No module named 'minio'
[2026-09-08T20:41:52.844+0000] {processor.py:927} WARNING - No viable dags retrieved from /opt/airflow/dags/countries_dag.py
[2026-09-08T20:41:52.997+0000] {processor.py:208} INFO - Processing /opt/airflow/dags/countries_dag.py took 0.397 seconds
[2026-09-08T20:42:23.313+0000] {processor.py:186} INFO - Started process (PID=751) to work on /opt/airflow/dags/countries_dag.py
[2026-09-08T20:42:23.319+0000] {processor.py:914} INFO - Processing file /opt/airflow/dags/countries_dag.py for tasks to queue
[2026-09-08T20:42:23.340+0000] {logging_mixin.py:190} INFO - [2026-09-08T20:42:23.339+0000] {dagbag.py:588} INFO - Filling up the DagBag from /opt/airflow/dags/countries_dag.py
[2026-09-08T20:42:23.633+0000] {logging_mixin.py:190} INFO - [2026-09-08T20:42:23.574+0000] {dagbag.py:387} ERROR - Failed to import: /opt/airflow/dags/countries_dag.py
Traceback (most recent call last):
  File "/home/airflow/.local/lib/python3.11/site-packages/airflow/models/dagbag.py", line 383, in parse
    loader.exec_module(new_module)
  File "<frozen importlib._bootstrap_external>", line 940, in exec_module
  File "<frozen importlib._bootstrap>", line 241, in _call_with_frames_removed
  File "/opt/airflow/dags/countries_dag.py", line 6, in <module>
    from ingestion.minio_to_snowflake import run_pipeline
  File "/opt/airflow/ingestion/minio_to_snowflake.py", line 7, in <module>
    from minio import Minio
ModuleNotFoundError: No module named 'minio'
[2026-09-08T20:42:23.639+0000] {processor.py:927} WARNING - No viable dags retrieved from /opt/airflow/dags/countries_dag.py
[2026-09-08T20:42:23.708+0000] {processor.py:208} INFO - Processing /opt/airflow/dags/countries_dag.py took 0.430 seconds
[2026-09-08T20:42:54.603+0000] {processor.py:186} INFO - Started process (PID=756) to work on /opt/airflow/dags/countries_dag.py
[2026-09-08T20:42:54.610+0000] {processor.py:914} INFO - Processing file /opt/airflow/dags/countries_dag.py for tasks to queue
[2026-09-08T20:42:54.618+0000] {logging_mixin.py:190} INFO - [2026-09-08T20:42:54.617+0000] {dagbag.py:588} INFO - Filling up the DagBag from /opt/airflow/dags/countries_dag.py
[2026-09-08T20:42:54.902+0000] {logging_mixin.py:190} INFO - [2026-09-08T20:42:54.850+0000] {dagbag.py:387} ERROR - Failed to import: /opt/airflow/dags/countries_dag.py
Traceback (most recent call last):
  File "/home/airflow/.local/lib/python3.11/site-packages/airflow/models/dagbag.py", line 383, in parse
    loader.exec_module(new_module)
  File "<frozen importlib._bootstrap_external>", line 940, in exec_module
  File "<frozen importlib._bootstrap>", line 241, in _call_with_frames_removed
  File "/opt/airflow/dags/countries_dag.py", line 6, in <module>
    from ingestion.minio_to_snowflake import run_pipeline
  File "/opt/airflow/ingestion/minio_to_snowflake.py", line 7, in <module>
    from minio import Minio
ModuleNotFoundError: No module named 'minio'
[2026-09-08T20:42:54.911+0000] {processor.py:927} WARNING - No viable dags retrieved from /opt/airflow/dags/countries_dag.py
[2026-09-08T20:42:55.010+0000] {processor.py:208} INFO - Processing /opt/airflow/dags/countries_dag.py took 0.451 seconds
[2026-09-08T22:28:30.002+0000] {processor.py:186} INFO - Started process (PID=761) to work on /opt/airflow/dags/countries_dag.py
[2026-09-08T22:28:30.006+0000] {processor.py:914} INFO - Processing file /opt/airflow/dags/countries_dag.py for tasks to queue
[2026-09-08T22:28:30.022+0000] {logging_mixin.py:190} INFO - [2026-09-08T22:28:30.021+0000] {dagbag.py:588} INFO - Filling up the DagBag from /opt/airflow/dags/countries_dag.py
[2026-09-08T22:28:31.322+0000] {logging_mixin.py:190} INFO - [2026-09-08T22:28:31.180+0000] {dagbag.py:387} ERROR - Failed to import: /opt/airflow/dags/countries_dag.py
Traceback (most recent call last):
  File "/home/airflow/.local/lib/python3.11/site-packages/airflow/models/dagbag.py", line 383, in parse
    loader.exec_module(new_module)
  File "<frozen importlib._bootstrap_external>", line 940, in exec_module
  File "<frozen importlib._bootstrap>", line 241, in _call_with_frames_removed
  File "/opt/airflow/dags/countries_dag.py", line 6, in <module>
    from ingestion.minio_to_snowflake import run_pipeline
  File "/opt/airflow/ingestion/minio_to_snowflake.py", line 7, in <module>
    from minio import Minio
ModuleNotFoundError: No module named 'minio'
[2026-09-08T22:28:31.336+0000] {processor.py:927} WARNING - No viable dags retrieved from /opt/airflow/dags/countries_dag.py
[2026-09-08T22:28:32.738+0000] {processor.py:208} INFO - Processing /opt/airflow/dags/countries_dag.py took 2.760 seconds
[2026-09-08T22:29:05.062+0000] {processor.py:186} INFO - Started process (PID=766) to work on /opt/airflow/dags/countries_dag.py
[2026-09-08T22:29:05.073+0000] {processor.py:914} INFO - Processing file /opt/airflow/dags/countries_dag.py for tasks to queue
[2026-09-08T22:29:05.088+0000] {logging_mixin.py:190} INFO - [2026-09-08T22:29:05.087+0000] {dagbag.py:588} INFO - Filling up the DagBag from /opt/airflow/dags/countries_dag.py
[2026-09-08T22:29:05.513+0000] {logging_mixin.py:190} INFO - [2026-09-08T22:29:05.465+0000] {dagbag.py:387} ERROR - Failed to import: /opt/airflow/dags/countries_dag.py
Traceback (most recent call last):
  File "/home/airflow/.local/lib/python3.11/site-packages/airflow/models/dagbag.py", line 383, in parse
    loader.exec_module(new_module)
  File "<frozen importlib._bootstrap_external>", line 940, in exec_module
  File "<frozen importlib._bootstrap>", line 241, in _call_with_frames_removed
  File "/opt/airflow/dags/countries_dag.py", line 6, in <module>
    from ingestion.minio_to_snowflake import run_pipeline
  File "/opt/airflow/ingestion/minio_to_snowflake.py", line 7, in <module>
    from minio import Minio
ModuleNotFoundError: No module named 'minio'
[2026-09-08T22:29:05.518+0000] {processor.py:927} WARNING - No viable dags retrieved from /opt/airflow/dags/countries_dag.py
[2026-09-08T22:29:05.606+0000] {processor.py:208} INFO - Processing /opt/airflow/dags/countries_dag.py took 0.585 seconds
[2026-09-08T22:29:36.350+0000] {processor.py:186} INFO - Started process (PID=771) to work on /opt/airflow/dags/countries_dag.py
[2026-09-08T22:29:36.364+0000] {processor.py:914} INFO - Processing file /opt/airflow/dags/countries_dag.py for tasks to queue
[2026-09-08T22:29:36.371+0000] {logging_mixin.py:190} INFO - [2026-09-08T22:29:36.370+0000] {dagbag.py:588} INFO - Filling up the DagBag from /opt/airflow/dags/countries_dag.py
[2026-09-08T22:29:36.613+0000] {logging_mixin.py:190} INFO - [2026-09-08T22:29:36.574+0000] {dagbag.py:387} ERROR - Failed to import: /opt/airflow/dags/countries_dag.py
Traceback (most recent call last):
  File "/home/airflow/.local/lib/python3.11/site-packages/airflow/models/dagbag.py", line 383, in parse
    loader.exec_module(new_module)
  File "<frozen importlib._bootstrap_external>", line 940, in exec_module
  File "<frozen importlib._bootstrap>", line 241, in _call_with_frames_removed
  File "/opt/airflow/dags/countries_dag.py", line 6, in <module>
    from ingestion.minio_to_snowflake import run_pipeline
  File "/opt/airflow/ingestion/minio_to_snowflake.py", line 7, in <module>
    from minio import Minio
ModuleNotFoundError: No module named 'minio'
[2026-09-08T22:29:36.618+0000] {processor.py:927} WARNING - No viable dags retrieved from /opt/airflow/dags/countries_dag.py
[2026-09-08T22:29:36.736+0000] {processor.py:208} INFO - Processing /opt/airflow/dags/countries_dag.py took 0.417 seconds
[2026-09-08T22:30:07.623+0000] {processor.py:186} INFO - Started process (PID=776) to work on /opt/airflow/dags/countries_dag.py
[2026-09-08T22:30:07.628+0000] {processor.py:914} INFO - Processing file /opt/airflow/dags/countries_dag.py for tasks to queue
[2026-09-08T22:30:07.644+0000] {logging_mixin.py:190} INFO - [2026-09-08T22:30:07.641+0000] {dagbag.py:588} INFO - Filling up the DagBag from /opt/airflow/dags/countries_dag.py
[2026-09-08T22:30:07.918+0000] {logging_mixin.py:190} INFO - [2026-09-08T22:30:07.888+0000] {dagbag.py:387} ERROR - Failed to import: /opt/airflow/dags/countries_dag.py
Traceback (most recent call last):
  File "/home/airflow/.local/lib/python3.11/site-packages/airflow/models/dagbag.py", line 383, in parse
    loader.exec_module(new_module)
  File "<frozen importlib._bootstrap_external>", line 940, in exec_module
  File "<frozen importlib._bootstrap>", line 241, in _call_with_frames_removed
  File "/opt/airflow/dags/countries_dag.py", line 6, in <module>
    from ingestion.minio_to_snowflake import run_pipeline
  File "/opt/airflow/ingestion/minio_to_snowflake.py", line 7, in <module>
    from minio import Minio
ModuleNotFoundError: No module named 'minio'
[2026-09-08T22:30:07.926+0000] {processor.py:927} WARNING - No viable dags retrieved from /opt/airflow/dags/countries_dag.py
[2026-09-08T22:30:08.003+0000] {processor.py:208} INFO - Processing /opt/airflow/dags/countries_dag.py took 0.424 seconds
[2026-09-08T22:30:38.935+0000] {processor.py:186} INFO - Started process (PID=781) to work on /opt/airflow/dags/countries_dag.py
[2026-09-08T22:30:38.949+0000] {processor.py:914} INFO - Processing file /opt/airflow/dags/countries_dag.py for tasks to queue
[2026-09-08T22:30:38.969+0000] {logging_mixin.py:190} INFO - [2026-09-08T22:30:38.968+0000] {dagbag.py:588} INFO - Filling up the DagBag from /opt/airflow/dags/countries_dag.py
[2026-09-08T22:30:39.332+0000] {logging_mixin.py:190} INFO - [2026-09-08T22:30:39.238+0000] {dagbag.py:387} ERROR - Failed to import: /opt/airflow/dags/countries_dag.py
Traceback (most recent call last):
  File "/home/airflow/.local/lib/python3.11/site-packages/airflow/models/dagbag.py", line 383, in parse
    loader.exec_module(new_module)
  File "<frozen importlib._bootstrap_external>", line 940, in exec_module
  File "<frozen importlib._bootstrap>", line 241, in _call_with_frames_removed
  File "/opt/airflow/dags/countries_dag.py", line 6, in <module>
    from ingestion.minio_to_snowflake import run_pipeline
  File "/opt/airflow/ingestion/minio_to_snowflake.py", line 7, in <module>
    from minio import Minio
ModuleNotFoundError: No module named 'minio'
[2026-09-08T22:30:39.343+0000] {processor.py:927} WARNING - No viable dags retrieved from /opt/airflow/dags/countries_dag.py
[2026-09-08T22:30:39.455+0000] {processor.py:208} INFO - Processing /opt/airflow/dags/countries_dag.py took 0.561 seconds
[2026-09-08T22:31:09.727+0000] {processor.py:186} INFO - Started process (PID=786) to work on /opt/airflow/dags/countries_dag.py
[2026-09-08T22:31:09.739+0000] {processor.py:914} INFO - Processing file /opt/airflow/dags/countries_dag.py for tasks to queue
[2026-09-08T22:31:09.756+0000] {logging_mixin.py:190} INFO - [2026-09-08T22:31:09.752+0000] {dagbag.py:588} INFO - Filling up the DagBag from /opt/airflow/dags/countries_dag.py
[2026-09-08T22:31:09.995+0000] {logging_mixin.py:190} INFO - [2026-09-08T22:31:09.920+0000] {dagbag.py:387} ERROR - Failed to import: /opt/airflow/dags/countries_dag.py
Traceback (most recent call last):
  File "/home/airflow/.local/lib/python3.11/site-packages/airflow/models/dagbag.py", line 383, in parse
    loader.exec_module(new_module)
  File "<frozen importlib._bootstrap_external>", line 940, in exec_module
  File "<frozen importlib._bootstrap>", line 241, in _call_with_frames_removed
  File "/opt/airflow/dags/countries_dag.py", line 6, in <module>
    from ingestion.minio_to_snowflake import run_pipeline
  File "/opt/airflow/ingestion/minio_to_snowflake.py", line 7, in <module>
    from minio import Minio
ModuleNotFoundError: No module named 'minio'
[2026-09-08T22:31:10.007+0000] {processor.py:927} WARNING - No viable dags retrieved from /opt/airflow/dags/countries_dag.py
[2026-09-08T22:31:10.135+0000] {processor.py:208} INFO - Processing /opt/airflow/dags/countries_dag.py took 0.427 seconds
[2026-09-08T22:31:40.912+0000] {processor.py:186} INFO - Started process (PID=791) to work on /opt/airflow/dags/countries_dag.py
[2026-09-08T22:31:40.916+0000] {processor.py:914} INFO - Processing file /opt/airflow/dags/countries_dag.py for tasks to queue
[2026-09-08T22:31:40.930+0000] {logging_mixin.py:190} INFO - [2026-09-08T22:31:40.929+0000] {dagbag.py:588} INFO - Filling up the DagBag from /opt/airflow/dags/countries_dag.py
[2026-09-08T22:31:41.188+0000] {logging_mixin.py:190} INFO - [2026-09-08T22:31:41.159+0000] {dagbag.py:387} ERROR - Failed to import: /opt/airflow/dags/countries_dag.py
Traceback (most recent call last):
  File "/home/airflow/.local/lib/python3.11/site-packages/airflow/models/dagbag.py", line 383, in parse
    loader.exec_module(new_module)
  File "<frozen importlib._bootstrap_external>", line 940, in exec_module
  File "<frozen importlib._bootstrap>", line 241, in _call_with_frames_removed
  File "/opt/airflow/dags/countries_dag.py", line 6, in <module>
    from ingestion.minio_to_snowflake import run_pipeline
  File "/opt/airflow/ingestion/minio_to_snowflake.py", line 7, in <module>
    from minio import Minio
ModuleNotFoundError: No module named 'minio'
[2026-09-08T22:31:41.195+0000] {processor.py:927} WARNING - No viable dags retrieved from /opt/airflow/dags/countries_dag.py
[2026-09-08T22:31:41.297+0000] {processor.py:208} INFO - Processing /opt/airflow/dags/countries_dag.py took 0.423 seconds
[2026-09-08T22:32:12.427+0000] {processor.py:186} INFO - Started process (PID=796) to work on /opt/airflow/dags/countries_dag.py
[2026-09-08T22:32:12.434+0000] {processor.py:914} INFO - Processing file /opt/airflow/dags/countries_dag.py for tasks to queue
[2026-09-08T22:32:12.444+0000] {logging_mixin.py:190} INFO - [2026-09-08T22:32:12.443+0000] {dagbag.py:588} INFO - Filling up the DagBag from /opt/airflow/dags/countries_dag.py
[2026-09-08T22:32:12.683+0000] {logging_mixin.py:190} INFO - [2026-09-08T22:32:12.632+0000] {dagbag.py:387} ERROR - Failed to import: /opt/airflow/dags/countries_dag.py
Traceback (most recent call last):
  File "/home/airflow/.local/lib/python3.11/site-packages/airflow/models/dagbag.py", line 383, in parse
    loader.exec_module(new_module)
  File "<frozen importlib._bootstrap_external>", line 940, in exec_module
  File "<frozen importlib._bootstrap>", line 241, in _call_with_frames_removed
  File "/opt/airflow/dags/countries_dag.py", line 6, in <module>
    from ingestion.minio_to_snowflake import run_pipeline
  File "/opt/airflow/ingestion/minio_to_snowflake.py", line 7, in <module>
    from minio import Minio
ModuleNotFoundError: No module named 'minio'
[2026-09-08T22:32:12.702+0000] {processor.py:927} WARNING - No viable dags retrieved from /opt/airflow/dags/countries_dag.py
[2026-09-08T22:32:12.783+0000] {processor.py:208} INFO - Processing /opt/airflow/dags/countries_dag.py took 0.378 seconds
[2026-09-08T22:32:43.063+0000] {processor.py:186} INFO - Started process (PID=801) to work on /opt/airflow/dags/countries_dag.py
[2026-09-08T22:32:43.068+0000] {processor.py:914} INFO - Processing file /opt/airflow/dags/countries_dag.py for tasks to queue
[2026-09-08T22:32:43.077+0000] {logging_mixin.py:190} INFO - [2026-09-08T22:32:43.076+0000] {dagbag.py:588} INFO - Filling up the DagBag from /opt/airflow/dags/countries_dag.py
[2026-09-08T22:32:43.244+0000] {logging_mixin.py:190} INFO - [2026-09-08T22:32:43.215+0000] {dagbag.py:387} ERROR - Failed to import: /opt/airflow/dags/countries_dag.py
Traceback (most recent call last):
  File "/home/airflow/.local/lib/python3.11/site-packages/airflow/models/dagbag.py", line 383, in parse
    loader.exec_module(new_module)
  File "<frozen importlib._bootstrap_external>", line 940, in exec_module
  File "<frozen importlib._bootstrap>", line 241, in _call_with_frames_removed
  File "/opt/airflow/dags/countries_dag.py", line 6, in <module>
    from ingestion.minio_to_snowflake import run_pipeline
  File "/opt/airflow/ingestion/minio_to_snowflake.py", line 7, in <module>
    from minio import Minio
ModuleNotFoundError: No module named 'minio'
[2026-09-08T22:32:43.248+0000] {processor.py:927} WARNING - No viable dags retrieved from /opt/airflow/dags/countries_dag.py
[2026-09-08T22:32:43.328+0000] {processor.py:208} INFO - Processing /opt/airflow/dags/countries_dag.py took 0.287 seconds
[2026-09-08T22:33:13.979+0000] {processor.py:186} INFO - Started process (PID=806) to work on /opt/airflow/dags/countries_dag.py
[2026-09-08T22:33:13.991+0000] {processor.py:914} INFO - Processing file /opt/airflow/dags/countries_dag.py for tasks to queue
[2026-09-08T22:33:14.006+0000] {logging_mixin.py:190} INFO - [2026-09-08T22:33:13.996+0000] {dagbag.py:588} INFO - Filling up the DagBag from /opt/airflow/dags/countries_dag.py
[2026-09-08T22:33:14.353+0000] {logging_mixin.py:190} INFO - [2026-09-08T22:33:14.263+0000] {dagbag.py:387} ERROR - Failed to import: /opt/airflow/dags/countries_dag.py
Traceback (most recent call last):
  File "/home/airflow/.local/lib/python3.11/site-packages/airflow/models/dagbag.py", line 383, in parse
    loader.exec_module(new_module)
  File "<frozen importlib._bootstrap_external>", line 940, in exec_module
  File "<frozen importlib._bootstrap>", line 241, in _call_with_frames_removed
  File "/opt/airflow/dags/countries_dag.py", line 6, in <module>
    from ingestion.minio_to_snowflake import run_pipeline
  File "/opt/airflow/ingestion/minio_to_snowflake.py", line 7, in <module>
    from minio import Minio
ModuleNotFoundError: No module named 'minio'
[2026-09-08T22:33:14.357+0000] {processor.py:927} WARNING - No viable dags retrieved from /opt/airflow/dags/countries_dag.py
[2026-09-08T22:33:14.461+0000] {processor.py:208} INFO - Processing /opt/airflow/dags/countries_dag.py took 0.509 seconds
[2026-09-08T22:33:44.899+0000] {processor.py:186} INFO - Started process (PID=811) to work on /opt/airflow/dags/countries_dag.py
[2026-09-08T22:33:44.903+0000] {processor.py:914} INFO - Processing file /opt/airflow/dags/countries_dag.py for tasks to queue
[2026-09-08T22:33:44.916+0000] {logging_mixin.py:190} INFO - [2026-09-08T22:33:44.916+0000] {dagbag.py:588} INFO - Filling up the DagBag from /opt/airflow/dags/countries_dag.py
[2026-09-08T22:33:45.031+0000] {logging_mixin.py:190} INFO - [2026-09-08T22:33:45.011+0000] {dagbag.py:387} ERROR - Failed to import: /opt/airflow/dags/countries_dag.py
Traceback (most recent call last):
  File "/home/airflow/.local/lib/python3.11/site-packages/airflow/models/dagbag.py", line 383, in parse
    loader.exec_module(new_module)
  File "<frozen importlib._bootstrap_external>", line 940, in exec_module
  File "<frozen importlib._bootstrap>", line 241, in _call_with_frames_removed
  File "/opt/airflow/dags/countries_dag.py", line 6, in <module>
    from ingestion.minio_to_snowflake import run_pipeline
  File "/opt/airflow/ingestion/minio_to_snowflake.py", line 7, in <module>
    from minio import Minio
ModuleNotFoundError: No module named 'minio'
[2026-09-08T22:33:45.037+0000] {processor.py:927} WARNING - No viable dags retrieved from /opt/airflow/dags/countries_dag.py
[2026-09-08T22:33:45.109+0000] {processor.py:208} INFO - Processing /opt/airflow/dags/countries_dag.py took 0.247 seconds
[2026-09-08T22:34:15.723+0000] {processor.py:186} INFO - Started process (PID=816) to work on /opt/airflow/dags/countries_dag.py
[2026-09-08T22:34:15.726+0000] {processor.py:914} INFO - Processing file /opt/airflow/dags/countries_dag.py for tasks to queue
[2026-09-08T22:34:15.742+0000] {logging_mixin.py:190} INFO - [2026-09-08T22:34:15.739+0000] {dagbag.py:588} INFO - Filling up the DagBag from /opt/airflow/dags/countries_dag.py
[2026-09-08T22:34:15.883+0000] {logging_mixin.py:190} INFO - [2026-09-08T22:34:15.845+0000] {dagbag.py:387} ERROR - Failed to import: /opt/airflow/dags/countries_dag.py
Traceback (most recent call last):
  File "/home/airflow/.local/lib/python3.11/site-packages/airflow/models/dagbag.py", line 383, in parse
    loader.exec_module(new_module)
  File "<frozen importlib._bootstrap_external>", line 940, in exec_module
  File "<frozen importlib._bootstrap>", line 241, in _call_with_frames_removed
  File "/opt/airflow/dags/countries_dag.py", line 6, in <module>
    from ingestion.minio_to_snowflake import run_pipeline
  File "/opt/airflow/ingestion/minio_to_snowflake.py", line 7, in <module>
    from minio import Minio
ModuleNotFoundError: No module named 'minio'
[2026-09-08T22:34:15.893+0000] {processor.py:927} WARNING - No viable dags retrieved from /opt/airflow/dags/countries_dag.py
[2026-09-08T22:34:15.971+0000] {processor.py:208} INFO - Processing /opt/airflow/dags/countries_dag.py took 0.271 seconds
[2026-09-08T22:34:46.322+0000] {processor.py:186} INFO - Started process (PID=821) to work on /opt/airflow/dags/countries_dag.py
[2026-09-08T22:34:46.329+0000] {processor.py:914} INFO - Processing file /opt/airflow/dags/countries_dag.py for tasks to queue
[2026-09-08T22:34:46.348+0000] {logging_mixin.py:190} INFO - [2026-09-08T22:34:46.347+0000] {dagbag.py:588} INFO - Filling up the DagBag from /opt/airflow/dags/countries_dag.py
[2026-09-08T22:34:46.618+0000] {logging_mixin.py:190} INFO - [2026-09-08T22:34:46.586+0000] {dagbag.py:387} ERROR - Failed to import: /opt/airflow/dags/countries_dag.py
Traceback (most recent call last):
  File "/home/airflow/.local/lib/python3.11/site-packages/airflow/models/dagbag.py", line 383, in parse
    loader.exec_module(new_module)
  File "<frozen importlib._bootstrap_external>", line 940, in exec_module
  File "<frozen importlib._bootstrap>", line 241, in _call_with_frames_removed
  File "/opt/airflow/dags/countries_dag.py", line 6, in <module>
    from ingestion.minio_to_snowflake import run_pipeline
  File "/opt/airflow/ingestion/minio_to_snowflake.py", line 7, in <module>
    from minio import Minio
ModuleNotFoundError: No module named 'minio'
[2026-09-08T22:34:46.627+0000] {processor.py:927} WARNING - No viable dags retrieved from /opt/airflow/dags/countries_dag.py
[2026-09-08T22:34:46.716+0000] {processor.py:208} INFO - Processing /opt/airflow/dags/countries_dag.py took 0.419 seconds
[2026-09-08T22:35:17.353+0000] {processor.py:186} INFO - Started process (PID=826) to work on /opt/airflow/dags/countries_dag.py
[2026-09-08T22:35:17.359+0000] {processor.py:914} INFO - Processing file /opt/airflow/dags/countries_dag.py for tasks to queue
[2026-09-08T22:35:17.368+0000] {logging_mixin.py:190} INFO - [2026-09-08T22:35:17.368+0000] {dagbag.py:588} INFO - Filling up the DagBag from /opt/airflow/dags/countries_dag.py
[2026-09-08T22:35:17.740+0000] {logging_mixin.py:190} INFO - [2026-09-08T22:35:17.648+0000] {dagbag.py:387} ERROR - Failed to import: /opt/airflow/dags/countries_dag.py
Traceback (most recent call last):
  File "/home/airflow/.local/lib/python3.11/site-packages/airflow/models/dagbag.py", line 383, in parse
    loader.exec_module(new_module)
  File "<frozen importlib._bootstrap_external>", line 940, in exec_module
  File "<frozen importlib._bootstrap>", line 241, in _call_with_frames_removed
  File "/opt/airflow/dags/countries_dag.py", line 6, in <module>
    from ingestion.minio_to_snowflake import run_pipeline
  File "/opt/airflow/ingestion/minio_to_snowflake.py", line 7, in <module>
    from minio import Minio
ModuleNotFoundError: No module named 'minio'
[2026-09-08T22:35:17.753+0000] {processor.py:927} WARNING - No viable dags retrieved from /opt/airflow/dags/countries_dag.py
[2026-09-08T22:35:17.829+0000] {processor.py:208} INFO - Processing /opt/airflow/dags/countries_dag.py took 0.514 seconds
[2026-09-08T22:35:48.472+0000] {processor.py:186} INFO - Started process (PID=831) to work on /opt/airflow/dags/countries_dag.py
[2026-09-08T22:35:48.483+0000] {processor.py:914} INFO - Processing file /opt/airflow/dags/countries_dag.py for tasks to queue
[2026-09-08T22:35:48.498+0000] {logging_mixin.py:190} INFO - [2026-09-08T22:35:48.497+0000] {dagbag.py:588} INFO - Filling up the DagBag from /opt/airflow/dags/countries_dag.py
[2026-09-08T22:35:49.002+0000] {logging_mixin.py:190} INFO - [2026-09-08T22:35:48.924+0000] {dagbag.py:387} ERROR - Failed to import: /opt/airflow/dags/countries_dag.py
Traceback (most recent call last):
  File "/home/airflow/.local/lib/python3.11/site-packages/airflow/models/dagbag.py", line 383, in parse
    loader.exec_module(new_module)
  File "<frozen importlib._bootstrap_external>", line 940, in exec_module
  File "<frozen importlib._bootstrap>", line 241, in _call_with_frames_removed
  File "/opt/airflow/dags/countries_dag.py", line 6, in <module>
    from ingestion.minio_to_snowflake import run_pipeline
  File "/opt/airflow/ingestion/minio_to_snowflake.py", line 7, in <module>
    from minio import Minio
ModuleNotFoundError: No module named 'minio'
[2026-09-08T22:35:49.006+0000] {processor.py:927} WARNING - No viable dags retrieved from /opt/airflow/dags/countries_dag.py
[2026-09-08T22:35:49.082+0000] {processor.py:208} INFO - Processing /opt/airflow/dags/countries_dag.py took 0.631 seconds
[2026-09-08T22:36:19.266+0000] {processor.py:186} INFO - Started process (PID=836) to work on /opt/airflow/dags/countries_dag.py
[2026-09-08T22:36:19.275+0000] {processor.py:914} INFO - Processing file /opt/airflow/dags/countries_dag.py for tasks to queue
[2026-09-08T22:36:19.290+0000] {logging_mixin.py:190} INFO - [2026-09-08T22:36:19.289+0000] {dagbag.py:588} INFO - Filling up the DagBag from /opt/airflow/dags/countries_dag.py
[2026-09-08T22:36:19.488+0000] {logging_mixin.py:190} INFO - [2026-09-08T22:36:19.415+0000] {dagbag.py:387} ERROR - Failed to import: /opt/airflow/dags/countries_dag.py
Traceback (most recent call last):
  File "/home/airflow/.local/lib/python3.11/site-packages/airflow/models/dagbag.py", line 383, in parse
    loader.exec_module(new_module)
  File "<frozen importlib._bootstrap_external>", line 940, in exec_module
  File "<frozen importlib._bootstrap>", line 241, in _call_with_frames_removed
  File "/opt/airflow/dags/countries_dag.py", line 6, in <module>
    from ingestion.minio_to_snowflake import run_pipeline
  File "/opt/airflow/ingestion/minio_to_snowflake.py", line 7, in <module>
    from minio import Minio
ModuleNotFoundError: No module named 'minio'
[2026-09-08T22:36:19.504+0000] {processor.py:927} WARNING - No viable dags retrieved from /opt/airflow/dags/countries_dag.py
[2026-09-08T22:36:19.559+0000] {processor.py:208} INFO - Processing /opt/airflow/dags/countries_dag.py took 0.316 seconds
[2026-09-08T22:36:50.330+0000] {processor.py:186} INFO - Started process (PID=841) to work on /opt/airflow/dags/countries_dag.py
[2026-09-08T22:36:50.342+0000] {processor.py:914} INFO - Processing file /opt/airflow/dags/countries_dag.py for tasks to queue
[2026-09-08T22:36:50.359+0000] {logging_mixin.py:190} INFO - [2026-09-08T22:36:50.355+0000] {dagbag.py:588} INFO - Filling up the DagBag from /opt/airflow/dags/countries_dag.py
[2026-09-08T22:36:50.520+0000] {logging_mixin.py:190} INFO - [2026-09-08T22:36:50.488+0000] {dagbag.py:387} ERROR - Failed to import: /opt/airflow/dags/countries_dag.py
Traceback (most recent call last):
  File "/home/airflow/.local/lib/python3.11/site-packages/airflow/models/dagbag.py", line 383, in parse
    loader.exec_module(new_module)
  File "<frozen importlib._bootstrap_external>", line 940, in exec_module
  File "<frozen importlib._bootstrap>", line 241, in _call_with_frames_removed
  File "/opt/airflow/dags/countries_dag.py", line 6, in <module>
    from ingestion.minio_to_snowflake import run_pipeline
  File "/opt/airflow/ingestion/minio_to_snowflake.py", line 7, in <module>
    from minio import Minio
ModuleNotFoundError: No module named 'minio'
[2026-09-08T22:36:50.529+0000] {processor.py:927} WARNING - No viable dags retrieved from /opt/airflow/dags/countries_dag.py
[2026-09-08T22:36:50.629+0000] {processor.py:208} INFO - Processing /opt/airflow/dags/countries_dag.py took 0.337 seconds
[2026-09-08T22:37:21.598+0000] {processor.py:186} INFO - Started process (PID=846) to work on /opt/airflow/dags/countries_dag.py
[2026-09-08T22:37:21.622+0000] {processor.py:914} INFO - Processing file /opt/airflow/dags/countries_dag.py for tasks to queue
[2026-09-08T22:37:21.639+0000] {logging_mixin.py:190} INFO - [2026-09-08T22:37:21.638+0000] {dagbag.py:588} INFO - Filling up the DagBag from /opt/airflow/dags/countries_dag.py
[2026-09-08T22:37:21.952+0000] {logging_mixin.py:190} INFO - [2026-09-08T22:37:21.878+0000] {dagbag.py:387} ERROR - Failed to import: /opt/airflow/dags/countries_dag.py
Traceback (most recent call last):
  File "/home/airflow/.local/lib/python3.11/site-packages/airflow/models/dagbag.py", line 383, in parse
    loader.exec_module(new_module)
  File "<frozen importlib._bootstrap_external>", line 940, in exec_module
  File "<frozen importlib._bootstrap>", line 241, in _call_with_frames_removed
  File "/opt/airflow/dags/countries_dag.py", line 6, in <module>
    from ingestion.minio_to_snowflake import run_pipeline
  File "/opt/airflow/ingestion/minio_to_snowflake.py", line 7, in <module>
    from minio import Minio
ModuleNotFoundError: No module named 'minio'
[2026-09-08T22:37:21.957+0000] {processor.py:927} WARNING - No viable dags retrieved from /opt/airflow/dags/countries_dag.py
[2026-09-08T22:37:22.071+0000] {processor.py:208} INFO - Processing /opt/airflow/dags/countries_dag.py took 0.510 seconds
[2026-09-08T22:37:52.316+0000] {processor.py:186} INFO - Started process (PID=851) to work on /opt/airflow/dags/countries_dag.py
[2026-09-08T22:37:52.325+0000] {processor.py:914} INFO - Processing file /opt/airflow/dags/countries_dag.py for tasks to queue
[2026-09-08T22:37:52.344+0000] {logging_mixin.py:190} INFO - [2026-09-08T22:37:52.334+0000] {dagbag.py:588} INFO - Filling up the DagBag from /opt/airflow/dags/countries_dag.py
[2026-09-08T22:37:52.499+0000] {logging_mixin.py:190} INFO - [2026-09-08T22:37:52.455+0000] {dagbag.py:387} ERROR - Failed to import: /opt/airflow/dags/countries_dag.py
Traceback (most recent call last):
  File "/home/airflow/.local/lib/python3.11/site-packages/airflow/models/dagbag.py", line 383, in parse
    loader.exec_module(new_module)
  File "<frozen importlib._bootstrap_external>", line 940, in exec_module
  File "<frozen importlib._bootstrap>", line 241, in _call_with_frames_removed
  File "/opt/airflow/dags/countries_dag.py", line 6, in <module>
    from ingestion.minio_to_snowflake import run_pipeline
  File "/opt/airflow/ingestion/minio_to_snowflake.py", line 7, in <module>
    from minio import Minio
ModuleNotFoundError: No module named 'minio'
[2026-09-08T22:37:52.505+0000] {processor.py:927} WARNING - No viable dags retrieved from /opt/airflow/dags/countries_dag.py
[2026-09-08T22:37:52.585+0000] {processor.py:208} INFO - Processing /opt/airflow/dags/countries_dag.py took 0.293 seconds
[2026-09-08T22:38:22.956+0000] {processor.py:186} INFO - Started process (PID=856) to work on /opt/airflow/dags/countries_dag.py
[2026-09-08T22:38:22.968+0000] {processor.py:914} INFO - Processing file /opt/airflow/dags/countries_dag.py for tasks to queue
[2026-09-08T22:38:22.982+0000] {logging_mixin.py:190} INFO - [2026-09-08T22:38:22.975+0000] {dagbag.py:588} INFO - Filling up the DagBag from /opt/airflow/dags/countries_dag.py
[2026-09-08T22:38:23.226+0000] {logging_mixin.py:190} INFO - [2026-09-08T22:38:23.191+0000] {dagbag.py:387} ERROR - Failed to import: /opt/airflow/dags/countries_dag.py
Traceback (most recent call last):
  File "/home/airflow/.local/lib/python3.11/site-packages/airflow/models/dagbag.py", line 383, in parse
    loader.exec_module(new_module)
  File "<frozen importlib._bootstrap_external>", line 940, in exec_module
  File "<frozen importlib._bootstrap>", line 241, in _call_with_frames_removed
  File "/opt/airflow/dags/countries_dag.py", line 6, in <module>
    from ingestion.minio_to_snowflake import run_pipeline
  File "/opt/airflow/ingestion/minio_to_snowflake.py", line 7, in <module>
    from minio import Minio
ModuleNotFoundError: No module named 'minio'
[2026-09-08T22:38:23.231+0000] {processor.py:927} WARNING - No viable dags retrieved from /opt/airflow/dags/countries_dag.py
[2026-09-08T22:38:23.327+0000] {processor.py:208} INFO - Processing /opt/airflow/dags/countries_dag.py took 0.395 seconds
[2026-09-08T22:38:53.577+0000] {processor.py:186} INFO - Started process (PID=861) to work on /opt/airflow/dags/countries_dag.py
[2026-09-08T22:38:53.579+0000] {processor.py:914} INFO - Processing file /opt/airflow/dags/countries_dag.py for tasks to queue
[2026-09-08T22:38:53.591+0000] {logging_mixin.py:190} INFO - [2026-09-08T22:38:53.590+0000] {dagbag.py:588} INFO - Filling up the DagBag from /opt/airflow/dags/countries_dag.py
[2026-09-08T22:38:53.779+0000] {logging_mixin.py:190} INFO - [2026-09-08T22:38:53.696+0000] {dagbag.py:387} ERROR - Failed to import: /opt/airflow/dags/countries_dag.py
Traceback (most recent call last):
  File "/home/airflow/.local/lib/python3.11/site-packages/airflow/models/dagbag.py", line 383, in parse
    loader.exec_module(new_module)
  File "<frozen importlib._bootstrap_external>", line 940, in exec_module
  File "<frozen importlib._bootstrap>", line 241, in _call_with_frames_removed
  File "/opt/airflow/dags/countries_dag.py", line 6, in <module>
    from ingestion.minio_to_snowflake import run_pipeline
  File "/opt/airflow/ingestion/minio_to_snowflake.py", line 7, in <module>
    from minio import Minio
ModuleNotFoundError: No module named 'minio'
[2026-09-08T22:38:53.794+0000] {processor.py:927} WARNING - No viable dags retrieved from /opt/airflow/dags/countries_dag.py
[2026-09-08T22:38:53.869+0000] {processor.py:208} INFO - Processing /opt/airflow/dags/countries_dag.py took 0.311 seconds
[2026-09-08T22:39:24.741+0000] {processor.py:186} INFO - Started process (PID=866) to work on /opt/airflow/dags/countries_dag.py
[2026-09-08T22:39:24.746+0000] {processor.py:914} INFO - Processing file /opt/airflow/dags/countries_dag.py for tasks to queue
[2026-09-08T22:39:24.759+0000] {logging_mixin.py:190} INFO - [2026-09-08T22:39:24.758+0000] {dagbag.py:588} INFO - Filling up the DagBag from /opt/airflow/dags/countries_dag.py
[2026-09-08T22:39:25.027+0000] {logging_mixin.py:190} INFO - [2026-09-08T22:39:24.987+0000] {dagbag.py:387} ERROR - Failed to import: /opt/airflow/dags/countries_dag.py
Traceback (most recent call last):
  File "/home/airflow/.local/lib/python3.11/site-packages/airflow/models/dagbag.py", line 383, in parse
    loader.exec_module(new_module)
  File "<frozen importlib._bootstrap_external>", line 940, in exec_module
  File "<frozen importlib._bootstrap>", line 241, in _call_with_frames_removed
  File "/opt/airflow/dags/countries_dag.py", line 6, in <module>
    from ingestion.minio_to_snowflake import run_pipeline
  File "/opt/airflow/ingestion/minio_to_snowflake.py", line 7, in <module>
    from minio import Minio
ModuleNotFoundError: No module named 'minio'
[2026-09-08T22:39:25.039+0000] {processor.py:927} WARNING - No viable dags retrieved from /opt/airflow/dags/countries_dag.py
[2026-09-08T22:39:25.129+0000] {processor.py:208} INFO - Processing /opt/airflow/dags/countries_dag.py took 0.415 seconds
[2026-09-08T22:39:55.619+0000] {processor.py:186} INFO - Started process (PID=871) to work on /opt/airflow/dags/countries_dag.py
[2026-09-08T22:39:55.623+0000] {processor.py:914} INFO - Processing file /opt/airflow/dags/countries_dag.py for tasks to queue
[2026-09-08T22:39:55.643+0000] {logging_mixin.py:190} INFO - [2026-09-08T22:39:55.643+0000] {dagbag.py:588} INFO - Filling up the DagBag from /opt/airflow/dags/countries_dag.py
[2026-09-08T22:39:55.956+0000] {logging_mixin.py:190} INFO - [2026-09-08T22:39:55.886+0000] {dagbag.py:387} ERROR - Failed to import: /opt/airflow/dags/countries_dag.py
Traceback (most recent call last):
  File "/home/airflow/.local/lib/python3.11/site-packages/airflow/models/dagbag.py", line 383, in parse
    loader.exec_module(new_module)
  File "<frozen importlib._bootstrap_external>", line 940, in exec_module
  File "<frozen importlib._bootstrap>", line 241, in _call_with_frames_removed
  File "/opt/airflow/dags/countries_dag.py", line 6, in <module>
    from ingestion.minio_to_snowflake import run_pipeline
  File "/opt/airflow/ingestion/minio_to_snowflake.py", line 7, in <module>
    from minio import Minio
ModuleNotFoundError: No module named 'minio'
[2026-09-08T22:39:55.975+0000] {processor.py:927} WARNING - No viable dags retrieved from /opt/airflow/dags/countries_dag.py
[2026-09-08T22:39:56.099+0000] {processor.py:208} INFO - Processing /opt/airflow/dags/countries_dag.py took 0.521 seconds
[2026-09-08T22:40:26.589+0000] {processor.py:186} INFO - Started process (PID=876) to work on /opt/airflow/dags/countries_dag.py
[2026-09-08T22:40:26.591+0000] {processor.py:914} INFO - Processing file /opt/airflow/dags/countries_dag.py for tasks to queue
[2026-09-08T22:40:26.608+0000] {logging_mixin.py:190} INFO - [2026-09-08T22:40:26.607+0000] {dagbag.py:588} INFO - Filling up the DagBag from /opt/airflow/dags/countries_dag.py
[2026-09-08T22:40:26.842+0000] {logging_mixin.py:190} INFO - [2026-09-08T22:40:26.746+0000] {dagbag.py:387} ERROR - Failed to import: /opt/airflow/dags/countries_dag.py
Traceback (most recent call last):
  File "/home/airflow/.local/lib/python3.11/site-packages/airflow/models/dagbag.py", line 383, in parse
    loader.exec_module(new_module)
  File "<frozen importlib._bootstrap_external>", line 940, in exec_module
  File "<frozen importlib._bootstrap>", line 241, in _call_with_frames_removed
  File "/opt/airflow/dags/countries_dag.py", line 6, in <module>
    from ingestion.minio_to_snowflake import run_pipeline
  File "/opt/airflow/ingestion/minio_to_snowflake.py", line 7, in <module>
    from minio import Minio
ModuleNotFoundError: No module named 'minio'
[2026-09-08T22:40:26.851+0000] {processor.py:927} WARNING - No viable dags retrieved from /opt/airflow/dags/countries_dag.py
[2026-09-08T22:40:26.912+0000] {processor.py:208} INFO - Processing /opt/airflow/dags/countries_dag.py took 0.354 seconds
[2026-09-08T22:40:57.177+0000] {processor.py:186} INFO - Started process (PID=881) to work on /opt/airflow/dags/countries_dag.py
[2026-09-08T22:40:57.181+0000] {processor.py:914} INFO - Processing file /opt/airflow/dags/countries_dag.py for tasks to queue
[2026-09-08T22:40:57.194+0000] {logging_mixin.py:190} INFO - [2026-09-08T22:40:57.194+0000] {dagbag.py:588} INFO - Filling up the DagBag from /opt/airflow/dags/countries_dag.py
[2026-09-08T22:40:57.385+0000] {logging_mixin.py:190} INFO - [2026-09-08T22:40:57.363+0000] {dagbag.py:387} ERROR - Failed to import: /opt/airflow/dags/countries_dag.py
Traceback (most recent call last):
  File "/home/airflow/.local/lib/python3.11/site-packages/airflow/models/dagbag.py", line 383, in parse
    loader.exec_module(new_module)
  File "<frozen importlib._bootstrap_external>", line 940, in exec_module
  File "<frozen importlib._bootstrap>", line 241, in _call_with_frames_removed
  File "/opt/airflow/dags/countries_dag.py", line 6, in <module>
    from ingestion.minio_to_snowflake import run_pipeline
  File "/opt/airflow/ingestion/minio_to_snowflake.py", line 7, in <module>
    from minio import Minio
ModuleNotFoundError: No module named 'minio'
[2026-09-08T22:40:57.390+0000] {processor.py:927} WARNING - No viable dags retrieved from /opt/airflow/dags/countries_dag.py
[2026-09-08T22:40:57.462+0000] {processor.py:208} INFO - Processing /opt/airflow/dags/countries_dag.py took 0.311 seconds
[2026-09-08T22:41:27.900+0000] {processor.py:186} INFO - Started process (PID=886) to work on /opt/airflow/dags/countries_dag.py
[2026-09-08T22:41:27.902+0000] {processor.py:914} INFO - Processing file /opt/airflow/dags/countries_dag.py for tasks to queue
[2026-09-08T22:41:27.909+0000] {logging_mixin.py:190} INFO - [2026-09-08T22:41:27.907+0000] {dagbag.py:588} INFO - Filling up the DagBag from /opt/airflow/dags/countries_dag.py
[2026-09-08T22:41:28.043+0000] {logging_mixin.py:190} INFO - [2026-09-08T22:41:28.019+0000] {dagbag.py:387} ERROR - Failed to import: /opt/airflow/dags/countries_dag.py
Traceback (most recent call last):
  File "/home/airflow/.local/lib/python3.11/site-packages/airflow/models/dagbag.py", line 383, in parse
    loader.exec_module(new_module)
  File "<frozen importlib._bootstrap_external>", line 940, in exec_module
  File "<frozen importlib._bootstrap>", line 241, in _call_with_frames_removed
  File "/opt/airflow/dags/countries_dag.py", line 6, in <module>
    from ingestion.minio_to_snowflake import run_pipeline
  File "/opt/airflow/ingestion/minio_to_snowflake.py", line 7, in <module>
    from minio import Minio
ModuleNotFoundError: No module named 'minio'
[2026-09-08T22:41:28.048+0000] {processor.py:927} WARNING - No viable dags retrieved from /opt/airflow/dags/countries_dag.py
[2026-09-08T22:41:28.135+0000] {processor.py:208} INFO - Processing /opt/airflow/dags/countries_dag.py took 0.259 seconds
[2026-09-08T22:41:58.646+0000] {processor.py:186} INFO - Started process (PID=891) to work on /opt/airflow/dags/countries_dag.py
[2026-09-08T22:41:58.657+0000] {processor.py:914} INFO - Processing file /opt/airflow/dags/countries_dag.py for tasks to queue
[2026-09-08T22:41:58.673+0000] {logging_mixin.py:190} INFO - [2026-09-08T22:41:58.672+0000] {dagbag.py:588} INFO - Filling up the DagBag from /opt/airflow/dags/countries_dag.py
[2026-09-08T22:41:58.994+0000] {logging_mixin.py:190} INFO - [2026-09-08T22:41:58.927+0000] {dagbag.py:387} ERROR - Failed to import: /opt/airflow/dags/countries_dag.py
Traceback (most recent call last):
  File "/home/airflow/.local/lib/python3.11/site-packages/airflow/models/dagbag.py", line 383, in parse
    loader.exec_module(new_module)
  File "<frozen importlib._bootstrap_external>", line 940, in exec_module
  File "<frozen importlib._bootstrap>", line 241, in _call_with_frames_removed
  File "/opt/airflow/dags/countries_dag.py", line 6, in <module>
    from ingestion.minio_to_snowflake import run_pipeline
  File "/opt/airflow/ingestion/minio_to_snowflake.py", line 7, in <module>
    from minio import Minio
ModuleNotFoundError: No module named 'minio'
[2026-09-08T22:41:59.017+0000] {processor.py:927} WARNING - No viable dags retrieved from /opt/airflow/dags/countries_dag.py
[2026-09-08T22:41:59.109+0000] {processor.py:208} INFO - Processing /opt/airflow/dags/countries_dag.py took 0.488 seconds
[2026-09-08T22:42:29.737+0000] {processor.py:186} INFO - Started process (PID=896) to work on /opt/airflow/dags/countries_dag.py
[2026-09-08T22:42:29.746+0000] {processor.py:914} INFO - Processing file /opt/airflow/dags/countries_dag.py for tasks to queue
[2026-09-08T22:42:29.754+0000] {logging_mixin.py:190} INFO - [2026-09-08T22:42:29.753+0000] {dagbag.py:588} INFO - Filling up the DagBag from /opt/airflow/dags/countries_dag.py
[2026-09-08T22:42:30.196+0000] {logging_mixin.py:190} INFO - [2026-09-08T22:42:30.107+0000] {dagbag.py:387} ERROR - Failed to import: /opt/airflow/dags/countries_dag.py
Traceback (most recent call last):
  File "/home/airflow/.local/lib/python3.11/site-packages/airflow/models/dagbag.py", line 383, in parse
    loader.exec_module(new_module)
  File "<frozen importlib._bootstrap_external>", line 940, in exec_module
  File "<frozen importlib._bootstrap>", line 241, in _call_with_frames_removed
  File "/opt/airflow/dags/countries_dag.py", line 6, in <module>
    from ingestion.minio_to_snowflake import run_pipeline
  File "/opt/airflow/ingestion/minio_to_snowflake.py", line 7, in <module>
    from minio import Minio
ModuleNotFoundError: No module named 'minio'
[2026-09-08T22:42:30.205+0000] {processor.py:927} WARNING - No viable dags retrieved from /opt/airflow/dags/countries_dag.py
[2026-09-08T22:42:30.273+0000] {processor.py:208} INFO - Processing /opt/airflow/dags/countries_dag.py took 0.570 seconds
[2026-09-08T22:43:00.600+0000] {processor.py:186} INFO - Started process (PID=901) to work on /opt/airflow/dags/countries_dag.py
[2026-09-08T22:43:00.607+0000] {processor.py:914} INFO - Processing file /opt/airflow/dags/countries_dag.py for tasks to queue
[2026-09-08T22:43:00.616+0000] {logging_mixin.py:190} INFO - [2026-09-08T22:43:00.614+0000] {dagbag.py:588} INFO - Filling up the DagBag from /opt/airflow/dags/countries_dag.py
[2026-09-08T22:43:00.932+0000] {logging_mixin.py:190} INFO - [2026-09-08T22:43:00.866+0000] {dagbag.py:387} ERROR - Failed to import: /opt/airflow/dags/countries_dag.py
Traceback (most recent call last):
  File "/home/airflow/.local/lib/python3.11/site-packages/airflow/models/dagbag.py", line 383, in parse
    loader.exec_module(new_module)
  File "<frozen importlib._bootstrap_external>", line 940, in exec_module
  File "<frozen importlib._bootstrap>", line 241, in _call_with_frames_removed
  File "/opt/airflow/dags/countries_dag.py", line 6, in <module>
    from ingestion.minio_to_snowflake import run_pipeline
  File "/opt/airflow/ingestion/minio_to_snowflake.py", line 7, in <module>
    from minio import Minio
ModuleNotFoundError: No module named 'minio'
[2026-09-08T22:43:00.939+0000] {processor.py:927} WARNING - No viable dags retrieved from /opt/airflow/dags/countries_dag.py
[2026-09-08T22:43:01.012+0000] {processor.py:208} INFO - Processing /opt/airflow/dags/countries_dag.py took 0.444 seconds
[2026-09-08T22:43:31.801+0000] {processor.py:186} INFO - Started process (PID=906) to work on /opt/airflow/dags/countries_dag.py
[2026-09-08T22:43:31.824+0000] {processor.py:914} INFO - Processing file /opt/airflow/dags/countries_dag.py for tasks to queue
[2026-09-08T22:43:31.849+0000] {logging_mixin.py:190} INFO - [2026-09-08T22:43:31.848+0000] {dagbag.py:588} INFO - Filling up the DagBag from /opt/airflow/dags/countries_dag.py
[2026-09-08T22:43:32.184+0000] {logging_mixin.py:190} INFO - [2026-09-08T22:43:32.160+0000] {dagbag.py:387} ERROR - Failed to import: /opt/airflow/dags/countries_dag.py
Traceback (most recent call last):
  File "/home/airflow/.local/lib/python3.11/site-packages/airflow/models/dagbag.py", line 383, in parse
    loader.exec_module(new_module)
  File "<frozen importlib._bootstrap_external>", line 940, in exec_module
  File "<frozen importlib._bootstrap>", line 241, in _call_with_frames_removed
  File "/opt/airflow/dags/countries_dag.py", line 6, in <module>
    from ingestion.minio_to_snowflake import run_pipeline
  File "/opt/airflow/ingestion/minio_to_snowflake.py", line 7, in <module>
    from minio import Minio
ModuleNotFoundError: No module named 'minio'
[2026-09-08T22:43:32.203+0000] {processor.py:927} WARNING - No viable dags retrieved from /opt/airflow/dags/countries_dag.py
[2026-09-08T22:43:32.313+0000] {processor.py:208} INFO - Processing /opt/airflow/dags/countries_dag.py took 0.545 seconds
[2026-09-08T22:44:03.504+0000] {processor.py:186} INFO - Started process (PID=911) to work on /opt/airflow/dags/countries_dag.py
[2026-09-08T22:44:03.526+0000] {processor.py:914} INFO - Processing file /opt/airflow/dags/countries_dag.py for tasks to queue
[2026-09-08T22:44:03.620+0000] {logging_mixin.py:190} INFO - [2026-09-08T22:44:03.620+0000] {dagbag.py:588} INFO - Filling up the DagBag from /opt/airflow/dags/countries_dag.py
[2026-09-08T22:44:03.983+0000] {logging_mixin.py:190} INFO - [2026-09-08T22:44:03.918+0000] {dagbag.py:387} ERROR - Failed to import: /opt/airflow/dags/countries_dag.py
Traceback (most recent call last):
  File "/home/airflow/.local/lib/python3.11/site-packages/airflow/models/dagbag.py", line 383, in parse
    loader.exec_module(new_module)
  File "<frozen importlib._bootstrap_external>", line 940, in exec_module
  File "<frozen importlib._bootstrap>", line 241, in _call_with_frames_removed
  File "/opt/airflow/dags/countries_dag.py", line 6, in <module>
    from ingestion.minio_to_snowflake import run_pipeline
  File "/opt/airflow/ingestion/minio_to_snowflake.py", line 7, in <module>
    from minio import Minio
ModuleNotFoundError: No module named 'minio'
[2026-09-08T22:44:03.988+0000] {processor.py:927} WARNING - No viable dags retrieved from /opt/airflow/dags/countries_dag.py
[2026-09-08T22:44:04.133+0000] {processor.py:208} INFO - Processing /opt/airflow/dags/countries_dag.py took 0.665 seconds
[2026-09-08T22:44:35.213+0000] {processor.py:186} INFO - Started process (PID=916) to work on /opt/airflow/dags/countries_dag.py
[2026-09-08T22:44:35.229+0000] {processor.py:914} INFO - Processing file /opt/airflow/dags/countries_dag.py for tasks to queue
[2026-09-08T22:44:35.272+0000] {logging_mixin.py:190} INFO - [2026-09-08T22:44:35.271+0000] {dagbag.py:588} INFO - Filling up the DagBag from /opt/airflow/dags/countries_dag.py
[2026-09-08T22:44:35.763+0000] {logging_mixin.py:190} INFO - [2026-09-08T22:44:35.659+0000] {dagbag.py:387} ERROR - Failed to import: /opt/airflow/dags/countries_dag.py
Traceback (most recent call last):
  File "/home/airflow/.local/lib/python3.11/site-packages/airflow/models/dagbag.py", line 383, in parse
    loader.exec_module(new_module)
  File "<frozen importlib._bootstrap_external>", line 940, in exec_module
  File "<frozen importlib._bootstrap>", line 241, in _call_with_frames_removed
  File "/opt/airflow/dags/countries_dag.py", line 6, in <module>
    from ingestion.minio_to_snowflake import run_pipeline
  File "/opt/airflow/ingestion/minio_to_snowflake.py", line 7, in <module>
    from minio import Minio
ModuleNotFoundError: No module named 'minio'
[2026-09-08T22:44:35.776+0000] {processor.py:927} WARNING - No viable dags retrieved from /opt/airflow/dags/countries_dag.py
[2026-09-08T22:44:35.861+0000] {processor.py:208} INFO - Processing /opt/airflow/dags/countries_dag.py took 0.684 seconds
[2026-09-08T22:45:06.618+0000] {processor.py:186} INFO - Started process (PID=921) to work on /opt/airflow/dags/countries_dag.py
[2026-09-08T22:45:06.623+0000] {processor.py:914} INFO - Processing file /opt/airflow/dags/countries_dag.py for tasks to queue
[2026-09-08T22:45:06.641+0000] {logging_mixin.py:190} INFO - [2026-09-08T22:45:06.640+0000] {dagbag.py:588} INFO - Filling up the DagBag from /opt/airflow/dags/countries_dag.py
[2026-09-08T22:45:06.888+0000] {logging_mixin.py:190} INFO - [2026-09-08T22:45:06.831+0000] {dagbag.py:387} ERROR - Failed to import: /opt/airflow/dags/countries_dag.py
Traceback (most recent call last):
  File "/home/airflow/.local/lib/python3.11/site-packages/airflow/models/dagbag.py", line 383, in parse
    loader.exec_module(new_module)
  File "<frozen importlib._bootstrap_external>", line 940, in exec_module
  File "<frozen importlib._bootstrap>", line 241, in _call_with_frames_removed
  File "/opt/airflow/dags/countries_dag.py", line 6, in <module>
    from ingestion.minio_to_snowflake import run_pipeline
  File "/opt/airflow/ingestion/minio_to_snowflake.py", line 7, in <module>
    from minio import Minio
ModuleNotFoundError: No module named 'minio'
[2026-09-08T22:45:06.905+0000] {processor.py:927} WARNING - No viable dags retrieved from /opt/airflow/dags/countries_dag.py
[2026-09-08T22:45:07.050+0000] {processor.py:208} INFO - Processing /opt/airflow/dags/countries_dag.py took 0.455 seconds
[2026-09-08T22:45:37.742+0000] {processor.py:186} INFO - Started process (PID=926) to work on /opt/airflow/dags/countries_dag.py
[2026-09-08T22:45:37.750+0000] {processor.py:914} INFO - Processing file /opt/airflow/dags/countries_dag.py for tasks to queue
[2026-09-08T22:45:37.780+0000] {logging_mixin.py:190} INFO - [2026-09-08T22:45:37.779+0000] {dagbag.py:588} INFO - Filling up the DagBag from /opt/airflow/dags/countries_dag.py
[2026-09-08T22:45:38.209+0000] {logging_mixin.py:190} INFO - [2026-09-08T22:45:38.181+0000] {dagbag.py:387} ERROR - Failed to import: /opt/airflow/dags/countries_dag.py
Traceback (most recent call last):
  File "/home/airflow/.local/lib/python3.11/site-packages/airflow/models/dagbag.py", line 383, in parse
    loader.exec_module(new_module)
  File "<frozen importlib._bootstrap_external>", line 940, in exec_module
  File "<frozen importlib._bootstrap>", line 241, in _call_with_frames_removed
  File "/opt/airflow/dags/countries_dag.py", line 6, in <module>
    from ingestion.minio_to_snowflake import run_pipeline
  File "/opt/airflow/ingestion/minio_to_snowflake.py", line 7, in <module>
    from minio import Minio
ModuleNotFoundError: No module named 'minio'
[2026-09-08T22:45:38.218+0000] {processor.py:927} WARNING - No viable dags retrieved from /opt/airflow/dags/countries_dag.py
[2026-09-08T22:45:38.394+0000] {processor.py:208} INFO - Processing /opt/airflow/dags/countries_dag.py took 0.772 seconds
[2026-09-08T22:46:09.376+0000] {processor.py:186} INFO - Started process (PID=931) to work on /opt/airflow/dags/countries_dag.py
[2026-09-08T22:46:09.383+0000] {processor.py:914} INFO - Processing file /opt/airflow/dags/countries_dag.py for tasks to queue
[2026-09-08T22:46:09.397+0000] {logging_mixin.py:190} INFO - [2026-09-08T22:46:09.396+0000] {dagbag.py:588} INFO - Filling up the DagBag from /opt/airflow/dags/countries_dag.py
[2026-09-08T22:46:09.847+0000] {logging_mixin.py:190} INFO - [2026-09-08T22:46:09.745+0000] {dagbag.py:387} ERROR - Failed to import: /opt/airflow/dags/countries_dag.py
Traceback (most recent call last):
  File "/home/airflow/.local/lib/python3.11/site-packages/airflow/models/dagbag.py", line 383, in parse
    loader.exec_module(new_module)
  File "<frozen importlib._bootstrap_external>", line 940, in exec_module
  File "<frozen importlib._bootstrap>", line 241, in _call_with_frames_removed
  File "/opt/airflow/dags/countries_dag.py", line 6, in <module>
    from ingestion.minio_to_snowflake import run_pipeline
  File "/opt/airflow/ingestion/minio_to_snowflake.py", line 7, in <module>
    from minio import Minio
ModuleNotFoundError: No module named 'minio'
[2026-09-08T22:46:09.859+0000] {processor.py:927} WARNING - No viable dags retrieved from /opt/airflow/dags/countries_dag.py
[2026-09-08T22:46:09.978+0000] {processor.py:208} INFO - Processing /opt/airflow/dags/countries_dag.py took 0.626 seconds
[2026-09-08T22:46:40.427+0000] {processor.py:186} INFO - Started process (PID=936) to work on /opt/airflow/dags/countries_dag.py
[2026-09-08T22:46:40.436+0000] {processor.py:914} INFO - Processing file /opt/airflow/dags/countries_dag.py for tasks to queue
[2026-09-08T22:46:40.445+0000] {logging_mixin.py:190} INFO - [2026-09-08T22:46:40.444+0000] {dagbag.py:588} INFO - Filling up the DagBag from /opt/airflow/dags/countries_dag.py
[2026-09-08T22:46:40.603+0000] {logging_mixin.py:190} INFO - [2026-09-08T22:46:40.578+0000] {dagbag.py:387} ERROR - Failed to import: /opt/airflow/dags/countries_dag.py
Traceback (most recent call last):
  File "/home/airflow/.local/lib/python3.11/site-packages/airflow/models/dagbag.py", line 383, in parse
    loader.exec_module(new_module)
  File "<frozen importlib._bootstrap_external>", line 940, in exec_module
  File "<frozen importlib._bootstrap>", line 241, in _call_with_frames_removed
  File "/opt/airflow/dags/countries_dag.py", line 6, in <module>
    from ingestion.minio_to_snowflake import run_pipeline
  File "/opt/airflow/ingestion/minio_to_snowflake.py", line 7, in <module>
    from minio import Minio
ModuleNotFoundError: No module named 'minio'
[2026-09-08T22:46:40.609+0000] {processor.py:927} WARNING - No viable dags retrieved from /opt/airflow/dags/countries_dag.py
[2026-09-08T22:46:40.691+0000] {processor.py:208} INFO - Processing /opt/airflow/dags/countries_dag.py took 0.303 seconds
[2026-09-08T22:47:11.716+0000] {processor.py:186} INFO - Started process (PID=941) to work on /opt/airflow/dags/countries_dag.py
[2026-09-08T22:47:11.725+0000] {processor.py:914} INFO - Processing file /opt/airflow/dags/countries_dag.py for tasks to queue
[2026-09-08T22:47:11.734+0000] {logging_mixin.py:190} INFO - [2026-09-08T22:47:11.733+0000] {dagbag.py:588} INFO - Filling up the DagBag from /opt/airflow/dags/countries_dag.py
[2026-09-08T22:47:12.001+0000] {logging_mixin.py:190} INFO - [2026-09-08T22:47:11.966+0000] {dagbag.py:387} ERROR - Failed to import: /opt/airflow/dags/countries_dag.py
Traceback (most recent call last):
  File "/home/airflow/.local/lib/python3.11/site-packages/airflow/models/dagbag.py", line 383, in parse
    loader.exec_module(new_module)
  File "<frozen importlib._bootstrap_external>", line 940, in exec_module
  File "<frozen importlib._bootstrap>", line 241, in _call_with_frames_removed
  File "/opt/airflow/dags/countries_dag.py", line 6, in <module>
    from ingestion.minio_to_snowflake import run_pipeline
  File "/opt/airflow/ingestion/minio_to_snowflake.py", line 7, in <module>
    from minio import Minio
ModuleNotFoundError: No module named 'minio'
[2026-09-08T22:47:12.008+0000] {processor.py:927} WARNING - No viable dags retrieved from /opt/airflow/dags/countries_dag.py
[2026-09-08T22:47:12.111+0000] {processor.py:208} INFO - Processing /opt/airflow/dags/countries_dag.py took 0.429 seconds
[2026-09-08T22:47:42.293+0000] {processor.py:186} INFO - Started process (PID=946) to work on /opt/airflow/dags/countries_dag.py
[2026-09-08T22:47:42.299+0000] {processor.py:914} INFO - Processing file /opt/airflow/dags/countries_dag.py for tasks to queue
[2026-09-08T22:47:42.312+0000] {logging_mixin.py:190} INFO - [2026-09-08T22:47:42.311+0000] {dagbag.py:588} INFO - Filling up the DagBag from /opt/airflow/dags/countries_dag.py
[2026-09-08T22:47:42.506+0000] {logging_mixin.py:190} INFO - [2026-09-08T22:47:42.488+0000] {dagbag.py:387} ERROR - Failed to import: /opt/airflow/dags/countries_dag.py
Traceback (most recent call last):
  File "/home/airflow/.local/lib/python3.11/site-packages/airflow/models/dagbag.py", line 383, in parse
    loader.exec_module(new_module)
  File "<frozen importlib._bootstrap_external>", line 940, in exec_module
  File "<frozen importlib._bootstrap>", line 241, in _call_with_frames_removed
  File "/opt/airflow/dags/countries_dag.py", line 6, in <module>
    from ingestion.minio_to_snowflake import run_pipeline
  File "/opt/airflow/ingestion/minio_to_snowflake.py", line 7, in <module>
    from minio import Minio
ModuleNotFoundError: No module named 'minio'
[2026-09-08T22:47:42.511+0000] {processor.py:927} WARNING - No viable dags retrieved from /opt/airflow/dags/countries_dag.py
[2026-09-08T22:47:42.598+0000] {processor.py:208} INFO - Processing /opt/airflow/dags/countries_dag.py took 0.328 seconds
[2026-09-08T22:48:12.774+0000] {processor.py:186} INFO - Started process (PID=951) to work on /opt/airflow/dags/countries_dag.py
[2026-09-08T22:48:12.811+0000] {processor.py:914} INFO - Processing file /opt/airflow/dags/countries_dag.py for tasks to queue
[2026-09-08T22:48:12.843+0000] {logging_mixin.py:190} INFO - [2026-09-08T22:48:12.823+0000] {dagbag.py:588} INFO - Filling up the DagBag from /opt/airflow/dags/countries_dag.py
[2026-09-08T22:48:13.194+0000] {logging_mixin.py:190} INFO - [2026-09-08T22:48:13.176+0000] {dagbag.py:387} ERROR - Failed to import: /opt/airflow/dags/countries_dag.py
Traceback (most recent call last):
  File "/home/airflow/.local/lib/python3.11/site-packages/airflow/models/dagbag.py", line 383, in parse
    loader.exec_module(new_module)
  File "<frozen importlib._bootstrap_external>", line 940, in exec_module
  File "<frozen importlib._bootstrap>", line 241, in _call_with_frames_removed
  File "/opt/airflow/dags/countries_dag.py", line 6, in <module>
    from ingestion.minio_to_snowflake import run_pipeline
  File "/opt/airflow/ingestion/minio_to_snowflake.py", line 7, in <module>
    from minio import Minio
ModuleNotFoundError: No module named 'minio'
[2026-09-08T22:48:13.199+0000] {processor.py:927} WARNING - No viable dags retrieved from /opt/airflow/dags/countries_dag.py
[2026-09-08T22:48:13.312+0000] {processor.py:208} INFO - Processing /opt/airflow/dags/countries_dag.py took 0.562 seconds
[2026-09-08T22:48:44.438+0000] {processor.py:186} INFO - Started process (PID=956) to work on /opt/airflow/dags/countries_dag.py
[2026-09-08T22:48:44.442+0000] {processor.py:914} INFO - Processing file /opt/airflow/dags/countries_dag.py for tasks to queue
[2026-09-08T22:48:44.458+0000] {logging_mixin.py:190} INFO - [2026-09-08T22:48:44.457+0000] {dagbag.py:588} INFO - Filling up the DagBag from /opt/airflow/dags/countries_dag.py
[2026-09-08T22:48:44.594+0000] {logging_mixin.py:190} INFO - [2026-09-08T22:48:44.547+0000] {dagbag.py:387} ERROR - Failed to import: /opt/airflow/dags/countries_dag.py
Traceback (most recent call last):
  File "/home/airflow/.local/lib/python3.11/site-packages/airflow/models/dagbag.py", line 383, in parse
    loader.exec_module(new_module)
  File "<frozen importlib._bootstrap_external>", line 940, in exec_module
  File "<frozen importlib._bootstrap>", line 241, in _call_with_frames_removed
  File "/opt/airflow/dags/countries_dag.py", line 6, in <module>
    from ingestion.minio_to_snowflake import run_pipeline
  File "/opt/airflow/ingestion/minio_to_snowflake.py", line 7, in <module>
    from minio import Minio
ModuleNotFoundError: No module named 'minio'
[2026-09-08T22:48:44.605+0000] {processor.py:927} WARNING - No viable dags retrieved from /opt/airflow/dags/countries_dag.py
[2026-09-08T22:48:44.708+0000] {processor.py:208} INFO - Processing /opt/airflow/dags/countries_dag.py took 0.305 seconds
[2026-09-08T22:49:15.174+0000] {processor.py:186} INFO - Started process (PID=961) to work on /opt/airflow/dags/countries_dag.py
[2026-09-08T22:49:15.179+0000] {processor.py:914} INFO - Processing file /opt/airflow/dags/countries_dag.py for tasks to queue
[2026-09-08T22:49:15.192+0000] {logging_mixin.py:190} INFO - [2026-09-08T22:49:15.191+0000] {dagbag.py:588} INFO - Filling up the DagBag from /opt/airflow/dags/countries_dag.py
[2026-09-08T22:49:15.548+0000] {logging_mixin.py:190} INFO - [2026-09-08T22:49:15.437+0000] {dagbag.py:387} ERROR - Failed to import: /opt/airflow/dags/countries_dag.py
Traceback (most recent call last):
  File "/home/airflow/.local/lib/python3.11/site-packages/airflow/models/dagbag.py", line 383, in parse
    loader.exec_module(new_module)
  File "<frozen importlib._bootstrap_external>", line 940, in exec_module
  File "<frozen importlib._bootstrap>", line 241, in _call_with_frames_removed
  File "/opt/airflow/dags/countries_dag.py", line 6, in <module>
    from ingestion.minio_to_snowflake import run_pipeline
  File "/opt/airflow/ingestion/minio_to_snowflake.py", line 7, in <module>
    from minio import Minio
ModuleNotFoundError: No module named 'minio'
[2026-09-08T22:49:15.571+0000] {processor.py:927} WARNING - No viable dags retrieved from /opt/airflow/dags/countries_dag.py
[2026-09-08T22:49:15.687+0000] {processor.py:208} INFO - Processing /opt/airflow/dags/countries_dag.py took 0.549 seconds
[2026-09-08T22:49:46.211+0000] {processor.py:186} INFO - Started process (PID=966) to work on /opt/airflow/dags/countries_dag.py
[2026-09-08T22:49:46.216+0000] {processor.py:914} INFO - Processing file /opt/airflow/dags/countries_dag.py for tasks to queue
[2026-09-08T22:49:46.229+0000] {logging_mixin.py:190} INFO - [2026-09-08T22:49:46.228+0000] {dagbag.py:588} INFO - Filling up the DagBag from /opt/airflow/dags/countries_dag.py
[2026-09-08T22:49:46.387+0000] {logging_mixin.py:190} INFO - [2026-09-08T22:49:46.345+0000] {dagbag.py:387} ERROR - Failed to import: /opt/airflow/dags/countries_dag.py
Traceback (most recent call last):
  File "/home/airflow/.local/lib/python3.11/site-packages/airflow/models/dagbag.py", line 383, in parse
    loader.exec_module(new_module)
  File "<frozen importlib._bootstrap_external>", line 940, in exec_module
  File "<frozen importlib._bootstrap>", line 241, in _call_with_frames_removed
  File "/opt/airflow/dags/countries_dag.py", line 6, in <module>
    from ingestion.minio_to_snowflake import run_pipeline
  File "/opt/airflow/ingestion/minio_to_snowflake.py", line 7, in <module>
    from minio import Minio
ModuleNotFoundError: No module named 'minio'
[2026-09-08T22:49:46.396+0000] {processor.py:927} WARNING - No viable dags retrieved from /opt/airflow/dags/countries_dag.py
[2026-09-08T22:49:46.486+0000] {processor.py:208} INFO - Processing /opt/airflow/dags/countries_dag.py took 0.380 seconds
[2026-09-08T22:50:17.425+0000] {processor.py:186} INFO - Started process (PID=971) to work on /opt/airflow/dags/countries_dag.py
[2026-09-08T22:50:17.432+0000] {processor.py:914} INFO - Processing file /opt/airflow/dags/countries_dag.py for tasks to queue
[2026-09-08T22:50:17.446+0000] {logging_mixin.py:190} INFO - [2026-09-08T22:50:17.445+0000] {dagbag.py:588} INFO - Filling up the DagBag from /opt/airflow/dags/countries_dag.py
[2026-09-08T22:50:17.738+0000] {logging_mixin.py:190} INFO - [2026-09-08T22:50:17.664+0000] {dagbag.py:387} ERROR - Failed to import: /opt/airflow/dags/countries_dag.py
Traceback (most recent call last):
  File "/home/airflow/.local/lib/python3.11/site-packages/airflow/models/dagbag.py", line 383, in parse
    loader.exec_module(new_module)
  File "<frozen importlib._bootstrap_external>", line 940, in exec_module
  File "<frozen importlib._bootstrap>", line 241, in _call_with_frames_removed
  File "/opt/airflow/dags/countries_dag.py", line 6, in <module>
    from ingestion.minio_to_snowflake import run_pipeline
  File "/opt/airflow/ingestion/minio_to_snowflake.py", line 7, in <module>
    from minio import Minio
ModuleNotFoundError: No module named 'minio'
[2026-09-08T22:50:17.863+0000] {processor.py:927} WARNING - No viable dags retrieved from /opt/airflow/dags/countries_dag.py
[2026-09-08T22:50:17.955+0000] {processor.py:208} INFO - Processing /opt/airflow/dags/countries_dag.py took 0.565 seconds
[2026-09-08T22:50:48.847+0000] {processor.py:186} INFO - Started process (PID=976) to work on /opt/airflow/dags/countries_dag.py
[2026-09-08T22:50:48.850+0000] {processor.py:914} INFO - Processing file /opt/airflow/dags/countries_dag.py for tasks to queue
[2026-09-08T22:50:48.866+0000] {logging_mixin.py:190} INFO - [2026-09-08T22:50:48.865+0000] {dagbag.py:588} INFO - Filling up the DagBag from /opt/airflow/dags/countries_dag.py
[2026-09-08T22:50:48.982+0000] {logging_mixin.py:190} INFO - [2026-09-08T22:50:48.962+0000] {dagbag.py:387} ERROR - Failed to import: /opt/airflow/dags/countries_dag.py
Traceback (most recent call last):
  File "/home/airflow/.local/lib/python3.11/site-packages/airflow/models/dagbag.py", line 383, in parse
    loader.exec_module(new_module)
  File "<frozen importlib._bootstrap_external>", line 940, in exec_module
  File "<frozen importlib._bootstrap>", line 241, in _call_with_frames_removed
  File "/opt/airflow/dags/countries_dag.py", line 6, in <module>
    from ingestion.minio_to_snowflake import run_pipeline
  File "/opt/airflow/ingestion/minio_to_snowflake.py", line 7, in <module>
    from minio import Minio
ModuleNotFoundError: No module named 'minio'
[2026-09-08T22:50:48.986+0000] {processor.py:927} WARNING - No viable dags retrieved from /opt/airflow/dags/countries_dag.py
[2026-09-08T22:50:49.074+0000] {processor.py:208} INFO - Processing /opt/airflow/dags/countries_dag.py took 0.284 seconds
[2026-09-08T22:51:19.591+0000] {processor.py:186} INFO - Started process (PID=981) to work on /opt/airflow/dags/countries_dag.py
[2026-09-08T22:51:19.600+0000] {processor.py:914} INFO - Processing file /opt/airflow/dags/countries_dag.py for tasks to queue
[2026-09-08T22:51:19.607+0000] {logging_mixin.py:190} INFO - [2026-09-08T22:51:19.606+0000] {dagbag.py:588} INFO - Filling up the DagBag from /opt/airflow/dags/countries_dag.py
[2026-09-08T22:51:19.977+0000] {logging_mixin.py:190} INFO - [2026-09-08T22:51:19.840+0000] {dagbag.py:387} ERROR - Failed to import: /opt/airflow/dags/countries_dag.py
Traceback (most recent call last):
  File "/home/airflow/.local/lib/python3.11/site-packages/airflow/models/dagbag.py", line 383, in parse
    loader.exec_module(new_module)
  File "<frozen importlib._bootstrap_external>", line 940, in exec_module
  File "<frozen importlib._bootstrap>", line 241, in _call_with_frames_removed
  File "/opt/airflow/dags/countries_dag.py", line 6, in <module>
    from ingestion.minio_to_snowflake import run_pipeline
  File "/opt/airflow/ingestion/minio_to_snowflake.py", line 7, in <module>
    from minio import Minio
ModuleNotFoundError: No module named 'minio'
[2026-09-08T22:51:19.983+0000] {processor.py:927} WARNING - No viable dags retrieved from /opt/airflow/dags/countries_dag.py
[2026-09-08T22:51:20.081+0000] {processor.py:208} INFO - Processing /opt/airflow/dags/countries_dag.py took 0.518 seconds
[2026-09-08T22:51:50.637+0000] {processor.py:186} INFO - Started process (PID=986) to work on /opt/airflow/dags/countries_dag.py
[2026-09-08T22:51:50.641+0000] {processor.py:914} INFO - Processing file /opt/airflow/dags/countries_dag.py for tasks to queue
[2026-09-08T22:51:50.654+0000] {logging_mixin.py:190} INFO - [2026-09-08T22:51:50.647+0000] {dagbag.py:588} INFO - Filling up the DagBag from /opt/airflow/dags/countries_dag.py
[2026-09-08T22:51:51.228+0000] {logging_mixin.py:190} INFO - [2026-09-08T22:51:51.073+0000] {dagbag.py:387} ERROR - Failed to import: /opt/airflow/dags/countries_dag.py
Traceback (most recent call last):
  File "/home/airflow/.local/lib/python3.11/site-packages/airflow/models/dagbag.py", line 383, in parse
    loader.exec_module(new_module)
  File "<frozen importlib._bootstrap_external>", line 940, in exec_module
  File "<frozen importlib._bootstrap>", line 241, in _call_with_frames_removed
  File "/opt/airflow/dags/countries_dag.py", line 6, in <module>
    from ingestion.minio_to_snowflake import run_pipeline
  File "/opt/airflow/ingestion/minio_to_snowflake.py", line 7, in <module>
    from minio import Minio
ModuleNotFoundError: No module named 'minio'
[2026-09-08T22:51:51.310+0000] {processor.py:927} WARNING - No viable dags retrieved from /opt/airflow/dags/countries_dag.py
[2026-09-08T22:51:51.457+0000] {processor.py:208} INFO - Processing /opt/airflow/dags/countries_dag.py took 0.844 seconds
[2026-09-08T22:52:22.214+0000] {processor.py:186} INFO - Started process (PID=991) to work on /opt/airflow/dags/countries_dag.py
[2026-09-08T22:52:22.217+0000] {processor.py:914} INFO - Processing file /opt/airflow/dags/countries_dag.py for tasks to queue
[2026-09-08T22:52:22.236+0000] {logging_mixin.py:190} INFO - [2026-09-08T22:52:22.235+0000] {dagbag.py:588} INFO - Filling up the DagBag from /opt/airflow/dags/countries_dag.py
[2026-09-08T22:52:22.485+0000] {logging_mixin.py:190} INFO - [2026-09-08T22:52:22.442+0000] {dagbag.py:387} ERROR - Failed to import: /opt/airflow/dags/countries_dag.py
Traceback (most recent call last):
  File "/home/airflow/.local/lib/python3.11/site-packages/airflow/models/dagbag.py", line 383, in parse
    loader.exec_module(new_module)
  File "<frozen importlib._bootstrap_external>", line 940, in exec_module
  File "<frozen importlib._bootstrap>", line 241, in _call_with_frames_removed
  File "/opt/airflow/dags/countries_dag.py", line 6, in <module>
    from ingestion.minio_to_snowflake import run_pipeline
  File "/opt/airflow/ingestion/minio_to_snowflake.py", line 7, in <module>
    from minio import Minio
ModuleNotFoundError: No module named 'minio'
[2026-09-08T22:52:22.504+0000] {processor.py:927} WARNING - No viable dags retrieved from /opt/airflow/dags/countries_dag.py
[2026-09-08T22:52:22.604+0000] {processor.py:208} INFO - Processing /opt/airflow/dags/countries_dag.py took 0.413 seconds
[2026-09-08T22:52:53.339+0000] {processor.py:186} INFO - Started process (PID=996) to work on /opt/airflow/dags/countries_dag.py
[2026-09-08T22:52:53.351+0000] {processor.py:914} INFO - Processing file /opt/airflow/dags/countries_dag.py for tasks to queue
[2026-09-08T22:52:53.363+0000] {logging_mixin.py:190} INFO - [2026-09-08T22:52:53.362+0000] {dagbag.py:588} INFO - Filling up the DagBag from /opt/airflow/dags/countries_dag.py
[2026-09-08T22:52:53.500+0000] {logging_mixin.py:190} INFO - [2026-09-08T22:52:53.479+0000] {dagbag.py:387} ERROR - Failed to import: /opt/airflow/dags/countries_dag.py
Traceback (most recent call last):
  File "/home/airflow/.local/lib/python3.11/site-packages/airflow/models/dagbag.py", line 383, in parse
    loader.exec_module(new_module)
  File "<frozen importlib._bootstrap_external>", line 940, in exec_module
  File "<frozen importlib._bootstrap>", line 241, in _call_with_frames_removed
  File "/opt/airflow/dags/countries_dag.py", line 6, in <module>
    from ingestion.minio_to_snowflake import run_pipeline
  File "/opt/airflow/ingestion/minio_to_snowflake.py", line 7, in <module>
    from minio import Minio
ModuleNotFoundError: No module named 'minio'
[2026-09-08T22:52:53.515+0000] {processor.py:927} WARNING - No viable dags retrieved from /opt/airflow/dags/countries_dag.py
[2026-09-08T22:52:53.588+0000] {processor.py:208} INFO - Processing /opt/airflow/dags/countries_dag.py took 0.272 seconds
[2026-09-08T22:53:24.028+0000] {processor.py:186} INFO - Started process (PID=1001) to work on /opt/airflow/dags/countries_dag.py
[2026-09-08T22:53:24.030+0000] {processor.py:914} INFO - Processing file /opt/airflow/dags/countries_dag.py for tasks to queue
[2026-09-08T22:53:24.036+0000] {logging_mixin.py:190} INFO - [2026-09-08T22:53:24.035+0000] {dagbag.py:588} INFO - Filling up the DagBag from /opt/airflow/dags/countries_dag.py
[2026-09-08T22:53:24.175+0000] {logging_mixin.py:190} INFO - [2026-09-08T22:53:24.142+0000] {dagbag.py:387} ERROR - Failed to import: /opt/airflow/dags/countries_dag.py
Traceback (most recent call last):
  File "/home/airflow/.local/lib/python3.11/site-packages/airflow/models/dagbag.py", line 383, in parse
    loader.exec_module(new_module)
  File "<frozen importlib._bootstrap_external>", line 940, in exec_module
  File "<frozen importlib._bootstrap>", line 241, in _call_with_frames_removed
  File "/opt/airflow/dags/countries_dag.py", line 6, in <module>
    from ingestion.minio_to_snowflake import run_pipeline
  File "/opt/airflow/ingestion/minio_to_snowflake.py", line 7, in <module>
    from minio import Minio
ModuleNotFoundError: No module named 'minio'
[2026-09-08T22:53:24.180+0000] {processor.py:927} WARNING - No viable dags retrieved from /opt/airflow/dags/countries_dag.py
[2026-09-08T22:53:24.287+0000] {processor.py:208} INFO - Processing /opt/airflow/dags/countries_dag.py took 0.282 seconds
[2026-09-08T22:53:54.568+0000] {processor.py:186} INFO - Started process (PID=1006) to work on /opt/airflow/dags/countries_dag.py
[2026-09-08T22:53:54.570+0000] {processor.py:914} INFO - Processing file /opt/airflow/dags/countries_dag.py for tasks to queue
[2026-09-08T22:53:54.587+0000] {logging_mixin.py:190} INFO - [2026-09-08T22:53:54.586+0000] {dagbag.py:588} INFO - Filling up the DagBag from /opt/airflow/dags/countries_dag.py
[2026-09-08T22:53:54.707+0000] {logging_mixin.py:190} INFO - [2026-09-08T22:53:54.668+0000] {dagbag.py:387} ERROR - Failed to import: /opt/airflow/dags/countries_dag.py
Traceback (most recent call last):
  File "/home/airflow/.local/lib/python3.11/site-packages/airflow/models/dagbag.py", line 383, in parse
    loader.exec_module(new_module)
  File "<frozen importlib._bootstrap_external>", line 940, in exec_module
  File "<frozen importlib._bootstrap>", line 241, in _call_with_frames_removed
  File "/opt/airflow/dags/countries_dag.py", line 6, in <module>
    from ingestion.minio_to_snowflake import run_pipeline
  File "/opt/airflow/ingestion/minio_to_snowflake.py", line 7, in <module>
    from minio import Minio
ModuleNotFoundError: No module named 'minio'
[2026-09-08T22:53:54.712+0000] {processor.py:927} WARNING - No viable dags retrieved from /opt/airflow/dags/countries_dag.py
[2026-09-08T22:53:54.850+0000] {processor.py:208} INFO - Processing /opt/airflow/dags/countries_dag.py took 0.316 seconds
[2026-09-08T22:54:25.342+0000] {processor.py:186} INFO - Started process (PID=1011) to work on /opt/airflow/dags/countries_dag.py
[2026-09-08T22:54:25.353+0000] {processor.py:914} INFO - Processing file /opt/airflow/dags/countries_dag.py for tasks to queue
[2026-09-08T22:54:25.361+0000] {logging_mixin.py:190} INFO - [2026-09-08T22:54:25.360+0000] {dagbag.py:588} INFO - Filling up the DagBag from /opt/airflow/dags/countries_dag.py
[2026-09-08T22:54:25.548+0000] {logging_mixin.py:190} INFO - [2026-09-08T22:54:25.453+0000] {dagbag.py:387} ERROR - Failed to import: /opt/airflow/dags/countries_dag.py
Traceback (most recent call last):
  File "/home/airflow/.local/lib/python3.11/site-packages/airflow/models/dagbag.py", line 383, in parse
    loader.exec_module(new_module)
  File "<frozen importlib._bootstrap_external>", line 940, in exec_module
  File "<frozen importlib._bootstrap>", line 241, in _call_with_frames_removed
  File "/opt/airflow/dags/countries_dag.py", line 6, in <module>
    from ingestion.minio_to_snowflake import run_pipeline
  File "/opt/airflow/ingestion/minio_to_snowflake.py", line 7, in <module>
    from minio import Minio
ModuleNotFoundError: No module named 'minio'
[2026-09-08T22:54:25.560+0000] {processor.py:927} WARNING - No viable dags retrieved from /opt/airflow/dags/countries_dag.py
[2026-09-08T22:54:25.662+0000] {processor.py:208} INFO - Processing /opt/airflow/dags/countries_dag.py took 0.344 seconds
[2026-09-08T22:54:56.209+0000] {processor.py:186} INFO - Started process (PID=1016) to work on /opt/airflow/dags/countries_dag.py
[2026-09-08T22:54:56.212+0000] {processor.py:914} INFO - Processing file /opt/airflow/dags/countries_dag.py for tasks to queue
[2026-09-08T22:54:56.219+0000] {logging_mixin.py:190} INFO - [2026-09-08T22:54:56.218+0000] {dagbag.py:588} INFO - Filling up the DagBag from /opt/airflow/dags/countries_dag.py
[2026-09-08T22:54:56.356+0000] {logging_mixin.py:190} INFO - [2026-09-08T22:54:56.328+0000] {dagbag.py:387} ERROR - Failed to import: /opt/airflow/dags/countries_dag.py
Traceback (most recent call last):
  File "/home/airflow/.local/lib/python3.11/site-packages/airflow/models/dagbag.py", line 383, in parse
    loader.exec_module(new_module)
  File "<frozen importlib._bootstrap_external>", line 940, in exec_module
  File "<frozen importlib._bootstrap>", line 241, in _call_with_frames_removed
  File "/opt/airflow/dags/countries_dag.py", line 6, in <module>
    from ingestion.minio_to_snowflake import run_pipeline
  File "/opt/airflow/ingestion/minio_to_snowflake.py", line 7, in <module>
    from minio import Minio
ModuleNotFoundError: No module named 'minio'
[2026-09-08T22:54:56.367+0000] {processor.py:927} WARNING - No viable dags retrieved from /opt/airflow/dags/countries_dag.py
[2026-09-08T22:54:56.445+0000] {processor.py:208} INFO - Processing /opt/airflow/dags/countries_dag.py took 0.270 seconds
[2026-09-08T22:55:26.794+0000] {processor.py:186} INFO - Started process (PID=1021) to work on /opt/airflow/dags/countries_dag.py
[2026-09-08T22:55:26.799+0000] {processor.py:914} INFO - Processing file /opt/airflow/dags/countries_dag.py for tasks to queue
[2026-09-08T22:55:26.823+0000] {logging_mixin.py:190} INFO - [2026-09-08T22:55:26.822+0000] {dagbag.py:588} INFO - Filling up the DagBag from /opt/airflow/dags/countries_dag.py
[2026-09-08T22:55:27.006+0000] {logging_mixin.py:190} INFO - [2026-09-08T22:55:26.982+0000] {dagbag.py:387} ERROR - Failed to import: /opt/airflow/dags/countries_dag.py
Traceback (most recent call last):
  File "/home/airflow/.local/lib/python3.11/site-packages/airflow/models/dagbag.py", line 383, in parse
    loader.exec_module(new_module)
  File "<frozen importlib._bootstrap_external>", line 940, in exec_module
  File "<frozen importlib._bootstrap>", line 241, in _call_with_frames_removed
  File "/opt/airflow/dags/countries_dag.py", line 6, in <module>
    from ingestion.minio_to_snowflake import run_pipeline
  File "/opt/airflow/ingestion/minio_to_snowflake.py", line 7, in <module>
    from minio import Minio
ModuleNotFoundError: No module named 'minio'
[2026-09-08T22:55:27.022+0000] {processor.py:927} WARNING - No viable dags retrieved from /opt/airflow/dags/countries_dag.py
[2026-09-08T22:55:27.098+0000] {processor.py:208} INFO - Processing /opt/airflow/dags/countries_dag.py took 0.340 seconds
[2026-09-08T22:55:57.591+0000] {processor.py:186} INFO - Started process (PID=1026) to work on /opt/airflow/dags/countries_dag.py
[2026-09-08T22:55:57.609+0000] {processor.py:914} INFO - Processing file /opt/airflow/dags/countries_dag.py for tasks to queue
[2026-09-08T22:55:57.618+0000] {logging_mixin.py:190} INFO - [2026-09-08T22:55:57.618+0000] {dagbag.py:588} INFO - Filling up the DagBag from /opt/airflow/dags/countries_dag.py
[2026-09-08T22:55:57.746+0000] {logging_mixin.py:190} INFO - [2026-09-08T22:55:57.729+0000] {dagbag.py:387} ERROR - Failed to import: /opt/airflow/dags/countries_dag.py
Traceback (most recent call last):
  File "/home/airflow/.local/lib/python3.11/site-packages/airflow/models/dagbag.py", line 383, in parse
    loader.exec_module(new_module)
  File "<frozen importlib._bootstrap_external>", line 940, in exec_module
  File "<frozen importlib._bootstrap>", line 241, in _call_with_frames_removed
  File "/opt/airflow/dags/countries_dag.py", line 6, in <module>
    from ingestion.minio_to_snowflake import run_pipeline
  File "/opt/airflow/ingestion/minio_to_snowflake.py", line 7, in <module>
    from minio import Minio
ModuleNotFoundError: No module named 'minio'
[2026-09-08T22:55:57.751+0000] {processor.py:927} WARNING - No viable dags retrieved from /opt/airflow/dags/countries_dag.py
[2026-09-08T22:55:57.815+0000] {processor.py:208} INFO - Processing /opt/airflow/dags/countries_dag.py took 0.252 seconds
[2026-09-08T22:56:28.292+0000] {processor.py:186} INFO - Started process (PID=1031) to work on /opt/airflow/dags/countries_dag.py
[2026-09-08T22:56:28.295+0000] {processor.py:914} INFO - Processing file /opt/airflow/dags/countries_dag.py for tasks to queue
[2026-09-08T22:56:28.310+0000] {logging_mixin.py:190} INFO - [2026-09-08T22:56:28.309+0000] {dagbag.py:588} INFO - Filling up the DagBag from /opt/airflow/dags/countries_dag.py
[2026-09-08T22:56:28.424+0000] {logging_mixin.py:190} INFO - [2026-09-08T22:56:28.395+0000] {dagbag.py:387} ERROR - Failed to import: /opt/airflow/dags/countries_dag.py
Traceback (most recent call last):
  File "/home/airflow/.local/lib/python3.11/site-packages/airflow/models/dagbag.py", line 383, in parse
    loader.exec_module(new_module)
  File "<frozen importlib._bootstrap_external>", line 940, in exec_module
  File "<frozen importlib._bootstrap>", line 241, in _call_with_frames_removed
  File "/opt/airflow/dags/countries_dag.py", line 6, in <module>
    from ingestion.minio_to_snowflake import run_pipeline
  File "/opt/airflow/ingestion/minio_to_snowflake.py", line 7, in <module>
    from minio import Minio
ModuleNotFoundError: No module named 'minio'
[2026-09-08T22:56:28.429+0000] {processor.py:927} WARNING - No viable dags retrieved from /opt/airflow/dags/countries_dag.py
[2026-09-08T22:56:28.497+0000] {processor.py:208} INFO - Processing /opt/airflow/dags/countries_dag.py took 0.240 seconds
[2026-09-08T22:56:59.356+0000] {processor.py:186} INFO - Started process (PID=1036) to work on /opt/airflow/dags/countries_dag.py
[2026-09-08T22:56:59.369+0000] {processor.py:914} INFO - Processing file /opt/airflow/dags/countries_dag.py for tasks to queue
[2026-09-08T22:56:59.382+0000] {logging_mixin.py:190} INFO - [2026-09-08T22:56:59.376+0000] {dagbag.py:588} INFO - Filling up the DagBag from /opt/airflow/dags/countries_dag.py
[2026-09-08T22:56:59.486+0000] {logging_mixin.py:190} INFO - [2026-09-08T22:56:59.465+0000] {dagbag.py:387} ERROR - Failed to import: /opt/airflow/dags/countries_dag.py
Traceback (most recent call last):
  File "/home/airflow/.local/lib/python3.11/site-packages/airflow/models/dagbag.py", line 383, in parse
    loader.exec_module(new_module)
  File "<frozen importlib._bootstrap_external>", line 940, in exec_module
  File "<frozen importlib._bootstrap>", line 241, in _call_with_frames_removed
  File "/opt/airflow/dags/countries_dag.py", line 6, in <module>
    from ingestion.minio_to_snowflake import run_pipeline
  File "/opt/airflow/ingestion/minio_to_snowflake.py", line 7, in <module>
    from minio import Minio
ModuleNotFoundError: No module named 'minio'
[2026-09-08T22:56:59.492+0000] {processor.py:927} WARNING - No viable dags retrieved from /opt/airflow/dags/countries_dag.py
[2026-09-08T22:56:59.560+0000] {processor.py:208} INFO - Processing /opt/airflow/dags/countries_dag.py took 0.229 seconds
[2026-09-08T22:57:29.901+0000] {processor.py:186} INFO - Started process (PID=1041) to work on /opt/airflow/dags/countries_dag.py
[2026-09-08T22:57:29.903+0000] {processor.py:914} INFO - Processing file /opt/airflow/dags/countries_dag.py for tasks to queue
[2026-09-08T22:57:29.910+0000] {logging_mixin.py:190} INFO - [2026-09-08T22:57:29.910+0000] {dagbag.py:588} INFO - Filling up the DagBag from /opt/airflow/dags/countries_dag.py
[2026-09-08T22:57:30.088+0000] {logging_mixin.py:190} INFO - [2026-09-08T22:57:30.070+0000] {dagbag.py:387} ERROR - Failed to import: /opt/airflow/dags/countries_dag.py
Traceback (most recent call last):
  File "/home/airflow/.local/lib/python3.11/site-packages/airflow/models/dagbag.py", line 383, in parse
    loader.exec_module(new_module)
  File "<frozen importlib._bootstrap_external>", line 940, in exec_module
  File "<frozen importlib._bootstrap>", line 241, in _call_with_frames_removed
  File "/opt/airflow/dags/countries_dag.py", line 6, in <module>
    from ingestion.minio_to_snowflake import run_pipeline
  File "/opt/airflow/ingestion/minio_to_snowflake.py", line 7, in <module>
    from minio import Minio
ModuleNotFoundError: No module named 'minio'
[2026-09-08T22:57:30.100+0000] {processor.py:927} WARNING - No viable dags retrieved from /opt/airflow/dags/countries_dag.py
[2026-09-08T22:57:30.164+0000] {processor.py:208} INFO - Processing /opt/airflow/dags/countries_dag.py took 0.281 seconds
[2026-09-08T22:58:00.944+0000] {processor.py:186} INFO - Started process (PID=1046) to work on /opt/airflow/dags/countries_dag.py
[2026-09-08T22:58:00.957+0000] {processor.py:914} INFO - Processing file /opt/airflow/dags/countries_dag.py for tasks to queue
[2026-09-08T22:58:00.971+0000] {logging_mixin.py:190} INFO - [2026-09-08T22:58:00.969+0000] {dagbag.py:588} INFO - Filling up the DagBag from /opt/airflow/dags/countries_dag.py
[2026-09-08T22:58:01.272+0000] {logging_mixin.py:190} INFO - [2026-09-08T22:58:01.207+0000] {dagbag.py:387} ERROR - Failed to import: /opt/airflow/dags/countries_dag.py
Traceback (most recent call last):
  File "/home/airflow/.local/lib/python3.11/site-packages/airflow/models/dagbag.py", line 383, in parse
    loader.exec_module(new_module)
  File "<frozen importlib._bootstrap_external>", line 940, in exec_module
  File "<frozen importlib._bootstrap>", line 241, in _call_with_frames_removed
  File "/opt/airflow/dags/countries_dag.py", line 6, in <module>
    from ingestion.minio_to_snowflake import run_pipeline
  File "/opt/airflow/ingestion/minio_to_snowflake.py", line 7, in <module>
    from minio import Minio
ModuleNotFoundError: No module named 'minio'
[2026-09-08T22:58:01.281+0000] {processor.py:927} WARNING - No viable dags retrieved from /opt/airflow/dags/countries_dag.py
[2026-09-08T22:58:01.489+0000] {processor.py:208} INFO - Processing /opt/airflow/dags/countries_dag.py took 0.591 seconds
[2026-09-08T22:58:31.912+0000] {processor.py:186} INFO - Started process (PID=1051) to work on /opt/airflow/dags/countries_dag.py
[2026-09-08T22:58:31.915+0000] {processor.py:914} INFO - Processing file /opt/airflow/dags/countries_dag.py for tasks to queue
[2026-09-08T22:58:31.930+0000] {logging_mixin.py:190} INFO - [2026-09-08T22:58:31.929+0000] {dagbag.py:588} INFO - Filling up the DagBag from /opt/airflow/dags/countries_dag.py
[2026-09-08T22:58:32.114+0000] {logging_mixin.py:190} INFO - [2026-09-08T22:58:32.081+0000] {dagbag.py:387} ERROR - Failed to import: /opt/airflow/dags/countries_dag.py
Traceback (most recent call last):
  File "/home/airflow/.local/lib/python3.11/site-packages/airflow/models/dagbag.py", line 383, in parse
    loader.exec_module(new_module)
  File "<frozen importlib._bootstrap_external>", line 940, in exec_module
  File "<frozen importlib._bootstrap>", line 241, in _call_with_frames_removed
  File "/opt/airflow/dags/countries_dag.py", line 6, in <module>
    from ingestion.minio_to_snowflake import run_pipeline
  File "/opt/airflow/ingestion/minio_to_snowflake.py", line 7, in <module>
    from minio import Minio
ModuleNotFoundError: No module named 'minio'
[2026-09-08T22:58:32.127+0000] {processor.py:927} WARNING - No viable dags retrieved from /opt/airflow/dags/countries_dag.py
[2026-09-08T22:58:32.197+0000] {processor.py:208} INFO - Processing /opt/airflow/dags/countries_dag.py took 0.309 seconds
[2026-09-08T22:59:02.537+0000] {processor.py:186} INFO - Started process (PID=1056) to work on /opt/airflow/dags/countries_dag.py
[2026-09-08T22:59:02.541+0000] {processor.py:914} INFO - Processing file /opt/airflow/dags/countries_dag.py for tasks to queue
[2026-09-08T22:59:02.559+0000] {logging_mixin.py:190} INFO - [2026-09-08T22:59:02.559+0000] {dagbag.py:588} INFO - Filling up the DagBag from /opt/airflow/dags/countries_dag.py
[2026-09-08T22:59:02.838+0000] {logging_mixin.py:190} INFO - [2026-09-08T22:59:02.807+0000] {dagbag.py:387} ERROR - Failed to import: /opt/airflow/dags/countries_dag.py
Traceback (most recent call last):
  File "/home/airflow/.local/lib/python3.11/site-packages/airflow/models/dagbag.py", line 383, in parse
    loader.exec_module(new_module)
  File "<frozen importlib._bootstrap_external>", line 940, in exec_module
  File "<frozen importlib._bootstrap>", line 241, in _call_with_frames_removed
  File "/opt/airflow/dags/countries_dag.py", line 6, in <module>
    from ingestion.minio_to_snowflake import run_pipeline
  File "/opt/airflow/ingestion/minio_to_snowflake.py", line 7, in <module>
    from minio import Minio
ModuleNotFoundError: No module named 'minio'
[2026-09-08T22:59:02.855+0000] {processor.py:927} WARNING - No viable dags retrieved from /opt/airflow/dags/countries_dag.py
[2026-09-08T22:59:02.966+0000] {processor.py:208} INFO - Processing /opt/airflow/dags/countries_dag.py took 0.464 seconds
[2026-09-08T22:59:33.633+0000] {processor.py:186} INFO - Started process (PID=1061) to work on /opt/airflow/dags/countries_dag.py
[2026-09-08T22:59:33.644+0000] {processor.py:914} INFO - Processing file /opt/airflow/dags/countries_dag.py for tasks to queue
[2026-09-08T22:59:33.653+0000] {logging_mixin.py:190} INFO - [2026-09-08T22:59:33.652+0000] {dagbag.py:588} INFO - Filling up the DagBag from /opt/airflow/dags/countries_dag.py
[2026-09-08T22:59:33.809+0000] {logging_mixin.py:190} INFO - [2026-09-08T22:59:33.782+0000] {dagbag.py:387} ERROR - Failed to import: /opt/airflow/dags/countries_dag.py
Traceback (most recent call last):
  File "/home/airflow/.local/lib/python3.11/site-packages/airflow/models/dagbag.py", line 383, in parse
    loader.exec_module(new_module)
  File "<frozen importlib._bootstrap_external>", line 940, in exec_module
  File "<frozen importlib._bootstrap>", line 241, in _call_with_frames_removed
  File "/opt/airflow/dags/countries_dag.py", line 6, in <module>
    from ingestion.minio_to_snowflake import run_pipeline
  File "/opt/airflow/ingestion/minio_to_snowflake.py", line 7, in <module>
    from minio import Minio
ModuleNotFoundError: No module named 'minio'
[2026-09-08T22:59:33.815+0000] {processor.py:927} WARNING - No viable dags retrieved from /opt/airflow/dags/countries_dag.py
[2026-09-08T22:59:33.909+0000] {processor.py:208} INFO - Processing /opt/airflow/dags/countries_dag.py took 0.300 seconds
[2026-09-08T23:00:04.359+0000] {processor.py:186} INFO - Started process (PID=1066) to work on /opt/airflow/dags/countries_dag.py
[2026-09-08T23:00:04.364+0000] {processor.py:914} INFO - Processing file /opt/airflow/dags/countries_dag.py for tasks to queue
[2026-09-08T23:00:04.378+0000] {logging_mixin.py:190} INFO - [2026-09-08T23:00:04.377+0000] {dagbag.py:588} INFO - Filling up the DagBag from /opt/airflow/dags/countries_dag.py
[2026-09-08T23:00:04.531+0000] {logging_mixin.py:190} INFO - [2026-09-08T23:00:04.477+0000] {dagbag.py:387} ERROR - Failed to import: /opt/airflow/dags/countries_dag.py
Traceback (most recent call last):
  File "/home/airflow/.local/lib/python3.11/site-packages/airflow/models/dagbag.py", line 383, in parse
    loader.exec_module(new_module)
  File "<frozen importlib._bootstrap_external>", line 940, in exec_module
  File "<frozen importlib._bootstrap>", line 241, in _call_with_frames_removed
  File "/opt/airflow/dags/countries_dag.py", line 6, in <module>
    from ingestion.minio_to_snowflake import run_pipeline
  File "/opt/airflow/ingestion/minio_to_snowflake.py", line 7, in <module>
    from minio import Minio
ModuleNotFoundError: No module named 'minio'
[2026-09-08T23:00:04.545+0000] {processor.py:927} WARNING - No viable dags retrieved from /opt/airflow/dags/countries_dag.py
[2026-09-08T23:00:04.608+0000] {processor.py:208} INFO - Processing /opt/airflow/dags/countries_dag.py took 0.274 seconds
[2026-09-08T23:00:34.815+0000] {processor.py:186} INFO - Started process (PID=1071) to work on /opt/airflow/dags/countries_dag.py
[2026-09-08T23:00:34.818+0000] {processor.py:914} INFO - Processing file /opt/airflow/dags/countries_dag.py for tasks to queue
[2026-09-08T23:00:34.830+0000] {logging_mixin.py:190} INFO - [2026-09-08T23:00:34.827+0000] {dagbag.py:588} INFO - Filling up the DagBag from /opt/airflow/dags/countries_dag.py
[2026-09-08T23:00:35.072+0000] {logging_mixin.py:190} INFO - [2026-09-08T23:00:35.015+0000] {dagbag.py:387} ERROR - Failed to import: /opt/airflow/dags/countries_dag.py
Traceback (most recent call last):
  File "/home/airflow/.local/lib/python3.11/site-packages/airflow/models/dagbag.py", line 383, in parse
    loader.exec_module(new_module)
  File "<frozen importlib._bootstrap_external>", line 940, in exec_module
  File "<frozen importlib._bootstrap>", line 241, in _call_with_frames_removed
  File "/opt/airflow/dags/countries_dag.py", line 6, in <module>
    from ingestion.minio_to_snowflake import run_pipeline
  File "/opt/airflow/ingestion/minio_to_snowflake.py", line 7, in <module>
    from minio import Minio
ModuleNotFoundError: No module named 'minio'
[2026-09-08T23:00:35.078+0000] {processor.py:927} WARNING - No viable dags retrieved from /opt/airflow/dags/countries_dag.py
[2026-09-08T23:00:35.176+0000] {processor.py:208} INFO - Processing /opt/airflow/dags/countries_dag.py took 0.383 seconds
[2026-09-08T23:01:05.930+0000] {processor.py:186} INFO - Started process (PID=1076) to work on /opt/airflow/dags/countries_dag.py
[2026-09-08T23:01:05.944+0000] {processor.py:914} INFO - Processing file /opt/airflow/dags/countries_dag.py for tasks to queue
[2026-09-08T23:01:05.958+0000] {logging_mixin.py:190} INFO - [2026-09-08T23:01:05.957+0000] {dagbag.py:588} INFO - Filling up the DagBag from /opt/airflow/dags/countries_dag.py
[2026-09-08T23:01:06.294+0000] {logging_mixin.py:190} INFO - [2026-09-08T23:01:06.249+0000] {dagbag.py:387} ERROR - Failed to import: /opt/airflow/dags/countries_dag.py
Traceback (most recent call last):
  File "/home/airflow/.local/lib/python3.11/site-packages/airflow/models/dagbag.py", line 383, in parse
    loader.exec_module(new_module)
  File "<frozen importlib._bootstrap_external>", line 940, in exec_module
  File "<frozen importlib._bootstrap>", line 241, in _call_with_frames_removed
  File "/opt/airflow/dags/countries_dag.py", line 6, in <module>
    from ingestion.minio_to_snowflake import run_pipeline
  File "/opt/airflow/ingestion/minio_to_snowflake.py", line 7, in <module>
    from minio import Minio
ModuleNotFoundError: No module named 'minio'
[2026-09-08T23:01:06.322+0000] {processor.py:927} WARNING - No viable dags retrieved from /opt/airflow/dags/countries_dag.py
[2026-09-08T23:01:06.386+0000] {processor.py:208} INFO - Processing /opt/airflow/dags/countries_dag.py took 0.483 seconds
[2026-09-08T23:01:37.158+0000] {processor.py:186} INFO - Started process (PID=1081) to work on /opt/airflow/dags/countries_dag.py
[2026-09-08T23:01:37.164+0000] {processor.py:914} INFO - Processing file /opt/airflow/dags/countries_dag.py for tasks to queue
[2026-09-08T23:01:37.180+0000] {logging_mixin.py:190} INFO - [2026-09-08T23:01:37.179+0000] {dagbag.py:588} INFO - Filling up the DagBag from /opt/airflow/dags/countries_dag.py
[2026-09-08T23:01:37.390+0000] {logging_mixin.py:190} INFO - [2026-09-08T23:01:37.361+0000] {dagbag.py:387} ERROR - Failed to import: /opt/airflow/dags/countries_dag.py
Traceback (most recent call last):
  File "/home/airflow/.local/lib/python3.11/site-packages/airflow/models/dagbag.py", line 383, in parse
    loader.exec_module(new_module)
  File "<frozen importlib._bootstrap_external>", line 940, in exec_module
  File "<frozen importlib._bootstrap>", line 241, in _call_with_frames_removed
  File "/opt/airflow/dags/countries_dag.py", line 6, in <module>
    from ingestion.minio_to_snowflake import run_pipeline
  File "/opt/airflow/ingestion/minio_to_snowflake.py", line 7, in <module>
    from minio import Minio
ModuleNotFoundError: No module named 'minio'
[2026-09-08T23:01:37.398+0000] {processor.py:927} WARNING - No viable dags retrieved from /opt/airflow/dags/countries_dag.py
[2026-09-08T23:01:37.500+0000] {processor.py:208} INFO - Processing /opt/airflow/dags/countries_dag.py took 0.359 seconds
[2026-09-08T23:02:07.914+0000] {processor.py:186} INFO - Started process (PID=1086) to work on /opt/airflow/dags/countries_dag.py
[2026-09-08T23:02:07.920+0000] {processor.py:914} INFO - Processing file /opt/airflow/dags/countries_dag.py for tasks to queue
[2026-09-08T23:02:07.931+0000] {logging_mixin.py:190} INFO - [2026-09-08T23:02:07.930+0000] {dagbag.py:588} INFO - Filling up the DagBag from /opt/airflow/dags/countries_dag.py
[2026-09-08T23:02:08.121+0000] {logging_mixin.py:190} INFO - [2026-09-08T23:02:08.101+0000] {dagbag.py:387} ERROR - Failed to import: /opt/airflow/dags/countries_dag.py
Traceback (most recent call last):
  File "/home/airflow/.local/lib/python3.11/site-packages/airflow/models/dagbag.py", line 383, in parse
    loader.exec_module(new_module)
  File "<frozen importlib._bootstrap_external>", line 940, in exec_module
  File "<frozen importlib._bootstrap>", line 241, in _call_with_frames_removed
  File "/opt/airflow/dags/countries_dag.py", line 6, in <module>
    from ingestion.minio_to_snowflake import run_pipeline
  File "/opt/airflow/ingestion/minio_to_snowflake.py", line 7, in <module>
    from minio import Minio
ModuleNotFoundError: No module named 'minio'
[2026-09-08T23:02:08.128+0000] {processor.py:927} WARNING - No viable dags retrieved from /opt/airflow/dags/countries_dag.py
[2026-09-08T23:02:08.197+0000] {processor.py:208} INFO - Processing /opt/airflow/dags/countries_dag.py took 0.342 seconds
[2026-09-08T23:02:38.800+0000] {processor.py:186} INFO - Started process (PID=1091) to work on /opt/airflow/dags/countries_dag.py
[2026-09-08T23:02:38.805+0000] {processor.py:914} INFO - Processing file /opt/airflow/dags/countries_dag.py for tasks to queue
[2026-09-08T23:02:38.813+0000] {logging_mixin.py:190} INFO - [2026-09-08T23:02:38.812+0000] {dagbag.py:588} INFO - Filling up the DagBag from /opt/airflow/dags/countries_dag.py
[2026-09-08T23:02:39.103+0000] {logging_mixin.py:190} INFO - [2026-09-08T23:02:39.038+0000] {dagbag.py:387} ERROR - Failed to import: /opt/airflow/dags/countries_dag.py
Traceback (most recent call last):
  File "/home/airflow/.local/lib/python3.11/site-packages/airflow/models/dagbag.py", line 383, in parse
    loader.exec_module(new_module)
  File "<frozen importlib._bootstrap_external>", line 940, in exec_module
  File "<frozen importlib._bootstrap>", line 241, in _call_with_frames_removed
  File "/opt/airflow/dags/countries_dag.py", line 6, in <module>
    from ingestion.minio_to_snowflake import run_pipeline
  File "/opt/airflow/ingestion/minio_to_snowflake.py", line 7, in <module>
    from minio import Minio
ModuleNotFoundError: No module named 'minio'
[2026-09-08T23:02:39.109+0000] {processor.py:927} WARNING - No viable dags retrieved from /opt/airflow/dags/countries_dag.py
[2026-09-08T23:02:39.183+0000] {processor.py:208} INFO - Processing /opt/airflow/dags/countries_dag.py took 0.408 seconds
[2026-09-08T23:03:09.505+0000] {processor.py:186} INFO - Started process (PID=1096) to work on /opt/airflow/dags/countries_dag.py
[2026-09-08T23:03:09.516+0000] {processor.py:914} INFO - Processing file /opt/airflow/dags/countries_dag.py for tasks to queue
[2026-09-08T23:03:09.522+0000] {logging_mixin.py:190} INFO - [2026-09-08T23:03:09.521+0000] {dagbag.py:588} INFO - Filling up the DagBag from /opt/airflow/dags/countries_dag.py
[2026-09-08T23:03:09.661+0000] {logging_mixin.py:190} INFO - [2026-09-08T23:03:09.643+0000] {dagbag.py:387} ERROR - Failed to import: /opt/airflow/dags/countries_dag.py
Traceback (most recent call last):
  File "/home/airflow/.local/lib/python3.11/site-packages/airflow/models/dagbag.py", line 383, in parse
    loader.exec_module(new_module)
  File "<frozen importlib._bootstrap_external>", line 940, in exec_module
  File "<frozen importlib._bootstrap>", line 241, in _call_with_frames_removed
  File "/opt/airflow/dags/countries_dag.py", line 6, in <module>
    from ingestion.minio_to_snowflake import run_pipeline
  File "/opt/airflow/ingestion/minio_to_snowflake.py", line 7, in <module>
    from minio import Minio
ModuleNotFoundError: No module named 'minio'
[2026-09-08T23:03:09.669+0000] {processor.py:927} WARNING - No viable dags retrieved from /opt/airflow/dags/countries_dag.py
[2026-09-08T23:03:09.774+0000] {processor.py:208} INFO - Processing /opt/airflow/dags/countries_dag.py took 0.292 seconds
[2026-09-08T23:03:40.187+0000] {processor.py:186} INFO - Started process (PID=1101) to work on /opt/airflow/dags/countries_dag.py
[2026-09-08T23:03:40.191+0000] {processor.py:914} INFO - Processing file /opt/airflow/dags/countries_dag.py for tasks to queue
[2026-09-08T23:03:40.196+0000] {logging_mixin.py:190} INFO - [2026-09-08T23:03:40.196+0000] {dagbag.py:588} INFO - Filling up the DagBag from /opt/airflow/dags/countries_dag.py
[2026-09-08T23:03:40.398+0000] {logging_mixin.py:190} INFO - [2026-09-08T23:03:40.343+0000] {dagbag.py:387} ERROR - Failed to import: /opt/airflow/dags/countries_dag.py
Traceback (most recent call last):
  File "/home/airflow/.local/lib/python3.11/site-packages/airflow/models/dagbag.py", line 383, in parse
    loader.exec_module(new_module)
  File "<frozen importlib._bootstrap_external>", line 940, in exec_module
  File "<frozen importlib._bootstrap>", line 241, in _call_with_frames_removed
  File "/opt/airflow/dags/countries_dag.py", line 6, in <module>
    from ingestion.minio_to_snowflake import run_pipeline
  File "/opt/airflow/ingestion/minio_to_snowflake.py", line 7, in <module>
    from minio import Minio
ModuleNotFoundError: No module named 'minio'
[2026-09-08T23:03:40.406+0000] {processor.py:927} WARNING - No viable dags retrieved from /opt/airflow/dags/countries_dag.py
[2026-09-08T23:03:40.462+0000] {processor.py:208} INFO - Processing /opt/airflow/dags/countries_dag.py took 0.295 seconds
[2026-09-08T23:04:11.627+0000] {processor.py:186} INFO - Started process (PID=1106) to work on /opt/airflow/dags/countries_dag.py
[2026-09-08T23:04:11.651+0000] {processor.py:914} INFO - Processing file /opt/airflow/dags/countries_dag.py for tasks to queue
[2026-09-08T23:04:11.725+0000] {logging_mixin.py:190} INFO - [2026-09-08T23:04:11.724+0000] {dagbag.py:588} INFO - Filling up the DagBag from /opt/airflow/dags/countries_dag.py
[2026-09-08T23:04:12.740+0000] {logging_mixin.py:190} INFO - [2026-09-08T23:04:12.671+0000] {dagbag.py:387} ERROR - Failed to import: /opt/airflow/dags/countries_dag.py
Traceback (most recent call last):
  File "/home/airflow/.local/lib/python3.11/site-packages/airflow/models/dagbag.py", line 383, in parse
    loader.exec_module(new_module)
  File "<frozen importlib._bootstrap_external>", line 940, in exec_module
  File "<frozen importlib._bootstrap>", line 241, in _call_with_frames_removed
  File "/opt/airflow/dags/countries_dag.py", line 6, in <module>
    from ingestion.minio_to_snowflake import run_pipeline
  File "/opt/airflow/ingestion/minio_to_snowflake.py", line 7, in <module>
    from minio import Minio
ModuleNotFoundError: No module named 'minio'
[2026-09-08T23:04:12.759+0000] {processor.py:927} WARNING - No viable dags retrieved from /opt/airflow/dags/countries_dag.py
[2026-09-08T23:04:12.879+0000] {processor.py:208} INFO - Processing /opt/airflow/dags/countries_dag.py took 1.377 seconds
[2026-09-08T23:04:43.325+0000] {processor.py:186} INFO - Started process (PID=1111) to work on /opt/airflow/dags/countries_dag.py
[2026-09-08T23:04:43.328+0000] {processor.py:914} INFO - Processing file /opt/airflow/dags/countries_dag.py for tasks to queue
[2026-09-08T23:04:43.339+0000] {logging_mixin.py:190} INFO - [2026-09-08T23:04:43.337+0000] {dagbag.py:588} INFO - Filling up the DagBag from /opt/airflow/dags/countries_dag.py
[2026-09-08T23:04:43.491+0000] {logging_mixin.py:190} INFO - [2026-09-08T23:04:43.448+0000] {dagbag.py:387} ERROR - Failed to import: /opt/airflow/dags/countries_dag.py
Traceback (most recent call last):
  File "/home/airflow/.local/lib/python3.11/site-packages/airflow/models/dagbag.py", line 383, in parse
    loader.exec_module(new_module)
  File "<frozen importlib._bootstrap_external>", line 940, in exec_module
  File "<frozen importlib._bootstrap>", line 241, in _call_with_frames_removed
  File "/opt/airflow/dags/countries_dag.py", line 6, in <module>
    from ingestion.minio_to_snowflake import run_pipeline
  File "/opt/airflow/ingestion/minio_to_snowflake.py", line 7, in <module>
    from minio import Minio
ModuleNotFoundError: No module named 'minio'
[2026-09-08T23:04:43.497+0000] {processor.py:927} WARNING - No viable dags retrieved from /opt/airflow/dags/countries_dag.py
[2026-09-08T23:04:43.583+0000] {processor.py:208} INFO - Processing /opt/airflow/dags/countries_dag.py took 0.289 seconds
[2026-09-08T23:05:14.439+0000] {processor.py:186} INFO - Started process (PID=1116) to work on /opt/airflow/dags/countries_dag.py
[2026-09-08T23:05:14.442+0000] {processor.py:914} INFO - Processing file /opt/airflow/dags/countries_dag.py for tasks to queue
[2026-09-08T23:05:14.454+0000] {logging_mixin.py:190} INFO - [2026-09-08T23:05:14.452+0000] {dagbag.py:588} INFO - Filling up the DagBag from /opt/airflow/dags/countries_dag.py
[2026-09-08T23:05:14.577+0000] {logging_mixin.py:190} INFO - [2026-09-08T23:05:14.562+0000] {dagbag.py:387} ERROR - Failed to import: /opt/airflow/dags/countries_dag.py
Traceback (most recent call last):
  File "/home/airflow/.local/lib/python3.11/site-packages/airflow/models/dagbag.py", line 383, in parse
    loader.exec_module(new_module)
  File "<frozen importlib._bootstrap_external>", line 940, in exec_module
  File "<frozen importlib._bootstrap>", line 241, in _call_with_frames_removed
  File "/opt/airflow/dags/countries_dag.py", line 6, in <module>
    from ingestion.minio_to_snowflake import run_pipeline
  File "/opt/airflow/ingestion/minio_to_snowflake.py", line 7, in <module>
    from minio import Minio
ModuleNotFoundError: No module named 'minio'
[2026-09-08T23:05:14.582+0000] {processor.py:927} WARNING - No viable dags retrieved from /opt/airflow/dags/countries_dag.py
[2026-09-08T23:05:14.669+0000] {processor.py:208} INFO - Processing /opt/airflow/dags/countries_dag.py took 0.253 seconds
[2026-09-08T23:05:45.094+0000] {processor.py:186} INFO - Started process (PID=1121) to work on /opt/airflow/dags/countries_dag.py
[2026-09-08T23:05:45.108+0000] {processor.py:914} INFO - Processing file /opt/airflow/dags/countries_dag.py for tasks to queue
[2026-09-08T23:05:45.122+0000] {logging_mixin.py:190} INFO - [2026-09-08T23:05:45.121+0000] {dagbag.py:588} INFO - Filling up the DagBag from /opt/airflow/dags/countries_dag.py
[2026-09-08T23:05:45.737+0000] {logging_mixin.py:190} INFO - [2026-09-08T23:05:45.595+0000] {dagbag.py:387} ERROR - Failed to import: /opt/airflow/dags/countries_dag.py
Traceback (most recent call last):
  File "/home/airflow/.local/lib/python3.11/site-packages/airflow/models/dagbag.py", line 383, in parse
    loader.exec_module(new_module)
  File "<frozen importlib._bootstrap_external>", line 940, in exec_module
  File "<frozen importlib._bootstrap>", line 241, in _call_with_frames_removed
  File "/opt/airflow/dags/countries_dag.py", line 6, in <module>
    from ingestion.minio_to_snowflake import run_pipeline
  File "/opt/airflow/ingestion/minio_to_snowflake.py", line 7, in <module>
    from minio import Minio
ModuleNotFoundError: No module named 'minio'
[2026-09-08T23:05:45.778+0000] {processor.py:927} WARNING - No viable dags retrieved from /opt/airflow/dags/countries_dag.py
[2026-09-08T23:05:45.859+0000] {processor.py:208} INFO - Processing /opt/airflow/dags/countries_dag.py took 0.790 seconds
[2026-09-08T23:06:16.528+0000] {processor.py:186} INFO - Started process (PID=1126) to work on /opt/airflow/dags/countries_dag.py
[2026-09-08T23:06:16.535+0000] {processor.py:914} INFO - Processing file /opt/airflow/dags/countries_dag.py for tasks to queue
[2026-09-08T23:06:16.548+0000] {logging_mixin.py:190} INFO - [2026-09-08T23:06:16.547+0000] {dagbag.py:588} INFO - Filling up the DagBag from /opt/airflow/dags/countries_dag.py
[2026-09-08T23:06:16.972+0000] {logging_mixin.py:190} INFO - [2026-09-08T23:06:16.921+0000] {dagbag.py:387} ERROR - Failed to import: /opt/airflow/dags/countries_dag.py
Traceback (most recent call last):
  File "/home/airflow/.local/lib/python3.11/site-packages/airflow/models/dagbag.py", line 383, in parse
    loader.exec_module(new_module)
  File "<frozen importlib._bootstrap_external>", line 940, in exec_module
  File "<frozen importlib._bootstrap>", line 241, in _call_with_frames_removed
  File "/opt/airflow/dags/countries_dag.py", line 6, in <module>
    from ingestion.minio_to_snowflake import run_pipeline
  File "/opt/airflow/ingestion/minio_to_snowflake.py", line 7, in <module>
    from minio import Minio
ModuleNotFoundError: No module named 'minio'
[2026-09-08T23:06:16.983+0000] {processor.py:927} WARNING - No viable dags retrieved from /opt/airflow/dags/countries_dag.py
[2026-09-08T23:06:17.095+0000] {processor.py:208} INFO - Processing /opt/airflow/dags/countries_dag.py took 0.601 seconds
[2026-09-08T23:06:48.241+0000] {processor.py:186} INFO - Started process (PID=1131) to work on /opt/airflow/dags/countries_dag.py
[2026-09-08T23:06:48.263+0000] {processor.py:914} INFO - Processing file /opt/airflow/dags/countries_dag.py for tasks to queue
[2026-09-08T23:06:48.271+0000] {logging_mixin.py:190} INFO - [2026-09-08T23:06:48.270+0000] {dagbag.py:588} INFO - Filling up the DagBag from /opt/airflow/dags/countries_dag.py
[2026-09-08T23:06:48.536+0000] {logging_mixin.py:190} INFO - [2026-09-08T23:06:48.513+0000] {dagbag.py:387} ERROR - Failed to import: /opt/airflow/dags/countries_dag.py
Traceback (most recent call last):
  File "/home/airflow/.local/lib/python3.11/site-packages/airflow/models/dagbag.py", line 383, in parse
    loader.exec_module(new_module)
  File "<frozen importlib._bootstrap_external>", line 940, in exec_module
  File "<frozen importlib._bootstrap>", line 241, in _call_with_frames_removed
  File "/opt/airflow/dags/countries_dag.py", line 6, in <module>
    from ingestion.minio_to_snowflake import run_pipeline
  File "/opt/airflow/ingestion/minio_to_snowflake.py", line 7, in <module>
    from minio import Minio
ModuleNotFoundError: No module named 'minio'
[2026-09-08T23:06:48.547+0000] {processor.py:927} WARNING - No viable dags retrieved from /opt/airflow/dags/countries_dag.py
[2026-09-08T23:06:48.626+0000] {processor.py:208} INFO - Processing /opt/airflow/dags/countries_dag.py took 0.417 seconds
[2026-09-08T23:07:19.189+0000] {processor.py:186} INFO - Started process (PID=1136) to work on /opt/airflow/dags/countries_dag.py
[2026-09-08T23:07:19.192+0000] {processor.py:914} INFO - Processing file /opt/airflow/dags/countries_dag.py for tasks to queue
[2026-09-08T23:07:19.202+0000] {logging_mixin.py:190} INFO - [2026-09-08T23:07:19.198+0000] {dagbag.py:588} INFO - Filling up the DagBag from /opt/airflow/dags/countries_dag.py
[2026-09-08T23:07:19.542+0000] {logging_mixin.py:190} INFO - [2026-09-08T23:07:19.393+0000] {dagbag.py:387} ERROR - Failed to import: /opt/airflow/dags/countries_dag.py
Traceback (most recent call last):
  File "/home/airflow/.local/lib/python3.11/site-packages/airflow/models/dagbag.py", line 383, in parse
    loader.exec_module(new_module)
  File "<frozen importlib._bootstrap_external>", line 940, in exec_module
  File "<frozen importlib._bootstrap>", line 241, in _call_with_frames_removed
  File "/opt/airflow/dags/countries_dag.py", line 6, in <module>
    from ingestion.minio_to_snowflake import run_pipeline
  File "/opt/airflow/ingestion/minio_to_snowflake.py", line 7, in <module>
    from minio import Minio
ModuleNotFoundError: No module named 'minio'
[2026-09-08T23:07:19.569+0000] {processor.py:927} WARNING - No viable dags retrieved from /opt/airflow/dags/countries_dag.py
[2026-09-08T23:07:19.660+0000] {processor.py:208} INFO - Processing /opt/airflow/dags/countries_dag.py took 0.503 seconds
[2026-09-08T23:07:50.860+0000] {processor.py:186} INFO - Started process (PID=1142) to work on /opt/airflow/dags/countries_dag.py
[2026-09-08T23:07:50.863+0000] {processor.py:914} INFO - Processing file /opt/airflow/dags/countries_dag.py for tasks to queue
[2026-09-08T23:07:50.877+0000] {logging_mixin.py:190} INFO - [2026-09-08T23:07:50.876+0000] {dagbag.py:588} INFO - Filling up the DagBag from /opt/airflow/dags/countries_dag.py
[2026-09-08T23:07:51.540+0000] {logging_mixin.py:190} INFO - [2026-09-08T23:07:51.485+0000] {dagbag.py:387} ERROR - Failed to import: /opt/airflow/dags/countries_dag.py
Traceback (most recent call last):
  File "/home/airflow/.local/lib/python3.11/site-packages/airflow/models/dagbag.py", line 383, in parse
    loader.exec_module(new_module)
  File "<frozen importlib._bootstrap_external>", line 940, in exec_module
  File "<frozen importlib._bootstrap>", line 241, in _call_with_frames_removed
  File "/opt/airflow/dags/countries_dag.py", line 6, in <module>
    from ingestion.minio_to_snowflake import run_pipeline
  File "/opt/airflow/ingestion/minio_to_snowflake.py", line 7, in <module>
    from minio import Minio
ModuleNotFoundError: No module named 'minio'
[2026-09-08T23:07:51.557+0000] {processor.py:927} WARNING - No viable dags retrieved from /opt/airflow/dags/countries_dag.py
[2026-09-08T23:07:51.643+0000] {processor.py:208} INFO - Processing /opt/airflow/dags/countries_dag.py took 0.807 seconds
[2026-09-08T23:08:22.590+0000] {processor.py:186} INFO - Started process (PID=1147) to work on /opt/airflow/dags/countries_dag.py
[2026-09-08T23:08:22.596+0000] {processor.py:914} INFO - Processing file /opt/airflow/dags/countries_dag.py for tasks to queue
[2026-09-08T23:08:22.605+0000] {logging_mixin.py:190} INFO - [2026-09-08T23:08:22.605+0000] {dagbag.py:588} INFO - Filling up the DagBag from /opt/airflow/dags/countries_dag.py
[2026-09-08T23:08:22.748+0000] {logging_mixin.py:190} INFO - [2026-09-08T23:08:22.702+0000] {dagbag.py:387} ERROR - Failed to import: /opt/airflow/dags/countries_dag.py
Traceback (most recent call last):
  File "/home/airflow/.local/lib/python3.11/site-packages/airflow/models/dagbag.py", line 383, in parse
    loader.exec_module(new_module)
  File "<frozen importlib._bootstrap_external>", line 940, in exec_module
  File "<frozen importlib._bootstrap>", line 241, in _call_with_frames_removed
  File "/opt/airflow/dags/countries_dag.py", line 6, in <module>
    from ingestion.minio_to_snowflake import run_pipeline
  File "/opt/airflow/ingestion/minio_to_snowflake.py", line 7, in <module>
    from minio import Minio
ModuleNotFoundError: No module named 'minio'
[2026-09-08T23:08:22.756+0000] {processor.py:927} WARNING - No viable dags retrieved from /opt/airflow/dags/countries_dag.py
[2026-09-08T23:08:22.819+0000] {processor.py:208} INFO - Processing /opt/airflow/dags/countries_dag.py took 0.251 seconds
[2026-09-08T23:08:53.170+0000] {processor.py:186} INFO - Started process (PID=1152) to work on /opt/airflow/dags/countries_dag.py
[2026-09-08T23:08:53.173+0000] {processor.py:914} INFO - Processing file /opt/airflow/dags/countries_dag.py for tasks to queue
[2026-09-08T23:08:53.194+0000] {logging_mixin.py:190} INFO - [2026-09-08T23:08:53.193+0000] {dagbag.py:588} INFO - Filling up the DagBag from /opt/airflow/dags/countries_dag.py
[2026-09-08T23:08:53.479+0000] {logging_mixin.py:190} INFO - [2026-09-08T23:08:53.381+0000] {dagbag.py:387} ERROR - Failed to import: /opt/airflow/dags/countries_dag.py
Traceback (most recent call last):
  File "/home/airflow/.local/lib/python3.11/site-packages/airflow/models/dagbag.py", line 383, in parse
    loader.exec_module(new_module)
  File "<frozen importlib._bootstrap_external>", line 940, in exec_module
  File "<frozen importlib._bootstrap>", line 241, in _call_with_frames_removed
  File "/opt/airflow/dags/countries_dag.py", line 6, in <module>
    from ingestion.minio_to_snowflake import run_pipeline
  File "/opt/airflow/ingestion/minio_to_snowflake.py", line 7, in <module>
    from minio import Minio
ModuleNotFoundError: No module named 'minio'
[2026-09-08T23:08:53.488+0000] {processor.py:927} WARNING - No viable dags retrieved from /opt/airflow/dags/countries_dag.py
[2026-09-08T23:08:53.581+0000] {processor.py:208} INFO - Processing /opt/airflow/dags/countries_dag.py took 0.447 seconds
[2026-09-08T23:09:23.960+0000] {processor.py:186} INFO - Started process (PID=1157) to work on /opt/airflow/dags/countries_dag.py
[2026-09-08T23:09:23.971+0000] {processor.py:914} INFO - Processing file /opt/airflow/dags/countries_dag.py for tasks to queue
[2026-09-08T23:09:23.987+0000] {logging_mixin.py:190} INFO - [2026-09-08T23:09:23.986+0000] {dagbag.py:588} INFO - Filling up the DagBag from /opt/airflow/dags/countries_dag.py
[2026-09-08T23:09:24.132+0000] {logging_mixin.py:190} INFO - [2026-09-08T23:09:24.074+0000] {dagbag.py:387} ERROR - Failed to import: /opt/airflow/dags/countries_dag.py
Traceback (most recent call last):
  File "/home/airflow/.local/lib/python3.11/site-packages/airflow/models/dagbag.py", line 383, in parse
    loader.exec_module(new_module)
  File "<frozen importlib._bootstrap_external>", line 940, in exec_module
  File "<frozen importlib._bootstrap>", line 241, in _call_with_frames_removed
  File "/opt/airflow/dags/countries_dag.py", line 6, in <module>
    from ingestion.minio_to_snowflake import run_pipeline
  File "/opt/airflow/ingestion/minio_to_snowflake.py", line 7, in <module>
    from minio import Minio
ModuleNotFoundError: No module named 'minio'
[2026-09-08T23:09:24.148+0000] {processor.py:927} WARNING - No viable dags retrieved from /opt/airflow/dags/countries_dag.py
[2026-09-08T23:09:24.240+0000] {processor.py:208} INFO - Processing /opt/airflow/dags/countries_dag.py took 0.305 seconds
[2026-09-08T23:09:54.838+0000] {processor.py:186} INFO - Started process (PID=1162) to work on /opt/airflow/dags/countries_dag.py
[2026-09-08T23:09:54.857+0000] {processor.py:914} INFO - Processing file /opt/airflow/dags/countries_dag.py for tasks to queue
[2026-09-08T23:09:54.864+0000] {logging_mixin.py:190} INFO - [2026-09-08T23:09:54.862+0000] {dagbag.py:588} INFO - Filling up the DagBag from /opt/airflow/dags/countries_dag.py
[2026-09-08T23:09:55.103+0000] {logging_mixin.py:190} INFO - [2026-09-08T23:09:55.061+0000] {dagbag.py:387} ERROR - Failed to import: /opt/airflow/dags/countries_dag.py
Traceback (most recent call last):
  File "/home/airflow/.local/lib/python3.11/site-packages/airflow/models/dagbag.py", line 383, in parse
    loader.exec_module(new_module)
  File "<frozen importlib._bootstrap_external>", line 940, in exec_module
  File "<frozen importlib._bootstrap>", line 241, in _call_with_frames_removed
  File "/opt/airflow/dags/countries_dag.py", line 6, in <module>
    from ingestion.minio_to_snowflake import run_pipeline
  File "/opt/airflow/ingestion/minio_to_snowflake.py", line 7, in <module>
    from minio import Minio
ModuleNotFoundError: No module named 'minio'
[2026-09-08T23:09:55.117+0000] {processor.py:927} WARNING - No viable dags retrieved from /opt/airflow/dags/countries_dag.py
[2026-09-08T23:09:55.199+0000] {processor.py:208} INFO - Processing /opt/airflow/dags/countries_dag.py took 0.396 seconds
[2026-09-08T23:10:25.692+0000] {processor.py:186} INFO - Started process (PID=1167) to work on /opt/airflow/dags/countries_dag.py
[2026-09-08T23:10:25.707+0000] {processor.py:914} INFO - Processing file /opt/airflow/dags/countries_dag.py for tasks to queue
[2026-09-08T23:10:25.715+0000] {logging_mixin.py:190} INFO - [2026-09-08T23:10:25.714+0000] {dagbag.py:588} INFO - Filling up the DagBag from /opt/airflow/dags/countries_dag.py
[2026-09-08T23:10:26.063+0000] {logging_mixin.py:190} INFO - [2026-09-08T23:10:26.018+0000] {dagbag.py:387} ERROR - Failed to import: /opt/airflow/dags/countries_dag.py
Traceback (most recent call last):
  File "/home/airflow/.local/lib/python3.11/site-packages/airflow/models/dagbag.py", line 383, in parse
    loader.exec_module(new_module)
  File "<frozen importlib._bootstrap_external>", line 940, in exec_module
  File "<frozen importlib._bootstrap>", line 241, in _call_with_frames_removed
  File "/opt/airflow/dags/countries_dag.py", line 6, in <module>
    from ingestion.minio_to_snowflake import run_pipeline
  File "/opt/airflow/ingestion/minio_to_snowflake.py", line 7, in <module>
    from minio import Minio
ModuleNotFoundError: No module named 'minio'
[2026-09-08T23:10:26.073+0000] {processor.py:927} WARNING - No viable dags retrieved from /opt/airflow/dags/countries_dag.py
[2026-09-08T23:10:26.145+0000] {processor.py:208} INFO - Processing /opt/airflow/dags/countries_dag.py took 0.489 seconds
[2026-09-08T23:10:56.503+0000] {processor.py:186} INFO - Started process (PID=1172) to work on /opt/airflow/dags/countries_dag.py
[2026-09-08T23:10:56.509+0000] {processor.py:914} INFO - Processing file /opt/airflow/dags/countries_dag.py for tasks to queue
[2026-09-08T23:10:56.516+0000] {logging_mixin.py:190} INFO - [2026-09-08T23:10:56.516+0000] {dagbag.py:588} INFO - Filling up the DagBag from /opt/airflow/dags/countries_dag.py
[2026-09-08T23:10:56.641+0000] {logging_mixin.py:190} INFO - [2026-09-08T23:10:56.627+0000] {dagbag.py:387} ERROR - Failed to import: /opt/airflow/dags/countries_dag.py
Traceback (most recent call last):
  File "/home/airflow/.local/lib/python3.11/site-packages/airflow/models/dagbag.py", line 383, in parse
    loader.exec_module(new_module)
  File "<frozen importlib._bootstrap_external>", line 940, in exec_module
  File "<frozen importlib._bootstrap>", line 241, in _call_with_frames_removed
  File "/opt/airflow/dags/countries_dag.py", line 6, in <module>
    from ingestion.minio_to_snowflake import run_pipeline
  File "/opt/airflow/ingestion/minio_to_snowflake.py", line 7, in <module>
    from minio import Minio
ModuleNotFoundError: No module named 'minio'
[2026-09-08T23:10:56.646+0000] {processor.py:927} WARNING - No viable dags retrieved from /opt/airflow/dags/countries_dag.py
[2026-09-08T23:10:56.723+0000] {processor.py:208} INFO - Processing /opt/airflow/dags/countries_dag.py took 0.250 seconds
[2026-09-08T23:11:27.386+0000] {processor.py:186} INFO - Started process (PID=1177) to work on /opt/airflow/dags/countries_dag.py
[2026-09-08T23:11:27.397+0000] {processor.py:914} INFO - Processing file /opt/airflow/dags/countries_dag.py for tasks to queue
[2026-09-08T23:11:27.408+0000] {logging_mixin.py:190} INFO - [2026-09-08T23:11:27.407+0000] {dagbag.py:588} INFO - Filling up the DagBag from /opt/airflow/dags/countries_dag.py
[2026-09-08T23:11:27.546+0000] {logging_mixin.py:190} INFO - [2026-09-08T23:11:27.516+0000] {dagbag.py:387} ERROR - Failed to import: /opt/airflow/dags/countries_dag.py
Traceback (most recent call last):
  File "/home/airflow/.local/lib/python3.11/site-packages/airflow/models/dagbag.py", line 383, in parse
    loader.exec_module(new_module)
  File "<frozen importlib._bootstrap_external>", line 940, in exec_module
  File "<frozen importlib._bootstrap>", line 241, in _call_with_frames_removed
  File "/opt/airflow/dags/countries_dag.py", line 6, in <module>
    from ingestion.minio_to_snowflake import run_pipeline
  File "/opt/airflow/ingestion/minio_to_snowflake.py", line 7, in <module>
    from minio import Minio
ModuleNotFoundError: No module named 'minio'
[2026-09-08T23:11:27.567+0000] {processor.py:927} WARNING - No viable dags retrieved from /opt/airflow/dags/countries_dag.py
[2026-09-08T23:11:27.648+0000] {processor.py:208} INFO - Processing /opt/airflow/dags/countries_dag.py took 0.287 seconds
[2026-09-08T23:11:58.272+0000] {processor.py:186} INFO - Started process (PID=1182) to work on /opt/airflow/dags/countries_dag.py
[2026-09-08T23:11:58.275+0000] {processor.py:914} INFO - Processing file /opt/airflow/dags/countries_dag.py for tasks to queue
[2026-09-08T23:11:58.282+0000] {logging_mixin.py:190} INFO - [2026-09-08T23:11:58.281+0000] {dagbag.py:588} INFO - Filling up the DagBag from /opt/airflow/dags/countries_dag.py
[2026-09-08T23:11:58.518+0000] {logging_mixin.py:190} INFO - [2026-09-08T23:11:58.503+0000] {dagbag.py:387} ERROR - Failed to import: /opt/airflow/dags/countries_dag.py
Traceback (most recent call last):
  File "/home/airflow/.local/lib/python3.11/site-packages/airflow/models/dagbag.py", line 383, in parse
    loader.exec_module(new_module)
  File "<frozen importlib._bootstrap_external>", line 940, in exec_module
  File "<frozen importlib._bootstrap>", line 241, in _call_with_frames_removed
  File "/opt/airflow/dags/countries_dag.py", line 6, in <module>
    from ingestion.minio_to_snowflake import run_pipeline
  File "/opt/airflow/ingestion/minio_to_snowflake.py", line 7, in <module>
    from minio import Minio
ModuleNotFoundError: No module named 'minio'
[2026-09-08T23:11:58.523+0000] {processor.py:927} WARNING - No viable dags retrieved from /opt/airflow/dags/countries_dag.py
[2026-09-08T23:11:58.586+0000] {processor.py:208} INFO - Processing /opt/airflow/dags/countries_dag.py took 0.337 seconds
[2026-09-08T23:12:28.992+0000] {processor.py:186} INFO - Started process (PID=1187) to work on /opt/airflow/dags/countries_dag.py
[2026-09-08T23:12:28.997+0000] {processor.py:914} INFO - Processing file /opt/airflow/dags/countries_dag.py for tasks to queue
[2026-09-08T23:12:29.009+0000] {logging_mixin.py:190} INFO - [2026-09-08T23:12:29.003+0000] {dagbag.py:588} INFO - Filling up the DagBag from /opt/airflow/dags/countries_dag.py
[2026-09-08T23:12:29.115+0000] {logging_mixin.py:190} INFO - [2026-09-08T23:12:29.089+0000] {dagbag.py:387} ERROR - Failed to import: /opt/airflow/dags/countries_dag.py
Traceback (most recent call last):
  File "/home/airflow/.local/lib/python3.11/site-packages/airflow/models/dagbag.py", line 383, in parse
    loader.exec_module(new_module)
  File "<frozen importlib._bootstrap_external>", line 940, in exec_module
  File "<frozen importlib._bootstrap>", line 241, in _call_with_frames_removed
  File "/opt/airflow/dags/countries_dag.py", line 6, in <module>
    from ingestion.minio_to_snowflake import run_pipeline
  File "/opt/airflow/ingestion/minio_to_snowflake.py", line 7, in <module>
    from minio import Minio
ModuleNotFoundError: No module named 'minio'
[2026-09-08T23:12:29.129+0000] {processor.py:927} WARNING - No viable dags retrieved from /opt/airflow/dags/countries_dag.py
[2026-09-08T23:12:29.229+0000] {processor.py:208} INFO - Processing /opt/airflow/dags/countries_dag.py took 0.292 seconds
[2026-09-08T23:13:00.113+0000] {processor.py:186} INFO - Started process (PID=1192) to work on /opt/airflow/dags/countries_dag.py
[2026-09-08T23:13:00.117+0000] {processor.py:914} INFO - Processing file /opt/airflow/dags/countries_dag.py for tasks to queue
[2026-09-08T23:13:00.138+0000] {logging_mixin.py:190} INFO - [2026-09-08T23:13:00.135+0000] {dagbag.py:588} INFO - Filling up the DagBag from /opt/airflow/dags/countries_dag.py
[2026-09-08T23:13:00.487+0000] {logging_mixin.py:190} INFO - [2026-09-08T23:13:00.435+0000] {dagbag.py:387} ERROR - Failed to import: /opt/airflow/dags/countries_dag.py
Traceback (most recent call last):
  File "/home/airflow/.local/lib/python3.11/site-packages/airflow/models/dagbag.py", line 383, in parse
    loader.exec_module(new_module)
  File "<frozen importlib._bootstrap_external>", line 940, in exec_module
  File "<frozen importlib._bootstrap>", line 241, in _call_with_frames_removed
  File "/opt/airflow/dags/countries_dag.py", line 6, in <module>
    from ingestion.minio_to_snowflake import run_pipeline
  File "/opt/airflow/ingestion/minio_to_snowflake.py", line 7, in <module>
    from minio import Minio
ModuleNotFoundError: No module named 'minio'
[2026-09-08T23:13:00.492+0000] {processor.py:927} WARNING - No viable dags retrieved from /opt/airflow/dags/countries_dag.py
[2026-09-08T23:13:00.567+0000] {processor.py:208} INFO - Processing /opt/airflow/dags/countries_dag.py took 0.509 seconds
[2026-09-08T23:13:31.522+0000] {processor.py:186} INFO - Started process (PID=1197) to work on /opt/airflow/dags/countries_dag.py
[2026-09-08T23:13:31.526+0000] {processor.py:914} INFO - Processing file /opt/airflow/dags/countries_dag.py for tasks to queue
[2026-09-08T23:13:31.544+0000] {logging_mixin.py:190} INFO - [2026-09-08T23:13:31.543+0000] {dagbag.py:588} INFO - Filling up the DagBag from /opt/airflow/dags/countries_dag.py
[2026-09-08T23:13:31.846+0000] {logging_mixin.py:190} INFO - [2026-09-08T23:13:31.757+0000] {dagbag.py:387} ERROR - Failed to import: /opt/airflow/dags/countries_dag.py
Traceback (most recent call last):
  File "/home/airflow/.local/lib/python3.11/site-packages/airflow/models/dagbag.py", line 383, in parse
    loader.exec_module(new_module)
  File "<frozen importlib._bootstrap_external>", line 940, in exec_module
  File "<frozen importlib._bootstrap>", line 241, in _call_with_frames_removed
  File "/opt/airflow/dags/countries_dag.py", line 6, in <module>
    from ingestion.minio_to_snowflake import run_pipeline
  File "/opt/airflow/ingestion/minio_to_snowflake.py", line 7, in <module>
    from minio import Minio
ModuleNotFoundError: No module named 'minio'
[2026-09-08T23:13:31.882+0000] {processor.py:927} WARNING - No viable dags retrieved from /opt/airflow/dags/countries_dag.py
[2026-09-08T23:13:31.980+0000] {processor.py:208} INFO - Processing /opt/airflow/dags/countries_dag.py took 0.486 seconds
[2026-09-08T23:14:02.324+0000] {processor.py:186} INFO - Started process (PID=1202) to work on /opt/airflow/dags/countries_dag.py
[2026-09-08T23:14:02.328+0000] {processor.py:914} INFO - Processing file /opt/airflow/dags/countries_dag.py for tasks to queue
[2026-09-08T23:14:02.342+0000] {logging_mixin.py:190} INFO - [2026-09-08T23:14:02.341+0000] {dagbag.py:588} INFO - Filling up the DagBag from /opt/airflow/dags/countries_dag.py
[2026-09-08T23:14:02.678+0000] {logging_mixin.py:190} INFO - [2026-09-08T23:14:02.603+0000] {dagbag.py:387} ERROR - Failed to import: /opt/airflow/dags/countries_dag.py
Traceback (most recent call last):
  File "/home/airflow/.local/lib/python3.11/site-packages/airflow/models/dagbag.py", line 383, in parse
    loader.exec_module(new_module)
  File "<frozen importlib._bootstrap_external>", line 940, in exec_module
  File "<frozen importlib._bootstrap>", line 241, in _call_with_frames_removed
  File "/opt/airflow/dags/countries_dag.py", line 6, in <module>
    from ingestion.minio_to_snowflake import run_pipeline
  File "/opt/airflow/ingestion/minio_to_snowflake.py", line 7, in <module>
    from minio import Minio
ModuleNotFoundError: No module named 'minio'
[2026-09-08T23:14:02.732+0000] {processor.py:927} WARNING - No viable dags retrieved from /opt/airflow/dags/countries_dag.py
[2026-09-08T23:14:02.793+0000] {processor.py:208} INFO - Processing /opt/airflow/dags/countries_dag.py took 0.505 seconds
[2026-09-08T23:14:33.493+0000] {processor.py:186} INFO - Started process (PID=1207) to work on /opt/airflow/dags/countries_dag.py
[2026-09-08T23:14:33.504+0000] {processor.py:914} INFO - Processing file /opt/airflow/dags/countries_dag.py for tasks to queue
[2026-09-08T23:14:33.517+0000] {logging_mixin.py:190} INFO - [2026-09-08T23:14:33.516+0000] {dagbag.py:588} INFO - Filling up the DagBag from /opt/airflow/dags/countries_dag.py
[2026-09-08T23:14:33.902+0000] {logging_mixin.py:190} INFO - [2026-09-08T23:14:33.780+0000] {dagbag.py:387} ERROR - Failed to import: /opt/airflow/dags/countries_dag.py
Traceback (most recent call last):
  File "/home/airflow/.local/lib/python3.11/site-packages/airflow/models/dagbag.py", line 383, in parse
    loader.exec_module(new_module)
  File "<frozen importlib._bootstrap_external>", line 940, in exec_module
  File "<frozen importlib._bootstrap>", line 241, in _call_with_frames_removed
  File "/opt/airflow/dags/countries_dag.py", line 6, in <module>
    from ingestion.minio_to_snowflake import run_pipeline
  File "/opt/airflow/ingestion/minio_to_snowflake.py", line 7, in <module>
    from minio import Minio
ModuleNotFoundError: No module named 'minio'
[2026-09-08T23:14:33.947+0000] {processor.py:927} WARNING - No viable dags retrieved from /opt/airflow/dags/countries_dag.py
[2026-09-08T23:14:34.024+0000] {processor.py:208} INFO - Processing /opt/airflow/dags/countries_dag.py took 0.565 seconds
[2026-09-08T23:15:04.811+0000] {processor.py:186} INFO - Started process (PID=1212) to work on /opt/airflow/dags/countries_dag.py
[2026-09-08T23:15:04.814+0000] {processor.py:914} INFO - Processing file /opt/airflow/dags/countries_dag.py for tasks to queue
[2026-09-08T23:15:04.820+0000] {logging_mixin.py:190} INFO - [2026-09-08T23:15:04.819+0000] {dagbag.py:588} INFO - Filling up the DagBag from /opt/airflow/dags/countries_dag.py
[2026-09-08T23:15:04.942+0000] {logging_mixin.py:190} INFO - [2026-09-08T23:15:04.922+0000] {dagbag.py:387} ERROR - Failed to import: /opt/airflow/dags/countries_dag.py
Traceback (most recent call last):
  File "/home/airflow/.local/lib/python3.11/site-packages/airflow/models/dagbag.py", line 383, in parse
    loader.exec_module(new_module)
  File "<frozen importlib._bootstrap_external>", line 940, in exec_module
  File "<frozen importlib._bootstrap>", line 241, in _call_with_frames_removed
  File "/opt/airflow/dags/countries_dag.py", line 6, in <module>
    from ingestion.minio_to_snowflake import run_pipeline
  File "/opt/airflow/ingestion/minio_to_snowflake.py", line 7, in <module>
    from minio import Minio
ModuleNotFoundError: No module named 'minio'
[2026-09-08T23:15:04.947+0000] {processor.py:927} WARNING - No viable dags retrieved from /opt/airflow/dags/countries_dag.py
[2026-09-08T23:15:05.036+0000] {processor.py:208} INFO - Processing /opt/airflow/dags/countries_dag.py took 0.243 seconds
[2026-09-08T23:15:35.788+0000] {processor.py:186} INFO - Started process (PID=1217) to work on /opt/airflow/dags/countries_dag.py
[2026-09-08T23:15:35.796+0000] {processor.py:914} INFO - Processing file /opt/airflow/dags/countries_dag.py for tasks to queue
[2026-09-08T23:15:35.805+0000] {logging_mixin.py:190} INFO - [2026-09-08T23:15:35.804+0000] {dagbag.py:588} INFO - Filling up the DagBag from /opt/airflow/dags/countries_dag.py
[2026-09-08T23:15:35.978+0000] {logging_mixin.py:190} INFO - [2026-09-08T23:15:35.947+0000] {dagbag.py:387} ERROR - Failed to import: /opt/airflow/dags/countries_dag.py
Traceback (most recent call last):
  File "/home/airflow/.local/lib/python3.11/site-packages/airflow/models/dagbag.py", line 383, in parse
    loader.exec_module(new_module)
  File "<frozen importlib._bootstrap_external>", line 940, in exec_module
  File "<frozen importlib._bootstrap>", line 241, in _call_with_frames_removed
  File "/opt/airflow/dags/countries_dag.py", line 6, in <module>
    from ingestion.minio_to_snowflake import run_pipeline
  File "/opt/airflow/ingestion/minio_to_snowflake.py", line 7, in <module>
    from minio import Minio
ModuleNotFoundError: No module named 'minio'
[2026-09-08T23:15:36.001+0000] {processor.py:927} WARNING - No viable dags retrieved from /opt/airflow/dags/countries_dag.py
[2026-09-08T23:15:36.067+0000] {processor.py:208} INFO - Processing /opt/airflow/dags/countries_dag.py took 0.338 seconds
[2026-09-08T23:16:06.278+0000] {processor.py:186} INFO - Started process (PID=1222) to work on /opt/airflow/dags/countries_dag.py
[2026-09-08T23:16:06.281+0000] {processor.py:914} INFO - Processing file /opt/airflow/dags/countries_dag.py for tasks to queue
[2026-09-08T23:16:06.294+0000] {logging_mixin.py:190} INFO - [2026-09-08T23:16:06.293+0000] {dagbag.py:588} INFO - Filling up the DagBag from /opt/airflow/dags/countries_dag.py
[2026-09-08T23:16:06.465+0000] {logging_mixin.py:190} INFO - [2026-09-08T23:16:06.435+0000] {dagbag.py:387} ERROR - Failed to import: /opt/airflow/dags/countries_dag.py
Traceback (most recent call last):
  File "/home/airflow/.local/lib/python3.11/site-packages/airflow/models/dagbag.py", line 383, in parse
    loader.exec_module(new_module)
  File "<frozen importlib._bootstrap_external>", line 940, in exec_module
  File "<frozen importlib._bootstrap>", line 241, in _call_with_frames_removed
  File "/opt/airflow/dags/countries_dag.py", line 6, in <module>
    from ingestion.minio_to_snowflake import run_pipeline
  File "/opt/airflow/ingestion/minio_to_snowflake.py", line 7, in <module>
    from minio import Minio
ModuleNotFoundError: No module named 'minio'
[2026-09-08T23:16:06.475+0000] {processor.py:927} WARNING - No viable dags retrieved from /opt/airflow/dags/countries_dag.py
[2026-09-08T23:16:06.592+0000] {processor.py:208} INFO - Processing /opt/airflow/dags/countries_dag.py took 0.335 seconds
[2026-09-08T23:16:37.560+0000] {processor.py:186} INFO - Started process (PID=1227) to work on /opt/airflow/dags/countries_dag.py
[2026-09-08T23:16:37.609+0000] {processor.py:914} INFO - Processing file /opt/airflow/dags/countries_dag.py for tasks to queue
[2026-09-08T23:16:37.645+0000] {logging_mixin.py:190} INFO - [2026-09-08T23:16:37.644+0000] {dagbag.py:588} INFO - Filling up the DagBag from /opt/airflow/dags/countries_dag.py
[2026-09-08T23:16:38.172+0000] {logging_mixin.py:190} INFO - [2026-09-08T23:16:37.969+0000] {dagbag.py:387} ERROR - Failed to import: /opt/airflow/dags/countries_dag.py
Traceback (most recent call last):
  File "/home/airflow/.local/lib/python3.11/site-packages/airflow/models/dagbag.py", line 383, in parse
    loader.exec_module(new_module)
  File "<frozen importlib._bootstrap_external>", line 940, in exec_module
  File "<frozen importlib._bootstrap>", line 241, in _call_with_frames_removed
  File "/opt/airflow/dags/countries_dag.py", line 6, in <module>
    from ingestion.minio_to_snowflake import run_pipeline
  File "/opt/airflow/ingestion/minio_to_snowflake.py", line 7, in <module>
    from minio import Minio
ModuleNotFoundError: No module named 'minio'
[2026-09-08T23:16:38.235+0000] {processor.py:927} WARNING - No viable dags retrieved from /opt/airflow/dags/countries_dag.py
[2026-09-08T23:16:38.373+0000] {processor.py:208} INFO - Processing /opt/airflow/dags/countries_dag.py took 0.868 seconds
[2026-09-08T23:17:09.124+0000] {processor.py:186} INFO - Started process (PID=1232) to work on /opt/airflow/dags/countries_dag.py
[2026-09-08T23:17:09.127+0000] {processor.py:914} INFO - Processing file /opt/airflow/dags/countries_dag.py for tasks to queue
[2026-09-08T23:17:09.140+0000] {logging_mixin.py:190} INFO - [2026-09-08T23:17:09.139+0000] {dagbag.py:588} INFO - Filling up the DagBag from /opt/airflow/dags/countries_dag.py
[2026-09-08T23:17:09.267+0000] {logging_mixin.py:190} INFO - [2026-09-08T23:17:09.250+0000] {dagbag.py:387} ERROR - Failed to import: /opt/airflow/dags/countries_dag.py
Traceback (most recent call last):
  File "/home/airflow/.local/lib/python3.11/site-packages/airflow/models/dagbag.py", line 383, in parse
    loader.exec_module(new_module)
  File "<frozen importlib._bootstrap_external>", line 940, in exec_module
  File "<frozen importlib._bootstrap>", line 241, in _call_with_frames_removed
  File "/opt/airflow/dags/countries_dag.py", line 6, in <module>
    from ingestion.minio_to_snowflake import run_pipeline
  File "/opt/airflow/ingestion/minio_to_snowflake.py", line 7, in <module>
    from minio import Minio
ModuleNotFoundError: No module named 'minio'
[2026-09-08T23:17:09.276+0000] {processor.py:927} WARNING - No viable dags retrieved from /opt/airflow/dags/countries_dag.py
[2026-09-08T23:17:09.351+0000] {processor.py:208} INFO - Processing /opt/airflow/dags/countries_dag.py took 0.261 seconds
[2026-09-08T23:17:39.662+0000] {processor.py:186} INFO - Started process (PID=1237) to work on /opt/airflow/dags/countries_dag.py
[2026-09-08T23:17:39.677+0000] {processor.py:914} INFO - Processing file /opt/airflow/dags/countries_dag.py for tasks to queue
[2026-09-08T23:17:39.694+0000] {logging_mixin.py:190} INFO - [2026-09-08T23:17:39.693+0000] {dagbag.py:588} INFO - Filling up the DagBag from /opt/airflow/dags/countries_dag.py
[2026-09-08T23:17:39.926+0000] {logging_mixin.py:190} INFO - [2026-09-08T23:17:39.909+0000] {dagbag.py:387} ERROR - Failed to import: /opt/airflow/dags/countries_dag.py
Traceback (most recent call last):
  File "/home/airflow/.local/lib/python3.11/site-packages/airflow/models/dagbag.py", line 383, in parse
    loader.exec_module(new_module)
  File "<frozen importlib._bootstrap_external>", line 940, in exec_module
  File "<frozen importlib._bootstrap>", line 241, in _call_with_frames_removed
  File "/opt/airflow/dags/countries_dag.py", line 6, in <module>
    from ingestion.minio_to_snowflake import run_pipeline
  File "/opt/airflow/ingestion/minio_to_snowflake.py", line 7, in <module>
    from minio import Minio
ModuleNotFoundError: No module named 'minio'
[2026-09-08T23:17:39.939+0000] {processor.py:927} WARNING - No viable dags retrieved from /opt/airflow/dags/countries_dag.py
[2026-09-08T23:17:40.054+0000] {processor.py:208} INFO - Processing /opt/airflow/dags/countries_dag.py took 0.420 seconds
[2026-09-08T23:18:10.849+0000] {processor.py:186} INFO - Started process (PID=1242) to work on /opt/airflow/dags/countries_dag.py
[2026-09-08T23:18:10.859+0000] {processor.py:914} INFO - Processing file /opt/airflow/dags/countries_dag.py for tasks to queue
[2026-09-08T23:18:10.872+0000] {logging_mixin.py:190} INFO - [2026-09-08T23:18:10.872+0000] {dagbag.py:588} INFO - Filling up the DagBag from /opt/airflow/dags/countries_dag.py
[2026-09-08T23:18:11.176+0000] {logging_mixin.py:190} INFO - [2026-09-08T23:18:11.086+0000] {dagbag.py:387} ERROR - Failed to import: /opt/airflow/dags/countries_dag.py
Traceback (most recent call last):
  File "/home/airflow/.local/lib/python3.11/site-packages/airflow/models/dagbag.py", line 383, in parse
    loader.exec_module(new_module)
  File "<frozen importlib._bootstrap_external>", line 940, in exec_module
  File "<frozen importlib._bootstrap>", line 241, in _call_with_frames_removed
  File "/opt/airflow/dags/countries_dag.py", line 6, in <module>
    from ingestion.minio_to_snowflake import run_pipeline
  File "/opt/airflow/ingestion/minio_to_snowflake.py", line 7, in <module>
    from minio import Minio
ModuleNotFoundError: No module named 'minio'
[2026-09-08T23:18:11.189+0000] {processor.py:927} WARNING - No viable dags retrieved from /opt/airflow/dags/countries_dag.py
[2026-09-08T23:18:11.268+0000] {processor.py:208} INFO - Processing /opt/airflow/dags/countries_dag.py took 0.441 seconds
[2026-09-08T23:18:42.322+0000] {processor.py:186} INFO - Started process (PID=1247) to work on /opt/airflow/dags/countries_dag.py
[2026-09-08T23:18:42.325+0000] {processor.py:914} INFO - Processing file /opt/airflow/dags/countries_dag.py for tasks to queue
[2026-09-08T23:18:42.338+0000] {logging_mixin.py:190} INFO - [2026-09-08T23:18:42.337+0000] {dagbag.py:588} INFO - Filling up the DagBag from /opt/airflow/dags/countries_dag.py
[2026-09-08T23:18:42.487+0000] {logging_mixin.py:190} INFO - [2026-09-08T23:18:42.453+0000] {dagbag.py:387} ERROR - Failed to import: /opt/airflow/dags/countries_dag.py
Traceback (most recent call last):
  File "/home/airflow/.local/lib/python3.11/site-packages/airflow/models/dagbag.py", line 383, in parse
    loader.exec_module(new_module)
  File "<frozen importlib._bootstrap_external>", line 940, in exec_module
  File "<frozen importlib._bootstrap>", line 241, in _call_with_frames_removed
  File "/opt/airflow/dags/countries_dag.py", line 6, in <module>
    from ingestion.minio_to_snowflake import run_pipeline
  File "/opt/airflow/ingestion/minio_to_snowflake.py", line 7, in <module>
    from minio import Minio
ModuleNotFoundError: No module named 'minio'
[2026-09-08T23:18:42.496+0000] {processor.py:927} WARNING - No viable dags retrieved from /opt/airflow/dags/countries_dag.py
[2026-09-08T23:18:42.574+0000] {processor.py:208} INFO - Processing /opt/airflow/dags/countries_dag.py took 0.285 seconds
[2026-09-08T23:19:12.943+0000] {processor.py:186} INFO - Started process (PID=1252) to work on /opt/airflow/dags/countries_dag.py
[2026-09-08T23:19:12.947+0000] {processor.py:914} INFO - Processing file /opt/airflow/dags/countries_dag.py for tasks to queue
[2026-09-08T23:19:12.953+0000] {logging_mixin.py:190} INFO - [2026-09-08T23:19:12.952+0000] {dagbag.py:588} INFO - Filling up the DagBag from /opt/airflow/dags/countries_dag.py
[2026-09-08T23:19:13.172+0000] {logging_mixin.py:190} INFO - [2026-09-08T23:19:13.133+0000] {dagbag.py:387} ERROR - Failed to import: /opt/airflow/dags/countries_dag.py
Traceback (most recent call last):
  File "/home/airflow/.local/lib/python3.11/site-packages/airflow/models/dagbag.py", line 383, in parse
    loader.exec_module(new_module)
  File "<frozen importlib._bootstrap_external>", line 940, in exec_module
  File "<frozen importlib._bootstrap>", line 241, in _call_with_frames_removed
  File "/opt/airflow/dags/countries_dag.py", line 6, in <module>
    from ingestion.minio_to_snowflake import run_pipeline
  File "/opt/airflow/ingestion/minio_to_snowflake.py", line 7, in <module>
    from minio import Minio
ModuleNotFoundError: No module named 'minio'
[2026-09-08T23:19:13.186+0000] {processor.py:927} WARNING - No viable dags retrieved from /opt/airflow/dags/countries_dag.py
[2026-09-08T23:19:13.282+0000] {processor.py:208} INFO - Processing /opt/airflow/dags/countries_dag.py took 0.368 seconds
[2026-09-08T23:19:43.809+0000] {processor.py:186} INFO - Started process (PID=1257) to work on /opt/airflow/dags/countries_dag.py
[2026-09-08T23:19:43.814+0000] {processor.py:914} INFO - Processing file /opt/airflow/dags/countries_dag.py for tasks to queue
[2026-09-08T23:19:43.826+0000] {logging_mixin.py:190} INFO - [2026-09-08T23:19:43.825+0000] {dagbag.py:588} INFO - Filling up the DagBag from /opt/airflow/dags/countries_dag.py
[2026-09-08T23:19:43.930+0000] {logging_mixin.py:190} INFO - [2026-09-08T23:19:43.915+0000] {dagbag.py:387} ERROR - Failed to import: /opt/airflow/dags/countries_dag.py
Traceback (most recent call last):
  File "/home/airflow/.local/lib/python3.11/site-packages/airflow/models/dagbag.py", line 383, in parse
    loader.exec_module(new_module)
  File "<frozen importlib._bootstrap_external>", line 940, in exec_module
  File "<frozen importlib._bootstrap>", line 241, in _call_with_frames_removed
  File "/opt/airflow/dags/countries_dag.py", line 6, in <module>
    from ingestion.minio_to_snowflake import run_pipeline
  File "/opt/airflow/ingestion/minio_to_snowflake.py", line 7, in <module>
    from minio import Minio
ModuleNotFoundError: No module named 'minio'
[2026-09-08T23:19:43.936+0000] {processor.py:927} WARNING - No viable dags retrieved from /opt/airflow/dags/countries_dag.py
[2026-09-08T23:19:44.014+0000] {processor.py:208} INFO - Processing /opt/airflow/dags/countries_dag.py took 0.228 seconds
[2026-09-08T23:20:15.275+0000] {processor.py:186} INFO - Started process (PID=1262) to work on /opt/airflow/dags/countries_dag.py
[2026-09-08T23:20:15.278+0000] {processor.py:914} INFO - Processing file /opt/airflow/dags/countries_dag.py for tasks to queue
[2026-09-08T23:20:15.297+0000] {logging_mixin.py:190} INFO - [2026-09-08T23:20:15.296+0000] {dagbag.py:588} INFO - Filling up the DagBag from /opt/airflow/dags/countries_dag.py
[2026-09-08T23:20:16.311+0000] {logging_mixin.py:190} INFO - [2026-09-08T23:20:16.278+0000] {dagbag.py:387} ERROR - Failed to import: /opt/airflow/dags/countries_dag.py
Traceback (most recent call last):
  File "/home/airflow/.local/lib/python3.11/site-packages/airflow/models/dagbag.py", line 383, in parse
    loader.exec_module(new_module)
  File "<frozen importlib._bootstrap_external>", line 940, in exec_module
  File "<frozen importlib._bootstrap>", line 241, in _call_with_frames_removed
  File "/opt/airflow/dags/countries_dag.py", line 6, in <module>
    from ingestion.minio_to_snowflake import run_pipeline
  File "/opt/airflow/ingestion/minio_to_snowflake.py", line 7, in <module>
    from minio import Minio
ModuleNotFoundError: No module named 'minio'
[2026-09-08T23:20:16.316+0000] {processor.py:927} WARNING - No viable dags retrieved from /opt/airflow/dags/countries_dag.py
[2026-09-08T23:20:16.440+0000] {processor.py:208} INFO - Processing /opt/airflow/dags/countries_dag.py took 1.197 seconds
[2026-09-08T23:20:46.780+0000] {processor.py:186} INFO - Started process (PID=1267) to work on /opt/airflow/dags/countries_dag.py
[2026-09-08T23:20:46.792+0000] {processor.py:914} INFO - Processing file /opt/airflow/dags/countries_dag.py for tasks to queue
[2026-09-08T23:20:46.808+0000] {logging_mixin.py:190} INFO - [2026-09-08T23:20:46.807+0000] {dagbag.py:588} INFO - Filling up the DagBag from /opt/airflow/dags/countries_dag.py
[2026-09-08T23:20:47.004+0000] {logging_mixin.py:190} INFO - [2026-09-08T23:20:46.972+0000] {dagbag.py:387} ERROR - Failed to import: /opt/airflow/dags/countries_dag.py
Traceback (most recent call last):
  File "/home/airflow/.local/lib/python3.11/site-packages/airflow/models/dagbag.py", line 383, in parse
    loader.exec_module(new_module)
  File "<frozen importlib._bootstrap_external>", line 940, in exec_module
  File "<frozen importlib._bootstrap>", line 241, in _call_with_frames_removed
  File "/opt/airflow/dags/countries_dag.py", line 6, in <module>
    from ingestion.minio_to_snowflake import run_pipeline
  File "/opt/airflow/ingestion/minio_to_snowflake.py", line 7, in <module>
    from minio import Minio
ModuleNotFoundError: No module named 'minio'
[2026-09-08T23:20:47.015+0000] {processor.py:927} WARNING - No viable dags retrieved from /opt/airflow/dags/countries_dag.py
[2026-09-08T23:20:47.091+0000] {processor.py:208} INFO - Processing /opt/airflow/dags/countries_dag.py took 0.323 seconds
[2026-09-08T23:21:17.380+0000] {processor.py:186} INFO - Started process (PID=1272) to work on /opt/airflow/dags/countries_dag.py
[2026-09-08T23:21:17.384+0000] {processor.py:914} INFO - Processing file /opt/airflow/dags/countries_dag.py for tasks to queue
[2026-09-08T23:21:17.397+0000] {logging_mixin.py:190} INFO - [2026-09-08T23:21:17.395+0000] {dagbag.py:588} INFO - Filling up the DagBag from /opt/airflow/dags/countries_dag.py
[2026-09-08T23:21:17.616+0000] {logging_mixin.py:190} INFO - [2026-09-08T23:21:17.576+0000] {dagbag.py:387} ERROR - Failed to import: /opt/airflow/dags/countries_dag.py
Traceback (most recent call last):
  File "/home/airflow/.local/lib/python3.11/site-packages/airflow/models/dagbag.py", line 383, in parse
    loader.exec_module(new_module)
  File "<frozen importlib._bootstrap_external>", line 940, in exec_module
  File "<frozen importlib._bootstrap>", line 241, in _call_with_frames_removed
  File "/opt/airflow/dags/countries_dag.py", line 6, in <module>
    from ingestion.minio_to_snowflake import run_pipeline
  File "/opt/airflow/ingestion/minio_to_snowflake.py", line 7, in <module>
    from minio import Minio
ModuleNotFoundError: No module named 'minio'
[2026-09-08T23:21:17.627+0000] {processor.py:927} WARNING - No viable dags retrieved from /opt/airflow/dags/countries_dag.py
[2026-09-08T23:21:17.699+0000] {processor.py:208} INFO - Processing /opt/airflow/dags/countries_dag.py took 0.344 seconds
[2026-09-08T23:21:48.772+0000] {processor.py:186} INFO - Started process (PID=1277) to work on /opt/airflow/dags/countries_dag.py
[2026-09-08T23:21:48.779+0000] {processor.py:914} INFO - Processing file /opt/airflow/dags/countries_dag.py for tasks to queue
[2026-09-08T23:21:48.791+0000] {logging_mixin.py:190} INFO - [2026-09-08T23:21:48.790+0000] {dagbag.py:588} INFO - Filling up the DagBag from /opt/airflow/dags/countries_dag.py
[2026-09-08T23:21:49.168+0000] {logging_mixin.py:190} INFO - [2026-09-08T23:21:48.975+0000] {dagbag.py:387} ERROR - Failed to import: /opt/airflow/dags/countries_dag.py
Traceback (most recent call last):
  File "/home/airflow/.local/lib/python3.11/site-packages/airflow/models/dagbag.py", line 383, in parse
    loader.exec_module(new_module)
  File "<frozen importlib._bootstrap_external>", line 940, in exec_module
  File "<frozen importlib._bootstrap>", line 241, in _call_with_frames_removed
  File "/opt/airflow/dags/countries_dag.py", line 6, in <module>
    from ingestion.minio_to_snowflake import run_pipeline
  File "/opt/airflow/ingestion/minio_to_snowflake.py", line 7, in <module>
    from minio import Minio
ModuleNotFoundError: No module named 'minio'
[2026-09-08T23:21:49.267+0000] {processor.py:927} WARNING - No viable dags retrieved from /opt/airflow/dags/countries_dag.py
[2026-09-08T23:21:49.379+0000] {processor.py:208} INFO - Processing /opt/airflow/dags/countries_dag.py took 0.632 seconds
[2026-09-08T23:22:20.830+0000] {processor.py:186} INFO - Started process (PID=1282) to work on /opt/airflow/dags/countries_dag.py
[2026-09-08T23:22:20.837+0000] {processor.py:914} INFO - Processing file /opt/airflow/dags/countries_dag.py for tasks to queue
[2026-09-08T23:22:20.854+0000] {logging_mixin.py:190} INFO - [2026-09-08T23:22:20.853+0000] {dagbag.py:588} INFO - Filling up the DagBag from /opt/airflow/dags/countries_dag.py
[2026-09-08T23:22:21.194+0000] {logging_mixin.py:190} INFO - [2026-09-08T23:22:21.124+0000] {dagbag.py:387} ERROR - Failed to import: /opt/airflow/dags/countries_dag.py
Traceback (most recent call last):
  File "/home/airflow/.local/lib/python3.11/site-packages/airflow/models/dagbag.py", line 383, in parse
    loader.exec_module(new_module)
  File "<frozen importlib._bootstrap_external>", line 940, in exec_module
  File "<frozen importlib._bootstrap>", line 241, in _call_with_frames_removed
  File "/opt/airflow/dags/countries_dag.py", line 6, in <module>
    from ingestion.minio_to_snowflake import run_pipeline
  File "/opt/airflow/ingestion/minio_to_snowflake.py", line 7, in <module>
    from minio import Minio
ModuleNotFoundError: No module named 'minio'
[2026-09-08T23:22:21.217+0000] {processor.py:927} WARNING - No viable dags retrieved from /opt/airflow/dags/countries_dag.py
[2026-09-08T23:22:21.355+0000] {processor.py:208} INFO - Processing /opt/airflow/dags/countries_dag.py took 0.567 seconds
[2026-09-08T23:22:52.247+0000] {processor.py:186} INFO - Started process (PID=1287) to work on /opt/airflow/dags/countries_dag.py
[2026-09-08T23:22:52.255+0000] {processor.py:914} INFO - Processing file /opt/airflow/dags/countries_dag.py for tasks to queue
[2026-09-08T23:22:52.263+0000] {logging_mixin.py:190} INFO - [2026-09-08T23:22:52.262+0000] {dagbag.py:588} INFO - Filling up the DagBag from /opt/airflow/dags/countries_dag.py
[2026-09-08T23:22:52.582+0000] {logging_mixin.py:190} INFO - [2026-09-08T23:22:52.473+0000] {dagbag.py:387} ERROR - Failed to import: /opt/airflow/dags/countries_dag.py
Traceback (most recent call last):
  File "/home/airflow/.local/lib/python3.11/site-packages/airflow/models/dagbag.py", line 383, in parse
    loader.exec_module(new_module)
  File "<frozen importlib._bootstrap_external>", line 940, in exec_module
  File "<frozen importlib._bootstrap>", line 241, in _call_with_frames_removed
  File "/opt/airflow/dags/countries_dag.py", line 6, in <module>
    from ingestion.minio_to_snowflake import run_pipeline
  File "/opt/airflow/ingestion/minio_to_snowflake.py", line 7, in <module>
    from minio import Minio
ModuleNotFoundError: No module named 'minio'
[2026-09-08T23:22:52.588+0000] {processor.py:927} WARNING - No viable dags retrieved from /opt/airflow/dags/countries_dag.py
[2026-09-08T23:22:52.721+0000] {processor.py:208} INFO - Processing /opt/airflow/dags/countries_dag.py took 0.491 seconds
[2026-09-08T23:23:24.022+0000] {processor.py:186} INFO - Started process (PID=1292) to work on /opt/airflow/dags/countries_dag.py
[2026-09-08T23:23:24.067+0000] {processor.py:914} INFO - Processing file /opt/airflow/dags/countries_dag.py for tasks to queue
[2026-09-08T23:23:24.082+0000] {logging_mixin.py:190} INFO - [2026-09-08T23:23:24.081+0000] {dagbag.py:588} INFO - Filling up the DagBag from /opt/airflow/dags/countries_dag.py
[2026-09-08T23:23:24.380+0000] {logging_mixin.py:190} INFO - [2026-09-08T23:23:24.337+0000] {dagbag.py:387} ERROR - Failed to import: /opt/airflow/dags/countries_dag.py
Traceback (most recent call last):
  File "/home/airflow/.local/lib/python3.11/site-packages/airflow/models/dagbag.py", line 383, in parse
    loader.exec_module(new_module)
  File "<frozen importlib._bootstrap_external>", line 940, in exec_module
  File "<frozen importlib._bootstrap>", line 241, in _call_with_frames_removed
  File "/opt/airflow/dags/countries_dag.py", line 6, in <module>
    from ingestion.minio_to_snowflake import run_pipeline
  File "/opt/airflow/ingestion/minio_to_snowflake.py", line 7, in <module>
    from minio import Minio
ModuleNotFoundError: No module named 'minio'
[2026-09-08T23:23:24.393+0000] {processor.py:927} WARNING - No viable dags retrieved from /opt/airflow/dags/countries_dag.py
[2026-09-08T23:23:24.516+0000] {processor.py:208} INFO - Processing /opt/airflow/dags/countries_dag.py took 0.667 seconds
[2026-09-08T23:23:55.019+0000] {processor.py:186} INFO - Started process (PID=1297) to work on /opt/airflow/dags/countries_dag.py
[2026-09-08T23:23:55.027+0000] {processor.py:914} INFO - Processing file /opt/airflow/dags/countries_dag.py for tasks to queue
[2026-09-08T23:23:55.051+0000] {logging_mixin.py:190} INFO - [2026-09-08T23:23:55.046+0000] {dagbag.py:588} INFO - Filling up the DagBag from /opt/airflow/dags/countries_dag.py
[2026-09-08T23:23:55.677+0000] {logging_mixin.py:190} INFO - [2026-09-08T23:23:55.643+0000] {dagbag.py:387} ERROR - Failed to import: /opt/airflow/dags/countries_dag.py
Traceback (most recent call last):
  File "/home/airflow/.local/lib/python3.11/site-packages/airflow/models/dagbag.py", line 383, in parse
    loader.exec_module(new_module)
  File "<frozen importlib._bootstrap_external>", line 940, in exec_module
  File "<frozen importlib._bootstrap>", line 241, in _call_with_frames_removed
  File "/opt/airflow/dags/countries_dag.py", line 6, in <module>
    from ingestion.minio_to_snowflake import run_pipeline
  File "/opt/airflow/ingestion/minio_to_snowflake.py", line 7, in <module>
    from minio import Minio
ModuleNotFoundError: No module named 'minio'
[2026-09-08T23:23:55.704+0000] {processor.py:927} WARNING - No viable dags retrieved from /opt/airflow/dags/countries_dag.py
[2026-09-08T23:23:55.853+0000] {processor.py:208} INFO - Processing /opt/airflow/dags/countries_dag.py took 0.880 seconds
[2026-09-08T23:24:26.748+0000] {processor.py:186} INFO - Started process (PID=1302) to work on /opt/airflow/dags/countries_dag.py
[2026-09-08T23:24:26.758+0000] {processor.py:914} INFO - Processing file /opt/airflow/dags/countries_dag.py for tasks to queue
[2026-09-08T23:24:26.780+0000] {logging_mixin.py:190} INFO - [2026-09-08T23:24:26.779+0000] {dagbag.py:588} INFO - Filling up the DagBag from /opt/airflow/dags/countries_dag.py
[2026-09-08T23:24:27.179+0000] {logging_mixin.py:190} INFO - [2026-09-08T23:24:27.076+0000] {dagbag.py:387} ERROR - Failed to import: /opt/airflow/dags/countries_dag.py
Traceback (most recent call last):
  File "/home/airflow/.local/lib/python3.11/site-packages/airflow/models/dagbag.py", line 383, in parse
    loader.exec_module(new_module)
  File "<frozen importlib._bootstrap_external>", line 940, in exec_module
  File "<frozen importlib._bootstrap>", line 241, in _call_with_frames_removed
  File "/opt/airflow/dags/countries_dag.py", line 6, in <module>
    from ingestion.minio_to_snowflake import run_pipeline
  File "/opt/airflow/ingestion/minio_to_snowflake.py", line 7, in <module>
    from minio import Minio
ModuleNotFoundError: No module named 'minio'
[2026-09-08T23:24:27.210+0000] {processor.py:927} WARNING - No viable dags retrieved from /opt/airflow/dags/countries_dag.py
[2026-09-08T23:24:27.357+0000] {processor.py:208} INFO - Processing /opt/airflow/dags/countries_dag.py took 0.645 seconds
[2026-09-08T23:24:58.730+0000] {processor.py:186} INFO - Started process (PID=1307) to work on /opt/airflow/dags/countries_dag.py
[2026-09-08T23:24:58.742+0000] {processor.py:914} INFO - Processing file /opt/airflow/dags/countries_dag.py for tasks to queue
[2026-09-08T23:24:58.754+0000] {logging_mixin.py:190} INFO - [2026-09-08T23:24:58.753+0000] {dagbag.py:588} INFO - Filling up the DagBag from /opt/airflow/dags/countries_dag.py
[2026-09-08T23:25:02.077+0000] {logging_mixin.py:190} INFO - [2026-09-08T23:25:02.026+0000] {dagbag.py:387} ERROR - Failed to import: /opt/airflow/dags/countries_dag.py
Traceback (most recent call last):
  File "/home/airflow/.local/lib/python3.11/site-packages/airflow/models/dagbag.py", line 383, in parse
    loader.exec_module(new_module)
  File "<frozen importlib._bootstrap_external>", line 940, in exec_module
  File "<frozen importlib._bootstrap>", line 241, in _call_with_frames_removed
  File "/opt/airflow/dags/countries_dag.py", line 6, in <module>
    from ingestion.minio_to_snowflake import run_pipeline
  File "/opt/airflow/ingestion/minio_to_snowflake.py", line 7, in <module>
    from minio import Minio
ModuleNotFoundError: No module named 'minio'
[2026-09-08T23:25:02.097+0000] {processor.py:927} WARNING - No viable dags retrieved from /opt/airflow/dags/countries_dag.py
[2026-09-08T23:25:02.210+0000] {processor.py:208} INFO - Processing /opt/airflow/dags/countries_dag.py took 3.516 seconds
[2026-09-08T23:25:32.527+0000] {processor.py:186} INFO - Started process (PID=1312) to work on /opt/airflow/dags/countries_dag.py
[2026-09-08T23:25:32.530+0000] {processor.py:914} INFO - Processing file /opt/airflow/dags/countries_dag.py for tasks to queue
[2026-09-08T23:25:32.537+0000] {logging_mixin.py:190} INFO - [2026-09-08T23:25:32.536+0000] {dagbag.py:588} INFO - Filling up the DagBag from /opt/airflow/dags/countries_dag.py
[2026-09-08T23:25:32.848+0000] {logging_mixin.py:190} INFO - [2026-09-08T23:25:32.810+0000] {dagbag.py:387} ERROR - Failed to import: /opt/airflow/dags/countries_dag.py
Traceback (most recent call last):
  File "/home/airflow/.local/lib/python3.11/site-packages/airflow/models/dagbag.py", line 383, in parse
    loader.exec_module(new_module)
  File "<frozen importlib._bootstrap_external>", line 940, in exec_module
  File "<frozen importlib._bootstrap>", line 241, in _call_with_frames_removed
  File "/opt/airflow/dags/countries_dag.py", line 6, in <module>
    from ingestion.minio_to_snowflake import run_pipeline
  File "/opt/airflow/ingestion/minio_to_snowflake.py", line 7, in <module>
    from minio import Minio
ModuleNotFoundError: No module named 'minio'
[2026-09-08T23:25:32.854+0000] {processor.py:927} WARNING - No viable dags retrieved from /opt/airflow/dags/countries_dag.py
[2026-09-08T23:25:32.961+0000] {processor.py:208} INFO - Processing /opt/airflow/dags/countries_dag.py took 0.470 seconds
[2026-09-08T23:26:04.094+0000] {processor.py:186} INFO - Started process (PID=1317) to work on /opt/airflow/dags/countries_dag.py
[2026-09-08T23:26:04.110+0000] {processor.py:914} INFO - Processing file /opt/airflow/dags/countries_dag.py for tasks to queue
[2026-09-08T23:26:04.122+0000] {logging_mixin.py:190} INFO - [2026-09-08T23:26:04.121+0000] {dagbag.py:588} INFO - Filling up the DagBag from /opt/airflow/dags/countries_dag.py
[2026-09-08T23:26:04.477+0000] {logging_mixin.py:190} INFO - [2026-09-08T23:26:04.402+0000] {dagbag.py:387} ERROR - Failed to import: /opt/airflow/dags/countries_dag.py
Traceback (most recent call last):
  File "/home/airflow/.local/lib/python3.11/site-packages/airflow/models/dagbag.py", line 383, in parse
    loader.exec_module(new_module)
  File "<frozen importlib._bootstrap_external>", line 940, in exec_module
  File "<frozen importlib._bootstrap>", line 241, in _call_with_frames_removed
  File "/opt/airflow/dags/countries_dag.py", line 6, in <module>
    from ingestion.minio_to_snowflake import run_pipeline
  File "/opt/airflow/ingestion/minio_to_snowflake.py", line 7, in <module>
    from minio import Minio
ModuleNotFoundError: No module named 'minio'
[2026-09-08T23:26:04.502+0000] {processor.py:927} WARNING - No viable dags retrieved from /opt/airflow/dags/countries_dag.py
[2026-09-08T23:26:04.626+0000] {processor.py:208} INFO - Processing /opt/airflow/dags/countries_dag.py took 0.569 seconds
[2026-09-08T23:26:35.643+0000] {processor.py:186} INFO - Started process (PID=1322) to work on /opt/airflow/dags/countries_dag.py
[2026-09-08T23:26:35.649+0000] {processor.py:914} INFO - Processing file /opt/airflow/dags/countries_dag.py for tasks to queue
[2026-09-08T23:26:35.663+0000] {logging_mixin.py:190} INFO - [2026-09-08T23:26:35.662+0000] {dagbag.py:588} INFO - Filling up the DagBag from /opt/airflow/dags/countries_dag.py
[2026-09-08T23:26:35.987+0000] {logging_mixin.py:190} INFO - [2026-09-08T23:26:35.966+0000] {dagbag.py:387} ERROR - Failed to import: /opt/airflow/dags/countries_dag.py
Traceback (most recent call last):
  File "/home/airflow/.local/lib/python3.11/site-packages/airflow/models/dagbag.py", line 383, in parse
    loader.exec_module(new_module)
  File "<frozen importlib._bootstrap_external>", line 940, in exec_module
  File "<frozen importlib._bootstrap>", line 241, in _call_with_frames_removed
  File "/opt/airflow/dags/countries_dag.py", line 6, in <module>
    from ingestion.minio_to_snowflake import run_pipeline
  File "/opt/airflow/ingestion/minio_to_snowflake.py", line 7, in <module>
    from minio import Minio
ModuleNotFoundError: No module named 'minio'
[2026-09-08T23:26:35.997+0000] {processor.py:927} WARNING - No viable dags retrieved from /opt/airflow/dags/countries_dag.py
[2026-09-08T23:26:36.091+0000] {processor.py:208} INFO - Processing /opt/airflow/dags/countries_dag.py took 0.507 seconds
[2026-09-08T23:27:08.421+0000] {processor.py:186} INFO - Started process (PID=1327) to work on /opt/airflow/dags/countries_dag.py
[2026-09-08T23:27:08.458+0000] {processor.py:914} INFO - Processing file /opt/airflow/dags/countries_dag.py for tasks to queue
[2026-09-08T23:27:08.579+0000] {logging_mixin.py:190} INFO - [2026-09-08T23:27:08.578+0000] {dagbag.py:588} INFO - Filling up the DagBag from /opt/airflow/dags/countries_dag.py
[2026-09-08T23:27:11.838+0000] {logging_mixin.py:190} INFO - [2026-09-08T23:27:11.586+0000] {dagbag.py:387} ERROR - Failed to import: /opt/airflow/dags/countries_dag.py
Traceback (most recent call last):
  File "/home/airflow/.local/lib/python3.11/site-packages/airflow/models/dagbag.py", line 383, in parse
    loader.exec_module(new_module)
  File "<frozen importlib._bootstrap_external>", line 940, in exec_module
  File "<frozen importlib._bootstrap>", line 241, in _call_with_frames_removed
  File "/opt/airflow/dags/countries_dag.py", line 6, in <module>
    from ingestion.minio_to_snowflake import run_pipeline
  File "/opt/airflow/ingestion/minio_to_snowflake.py", line 7, in <module>
    from minio import Minio
ModuleNotFoundError: No module named 'minio'
[2026-09-08T23:27:11.893+0000] {processor.py:927} WARNING - No viable dags retrieved from /opt/airflow/dags/countries_dag.py
[2026-09-08T23:27:12.043+0000] {processor.py:208} INFO - Processing /opt/airflow/dags/countries_dag.py took 3.658 seconds
[2026-09-08T23:27:42.766+0000] {processor.py:186} INFO - Started process (PID=1332) to work on /opt/airflow/dags/countries_dag.py
[2026-09-08T23:27:42.779+0000] {processor.py:914} INFO - Processing file /opt/airflow/dags/countries_dag.py for tasks to queue
[2026-09-08T23:27:42.801+0000] {logging_mixin.py:190} INFO - [2026-09-08T23:27:42.800+0000] {dagbag.py:588} INFO - Filling up the DagBag from /opt/airflow/dags/countries_dag.py
[2026-09-08T23:27:43.124+0000] {logging_mixin.py:190} INFO - [2026-09-08T23:27:43.092+0000] {dagbag.py:387} ERROR - Failed to import: /opt/airflow/dags/countries_dag.py
Traceback (most recent call last):
  File "/home/airflow/.local/lib/python3.11/site-packages/airflow/models/dagbag.py", line 383, in parse
    loader.exec_module(new_module)
  File "<frozen importlib._bootstrap_external>", line 940, in exec_module
  File "<frozen importlib._bootstrap>", line 241, in _call_with_frames_removed
  File "/opt/airflow/dags/countries_dag.py", line 6, in <module>
    from ingestion.minio_to_snowflake import run_pipeline
  File "/opt/airflow/ingestion/minio_to_snowflake.py", line 7, in <module>
    from minio import Minio
ModuleNotFoundError: No module named 'minio'
[2026-09-08T23:27:43.131+0000] {processor.py:927} WARNING - No viable dags retrieved from /opt/airflow/dags/countries_dag.py
[2026-09-08T23:27:43.240+0000] {processor.py:208} INFO - Processing /opt/airflow/dags/countries_dag.py took 0.518 seconds
[2026-09-08T23:28:14.216+0000] {processor.py:186} INFO - Started process (PID=1337) to work on /opt/airflow/dags/countries_dag.py
[2026-09-08T23:28:14.243+0000] {processor.py:914} INFO - Processing file /opt/airflow/dags/countries_dag.py for tasks to queue
[2026-09-08T23:28:14.263+0000] {logging_mixin.py:190} INFO - [2026-09-08T23:28:14.261+0000] {dagbag.py:588} INFO - Filling up the DagBag from /opt/airflow/dags/countries_dag.py
[2026-09-08T23:28:14.848+0000] {logging_mixin.py:190} INFO - [2026-09-08T23:28:14.761+0000] {dagbag.py:387} ERROR - Failed to import: /opt/airflow/dags/countries_dag.py
Traceback (most recent call last):
  File "/home/airflow/.local/lib/python3.11/site-packages/airflow/models/dagbag.py", line 383, in parse
    loader.exec_module(new_module)
  File "<frozen importlib._bootstrap_external>", line 940, in exec_module
  File "<frozen importlib._bootstrap>", line 241, in _call_with_frames_removed
  File "/opt/airflow/dags/countries_dag.py", line 6, in <module>
    from ingestion.minio_to_snowflake import run_pipeline
  File "/opt/airflow/ingestion/minio_to_snowflake.py", line 7, in <module>
    from minio import Minio
ModuleNotFoundError: No module named 'minio'
[2026-09-08T23:28:14.869+0000] {processor.py:927} WARNING - No viable dags retrieved from /opt/airflow/dags/countries_dag.py
[2026-09-08T23:28:15.088+0000] {processor.py:208} INFO - Processing /opt/airflow/dags/countries_dag.py took 0.955 seconds
[2026-09-08T23:28:46.432+0000] {processor.py:186} INFO - Started process (PID=1342) to work on /opt/airflow/dags/countries_dag.py
[2026-09-08T23:28:46.453+0000] {processor.py:914} INFO - Processing file /opt/airflow/dags/countries_dag.py for tasks to queue
[2026-09-08T23:28:46.494+0000] {logging_mixin.py:190} INFO - [2026-09-08T23:28:46.491+0000] {dagbag.py:588} INFO - Filling up the DagBag from /opt/airflow/dags/countries_dag.py
[2026-09-08T23:28:47.274+0000] {logging_mixin.py:190} INFO - [2026-09-08T23:28:47.122+0000] {dagbag.py:387} ERROR - Failed to import: /opt/airflow/dags/countries_dag.py
Traceback (most recent call last):
  File "/home/airflow/.local/lib/python3.11/site-packages/airflow/models/dagbag.py", line 383, in parse
    loader.exec_module(new_module)
  File "<frozen importlib._bootstrap_external>", line 940, in exec_module
  File "<frozen importlib._bootstrap>", line 241, in _call_with_frames_removed
  File "/opt/airflow/dags/countries_dag.py", line 6, in <module>
    from ingestion.minio_to_snowflake import run_pipeline
  File "/opt/airflow/ingestion/minio_to_snowflake.py", line 7, in <module>
    from minio import Minio
ModuleNotFoundError: No module named 'minio'
[2026-09-08T23:28:47.282+0000] {processor.py:927} WARNING - No viable dags retrieved from /opt/airflow/dags/countries_dag.py
[2026-09-08T23:28:48.350+0000] {processor.py:208} INFO - Processing /opt/airflow/dags/countries_dag.py took 2.026 seconds
[2026-09-08T23:29:19.559+0000] {processor.py:186} INFO - Started process (PID=1347) to work on /opt/airflow/dags/countries_dag.py
[2026-09-08T23:29:19.563+0000] {processor.py:914} INFO - Processing file /opt/airflow/dags/countries_dag.py for tasks to queue
[2026-09-08T23:29:19.577+0000] {logging_mixin.py:190} INFO - [2026-09-08T23:29:19.576+0000] {dagbag.py:588} INFO - Filling up the DagBag from /opt/airflow/dags/countries_dag.py
[2026-09-08T23:29:20.147+0000] {logging_mixin.py:190} INFO - [2026-09-08T23:29:20.048+0000] {dagbag.py:387} ERROR - Failed to import: /opt/airflow/dags/countries_dag.py
Traceback (most recent call last):
  File "/home/airflow/.local/lib/python3.11/site-packages/airflow/models/dagbag.py", line 383, in parse
    loader.exec_module(new_module)
  File "<frozen importlib._bootstrap_external>", line 940, in exec_module
  File "<frozen importlib._bootstrap>", line 241, in _call_with_frames_removed
  File "/opt/airflow/dags/countries_dag.py", line 6, in <module>
    from ingestion.minio_to_snowflake import run_pipeline
  File "/opt/airflow/ingestion/minio_to_snowflake.py", line 7, in <module>
    from minio import Minio
ModuleNotFoundError: No module named 'minio'
[2026-09-08T23:29:20.206+0000] {processor.py:927} WARNING - No viable dags retrieved from /opt/airflow/dags/countries_dag.py
[2026-09-08T23:29:20.380+0000] {processor.py:208} INFO - Processing /opt/airflow/dags/countries_dag.py took 0.859 seconds
[2026-09-08T23:29:51.441+0000] {processor.py:186} INFO - Started process (PID=1352) to work on /opt/airflow/dags/countries_dag.py
[2026-09-08T23:29:51.454+0000] {processor.py:914} INFO - Processing file /opt/airflow/dags/countries_dag.py for tasks to queue
[2026-09-08T23:29:51.467+0000] {logging_mixin.py:190} INFO - [2026-09-08T23:29:51.464+0000] {dagbag.py:588} INFO - Filling up the DagBag from /opt/airflow/dags/countries_dag.py
[2026-09-08T23:29:51.984+0000] {logging_mixin.py:190} INFO - [2026-09-08T23:29:51.872+0000] {dagbag.py:387} ERROR - Failed to import: /opt/airflow/dags/countries_dag.py
Traceback (most recent call last):
  File "/home/airflow/.local/lib/python3.11/site-packages/airflow/models/dagbag.py", line 383, in parse
    loader.exec_module(new_module)
  File "<frozen importlib._bootstrap_external>", line 940, in exec_module
  File "<frozen importlib._bootstrap>", line 241, in _call_with_frames_removed
  File "/opt/airflow/dags/countries_dag.py", line 6, in <module>
    from ingestion.minio_to_snowflake import run_pipeline
  File "/opt/airflow/ingestion/minio_to_snowflake.py", line 7, in <module>
    from minio import Minio
ModuleNotFoundError: No module named 'minio'
[2026-09-08T23:29:51.999+0000] {processor.py:927} WARNING - No viable dags retrieved from /opt/airflow/dags/countries_dag.py
[2026-09-08T23:29:52.139+0000] {processor.py:208} INFO - Processing /opt/airflow/dags/countries_dag.py took 0.736 seconds
[2026-09-08T23:30:22.707+0000] {processor.py:186} INFO - Started process (PID=1357) to work on /opt/airflow/dags/countries_dag.py
[2026-09-08T23:30:22.722+0000] {processor.py:914} INFO - Processing file /opt/airflow/dags/countries_dag.py for tasks to queue
[2026-09-08T23:30:22.752+0000] {logging_mixin.py:190} INFO - [2026-09-08T23:30:22.751+0000] {dagbag.py:588} INFO - Filling up the DagBag from /opt/airflow/dags/countries_dag.py
[2026-09-08T23:30:23.287+0000] {logging_mixin.py:190} INFO - [2026-09-08T23:30:23.174+0000] {dagbag.py:387} ERROR - Failed to import: /opt/airflow/dags/countries_dag.py
Traceback (most recent call last):
  File "/home/airflow/.local/lib/python3.11/site-packages/airflow/models/dagbag.py", line 383, in parse
    loader.exec_module(new_module)
  File "<frozen importlib._bootstrap_external>", line 940, in exec_module
  File "<frozen importlib._bootstrap>", line 241, in _call_with_frames_removed
  File "/opt/airflow/dags/countries_dag.py", line 6, in <module>
    from ingestion.minio_to_snowflake import run_pipeline
  File "/opt/airflow/ingestion/minio_to_snowflake.py", line 7, in <module>
    from minio import Minio
ModuleNotFoundError: No module named 'minio'
[2026-09-08T23:30:23.294+0000] {processor.py:927} WARNING - No viable dags retrieved from /opt/airflow/dags/countries_dag.py
[2026-09-08T23:30:23.494+0000] {processor.py:208} INFO - Processing /opt/airflow/dags/countries_dag.py took 0.823 seconds
[2026-09-08T23:30:56.838+0000] {processor.py:186} INFO - Started process (PID=1362) to work on /opt/airflow/dags/countries_dag.py
[2026-09-08T23:30:56.874+0000] {processor.py:914} INFO - Processing file /opt/airflow/dags/countries_dag.py for tasks to queue
[2026-09-08T23:30:56.926+0000] {logging_mixin.py:190} INFO - [2026-09-08T23:30:56.921+0000] {dagbag.py:588} INFO - Filling up the DagBag from /opt/airflow/dags/countries_dag.py
[2026-09-08T23:30:57.823+0000] {logging_mixin.py:190} INFO - [2026-09-08T23:30:57.641+0000] {dagbag.py:387} ERROR - Failed to import: /opt/airflow/dags/countries_dag.py
Traceback (most recent call last):
  File "/home/airflow/.local/lib/python3.11/site-packages/airflow/models/dagbag.py", line 383, in parse
    loader.exec_module(new_module)
  File "<frozen importlib._bootstrap_external>", line 940, in exec_module
  File "<frozen importlib._bootstrap>", line 241, in _call_with_frames_removed
  File "/opt/airflow/dags/countries_dag.py", line 6, in <module>
    from ingestion.minio_to_snowflake import run_pipeline
  File "/opt/airflow/ingestion/minio_to_snowflake.py", line 7, in <module>
    from minio import Minio
ModuleNotFoundError: No module named 'minio'
[2026-09-08T23:30:58.014+0000] {processor.py:927} WARNING - No viable dags retrieved from /opt/airflow/dags/countries_dag.py
[2026-09-08T23:30:58.227+0000] {processor.py:208} INFO - Processing /opt/airflow/dags/countries_dag.py took 1.500 seconds
[2026-09-08T23:31:29.406+0000] {processor.py:186} INFO - Started process (PID=1367) to work on /opt/airflow/dags/countries_dag.py
[2026-09-08T23:31:29.410+0000] {processor.py:914} INFO - Processing file /opt/airflow/dags/countries_dag.py for tasks to queue
[2026-09-08T23:31:29.437+0000] {logging_mixin.py:190} INFO - [2026-09-08T23:31:29.436+0000] {dagbag.py:588} INFO - Filling up the DagBag from /opt/airflow/dags/countries_dag.py
[2026-09-08T23:31:29.936+0000] {logging_mixin.py:190} INFO - [2026-09-08T23:31:29.649+0000] {dagbag.py:387} ERROR - Failed to import: /opt/airflow/dags/countries_dag.py
Traceback (most recent call last):
  File "/home/airflow/.local/lib/python3.11/site-packages/airflow/models/dagbag.py", line 383, in parse
    loader.exec_module(new_module)
  File "<frozen importlib._bootstrap_external>", line 940, in exec_module
  File "<frozen importlib._bootstrap>", line 241, in _call_with_frames_removed
  File "/opt/airflow/dags/countries_dag.py", line 6, in <module>
    from ingestion.minio_to_snowflake import run_pipeline
  File "/opt/airflow/ingestion/minio_to_snowflake.py", line 7, in <module>
    from minio import Minio
ModuleNotFoundError: No module named 'minio'
[2026-09-08T23:31:29.970+0000] {processor.py:927} WARNING - No viable dags retrieved from /opt/airflow/dags/countries_dag.py
[2026-09-08T23:31:30.122+0000] {processor.py:208} INFO - Processing /opt/airflow/dags/countries_dag.py took 0.769 seconds
[2026-09-08T23:32:01.131+0000] {processor.py:186} INFO - Started process (PID=1372) to work on /opt/airflow/dags/countries_dag.py
[2026-09-08T23:32:01.161+0000] {processor.py:914} INFO - Processing file /opt/airflow/dags/countries_dag.py for tasks to queue
[2026-09-08T23:32:01.179+0000] {logging_mixin.py:190} INFO - [2026-09-08T23:32:01.176+0000] {dagbag.py:588} INFO - Filling up the DagBag from /opt/airflow/dags/countries_dag.py
[2026-09-08T23:32:01.449+0000] {logging_mixin.py:190} INFO - [2026-09-08T23:32:01.398+0000] {dagbag.py:387} ERROR - Failed to import: /opt/airflow/dags/countries_dag.py
Traceback (most recent call last):
  File "/home/airflow/.local/lib/python3.11/site-packages/airflow/models/dagbag.py", line 383, in parse
    loader.exec_module(new_module)
  File "<frozen importlib._bootstrap_external>", line 940, in exec_module
  File "<frozen importlib._bootstrap>", line 241, in _call_with_frames_removed
  File "/opt/airflow/dags/countries_dag.py", line 6, in <module>
    from ingestion.minio_to_snowflake import run_pipeline
  File "/opt/airflow/ingestion/minio_to_snowflake.py", line 7, in <module>
    from minio import Minio
ModuleNotFoundError: No module named 'minio'
[2026-09-08T23:32:01.464+0000] {processor.py:927} WARNING - No viable dags retrieved from /opt/airflow/dags/countries_dag.py
[2026-09-08T23:32:01.564+0000] {processor.py:208} INFO - Processing /opt/airflow/dags/countries_dag.py took 0.468 seconds
[2026-09-08T23:32:32.446+0000] {processor.py:186} INFO - Started process (PID=1377) to work on /opt/airflow/dags/countries_dag.py
[2026-09-08T23:32:32.450+0000] {processor.py:914} INFO - Processing file /opt/airflow/dags/countries_dag.py for tasks to queue
[2026-09-08T23:32:32.476+0000] {logging_mixin.py:190} INFO - [2026-09-08T23:32:32.475+0000] {dagbag.py:588} INFO - Filling up the DagBag from /opt/airflow/dags/countries_dag.py
[2026-09-08T23:32:32.706+0000] {logging_mixin.py:190} INFO - [2026-09-08T23:32:32.667+0000] {dagbag.py:387} ERROR - Failed to import: /opt/airflow/dags/countries_dag.py
Traceback (most recent call last):
  File "/home/airflow/.local/lib/python3.11/site-packages/airflow/models/dagbag.py", line 383, in parse
    loader.exec_module(new_module)
  File "<frozen importlib._bootstrap_external>", line 940, in exec_module
  File "<frozen importlib._bootstrap>", line 241, in _call_with_frames_removed
  File "/opt/airflow/dags/countries_dag.py", line 6, in <module>
    from ingestion.minio_to_snowflake import run_pipeline
  File "/opt/airflow/ingestion/minio_to_snowflake.py", line 7, in <module>
    from minio import Minio
ModuleNotFoundError: No module named 'minio'
[2026-09-08T23:32:32.714+0000] {processor.py:927} WARNING - No viable dags retrieved from /opt/airflow/dags/countries_dag.py
[2026-09-08T23:32:32.796+0000] {processor.py:208} INFO - Processing /opt/airflow/dags/countries_dag.py took 0.379 seconds
[2026-09-08T23:33:03.909+0000] {processor.py:186} INFO - Started process (PID=1382) to work on /opt/airflow/dags/countries_dag.py
[2026-09-08T23:33:03.914+0000] {processor.py:914} INFO - Processing file /opt/airflow/dags/countries_dag.py for tasks to queue
[2026-09-08T23:33:03.925+0000] {logging_mixin.py:190} INFO - [2026-09-08T23:33:03.924+0000] {dagbag.py:588} INFO - Filling up the DagBag from /opt/airflow/dags/countries_dag.py
[2026-09-08T23:33:04.700+0000] {logging_mixin.py:190} INFO - [2026-09-08T23:33:04.491+0000] {dagbag.py:387} ERROR - Failed to import: /opt/airflow/dags/countries_dag.py
Traceback (most recent call last):
  File "/home/airflow/.local/lib/python3.11/site-packages/airflow/models/dagbag.py", line 383, in parse
    loader.exec_module(new_module)
  File "<frozen importlib._bootstrap_external>", line 940, in exec_module
  File "<frozen importlib._bootstrap>", line 241, in _call_with_frames_removed
  File "/opt/airflow/dags/countries_dag.py", line 6, in <module>
    from ingestion.minio_to_snowflake import run_pipeline
  File "/opt/airflow/ingestion/minio_to_snowflake.py", line 7, in <module>
    from minio import Minio
ModuleNotFoundError: No module named 'minio'
[2026-09-08T23:33:04.761+0000] {processor.py:927} WARNING - No viable dags retrieved from /opt/airflow/dags/countries_dag.py
[2026-09-08T23:33:04.922+0000] {processor.py:208} INFO - Processing /opt/airflow/dags/countries_dag.py took 1.033 seconds
[2026-09-08T23:33:35.523+0000] {processor.py:186} INFO - Started process (PID=1387) to work on /opt/airflow/dags/countries_dag.py
[2026-09-08T23:33:35.536+0000] {processor.py:914} INFO - Processing file /opt/airflow/dags/countries_dag.py for tasks to queue
[2026-09-08T23:33:35.553+0000] {logging_mixin.py:190} INFO - [2026-09-08T23:33:35.552+0000] {dagbag.py:588} INFO - Filling up the DagBag from /opt/airflow/dags/countries_dag.py
[2026-09-08T23:33:35.912+0000] {logging_mixin.py:190} INFO - [2026-09-08T23:33:35.860+0000] {dagbag.py:387} ERROR - Failed to import: /opt/airflow/dags/countries_dag.py
Traceback (most recent call last):
  File "/home/airflow/.local/lib/python3.11/site-packages/airflow/models/dagbag.py", line 383, in parse
    loader.exec_module(new_module)
  File "<frozen importlib._bootstrap_external>", line 940, in exec_module
  File "<frozen importlib._bootstrap>", line 241, in _call_with_frames_removed
  File "/opt/airflow/dags/countries_dag.py", line 6, in <module>
    from ingestion.minio_to_snowflake import run_pipeline
  File "/opt/airflow/ingestion/minio_to_snowflake.py", line 7, in <module>
    from minio import Minio
ModuleNotFoundError: No module named 'minio'
[2026-09-08T23:33:35.920+0000] {processor.py:927} WARNING - No viable dags retrieved from /opt/airflow/dags/countries_dag.py
[2026-09-08T23:33:35.991+0000] {processor.py:208} INFO - Processing /opt/airflow/dags/countries_dag.py took 0.514 seconds
[2026-09-08T23:34:06.565+0000] {processor.py:186} INFO - Started process (PID=1392) to work on /opt/airflow/dags/countries_dag.py
[2026-09-08T23:34:06.580+0000] {processor.py:914} INFO - Processing file /opt/airflow/dags/countries_dag.py for tasks to queue
[2026-09-08T23:34:06.597+0000] {logging_mixin.py:190} INFO - [2026-09-08T23:34:06.596+0000] {dagbag.py:588} INFO - Filling up the DagBag from /opt/airflow/dags/countries_dag.py
[2026-09-08T23:34:06.857+0000] {logging_mixin.py:190} INFO - [2026-09-08T23:34:06.832+0000] {dagbag.py:387} ERROR - Failed to import: /opt/airflow/dags/countries_dag.py
Traceback (most recent call last):
  File "/home/airflow/.local/lib/python3.11/site-packages/airflow/models/dagbag.py", line 383, in parse
    loader.exec_module(new_module)
  File "<frozen importlib._bootstrap_external>", line 940, in exec_module
  File "<frozen importlib._bootstrap>", line 241, in _call_with_frames_removed
  File "/opt/airflow/dags/countries_dag.py", line 6, in <module>
    from ingestion.minio_to_snowflake import run_pipeline
  File "/opt/airflow/ingestion/minio_to_snowflake.py", line 7, in <module>
    from minio import Minio
ModuleNotFoundError: No module named 'minio'
[2026-09-08T23:34:06.873+0000] {processor.py:927} WARNING - No viable dags retrieved from /opt/airflow/dags/countries_dag.py
[2026-09-08T23:34:06.994+0000] {processor.py:208} INFO - Processing /opt/airflow/dags/countries_dag.py took 0.475 seconds
[2026-09-08T23:34:37.284+0000] {processor.py:186} INFO - Started process (PID=1397) to work on /opt/airflow/dags/countries_dag.py
[2026-09-08T23:34:37.288+0000] {processor.py:914} INFO - Processing file /opt/airflow/dags/countries_dag.py for tasks to queue
[2026-09-08T23:34:37.305+0000] {logging_mixin.py:190} INFO - [2026-09-08T23:34:37.304+0000] {dagbag.py:588} INFO - Filling up the DagBag from /opt/airflow/dags/countries_dag.py
[2026-09-08T23:34:37.505+0000] {logging_mixin.py:190} INFO - [2026-09-08T23:34:37.456+0000] {dagbag.py:387} ERROR - Failed to import: /opt/airflow/dags/countries_dag.py
Traceback (most recent call last):
  File "/home/airflow/.local/lib/python3.11/site-packages/airflow/models/dagbag.py", line 383, in parse
    loader.exec_module(new_module)
  File "<frozen importlib._bootstrap_external>", line 940, in exec_module
  File "<frozen importlib._bootstrap>", line 241, in _call_with_frames_removed
  File "/opt/airflow/dags/countries_dag.py", line 6, in <module>
    from ingestion.minio_to_snowflake import run_pipeline
  File "/opt/airflow/ingestion/minio_to_snowflake.py", line 7, in <module>
    from minio import Minio
ModuleNotFoundError: No module named 'minio'
[2026-09-08T23:34:37.517+0000] {processor.py:927} WARNING - No viable dags retrieved from /opt/airflow/dags/countries_dag.py
[2026-09-08T23:34:37.632+0000] {processor.py:208} INFO - Processing /opt/airflow/dags/countries_dag.py took 0.390 seconds
[2026-09-08T23:35:08.553+0000] {processor.py:186} INFO - Started process (PID=1402) to work on /opt/airflow/dags/countries_dag.py
[2026-09-08T23:35:08.564+0000] {processor.py:914} INFO - Processing file /opt/airflow/dags/countries_dag.py for tasks to queue
[2026-09-08T23:35:08.579+0000] {logging_mixin.py:190} INFO - [2026-09-08T23:35:08.576+0000] {dagbag.py:588} INFO - Filling up the DagBag from /opt/airflow/dags/countries_dag.py
[2026-09-08T23:35:09.291+0000] {logging_mixin.py:190} INFO - [2026-09-08T23:35:09.116+0000] {dagbag.py:387} ERROR - Failed to import: /opt/airflow/dags/countries_dag.py
Traceback (most recent call last):
  File "/home/airflow/.local/lib/python3.11/site-packages/airflow/models/dagbag.py", line 383, in parse
    loader.exec_module(new_module)
  File "<frozen importlib._bootstrap_external>", line 940, in exec_module
  File "<frozen importlib._bootstrap>", line 241, in _call_with_frames_removed
  File "/opt/airflow/dags/countries_dag.py", line 6, in <module>
    from ingestion.minio_to_snowflake import run_pipeline
  File "/opt/airflow/ingestion/minio_to_snowflake.py", line 7, in <module>
    from minio import Minio
ModuleNotFoundError: No module named 'minio'
[2026-09-08T23:35:09.330+0000] {processor.py:927} WARNING - No viable dags retrieved from /opt/airflow/dags/countries_dag.py
[2026-09-08T23:35:09.424+0000] {processor.py:208} INFO - Processing /opt/airflow/dags/countries_dag.py took 0.894 seconds
[2026-09-08T23:35:40.610+0000] {processor.py:186} INFO - Started process (PID=1407) to work on /opt/airflow/dags/countries_dag.py
[2026-09-08T23:35:40.614+0000] {processor.py:914} INFO - Processing file /opt/airflow/dags/countries_dag.py for tasks to queue
[2026-09-08T23:35:40.629+0000] {logging_mixin.py:190} INFO - [2026-09-08T23:35:40.628+0000] {dagbag.py:588} INFO - Filling up the DagBag from /opt/airflow/dags/countries_dag.py
[2026-09-08T23:35:41.119+0000] {logging_mixin.py:190} INFO - [2026-09-08T23:35:41.082+0000] {dagbag.py:387} ERROR - Failed to import: /opt/airflow/dags/countries_dag.py
Traceback (most recent call last):
  File "/home/airflow/.local/lib/python3.11/site-packages/airflow/models/dagbag.py", line 383, in parse
    loader.exec_module(new_module)
  File "<frozen importlib._bootstrap_external>", line 940, in exec_module
  File "<frozen importlib._bootstrap>", line 241, in _call_with_frames_removed
  File "/opt/airflow/dags/countries_dag.py", line 6, in <module>
    from ingestion.minio_to_snowflake import run_pipeline
  File "/opt/airflow/ingestion/minio_to_snowflake.py", line 7, in <module>
    from minio import Minio
ModuleNotFoundError: No module named 'minio'
[2026-09-08T23:35:41.129+0000] {processor.py:927} WARNING - No viable dags retrieved from /opt/airflow/dags/countries_dag.py
[2026-09-08T23:35:41.205+0000] {processor.py:208} INFO - Processing /opt/airflow/dags/countries_dag.py took 0.629 seconds
[2026-09-08T23:36:12.311+0000] {processor.py:186} INFO - Started process (PID=1412) to work on /opt/airflow/dags/countries_dag.py
[2026-09-08T23:36:12.315+0000] {processor.py:914} INFO - Processing file /opt/airflow/dags/countries_dag.py for tasks to queue
[2026-09-08T23:36:12.327+0000] {logging_mixin.py:190} INFO - [2026-09-08T23:36:12.326+0000] {dagbag.py:588} INFO - Filling up the DagBag from /opt/airflow/dags/countries_dag.py
[2026-09-08T23:36:12.782+0000] {logging_mixin.py:190} INFO - [2026-09-08T23:36:12.715+0000] {dagbag.py:387} ERROR - Failed to import: /opt/airflow/dags/countries_dag.py
Traceback (most recent call last):
  File "/home/airflow/.local/lib/python3.11/site-packages/airflow/models/dagbag.py", line 383, in parse
    loader.exec_module(new_module)
  File "<frozen importlib._bootstrap_external>", line 940, in exec_module
  File "<frozen importlib._bootstrap>", line 241, in _call_with_frames_removed
  File "/opt/airflow/dags/countries_dag.py", line 6, in <module>
    from ingestion.minio_to_snowflake import run_pipeline
  File "/opt/airflow/ingestion/minio_to_snowflake.py", line 7, in <module>
    from minio import Minio
ModuleNotFoundError: No module named 'minio'
[2026-09-08T23:36:12.805+0000] {processor.py:927} WARNING - No viable dags retrieved from /opt/airflow/dags/countries_dag.py
[2026-09-08T23:36:12.888+0000] {processor.py:208} INFO - Processing /opt/airflow/dags/countries_dag.py took 0.605 seconds
[2026-09-08T23:36:43.382+0000] {processor.py:186} INFO - Started process (PID=1417) to work on /opt/airflow/dags/countries_dag.py
[2026-09-08T23:36:43.393+0000] {processor.py:914} INFO - Processing file /opt/airflow/dags/countries_dag.py for tasks to queue
[2026-09-08T23:36:43.408+0000] {logging_mixin.py:190} INFO - [2026-09-08T23:36:43.399+0000] {dagbag.py:588} INFO - Filling up the DagBag from /opt/airflow/dags/countries_dag.py
[2026-09-08T23:36:43.685+0000] {logging_mixin.py:190} INFO - [2026-09-08T23:36:43.596+0000] {dagbag.py:387} ERROR - Failed to import: /opt/airflow/dags/countries_dag.py
Traceback (most recent call last):
  File "/home/airflow/.local/lib/python3.11/site-packages/airflow/models/dagbag.py", line 383, in parse
    loader.exec_module(new_module)
  File "<frozen importlib._bootstrap_external>", line 940, in exec_module
  File "<frozen importlib._bootstrap>", line 241, in _call_with_frames_removed
  File "/opt/airflow/dags/countries_dag.py", line 6, in <module>
    from ingestion.minio_to_snowflake import run_pipeline
  File "/opt/airflow/ingestion/minio_to_snowflake.py", line 7, in <module>
    from minio import Minio
ModuleNotFoundError: No module named 'minio'
[2026-09-08T23:36:43.698+0000] {processor.py:927} WARNING - No viable dags retrieved from /opt/airflow/dags/countries_dag.py
[2026-09-08T23:36:43.795+0000] {processor.py:208} INFO - Processing /opt/airflow/dags/countries_dag.py took 0.445 seconds
[2026-09-08T23:37:15.589+0000] {processor.py:186} INFO - Started process (PID=1422) to work on /opt/airflow/dags/countries_dag.py
[2026-09-08T23:37:15.602+0000] {processor.py:914} INFO - Processing file /opt/airflow/dags/countries_dag.py for tasks to queue
[2026-09-08T23:37:15.622+0000] {logging_mixin.py:190} INFO - [2026-09-08T23:37:15.621+0000] {dagbag.py:588} INFO - Filling up the DagBag from /opt/airflow/dags/countries_dag.py
[2026-09-08T23:37:15.987+0000] {logging_mixin.py:190} INFO - [2026-09-08T23:37:15.885+0000] {dagbag.py:387} ERROR - Failed to import: /opt/airflow/dags/countries_dag.py
Traceback (most recent call last):
  File "/home/airflow/.local/lib/python3.11/site-packages/airflow/models/dagbag.py", line 383, in parse
    loader.exec_module(new_module)
  File "<frozen importlib._bootstrap_external>", line 940, in exec_module
  File "<frozen importlib._bootstrap>", line 241, in _call_with_frames_removed
  File "/opt/airflow/dags/countries_dag.py", line 6, in <module>
    from ingestion.minio_to_snowflake import run_pipeline
  File "/opt/airflow/ingestion/minio_to_snowflake.py", line 7, in <module>
    from minio import Minio
ModuleNotFoundError: No module named 'minio'
[2026-09-08T23:37:16.011+0000] {processor.py:927} WARNING - No viable dags retrieved from /opt/airflow/dags/countries_dag.py
[2026-09-08T23:37:16.133+0000] {processor.py:208} INFO - Processing /opt/airflow/dags/countries_dag.py took 0.608 seconds
[2026-09-08T23:37:47.140+0000] {processor.py:186} INFO - Started process (PID=1427) to work on /opt/airflow/dags/countries_dag.py
[2026-09-08T23:37:47.152+0000] {processor.py:914} INFO - Processing file /opt/airflow/dags/countries_dag.py for tasks to queue
[2026-09-08T23:37:47.180+0000] {logging_mixin.py:190} INFO - [2026-09-08T23:37:47.176+0000] {dagbag.py:588} INFO - Filling up the DagBag from /opt/airflow/dags/countries_dag.py
[2026-09-08T23:37:47.437+0000] {logging_mixin.py:190} INFO - [2026-09-08T23:37:47.391+0000] {dagbag.py:387} ERROR - Failed to import: /opt/airflow/dags/countries_dag.py
Traceback (most recent call last):
  File "/home/airflow/.local/lib/python3.11/site-packages/airflow/models/dagbag.py", line 383, in parse
    loader.exec_module(new_module)
  File "<frozen importlib._bootstrap_external>", line 940, in exec_module
  File "<frozen importlib._bootstrap>", line 241, in _call_with_frames_removed
  File "/opt/airflow/dags/countries_dag.py", line 6, in <module>
    from ingestion.minio_to_snowflake import run_pipeline
  File "/opt/airflow/ingestion/minio_to_snowflake.py", line 7, in <module>
    from minio import Minio
ModuleNotFoundError: No module named 'minio'
[2026-09-08T23:37:47.451+0000] {processor.py:927} WARNING - No viable dags retrieved from /opt/airflow/dags/countries_dag.py
[2026-09-08T23:37:47.586+0000] {processor.py:208} INFO - Processing /opt/airflow/dags/countries_dag.py took 0.493 seconds
[2026-09-08T23:38:17.972+0000] {processor.py:186} INFO - Started process (PID=1432) to work on /opt/airflow/dags/countries_dag.py
[2026-09-08T23:38:17.984+0000] {processor.py:914} INFO - Processing file /opt/airflow/dags/countries_dag.py for tasks to queue
[2026-09-08T23:38:18.000+0000] {logging_mixin.py:190} INFO - [2026-09-08T23:38:17.991+0000] {dagbag.py:588} INFO - Filling up the DagBag from /opt/airflow/dags/countries_dag.py
[2026-09-08T23:38:18.145+0000] {logging_mixin.py:190} INFO - [2026-09-08T23:38:18.119+0000] {dagbag.py:387} ERROR - Failed to import: /opt/airflow/dags/countries_dag.py
Traceback (most recent call last):
  File "/home/airflow/.local/lib/python3.11/site-packages/airflow/models/dagbag.py", line 383, in parse
    loader.exec_module(new_module)
  File "<frozen importlib._bootstrap_external>", line 940, in exec_module
  File "<frozen importlib._bootstrap>", line 241, in _call_with_frames_removed
  File "/opt/airflow/dags/countries_dag.py", line 6, in <module>
    from ingestion.minio_to_snowflake import run_pipeline
  File "/opt/airflow/ingestion/minio_to_snowflake.py", line 7, in <module>
    from minio import Minio
ModuleNotFoundError: No module named 'minio'
[2026-09-08T23:38:18.151+0000] {processor.py:927} WARNING - No viable dags retrieved from /opt/airflow/dags/countries_dag.py
[2026-09-08T23:38:18.223+0000] {processor.py:208} INFO - Processing /opt/airflow/dags/countries_dag.py took 0.274 seconds
[2026-09-08T23:38:49.214+0000] {processor.py:186} INFO - Started process (PID=1437) to work on /opt/airflow/dags/countries_dag.py
[2026-09-08T23:38:49.226+0000] {processor.py:914} INFO - Processing file /opt/airflow/dags/countries_dag.py for tasks to queue
[2026-09-08T23:38:49.249+0000] {logging_mixin.py:190} INFO - [2026-09-08T23:38:49.249+0000] {dagbag.py:588} INFO - Filling up the DagBag from /opt/airflow/dags/countries_dag.py
[2026-09-08T23:38:49.579+0000] {logging_mixin.py:190} INFO - [2026-09-08T23:38:49.555+0000] {dagbag.py:387} ERROR - Failed to import: /opt/airflow/dags/countries_dag.py
Traceback (most recent call last):
  File "/home/airflow/.local/lib/python3.11/site-packages/airflow/models/dagbag.py", line 383, in parse
    loader.exec_module(new_module)
  File "<frozen importlib._bootstrap_external>", line 940, in exec_module
  File "<frozen importlib._bootstrap>", line 241, in _call_with_frames_removed
  File "/opt/airflow/dags/countries_dag.py", line 6, in <module>
    from ingestion.minio_to_snowflake import run_pipeline
  File "/opt/airflow/ingestion/minio_to_snowflake.py", line 7, in <module>
    from minio import Minio
ModuleNotFoundError: No module named 'minio'
[2026-09-08T23:38:49.623+0000] {processor.py:927} WARNING - No viable dags retrieved from /opt/airflow/dags/countries_dag.py
[2026-09-08T23:38:49.743+0000] {processor.py:208} INFO - Processing /opt/airflow/dags/countries_dag.py took 0.555 seconds
[2026-09-08T23:39:20.345+0000] {processor.py:186} INFO - Started process (PID=1442) to work on /opt/airflow/dags/countries_dag.py
[2026-09-08T23:39:20.355+0000] {processor.py:914} INFO - Processing file /opt/airflow/dags/countries_dag.py for tasks to queue
[2026-09-08T23:39:20.377+0000] {logging_mixin.py:190} INFO - [2026-09-08T23:39:20.376+0000] {dagbag.py:588} INFO - Filling up the DagBag from /opt/airflow/dags/countries_dag.py
[2026-09-08T23:39:20.794+0000] {logging_mixin.py:190} INFO - [2026-09-08T23:39:20.731+0000] {dagbag.py:387} ERROR - Failed to import: /opt/airflow/dags/countries_dag.py
Traceback (most recent call last):
  File "/home/airflow/.local/lib/python3.11/site-packages/airflow/models/dagbag.py", line 383, in parse
    loader.exec_module(new_module)
  File "<frozen importlib._bootstrap_external>", line 940, in exec_module
  File "<frozen importlib._bootstrap>", line 241, in _call_with_frames_removed
  File "/opt/airflow/dags/countries_dag.py", line 6, in <module>
    from ingestion.minio_to_snowflake import run_pipeline
  File "/opt/airflow/ingestion/minio_to_snowflake.py", line 7, in <module>
    from minio import Minio
ModuleNotFoundError: No module named 'minio'
[2026-09-08T23:39:20.817+0000] {processor.py:927} WARNING - No viable dags retrieved from /opt/airflow/dags/countries_dag.py
[2026-09-08T23:39:20.993+0000] {processor.py:208} INFO - Processing /opt/airflow/dags/countries_dag.py took 0.710 seconds
[2026-09-08T23:39:51.684+0000] {processor.py:186} INFO - Started process (PID=1447) to work on /opt/airflow/dags/countries_dag.py
[2026-09-08T23:39:51.703+0000] {processor.py:914} INFO - Processing file /opt/airflow/dags/countries_dag.py for tasks to queue
[2026-09-08T23:39:51.718+0000] {logging_mixin.py:190} INFO - [2026-09-08T23:39:51.716+0000] {dagbag.py:588} INFO - Filling up the DagBag from /opt/airflow/dags/countries_dag.py
[2026-09-08T23:39:52.448+0000] {logging_mixin.py:190} INFO - [2026-09-08T23:39:52.349+0000] {dagbag.py:387} ERROR - Failed to import: /opt/airflow/dags/countries_dag.py
Traceback (most recent call last):
  File "/home/airflow/.local/lib/python3.11/site-packages/airflow/models/dagbag.py", line 383, in parse
    loader.exec_module(new_module)
  File "<frozen importlib._bootstrap_external>", line 940, in exec_module
  File "<frozen importlib._bootstrap>", line 241, in _call_with_frames_removed
  File "/opt/airflow/dags/countries_dag.py", line 6, in <module>
    from ingestion.minio_to_snowflake import run_pipeline
  File "/opt/airflow/ingestion/minio_to_snowflake.py", line 7, in <module>
    from minio import Minio
ModuleNotFoundError: No module named 'minio'
[2026-09-08T23:39:52.668+0000] {processor.py:927} WARNING - No viable dags retrieved from /opt/airflow/dags/countries_dag.py
[2026-09-08T23:39:52.751+0000] {processor.py:208} INFO - Processing /opt/airflow/dags/countries_dag.py took 1.119 seconds
[2026-09-08T23:40:23.510+0000] {processor.py:186} INFO - Started process (PID=1452) to work on /opt/airflow/dags/countries_dag.py
[2026-09-08T23:40:23.523+0000] {processor.py:914} INFO - Processing file /opt/airflow/dags/countries_dag.py for tasks to queue
[2026-09-08T23:40:23.541+0000] {logging_mixin.py:190} INFO - [2026-09-08T23:40:23.540+0000] {dagbag.py:588} INFO - Filling up the DagBag from /opt/airflow/dags/countries_dag.py
[2026-09-08T23:40:23.800+0000] {logging_mixin.py:190} INFO - [2026-09-08T23:40:23.676+0000] {dagbag.py:387} ERROR - Failed to import: /opt/airflow/dags/countries_dag.py
Traceback (most recent call last):
  File "/home/airflow/.local/lib/python3.11/site-packages/airflow/models/dagbag.py", line 383, in parse
    loader.exec_module(new_module)
  File "<frozen importlib._bootstrap_external>", line 940, in exec_module
  File "<frozen importlib._bootstrap>", line 241, in _call_with_frames_removed
  File "/opt/airflow/dags/countries_dag.py", line 6, in <module>
    from ingestion.minio_to_snowflake import run_pipeline
  File "/opt/airflow/ingestion/minio_to_snowflake.py", line 7, in <module>
    from minio import Minio
ModuleNotFoundError: No module named 'minio'
[2026-09-08T23:40:23.841+0000] {processor.py:927} WARNING - No viable dags retrieved from /opt/airflow/dags/countries_dag.py
[2026-09-08T23:40:23.936+0000] {processor.py:208} INFO - Processing /opt/airflow/dags/countries_dag.py took 0.471 seconds
[2026-09-08T23:40:54.470+0000] {processor.py:186} INFO - Started process (PID=1457) to work on /opt/airflow/dags/countries_dag.py
[2026-09-08T23:40:54.474+0000] {processor.py:914} INFO - Processing file /opt/airflow/dags/countries_dag.py for tasks to queue
[2026-09-08T23:40:54.492+0000] {logging_mixin.py:190} INFO - [2026-09-08T23:40:54.487+0000] {dagbag.py:588} INFO - Filling up the DagBag from /opt/airflow/dags/countries_dag.py
[2026-09-08T23:40:54.805+0000] {logging_mixin.py:190} INFO - [2026-09-08T23:40:54.656+0000] {dagbag.py:387} ERROR - Failed to import: /opt/airflow/dags/countries_dag.py
Traceback (most recent call last):
  File "/home/airflow/.local/lib/python3.11/site-packages/airflow/models/dagbag.py", line 383, in parse
    loader.exec_module(new_module)
  File "<frozen importlib._bootstrap_external>", line 940, in exec_module
  File "<frozen importlib._bootstrap>", line 241, in _call_with_frames_removed
  File "/opt/airflow/dags/countries_dag.py", line 6, in <module>
    from ingestion.minio_to_snowflake import run_pipeline
  File "/opt/airflow/ingestion/minio_to_snowflake.py", line 7, in <module>
    from minio import Minio
ModuleNotFoundError: No module named 'minio'
[2026-09-08T23:40:54.903+0000] {processor.py:927} WARNING - No viable dags retrieved from /opt/airflow/dags/countries_dag.py
[2026-09-08T23:40:55.058+0000] {processor.py:208} INFO - Processing /opt/airflow/dags/countries_dag.py took 0.627 seconds
[2026-09-08T23:41:25.524+0000] {processor.py:186} INFO - Started process (PID=1462) to work on /opt/airflow/dags/countries_dag.py
[2026-09-08T23:41:25.530+0000] {processor.py:914} INFO - Processing file /opt/airflow/dags/countries_dag.py for tasks to queue
[2026-09-08T23:41:25.592+0000] {logging_mixin.py:190} INFO - [2026-09-08T23:41:25.552+0000] {dagbag.py:588} INFO - Filling up the DagBag from /opt/airflow/dags/countries_dag.py
[2026-09-08T23:41:25.920+0000] {logging_mixin.py:190} INFO - [2026-09-08T23:41:25.820+0000] {dagbag.py:387} ERROR - Failed to import: /opt/airflow/dags/countries_dag.py
Traceback (most recent call last):
  File "/home/airflow/.local/lib/python3.11/site-packages/airflow/models/dagbag.py", line 383, in parse
    loader.exec_module(new_module)
  File "<frozen importlib._bootstrap_external>", line 940, in exec_module
  File "<frozen importlib._bootstrap>", line 241, in _call_with_frames_removed
  File "/opt/airflow/dags/countries_dag.py", line 6, in <module>
    from ingestion.minio_to_snowflake import run_pipeline
  File "/opt/airflow/ingestion/minio_to_snowflake.py", line 7, in <module>
    from minio import Minio
ModuleNotFoundError: No module named 'minio'
[2026-09-08T23:41:25.940+0000] {processor.py:927} WARNING - No viable dags retrieved from /opt/airflow/dags/countries_dag.py
[2026-09-08T23:41:26.041+0000] {processor.py:208} INFO - Processing /opt/airflow/dags/countries_dag.py took 0.569 seconds
[2026-09-08T23:41:56.678+0000] {processor.py:186} INFO - Started process (PID=1467) to work on /opt/airflow/dags/countries_dag.py
[2026-09-08T23:41:56.681+0000] {processor.py:914} INFO - Processing file /opt/airflow/dags/countries_dag.py for tasks to queue
[2026-09-08T23:41:56.700+0000] {logging_mixin.py:190} INFO - [2026-09-08T23:41:56.699+0000] {dagbag.py:588} INFO - Filling up the DagBag from /opt/airflow/dags/countries_dag.py
[2026-09-08T23:41:56.861+0000] {logging_mixin.py:190} INFO - [2026-09-08T23:41:56.821+0000] {dagbag.py:387} ERROR - Failed to import: /opt/airflow/dags/countries_dag.py
Traceback (most recent call last):
  File "/home/airflow/.local/lib/python3.11/site-packages/airflow/models/dagbag.py", line 383, in parse
    loader.exec_module(new_module)
  File "<frozen importlib._bootstrap_external>", line 940, in exec_module
  File "<frozen importlib._bootstrap>", line 241, in _call_with_frames_removed
  File "/opt/airflow/dags/countries_dag.py", line 6, in <module>
    from ingestion.minio_to_snowflake import run_pipeline
  File "/opt/airflow/ingestion/minio_to_snowflake.py", line 7, in <module>
    from minio import Minio
ModuleNotFoundError: No module named 'minio'
[2026-09-08T23:41:56.868+0000] {processor.py:927} WARNING - No viable dags retrieved from /opt/airflow/dags/countries_dag.py
[2026-09-08T23:41:56.962+0000] {processor.py:208} INFO - Processing /opt/airflow/dags/countries_dag.py took 0.320 seconds
[2026-09-08T23:42:28.510+0000] {processor.py:186} INFO - Started process (PID=1472) to work on /opt/airflow/dags/countries_dag.py
[2026-09-08T23:42:28.522+0000] {processor.py:914} INFO - Processing file /opt/airflow/dags/countries_dag.py for tasks to queue
[2026-09-08T23:42:28.546+0000] {logging_mixin.py:190} INFO - [2026-09-08T23:42:28.545+0000] {dagbag.py:588} INFO - Filling up the DagBag from /opt/airflow/dags/countries_dag.py
[2026-09-08T23:42:29.153+0000] {logging_mixin.py:190} INFO - [2026-09-08T23:42:29.040+0000] {dagbag.py:387} ERROR - Failed to import: /opt/airflow/dags/countries_dag.py
Traceback (most recent call last):
  File "/home/airflow/.local/lib/python3.11/site-packages/airflow/models/dagbag.py", line 383, in parse
    loader.exec_module(new_module)
  File "<frozen importlib._bootstrap_external>", line 940, in exec_module
  File "<frozen importlib._bootstrap>", line 241, in _call_with_frames_removed
  File "/opt/airflow/dags/countries_dag.py", line 6, in <module>
    from ingestion.minio_to_snowflake import run_pipeline
  File "/opt/airflow/ingestion/minio_to_snowflake.py", line 7, in <module>
    from minio import Minio
ModuleNotFoundError: No module named 'minio'
[2026-09-08T23:42:29.180+0000] {processor.py:927} WARNING - No viable dags retrieved from /opt/airflow/dags/countries_dag.py
[2026-09-08T23:42:29.273+0000] {processor.py:208} INFO - Processing /opt/airflow/dags/countries_dag.py took 0.795 seconds
