[0m01:38:28.390889 [debug] [MainThread]: Sending event: {'category': 'dbt', 'action': 'invocation', 'label': 'start', 'context': [<snowplow_tracker.self_describing_json.SelfDescribingJson object at 0x7f637db2ac10>, <snowplow_tracker.self_describing_json.SelfDescribingJson object at 0x7f637b74cf90>, <snowplow_tracker.self_describing_json.SelfDescribingJson object at 0x7f637bb56110>]}


============================== 01:38:28.407827 | 40b388db-1781-4cee-8ea9-43e6ed95b0ef ==============================
[0m01:38:28.407827 [info ] [MainThread]: Running with dbt=1.9.0
[0m01:38:28.411129 [debug] [MainThread]: running dbt with arguments {'printer_width': '80', 'indirect_selection': 'eager', 'write_json': 'True', 'log_cache_events': 'False', 'partial_parse': 'True', 'cache_selected_only': 'False', 'warn_error': 'None', 'debug': 'False', 'fail_fast': 'False', 'log_path': '/usr/app/triplens_dbt/logs', 'profiles_dir': '/root/.dbt', 'version_check': 'True', 'use_colors': 'True', 'use_experimental_parser': 'False', 'no_print': 'None', 'quiet': 'False', 'empty': 'False', 'warn_error_options': 'WarnErrorOptions(include=[], exclude=[])', 'invocation_command': 'dbt run', 'static_parser': 'True', 'log_format': 'default', 'target_path': 'None', 'introspect': 'True', 'send_anonymous_usage_stats': 'True'}
[0m01:38:29.281308 [debug] [MainThread]: Sending event: {'category': 'dbt', 'action': 'project_id', 'label': '40b388db-1781-4cee-8ea9-43e6ed95b0ef', 'context': [<snowplow_tracker.self_describing_json.SelfDescribingJson object at 0x7f637a4c4310>]}
[0m01:38:29.461510 [debug] [MainThread]: Sending event: {'category': 'dbt', 'action': 'adapter_info', 'label': '40b388db-1781-4cee-8ea9-43e6ed95b0ef', 'context': [<snowplow_tracker.self_describing_json.SelfDescribingJson object at 0x7f637a5b6750>]}
[0m01:38:29.465671 [info ] [MainThread]: Registered adapter: snowflake=1.9.0
[0m01:38:29.780121 [debug] [MainThread]: checksum: c99e828bba267739642b5a3ce85f17518764ea526e0e6c4fdc649171c1a66bff, vars: {}, profile: , target: , version: 1.9.0
[0m01:38:29.788843 [info ] [MainThread]: Unable to do partial parsing because saved manifest not found. Starting full parse.
[0m01:38:29.792112 [debug] [MainThread]: Sending event: {'category': 'dbt', 'action': 'partial_parser', 'label': '40b388db-1781-4cee-8ea9-43e6ed95b0ef', 'context': [<snowplow_tracker.self_describing_json.SelfDescribingJson object at 0x7f637a641810>]}
[0m01:38:32.302804 [debug] [MainThread]: Sending event: {'category': 'dbt', 'action': 'load_project', 'label': '40b388db-1781-4cee-8ea9-43e6ed95b0ef', 'context': [<snowplow_tracker.self_describing_json.SelfDescribingJson object at 0x7f637a48b050>]}
[0m01:38:32.493772 [debug] [MainThread]: Wrote artifact WritableManifest to /usr/app/triplens_dbt/target/manifest.json
[0m01:38:32.507765 [debug] [MainThread]: Wrote artifact SemanticManifest to /usr/app/triplens_dbt/target/semantic_manifest.json
[0m01:38:32.552738 [debug] [MainThread]: Sending event: {'category': 'dbt', 'action': 'resource_counts', 'label': '40b388db-1781-4cee-8ea9-43e6ed95b0ef', 'context': [<snowplow_tracker.self_describing_json.SelfDescribingJson object at 0x7f6378fb6f10>]}
[0m01:38:32.555117 [info ] [MainThread]: Found 1 model, 1 source, 468 macros
[0m01:38:32.557838 [debug] [MainThread]: Sending event: {'category': 'dbt', 'action': 'runnable_timing', 'label': '40b388db-1781-4cee-8ea9-43e6ed95b0ef', 'context': [<snowplow_tracker.self_describing_json.SelfDescribingJson object at 0x7f637a5ecbd0>]}
[0m01:38:32.563840 [info ] [MainThread]: 
[0m01:38:32.566678 [info ] [MainThread]: Concurrency: 4 threads (target='dev')
[0m01:38:32.569711 [info ] [MainThread]: 
[0m01:38:32.572802 [debug] [MainThread]: Acquiring new snowflake connection 'master'
[0m01:38:32.576820 [debug] [ThreadPool]: Acquiring new snowflake connection 'list_TRIPLENS'
[0m01:38:32.692596 [debug] [ThreadPool]: Using snowflake connection "list_TRIPLENS"
[0m01:38:32.694672 [debug] [ThreadPool]: On list_TRIPLENS: /* {"app": "dbt", "dbt_version": "1.9.0", "profile_name": "triplens_dbt", "target_name": "dev", "connection_name": "list_TRIPLENS"} */
show terse schemas in database TRIPLENS
    limit 10000
[0m01:38:32.696196 [debug] [ThreadPool]: Opening a new connection, currently in state init
[0m01:38:36.574868 [debug] [ThreadPool]: SQL status: SUCCESS 3 in 3.878 seconds
[0m01:38:36.588490 [debug] [ThreadPool]: Re-using an available connection from the pool (formerly list_TRIPLENS, now list_TRIPLENS_STAGING)
[0m01:38:36.617373 [debug] [ThreadPool]: Using snowflake connection "list_TRIPLENS_STAGING"
[0m01:38:36.619685 [debug] [ThreadPool]: On list_TRIPLENS_STAGING: /* {"app": "dbt", "dbt_version": "1.9.0", "profile_name": "triplens_dbt", "target_name": "dev", "connection_name": "list_TRIPLENS_STAGING"} */
show objects in TRIPLENS.STAGING limit 10000;
[0m01:38:37.027466 [debug] [ThreadPool]: SQL status: SUCCESS 2 in 0.405 seconds
[0m01:38:37.041709 [debug] [MainThread]: Sending event: {'category': 'dbt', 'action': 'runnable_timing', 'label': '40b388db-1781-4cee-8ea9-43e6ed95b0ef', 'context': [<snowplow_tracker.self_describing_json.SelfDescribingJson object at 0x7f6378171f90>]}
[0m01:38:37.055180 [debug] [Thread-1 (]: Began running node model.triplens_dbt.dim_country
[0m01:38:37.058845 [info ] [Thread-1 (]: 1 of 1 START sql table model STAGING.dim_country ............................... [RUN]
[0m01:38:37.063040 [debug] [Thread-1 (]: Re-using an available connection from the pool (formerly list_TRIPLENS_STAGING, now model.triplens_dbt.dim_country)
[0m01:38:37.066370 [debug] [Thread-1 (]: Began compiling node model.triplens_dbt.dim_country
[0m01:38:37.088993 [debug] [Thread-1 (]: Writing injected SQL for node "model.triplens_dbt.dim_country"
[0m01:38:37.122988 [debug] [Thread-1 (]: Began executing node model.triplens_dbt.dim_country
[0m01:38:37.178834 [debug] [Thread-1 (]: Writing runtime sql for node "model.triplens_dbt.dim_country"
[0m01:38:37.231051 [debug] [Thread-1 (]: Using snowflake connection "model.triplens_dbt.dim_country"
[0m01:38:37.234025 [debug] [Thread-1 (]: On model.triplens_dbt.dim_country: /* {"app": "dbt", "dbt_version": "1.9.0", "profile_name": "triplens_dbt", "target_name": "dev", "node_id": "model.triplens_dbt.dim_country"} */
create or replace transient table TRIPLENS.STAGING.dim_country
         as
        (SELECT
    RAW_DATA:uuid::STRING AS country_id,
    RAW_DATA:names.common::STRING AS country_name,
    RAW_DATA:names.official::STRING AS official_name,

    RAW_DATA:codes.alpha_2::STRING AS iso_alpha_2,
    RAW_DATA:codes.alpha_3::STRING AS iso_alpha_3,

    RAW_DATA:region::STRING AS region,
    RAW_DATA:subregion::STRING AS subregion,

    RAW_DATA:population::NUMBER AS population,
    RAW_DATA:area.kilometers::FLOAT AS area_km2,

    RAW_DATA:coordinates.lat::FLOAT AS latitude,
    RAW_DATA:coordinates.lng::FLOAT AS longitude,

    RAW_DATA:government_type::STRING AS government_type,

    RAW_DATA:capitals[0].name::STRING AS capital_name,
    RAW_DATA:continent::STRING AS continent,

    RAW_DATA:currencies[0].code::STRING AS currency_code,
    RAW_DATA:currencies[0].name::STRING AS currency_name,

    RAW_DATA:languages[0].name::STRING AS language_name,

    RAW_DATA:timezones[0]::STRING AS timezone,

    SOURCE_FILE,
    INGESTION_TIMESTAMP

FROM TRIPLENS.STAGING.COUNTRIES_RAW
        );
[0m01:38:39.007936 [debug] [Thread-1 (]: SQL status: SUCCESS 1 in 1.771 seconds
[0m01:38:39.067572 [debug] [Thread-1 (]: Sending event: {'category': 'dbt', 'action': 'run_model', 'label': '40b388db-1781-4cee-8ea9-43e6ed95b0ef', 'context': [<snowplow_tracker.self_describing_json.SelfDescribingJson object at 0x7f63781bd190>]}
[0m01:38:39.070469 [info ] [Thread-1 (]: 1 of 1 OK created sql table model STAGING.dim_country .......................... [[32mSUCCESS 1[0m in 2.00s]
[0m01:38:39.073813 [debug] [Thread-1 (]: Finished running node model.triplens_dbt.dim_country
[0m01:38:39.080064 [debug] [MainThread]: Connection 'master' was properly closed.
[0m01:38:39.082250 [debug] [MainThread]: Connection 'model.triplens_dbt.dim_country' was left open.
[0m01:38:39.084411 [debug] [MainThread]: On model.triplens_dbt.dim_country: Close
[0m01:38:39.245147 [info ] [MainThread]: 
[0m01:38:39.248830 [info ] [MainThread]: Finished running 1 table model in 0 hours 0 minutes and 6.67 seconds (6.67s).
[0m01:38:39.252986 [debug] [MainThread]: Command end result
[0m01:38:39.382848 [debug] [MainThread]: Wrote artifact WritableManifest to /usr/app/triplens_dbt/target/manifest.json
[0m01:38:39.398308 [debug] [MainThread]: Wrote artifact SemanticManifest to /usr/app/triplens_dbt/target/semantic_manifest.json
[0m01:38:39.444353 [debug] [MainThread]: Wrote artifact RunExecutionResult to /usr/app/triplens_dbt/target/run_results.json
[0m01:38:39.447891 [info ] [MainThread]: 
[0m01:38:39.451975 [info ] [MainThread]: [32mCompleted successfully[0m
[0m01:38:39.455763 [info ] [MainThread]: 
[0m01:38:39.459746 [info ] [MainThread]: Done. PASS=1 WARN=0 ERROR=0 SKIP=0 TOTAL=1
[0m01:38:39.465660 [debug] [MainThread]: Resource report: {"command_name": "run", "command_success": true, "command_wall_clock_time": 11.218931, "process_in_blocks": "0", "process_kernel_time": 1.521574, "process_mem_max_rss": "135600", "process_out_blocks": "6024", "process_user_time": 8.048329}
[0m01:38:39.470589 [debug] [MainThread]: Command `dbt run` succeeded at 01:38:39.470144 after 11.22 seconds
[0m01:38:39.474167 [debug] [MainThread]: Sending event: {'category': 'dbt', 'action': 'invocation', 'label': 'end', 'context': [<snowplow_tracker.self_describing_json.SelfDescribingJson object at 0x7f637b74ea10>, <snowplow_tracker.self_describing_json.SelfDescribingJson object at 0x7f637bc13910>, <snowplow_tracker.self_describing_json.SelfDescribingJson object at 0x7f637ef18b50>]}
[0m01:38:39.478125 [debug] [MainThread]: Flushing usage events
[0m01:38:39.898906 [debug] [MainThread]: An error was encountered while trying to flush usage events
[0m01:39:34.886287 [debug] [MainThread]: Sending event: {'category': 'dbt', 'action': 'invocation', 'label': 'start', 'context': [<snowplow_tracker.self_describing_json.SelfDescribingJson object at 0x7f748d74aad0>, <snowplow_tracker.self_describing_json.SelfDescribingJson object at 0x7f748db26390>, <snowplow_tracker.self_describing_json.SelfDescribingJson object at 0x7f748d778950>]}


============================== 01:39:34.904481 | 223847aa-2c49-461d-ace3-67a78575196e ==============================
[0m01:39:34.904481 [info ] [MainThread]: Running with dbt=1.9.0
[0m01:39:34.907782 [debug] [MainThread]: running dbt with arguments {'printer_width': '80', 'indirect_selection': 'eager', 'write_json': 'True', 'log_cache_events': 'False', 'partial_parse': 'True', 'cache_selected_only': 'False', 'profiles_dir': '/root/.dbt', 'debug': 'False', 'warn_error': 'None', 'log_path': '/usr/app/triplens_dbt/logs', 'version_check': 'True', 'fail_fast': 'False', 'use_colors': 'True', 'use_experimental_parser': 'False', 'no_print': 'None', 'quiet': 'False', 'empty': 'False', 'warn_error_options': 'WarnErrorOptions(include=[], exclude=[])', 'introspect': 'True', 'static_parser': 'True', 'invocation_command': 'dbt run', 'target_path': 'None', 'log_format': 'default', 'send_anonymous_usage_stats': 'True'}
[0m01:39:35.656876 [debug] [MainThread]: Sending event: {'category': 'dbt', 'action': 'project_id', 'label': '223847aa-2c49-461d-ace3-67a78575196e', 'context': [<snowplow_tracker.self_describing_json.SelfDescribingJson object at 0x7f748d790450>]}
[0m01:39:35.758939 [debug] [MainThread]: Sending event: {'category': 'dbt', 'action': 'adapter_info', 'label': '223847aa-2c49-461d-ace3-67a78575196e', 'context': [<snowplow_tracker.self_describing_json.SelfDescribingJson object at 0x7f748e4c2210>]}
[0m01:39:35.762151 [info ] [MainThread]: Registered adapter: snowflake=1.9.0
[0m01:39:35.888446 [debug] [MainThread]: checksum: c99e828bba267739642b5a3ce85f17518764ea526e0e6c4fdc649171c1a66bff, vars: {}, profile: , target: , version: 1.9.0
[0m01:39:36.297820 [debug] [MainThread]: Partial parsing enabled: 0 files deleted, 0 files added, 0 files changed.
[0m01:39:36.300772 [debug] [MainThread]: Partial parsing enabled, no changes found, skipping parsing
[0m01:39:36.385512 [debug] [MainThread]: Sending event: {'category': 'dbt', 'action': 'load_project', 'label': '223847aa-2c49-461d-ace3-67a78575196e', 'context': [<snowplow_tracker.self_describing_json.SelfDescribingJson object at 0x7f748c65c6d0>]}
[0m01:39:36.551579 [debug] [MainThread]: Wrote artifact WritableManifest to /usr/app/triplens_dbt/target/manifest.json
[0m01:39:36.565832 [debug] [MainThread]: Wrote artifact SemanticManifest to /usr/app/triplens_dbt/target/semantic_manifest.json
[0m01:39:36.622101 [debug] [MainThread]: Sending event: {'category': 'dbt', 'action': 'resource_counts', 'label': '223847aa-2c49-461d-ace3-67a78575196e', 'context': [<snowplow_tracker.self_describing_json.SelfDescribingJson object at 0x7f748c2d1510>]}
[0m01:39:36.624430 [info ] [MainThread]: Found 1 model, 1 source, 468 macros
[0m01:39:36.626876 [debug] [MainThread]: Sending event: {'category': 'dbt', 'action': 'runnable_timing', 'label': '223847aa-2c49-461d-ace3-67a78575196e', 'context': [<snowplow_tracker.self_describing_json.SelfDescribingJson object at 0x7f748c63d1d0>]}
[0m01:39:36.633098 [info ] [MainThread]: 
[0m01:39:36.636444 [info ] [MainThread]: Concurrency: 4 threads (target='dev')
[0m01:39:36.639291 [info ] [MainThread]: 
[0m01:39:36.645102 [debug] [MainThread]: Acquiring new snowflake connection 'master'
[0m01:39:36.650546 [debug] [ThreadPool]: Acquiring new snowflake connection 'list_TRIPLENS'
[0m01:39:36.763456 [debug] [ThreadPool]: Using snowflake connection "list_TRIPLENS"
[0m01:39:36.766172 [debug] [ThreadPool]: On list_TRIPLENS: /* {"app": "dbt", "dbt_version": "1.9.0", "profile_name": "triplens_dbt", "target_name": "dev", "connection_name": "list_TRIPLENS"} */
show terse schemas in database TRIPLENS
    limit 10000
[0m01:39:36.802194 [debug] [ThreadPool]: Opening a new connection, currently in state init
[0m01:39:40.987945 [debug] [ThreadPool]: SQL status: SUCCESS 3 in 4.190 seconds
[0m01:39:41.019334 [debug] [ThreadPool]: Re-using an available connection from the pool (formerly list_TRIPLENS, now list_TRIPLENS_STAGING)
[0m01:39:41.086316 [debug] [ThreadPool]: Using snowflake connection "list_TRIPLENS_STAGING"
[0m01:39:41.089136 [debug] [ThreadPool]: On list_TRIPLENS_STAGING: /* {"app": "dbt", "dbt_version": "1.9.0", "profile_name": "triplens_dbt", "target_name": "dev", "connection_name": "list_TRIPLENS_STAGING"} */
show objects in TRIPLENS.STAGING limit 10000;
[0m01:39:41.260013 [debug] [ThreadPool]: SQL status: SUCCESS 3 in 0.168 seconds
[0m01:39:41.269121 [debug] [MainThread]: Sending event: {'category': 'dbt', 'action': 'runnable_timing', 'label': '223847aa-2c49-461d-ace3-67a78575196e', 'context': [<snowplow_tracker.self_describing_json.SelfDescribingJson object at 0x7f748c0eb1d0>]}
[0m01:39:41.278895 [debug] [Thread-1 (]: Began running node model.triplens_dbt.dim_country
[0m01:39:41.282379 [info ] [Thread-1 (]: 1 of 1 START sql table model STAGING.dim_country ............................... [RUN]
[0m01:39:41.286007 [debug] [Thread-1 (]: Re-using an available connection from the pool (formerly list_TRIPLENS_STAGING, now model.triplens_dbt.dim_country)
[0m01:39:41.288510 [debug] [Thread-1 (]: Began compiling node model.triplens_dbt.dim_country
[0m01:39:41.314275 [debug] [Thread-1 (]: Writing injected SQL for node "model.triplens_dbt.dim_country"
[0m01:39:41.335945 [debug] [Thread-1 (]: Began executing node model.triplens_dbt.dim_country
[0m01:39:41.415996 [debug] [Thread-1 (]: Writing runtime sql for node "model.triplens_dbt.dim_country"
[0m01:39:41.437107 [debug] [Thread-1 (]: Using snowflake connection "model.triplens_dbt.dim_country"
[0m01:39:41.439815 [debug] [Thread-1 (]: On model.triplens_dbt.dim_country: /* {"app": "dbt", "dbt_version": "1.9.0", "profile_name": "triplens_dbt", "target_name": "dev", "node_id": "model.triplens_dbt.dim_country"} */
create or replace transient table TRIPLENS.STAGING.dim_country
         as
        (SELECT
    RAW_DATA:uuid::STRING AS country_id,
    RAW_DATA:names.common::STRING AS country_name,
    RAW_DATA:names.official::STRING AS official_name,

    RAW_DATA:codes.alpha_2::STRING AS iso_alpha_2,
    RAW_DATA:codes.alpha_3::STRING AS iso_alpha_3,

    RAW_DATA:region::STRING AS region,
    RAW_DATA:subregion::STRING AS subregion,

    RAW_DATA:population::NUMBER AS population,
    RAW_DATA:area.kilometers::FLOAT AS area_km2,

    RAW_DATA:coordinates.lat::FLOAT AS latitude,
    RAW_DATA:coordinates.lng::FLOAT AS longitude,

    RAW_DATA:government_type::STRING AS government_type,

    RAW_DATA:capitals[0].name::STRING AS capital_name,
    RAW_DATA:continent::STRING AS continent,

    RAW_DATA:currencies[0].code::STRING AS currency_code,
    RAW_DATA:currencies[0].name::STRING AS currency_name,

    RAW_DATA:languages[0].name::STRING AS language_name,

    RAW_DATA:timezones[0]::STRING AS timezone,

    SOURCE_FILE,
    INGESTION_TIMESTAMP

FROM TRIPLENS.STAGING.COUNTRIES_RAW
        );
[0m01:39:42.235421 [debug] [Thread-1 (]: SQL status: SUCCESS 1 in 0.792 seconds
[0m01:39:42.304896 [debug] [Thread-1 (]: Sending event: {'category': 'dbt', 'action': 'run_model', 'label': '223847aa-2c49-461d-ace3-67a78575196e', 'context': [<snowplow_tracker.self_describing_json.SelfDescribingJson object at 0x7f748b463b10>]}
[0m01:39:42.308766 [info ] [Thread-1 (]: 1 of 1 OK created sql table model STAGING.dim_country .......................... [[32mSUCCESS 1[0m in 1.02s]
[0m01:39:42.312715 [debug] [Thread-1 (]: Finished running node model.triplens_dbt.dim_country
[0m01:39:42.319610 [debug] [MainThread]: Connection 'master' was properly closed.
[0m01:39:42.321610 [debug] [MainThread]: Connection 'model.triplens_dbt.dim_country' was left open.
[0m01:39:42.323620 [debug] [MainThread]: On model.triplens_dbt.dim_country: Close
[0m01:39:42.446748 [info ] [MainThread]: 
[0m01:39:42.449926 [info ] [MainThread]: Finished running 1 table model in 0 hours 0 minutes and 5.80 seconds (5.80s).
[0m01:39:42.454398 [debug] [MainThread]: Command end result
[0m01:39:42.553765 [debug] [MainThread]: Wrote artifact WritableManifest to /usr/app/triplens_dbt/target/manifest.json
[0m01:39:42.566111 [debug] [MainThread]: Wrote artifact SemanticManifest to /usr/app/triplens_dbt/target/semantic_manifest.json
[0m01:39:42.590681 [debug] [MainThread]: Wrote artifact RunExecutionResult to /usr/app/triplens_dbt/target/run_results.json
[0m01:39:42.592883 [info ] [MainThread]: 
[0m01:39:42.595709 [info ] [MainThread]: [32mCompleted successfully[0m
[0m01:39:42.598258 [info ] [MainThread]: 
[0m01:39:42.600534 [info ] [MainThread]: Done. PASS=1 WARN=0 ERROR=0 SKIP=0 TOTAL=1
[0m01:39:42.606142 [debug] [MainThread]: Resource report: {"command_name": "run", "command_success": true, "command_wall_clock_time": 7.8988457, "process_in_blocks": "0", "process_kernel_time": 1.011406, "process_mem_max_rss": "130448", "process_out_blocks": "6024", "process_user_time": 6.258703}
[0m01:39:42.609505 [debug] [MainThread]: Command `dbt run` succeeded at 01:39:42.609099 after 7.90 seconds
[0m01:39:42.611634 [debug] [MainThread]: Sending event: {'category': 'dbt', 'action': 'invocation', 'label': 'end', 'context': [<snowplow_tracker.self_describing_json.SelfDescribingJson object at 0x7f748dbb8490>, <snowplow_tracker.self_describing_json.SelfDescribingJson object at 0x7f748d76bc10>, <snowplow_tracker.self_describing_json.SelfDescribingJson object at 0x7f7490f20bd0>]}
[0m01:39:42.614011 [debug] [MainThread]: Flushing usage events
[0m01:39:42.999293 [debug] [MainThread]: An error was encountered while trying to flush usage events
[0m21:14:47.229805 [debug] [MainThread]: Sending event: {'category': 'dbt', 'action': 'invocation', 'label': 'start', 'context': [<snowplow_tracker.self_describing_json.SelfDescribingJson object at 0x7f68ae9bac50>, <snowplow_tracker.self_describing_json.SelfDescribingJson object at 0x7f68af794d90>, <snowplow_tracker.self_describing_json.SelfDescribingJson object at 0x7f68ae9baa50>]}


============================== 21:14:47.352895 | 59058cbf-5e0a-433b-b4d5-50ea4eb89e1b ==============================
[0m21:14:47.352895 [info ] [MainThread]: Running with dbt=1.9.0
[0m21:14:47.360417 [debug] [MainThread]: running dbt with arguments {'printer_width': '80', 'indirect_selection': 'eager', 'write_json': 'True', 'log_cache_events': 'False', 'partial_parse': 'True', 'cache_selected_only': 'False', 'profiles_dir': '/root/.dbt', 'fail_fast': 'False', 'debug': 'False', 'log_path': '/usr/app/triplens_dbt/logs', 'warn_error': 'None', 'version_check': 'True', 'use_colors': 'True', 'use_experimental_parser': 'False', 'empty': 'None', 'quiet': 'False', 'no_print': 'None', 'warn_error_options': 'WarnErrorOptions(include=[], exclude=[])', 'introspect': 'True', 'invocation_command': 'dbt debug', 'static_parser': 'True', 'target_path': 'None', 'log_format': 'default', 'send_anonymous_usage_stats': 'True'}
[0m21:14:47.514809 [info ] [MainThread]: dbt version: 1.9.0
[0m21:14:47.519172 [info ] [MainThread]: python version: 3.11.2
[0m21:14:47.522990 [info ] [MainThread]: python path: /usr/local/bin/python
[0m21:14:47.527788 [info ] [MainThread]: os info: Linux-5.15.167.4-microsoft-standard-WSL2-x86_64-with-glibc2.31
[0m21:14:49.313713 [info ] [MainThread]: Using profiles dir at /root/.dbt
[0m21:14:49.317900 [info ] [MainThread]: Using profiles.yml file at /root/.dbt/profiles.yml
[0m21:14:49.320460 [info ] [MainThread]: Using dbt_project.yml file at /usr/app/triplens_dbt/dbt_project.yml
[0m21:14:49.323405 [info ] [MainThread]: adapter type: snowflake
[0m21:14:49.326659 [info ] [MainThread]: adapter version: 1.9.0
[0m21:14:49.648703 [info ] [MainThread]: Configuration:
[0m21:14:49.650781 [info ] [MainThread]:   profiles.yml file [[32mOK found and valid[0m]
[0m21:14:49.652859 [info ] [MainThread]:   dbt_project.yml file [[32mOK found and valid[0m]
[0m21:14:49.657391 [info ] [MainThread]: Required dependencies:
[0m21:14:49.666564 [debug] [MainThread]: Executing "git --help"
[0m21:14:49.760010 [debug] [MainThread]: STDOUT: "b"usage: git [--version] [--help] [-C <path>] [-c <name>=<value>]\n           [--exec-path[=<path>]] [--html-path] [--man-path] [--info-path]\n           [-p | --paginate | -P | --no-pager] [--no-replace-objects] [--bare]\n           [--git-dir=<path>] [--work-tree=<path>] [--namespace=<name>]\n           <command> [<args>]\n\nThese are common Git commands used in various situations:\n\nstart a working area (see also: git help tutorial)\n   clone             Clone a repository into a new directory\n   init              Create an empty Git repository or reinitialize an existing one\n\nwork on the current change (see also: git help everyday)\n   add               Add file contents to the index\n   mv                Move or rename a file, a directory, or a symlink\n   restore           Restore working tree files\n   rm                Remove files from the working tree and from the index\n   sparse-checkout   Initialize and modify the sparse-checkout\n\nexamine the history and state (see also: git help revisions)\n   bisect            Use binary search to find the commit that introduced a bug\n   diff              Show changes between commits, commit and working tree, etc\n   grep              Print lines matching a pattern\n   log               Show commit logs\n   show              Show various types of objects\n   status            Show the working tree status\n\ngrow, mark and tweak your common history\n   branch            List, create, or delete branches\n   commit            Record changes to the repository\n   merge             Join two or more development histories together\n   rebase            Reapply commits on top of another base tip\n   reset             Reset current HEAD to the specified state\n   switch            Switch branches\n   tag               Create, list, delete or verify a tag object signed with GPG\n\ncollaborate (see also: git help workflows)\n   fetch             Download objects and refs from another repository\n   pull              Fetch from and integrate with another repository or a local branch\n   push              Update remote refs along with associated objects\n\n'git help -a' and 'git help -g' list available subcommands and some\nconcept guides. See 'git help <command>' or 'git help <concept>'\nto read about a specific subcommand or concept.\nSee 'git help git' for an overview of the system.\n""
[0m21:14:49.761995 [debug] [MainThread]: STDERR: "b''"
[0m21:14:49.763911 [info ] [MainThread]:  - git [[32mOK found[0m]

[0m21:14:49.766160 [info ] [MainThread]: Connection:
[0m21:14:49.768240 [info ] [MainThread]:   account: cqkwbwh-qc83031
[0m21:14:49.772342 [info ] [MainThread]:   user: STANNISS
[0m21:14:49.776390 [info ] [MainThread]:   database: TRIPLENS
[0m21:14:49.785171 [info ] [MainThread]:   warehouse: COMPUTE_WH
[0m21:14:49.798657 [info ] [MainThread]:   role: None
[0m21:14:49.803985 [info ] [MainThread]:   schema: STAGING
[0m21:14:49.811739 [info ] [MainThread]:   authenticator: None
[0m21:14:49.816149 [info ] [MainThread]:   oauth_client_id: None
[0m21:14:49.823509 [info ] [MainThread]:   query_tag: None
[0m21:14:49.826126 [info ] [MainThread]:   client_session_keep_alive: False
[0m21:14:49.829886 [info ] [MainThread]:   host: None
[0m21:14:49.832999 [info ] [MainThread]:   port: None
[0m21:14:49.840028 [info ] [MainThread]:   proxy_host: None
[0m21:14:49.843798 [info ] [MainThread]:   proxy_port: None
[0m21:14:49.846958 [info ] [MainThread]:   protocol: None
[0m21:14:49.850414 [info ] [MainThread]:   connect_retries: 1
[0m21:14:49.853094 [info ] [MainThread]:   connect_timeout: None
[0m21:14:49.856606 [info ] [MainThread]:   retry_on_database_errors: False
[0m21:14:49.859919 [info ] [MainThread]:   retry_all: False
[0m21:14:49.862356 [info ] [MainThread]:   insecure_mode: False
[0m21:14:49.864984 [info ] [MainThread]:   reuse_connections: True
[0m21:14:49.868509 [info ] [MainThread]: Registered adapter: snowflake=1.9.0
[0m21:14:50.272114 [debug] [MainThread]: Acquiring new snowflake connection 'debug'
[0m21:14:50.601335 [debug] [MainThread]: Using snowflake connection "debug"
[0m21:14:50.604021 [debug] [MainThread]: On debug: select 1 as id
[0m21:14:50.606113 [debug] [MainThread]: Opening a new connection, currently in state init
[0m21:14:54.749429 [debug] [MainThread]: SQL status: SUCCESS 1 in 4.143 seconds
[0m21:14:54.753288 [info ] [MainThread]:   Connection test: [[32mOK connection ok[0m]

[0m21:14:54.755836 [info ] [MainThread]: [32mAll checks passed![0m
[0m21:14:54.763490 [debug] [MainThread]: Resource report: {"command_name": "debug", "command_success": true, "command_wall_clock_time": 8.181498, "process_in_blocks": "8", "process_kernel_time": 7.227034, "process_mem_max_rss": "123324", "process_out_blocks": "5920", "process_user_time": 10.750494}
[0m21:14:54.766355 [debug] [MainThread]: Command `dbt debug` succeeded at 21:14:54.765929 after 8.18 seconds
[0m21:14:54.768838 [debug] [MainThread]: Connection 'debug' was left open.
[0m21:14:54.771171 [debug] [MainThread]: On debug: Close
[0m21:14:54.888169 [debug] [MainThread]: Sending event: {'category': 'dbt', 'action': 'invocation', 'label': 'end', 'context': [<snowplow_tracker.self_describing_json.SelfDescribingJson object at 0x7f68ae82e590>, <snowplow_tracker.self_describing_json.SelfDescribingJson object at 0x7f68b2305310>, <snowplow_tracker.self_describing_json.SelfDescribingJson object at 0x7f68ae9dec90>]}
[0m21:14:54.897038 [debug] [MainThread]: Flushing usage events
[0m21:14:55.203976 [debug] [MainThread]: An error was encountered while trying to flush usage events
[0m00:51:47.494757 [debug] [MainThread]: Sending event: {'category': 'dbt', 'action': 'invocation', 'label': 'start', 'context': [<snowplow_tracker.self_describing_json.SelfDescribingJson object at 0x7f4bc8f8b850>, <snowplow_tracker.self_describing_json.SelfDescribingJson object at 0x7f4bc8f8b890>, <snowplow_tracker.self_describing_json.SelfDescribingJson object at 0x7f4bc8f8b750>]}


============================== 00:51:47.537004 | 0d8045b1-7849-45a2-9127-d09253c36a89 ==============================
[0m00:51:47.537004 [info ] [MainThread]: Running with dbt=1.9.0
[0m00:51:47.540692 [debug] [MainThread]: running dbt with arguments {'printer_width': '80', 'indirect_selection': 'eager', 'write_json': 'True', 'log_cache_events': 'False', 'partial_parse': 'True', 'cache_selected_only': 'False', 'profiles_dir': '/root/.dbt', 'debug': 'False', 'fail_fast': 'False', 'log_path': '/usr/app/triplens_dbt/logs', 'warn_error': 'None', 'version_check': 'True', 'use_colors': 'True', 'use_experimental_parser': 'False', 'no_print': 'None', 'quiet': 'False', 'empty': 'False', 'warn_error_options': 'WarnErrorOptions(include=[], exclude=[])', 'static_parser': 'True', 'log_format': 'default', 'introspect': 'True', 'target_path': 'None', 'invocation_command': 'dbt compile --select stg_countries', 'send_anonymous_usage_stats': 'True'}
[0m00:51:48.855423 [debug] [MainThread]: Sending event: {'category': 'dbt', 'action': 'project_id', 'label': '0d8045b1-7849-45a2-9127-d09253c36a89', 'context': [<snowplow_tracker.self_describing_json.SelfDescribingJson object at 0x7f4bc7cd0e10>]}
[0m00:51:48.989915 [debug] [MainThread]: Sending event: {'category': 'dbt', 'action': 'adapter_info', 'label': '0d8045b1-7849-45a2-9127-d09253c36a89', 'context': [<snowplow_tracker.self_describing_json.SelfDescribingJson object at 0x7f4bc7ddf310>]}
[0m00:51:48.993172 [info ] [MainThread]: Registered adapter: snowflake=1.9.0
[0m00:51:49.458634 [debug] [MainThread]: checksum: c99e828bba267739642b5a3ce85f17518764ea526e0e6c4fdc649171c1a66bff, vars: {}, profile: , target: , version: 1.9.0
[0m00:51:50.874585 [debug] [MainThread]: Partial parsing enabled: 0 files deleted, 1 files added, 1 files changed.
[0m00:51:50.886114 [debug] [MainThread]: Partial parsing: added file: triplens_dbt://models/staging/stg_countries.sql
[0m00:51:50.889728 [debug] [MainThread]: Partial parsing: updated file: triplens_dbt://models/dim_country.sql
[0m00:51:51.742417 [debug] [MainThread]: Sending event: {'category': 'dbt', 'action': 'load_project', 'label': '0d8045b1-7849-45a2-9127-d09253c36a89', 'context': [<snowplow_tracker.self_describing_json.SelfDescribingJson object at 0x7f4bc7d38d90>]}
[0m00:51:51.984602 [debug] [MainThread]: Wrote artifact WritableManifest to /usr/app/triplens_dbt/target/manifest.json
[0m00:51:52.004869 [debug] [MainThread]: Wrote artifact SemanticManifest to /usr/app/triplens_dbt/target/semantic_manifest.json
[0m00:51:52.093674 [debug] [MainThread]: Sending event: {'category': 'dbt', 'action': 'resource_counts', 'label': '0d8045b1-7849-45a2-9127-d09253c36a89', 'context': [<snowplow_tracker.self_describing_json.SelfDescribingJson object at 0x7f4bc6801cd0>]}
[0m00:51:52.097056 [info ] [MainThread]: Found 2 models, 1 source, 468 macros
[0m00:51:52.100584 [debug] [MainThread]: Sending event: {'category': 'dbt', 'action': 'runnable_timing', 'label': '0d8045b1-7849-45a2-9127-d09253c36a89', 'context': [<snowplow_tracker.self_describing_json.SelfDescribingJson object at 0x7f4bc7a67f10>]}
[0m00:51:52.107994 [info ] [MainThread]: 
[0m00:51:52.110300 [info ] [MainThread]: Concurrency: 4 threads (target='dev')
[0m00:51:52.113522 [info ] [MainThread]: 
[0m00:51:52.118305 [debug] [MainThread]: Acquiring new snowflake connection 'master'
[0m00:51:52.142773 [debug] [ThreadPool]: Acquiring new snowflake connection 'list_TRIPLENS_STAGING'
[0m00:51:53.035905 [debug] [ThreadPool]: Using snowflake connection "list_TRIPLENS_STAGING"
[0m00:51:53.040165 [debug] [ThreadPool]: On list_TRIPLENS_STAGING: /* {"app": "dbt", "dbt_version": "1.9.0", "profile_name": "triplens_dbt", "target_name": "dev", "connection_name": "list_TRIPLENS_STAGING"} */
show objects in TRIPLENS.STAGING limit 10000;
[0m00:51:53.042448 [debug] [ThreadPool]: Opening a new connection, currently in state init
[0m00:51:59.068451 [debug] [ThreadPool]: SQL status: SUCCESS 3 in 6.030 seconds
[0m00:51:59.089989 [debug] [MainThread]: Sending event: {'category': 'dbt', 'action': 'runnable_timing', 'label': '0d8045b1-7849-45a2-9127-d09253c36a89', 'context': [<snowplow_tracker.self_describing_json.SelfDescribingJson object at 0x7f4bc78aadd0>]}
[0m00:51:59.185223 [debug] [Thread-1 (]: Began running node model.triplens_dbt.stg_countries
[0m00:51:59.190908 [debug] [Thread-1 (]: Re-using an available connection from the pool (formerly list_TRIPLENS_STAGING, now model.triplens_dbt.stg_countries)
[0m00:51:59.196900 [debug] [Thread-1 (]: Began compiling node model.triplens_dbt.stg_countries
[0m00:51:59.239166 [debug] [Thread-1 (]: Writing injected SQL for node "model.triplens_dbt.stg_countries"
[0m00:51:59.351996 [debug] [Thread-1 (]: Began executing node model.triplens_dbt.stg_countries
[0m00:51:59.357409 [debug] [Thread-1 (]: Finished running node model.triplens_dbt.stg_countries
[0m00:51:59.363599 [debug] [MainThread]: Connection 'master' was properly closed.
[0m00:51:59.366586 [debug] [MainThread]: Connection 'model.triplens_dbt.stg_countries' was left open.
[0m00:51:59.374697 [debug] [MainThread]: On model.triplens_dbt.stg_countries: Close
[0m00:51:59.535391 [debug] [MainThread]: Command end result
[0m00:52:00.030194 [debug] [MainThread]: Wrote artifact WritableManifest to /usr/app/triplens_dbt/target/manifest.json
[0m00:52:00.044774 [debug] [MainThread]: Wrote artifact SemanticManifest to /usr/app/triplens_dbt/target/semantic_manifest.json
[0m00:52:00.371031 [debug] [MainThread]: Wrote artifact RunExecutionResult to /usr/app/triplens_dbt/target/run_results.json
[0m00:52:00.379318 [info ] [MainThread]: Compiled node 'stg_countries' is:
WITH source_data AS (

    SELECT
        RAW_DATA,
        SOURCE_FILE,
        INGESTION_TIMESTAMP
    FROM TRIPLENS.STAGING.COUNTRIES_RAW

),

countries AS (

    SELECT
        value AS country,
        SOURCE_FILE,
        INGESTION_TIMESTAMP
    FROM source_data,
    LATERAL FLATTEN(
        input => RAW_DATA:data:objects
    )

)

SELECT

    -- Identity
    country:uuid::STRING AS country_id,

    -- Names
    country:names:common::STRING AS country_name,
    country:names:official::STRING AS official_name,

    -- ISO codes
    country:codes:alpha_2::STRING AS iso_alpha_2,
    country:codes:alpha_3::STRING AS iso_alpha_3,

    -- Geography
    country:region::STRING AS region,
    country:subregion::STRING AS subregion,
    country:continents[0]::STRING AS continent,

    country:coordinates:lat::FLOAT AS latitude,
    country:coordinates:lng::FLOAT AS longitude,

    country:area:kilometers::FLOAT AS area_km2,

    -- Demographics
    country:population::NUMBER AS population,

    -- Government
    country:government_type::STRING AS government_type,

    -- Capital
    country:capitals[0]:name::STRING AS capital_name,

    -- Currency
    country:currencies[0]:code::STRING AS currency_code,
    country:currencies[0]:name::STRING AS currency_name,

    -- Other useful information
    country:landlocked::BOOLEAN AS is_landlocked,

    -- Metadata
    SOURCE_FILE,
    INGESTION_TIMESTAMP

FROM countries
[0m00:52:00.403450 [debug] [MainThread]: Resource report: {"command_name": "compile", "command_success": true, "command_wall_clock_time": 13.4631815, "process_in_blocks": "368", "process_kernel_time": 6.892696, "process_mem_max_rss": "131784", "process_out_blocks": "6040", "process_user_time": 11.481029}
[0m00:52:00.414307 [debug] [MainThread]: Command `dbt compile` succeeded at 00:52:00.413852 after 13.47 seconds
[0m00:52:00.422501 [debug] [MainThread]: Sending event: {'category': 'dbt', 'action': 'invocation', 'label': 'end', 'context': [<snowplow_tracker.self_describing_json.SelfDescribingJson object at 0x7f4bc8de5e90>, <snowplow_tracker.self_describing_json.SelfDescribingJson object at 0x7f4bcc724b50>, <snowplow_tracker.self_describing_json.SelfDescribingJson object at 0x7f4bcc8a8750>]}
[0m00:52:00.425970 [debug] [MainThread]: Flushing usage events
[0m00:52:00.910694 [debug] [MainThread]: An error was encountered while trying to flush usage events
[0m00:59:41.667343 [debug] [MainThread]: Sending event: {'category': 'dbt', 'action': 'invocation', 'label': 'start', 'context': [<snowplow_tracker.self_describing_json.SelfDescribingJson object at 0x7f816912fd90>, <snowplow_tracker.self_describing_json.SelfDescribingJson object at 0x7f81696b6c50>, <snowplow_tracker.self_describing_json.SelfDescribingJson object at 0x7f816912fe90>]}


============================== 00:59:41.694996 | 72cc8dac-0b8e-4b8f-b1d7-c4907e2109ae ==============================
[0m00:59:41.694996 [info ] [MainThread]: Running with dbt=1.9.0
[0m00:59:41.699051 [debug] [MainThread]: running dbt with arguments {'printer_width': '80', 'indirect_selection': 'eager', 'log_cache_events': 'False', 'write_json': 'True', 'partial_parse': 'True', 'cache_selected_only': 'False', 'profiles_dir': '/root/.dbt', 'fail_fast': 'False', 'warn_error': 'None', 'log_path': '/usr/app/triplens_dbt/logs', 'debug': 'False', 'version_check': 'True', 'use_colors': 'True', 'use_experimental_parser': 'False', 'no_print': 'None', 'quiet': 'False', 'empty': 'False', 'warn_error_options': 'WarnErrorOptions(include=[], exclude=[])', 'introspect': 'True', 'invocation_command': 'dbt run --select stg_countries', 'log_format': 'default', 'target_path': 'None', 'static_parser': 'True', 'send_anonymous_usage_stats': 'True'}
[0m00:59:43.717011 [debug] [MainThread]: Sending event: {'category': 'dbt', 'action': 'project_id', 'label': '72cc8dac-0b8e-4b8f-b1d7-c4907e2109ae', 'context': [<snowplow_tracker.self_describing_json.SelfDescribingJson object at 0x7f8167ffdd90>]}
[0m00:59:43.879770 [debug] [MainThread]: Sending event: {'category': 'dbt', 'action': 'adapter_info', 'label': '72cc8dac-0b8e-4b8f-b1d7-c4907e2109ae', 'context': [<snowplow_tracker.self_describing_json.SelfDescribingJson object at 0x7f81680b8550>]}
[0m00:59:43.883967 [info ] [MainThread]: Registered adapter: snowflake=1.9.0
[0m00:59:44.256678 [debug] [MainThread]: checksum: c99e828bba267739642b5a3ce85f17518764ea526e0e6c4fdc649171c1a66bff, vars: {}, profile: , target: , version: 1.9.0
[0m00:59:45.090834 [debug] [MainThread]: Partial parsing enabled: 0 files deleted, 0 files added, 0 files changed.
[0m00:59:45.143729 [debug] [MainThread]: Partial parsing enabled, no changes found, skipping parsing
[0m00:59:45.386663 [debug] [MainThread]: Sending event: {'category': 'dbt', 'action': 'load_project', 'label': '72cc8dac-0b8e-4b8f-b1d7-c4907e2109ae', 'context': [<snowplow_tracker.self_describing_json.SelfDescribingJson object at 0x7f81680766d0>]}
[0m00:59:46.340253 [debug] [MainThread]: Wrote artifact WritableManifest to /usr/app/triplens_dbt/target/manifest.json
[0m00:59:46.366225 [debug] [MainThread]: Wrote artifact SemanticManifest to /usr/app/triplens_dbt/target/semantic_manifest.json
[0m00:59:46.601389 [debug] [MainThread]: Sending event: {'category': 'dbt', 'action': 'resource_counts', 'label': '72cc8dac-0b8e-4b8f-b1d7-c4907e2109ae', 'context': [<snowplow_tracker.self_describing_json.SelfDescribingJson object at 0x7f8167de4750>]}
[0m00:59:46.610357 [info ] [MainThread]: Found 2 models, 1 source, 468 macros
[0m00:59:46.630877 [debug] [MainThread]: Sending event: {'category': 'dbt', 'action': 'runnable_timing', 'label': '72cc8dac-0b8e-4b8f-b1d7-c4907e2109ae', 'context': [<snowplow_tracker.self_describing_json.SelfDescribingJson object at 0x7f8167e20350>]}
[0m00:59:46.650226 [info ] [MainThread]: 
[0m00:59:46.666016 [info ] [MainThread]: Concurrency: 4 threads (target='dev')
[0m00:59:46.690595 [info ] [MainThread]: 
[0m00:59:46.717644 [debug] [MainThread]: Acquiring new snowflake connection 'master'
[0m00:59:46.737217 [debug] [ThreadPool]: Acquiring new snowflake connection 'list_TRIPLENS'
[0m00:59:47.186895 [debug] [ThreadPool]: Using snowflake connection "list_TRIPLENS"
[0m00:59:47.227453 [debug] [ThreadPool]: On list_TRIPLENS: /* {"app": "dbt", "dbt_version": "1.9.0", "profile_name": "triplens_dbt", "target_name": "dev", "connection_name": "list_TRIPLENS"} */
show terse schemas in database TRIPLENS
    limit 10000
[0m00:59:47.360984 [debug] [ThreadPool]: Opening a new connection, currently in state init
[0m00:59:53.434859 [debug] [ThreadPool]: SQL status: SUCCESS 3 in 6.074 seconds
[0m00:59:53.497796 [debug] [ThreadPool]: Re-using an available connection from the pool (formerly list_TRIPLENS, now list_TRIPLENS_STAGING)
[0m00:59:53.625419 [debug] [ThreadPool]: Using snowflake connection "list_TRIPLENS_STAGING"
[0m00:59:53.650072 [debug] [ThreadPool]: On list_TRIPLENS_STAGING: /* {"app": "dbt", "dbt_version": "1.9.0", "profile_name": "triplens_dbt", "target_name": "dev", "connection_name": "list_TRIPLENS_STAGING"} */
show objects in TRIPLENS.STAGING limit 10000;
[0m00:59:53.831724 [debug] [ThreadPool]: SQL status: SUCCESS 3 in 0.162 seconds
[0m00:59:53.853027 [debug] [MainThread]: Sending event: {'category': 'dbt', 'action': 'runnable_timing', 'label': '72cc8dac-0b8e-4b8f-b1d7-c4907e2109ae', 'context': [<snowplow_tracker.self_describing_json.SelfDescribingJson object at 0x7f8166f3dc90>]}
[0m00:59:53.885170 [debug] [Thread-1 (]: Began running node model.triplens_dbt.stg_countries
[0m00:59:53.900779 [info ] [Thread-1 (]: 1 of 1 START sql table model STAGING.stg_countries ............................. [RUN]
[0m00:59:53.908620 [debug] [Thread-1 (]: Re-using an available connection from the pool (formerly list_TRIPLENS_STAGING, now model.triplens_dbt.stg_countries)
[0m00:59:53.915037 [debug] [Thread-1 (]: Began compiling node model.triplens_dbt.stg_countries
[0m00:59:53.948320 [debug] [Thread-1 (]: Writing injected SQL for node "model.triplens_dbt.stg_countries"
[0m00:59:53.970720 [debug] [Thread-1 (]: Began executing node model.triplens_dbt.stg_countries
[0m00:59:54.089426 [debug] [Thread-1 (]: Writing runtime sql for node "model.triplens_dbt.stg_countries"
[0m00:59:54.126191 [debug] [Thread-1 (]: Using snowflake connection "model.triplens_dbt.stg_countries"
[0m00:59:54.128831 [debug] [Thread-1 (]: On model.triplens_dbt.stg_countries: /* {"app": "dbt", "dbt_version": "1.9.0", "profile_name": "triplens_dbt", "target_name": "dev", "node_id": "model.triplens_dbt.stg_countries"} */
create or replace transient table TRIPLENS.STAGING.stg_countries
         as
        (WITH source_data AS (

    SELECT
        RAW_DATA,
        SOURCE_FILE,
        INGESTION_TIMESTAMP
    FROM TRIPLENS.STAGING.COUNTRIES_RAW

),

countries AS (

    SELECT
        value AS country,
        SOURCE_FILE,
        INGESTION_TIMESTAMP
    FROM source_data,
    LATERAL FLATTEN(
        input => RAW_DATA:data:objects
    )

)

SELECT

    -- Identity
    country:uuid::STRING AS country_id,

    -- Names
    country:names:common::STRING AS country_name,
    country:names:official::STRING AS official_name,

    -- ISO codes
    country:codes:alpha_2::STRING AS iso_alpha_2,
    country:codes:alpha_3::STRING AS iso_alpha_3,

    -- Geography
    country:region::STRING AS region,
    country:subregion::STRING AS subregion,
    country:continents[0]::STRING AS continent,

    country:coordinates:lat::FLOAT AS latitude,
    country:coordinates:lng::FLOAT AS longitude,

    country:area:kilometers::FLOAT AS area_km2,

    -- Demographics
    country:population::NUMBER AS population,

    -- Government
    country:government_type::STRING AS government_type,

    -- Capital
    country:capitals[0]:name::STRING AS capital_name,

    -- Currency
    country:currencies[0]:code::STRING AS currency_code,
    country:currencies[0]:name::STRING AS currency_name,

    -- Other useful information
    country:landlocked::BOOLEAN AS is_landlocked,

    -- Metadata
    SOURCE_FILE,
    INGESTION_TIMESTAMP

FROM countries
        );
[0m00:59:55.523951 [debug] [Thread-1 (]: SQL status: SUCCESS 1 in 1.391 seconds
[0m00:59:55.711832 [debug] [Thread-1 (]: Sending event: {'category': 'dbt', 'action': 'run_model', 'label': '72cc8dac-0b8e-4b8f-b1d7-c4907e2109ae', 'context': [<snowplow_tracker.self_describing_json.SelfDescribingJson object at 0x7f8166cbc390>]}
[0m00:59:55.822734 [info ] [Thread-1 (]: 1 of 1 OK created sql table model STAGING.stg_countries ........................ [[32mSUCCESS 1[0m in 1.78s]
[0m00:59:55.969126 [debug] [Thread-1 (]: Finished running node model.triplens_dbt.stg_countries
[0m00:59:56.173375 [debug] [MainThread]: Connection 'master' was properly closed.
[0m00:59:56.199217 [debug] [MainThread]: Connection 'model.triplens_dbt.stg_countries' was left open.
[0m00:59:56.231252 [debug] [MainThread]: On model.triplens_dbt.stg_countries: Close
[0m00:59:56.717374 [info ] [MainThread]: 
[0m00:59:56.725012 [info ] [MainThread]: Finished running 1 table model in 0 hours 0 minutes and 10.00 seconds (10.00s).
[0m00:59:56.732098 [debug] [MainThread]: Command end result
[0m00:59:57.118814 [debug] [MainThread]: Wrote artifact WritableManifest to /usr/app/triplens_dbt/target/manifest.json
[0m00:59:57.153011 [debug] [MainThread]: Wrote artifact SemanticManifest to /usr/app/triplens_dbt/target/semantic_manifest.json
[0m00:59:57.239349 [debug] [MainThread]: Wrote artifact RunExecutionResult to /usr/app/triplens_dbt/target/run_results.json
[0m00:59:57.278272 [info ] [MainThread]: 
[0m00:59:57.283896 [info ] [MainThread]: [32mCompleted successfully[0m
[0m00:59:57.290584 [info ] [MainThread]: 
[0m00:59:57.295050 [info ] [MainThread]: Done. PASS=1 WARN=0 ERROR=0 SKIP=0 TOTAL=1
[0m00:59:57.331881 [debug] [MainThread]: Resource report: {"command_name": "run", "command_success": true, "command_wall_clock_time": 15.95942, "process_in_blocks": "848", "process_kernel_time": 7.6896, "process_mem_max_rss": "130728", "process_out_blocks": "6032", "process_user_time": 13.485415}
[0m00:59:57.368076 [debug] [MainThread]: Command `dbt run` succeeded at 00:59:57.367677 after 16.00 seconds
[0m00:59:57.375994 [debug] [MainThread]: Sending event: {'category': 'dbt', 'action': 'invocation', 'label': 'end', 'context': [<snowplow_tracker.self_describing_json.SelfDescribingJson object at 0x7f8169f8f650>, <snowplow_tracker.self_describing_json.SelfDescribingJson object at 0x7f816ca78b50>, <snowplow_tracker.self_describing_json.SelfDescribingJson object at 0x7f81696b6bd0>]}
[0m00:59:57.380372 [debug] [MainThread]: Flushing usage events
[0m00:59:58.307259 [debug] [MainThread]: An error was encountered while trying to flush usage events
[0m02:11:09.252017 [debug] [MainThread]: Sending event: {'category': 'dbt', 'action': 'invocation', 'label': 'start', 'context': [<snowplow_tracker.self_describing_json.SelfDescribingJson object at 0x7f1d35da3250>, <snowplow_tracker.self_describing_json.SelfDescribingJson object at 0x7f1d35bfce90>, <snowplow_tracker.self_describing_json.SelfDescribingJson object at 0x7f1d35bff6d0>]}


============================== 02:11:09.279414 | ffffd6cb-b866-4c2a-aa44-21c1033d0641 ==============================
[0m02:11:09.279414 [info ] [MainThread]: Running with dbt=1.9.0
[0m02:11:09.282562 [debug] [MainThread]: running dbt with arguments {'printer_width': '80', 'indirect_selection': 'eager', 'log_cache_events': 'False', 'write_json': 'True', 'partial_parse': 'True', 'cache_selected_only': 'False', 'profiles_dir': '/root/.dbt', 'debug': 'False', 'version_check': 'True', 'log_path': '/usr/app/triplens_dbt/logs', 'warn_error': 'None', 'fail_fast': 'False', 'use_colors': 'True', 'use_experimental_parser': 'False', 'no_print': 'None', 'quiet': 'False', 'empty': 'None', 'log_format': 'default', 'invocation_command': 'dbt test', 'warn_error_options': 'WarnErrorOptions(include=[], exclude=[])', 'static_parser': 'True', 'target_path': 'None', 'introspect': 'True', 'send_anonymous_usage_stats': 'True'}
[0m02:11:11.290071 [debug] [MainThread]: Sending event: {'category': 'dbt', 'action': 'project_id', 'label': 'ffffd6cb-b866-4c2a-aa44-21c1033d0641', 'context': [<snowplow_tracker.self_describing_json.SelfDescribingJson object at 0x7f1d34acf110>]}
[0m02:11:11.608887 [debug] [MainThread]: Sending event: {'category': 'dbt', 'action': 'adapter_info', 'label': 'ffffd6cb-b866-4c2a-aa44-21c1033d0641', 'context': [<snowplow_tracker.self_describing_json.SelfDescribingJson object at 0x7f1d36b16490>]}
[0m02:11:11.623836 [info ] [MainThread]: Registered adapter: snowflake=1.9.0
[0m02:11:11.965469 [debug] [MainThread]: checksum: c99e828bba267739642b5a3ce85f17518764ea526e0e6c4fdc649171c1a66bff, vars: {}, profile: , target: , version: 1.9.0
[0m02:11:12.571131 [debug] [MainThread]: Partial parsing enabled: 0 files deleted, 0 files added, 2 files changed.
[0m02:11:12.576469 [debug] [MainThread]: Partial parsing: updated file: triplens_dbt://models/sources.yml
[0m02:11:12.578987 [debug] [MainThread]: Partial parsing: updated file: triplens_dbt://models/dim_country.sql
[0m02:11:13.509679 [warn ] [MainThread]: [[33mWARNING[0m]: Did not find matching node for patch with name 'dim_countries' in the 'models' section of file 'models/sources.yml'
[0m02:11:13.939786 [error] [MainThread]: Encountered an error:
Compilation Error
  Model 'model.triplens_dbt.dim_country' (models/dim_country.sql) depends on a source named 'staging.COUNTRIES_RAW' which was not found
[0m02:11:13.946480 [debug] [MainThread]: Resource report: {"command_name": "test", "command_success": false, "command_wall_clock_time": 4.903993, "process_in_blocks": "384", "process_kernel_time": 3.490679, "process_mem_max_rss": "120916", "process_out_blocks": "1672", "process_user_time": 8.357395}
[0m02:11:13.952244 [debug] [MainThread]: Command `dbt test` failed at 02:11:13.951841 after 4.91 seconds
[0m02:11:13.954561 [debug] [MainThread]: Sending event: {'category': 'dbt', 'action': 'invocation', 'label': 'end', 'context': [<snowplow_tracker.self_describing_json.SelfDescribingJson object at 0x7f1d361aa210>, <snowplow_tracker.self_describing_json.SelfDescribingJson object at 0x7f1d34a97550>, <snowplow_tracker.self_describing_json.SelfDescribingJson object at 0x7f1d2f5dd1d0>]}
[0m02:11:13.956272 [debug] [MainThread]: Flushing usage events
[0m02:11:14.400039 [debug] [MainThread]: An error was encountered while trying to flush usage events
[0m02:19:25.118265 [debug] [MainThread]: Sending event: {'category': 'dbt', 'action': 'invocation', 'label': 'start', 'context': [<snowplow_tracker.self_describing_json.SelfDescribingJson object at 0x7f05f8727410>, <snowplow_tracker.self_describing_json.SelfDescribingJson object at 0x7f05f8727f10>, <snowplow_tracker.self_describing_json.SelfDescribingJson object at 0x7f05f8726a50>]}


============================== 02:19:25.150164 | b91d4f00-dbc8-463b-9909-188784511a2e ==============================
[0m02:19:25.150164 [info ] [MainThread]: Running with dbt=1.9.0
[0m02:19:25.158344 [debug] [MainThread]: running dbt with arguments {'printer_width': '80', 'indirect_selection': 'eager', 'log_cache_events': 'False', 'write_json': 'True', 'partial_parse': 'True', 'cache_selected_only': 'False', 'profiles_dir': '/root/.dbt', 'debug': 'False', 'warn_error': 'None', 'log_path': '/usr/app/triplens_dbt/logs', 'version_check': 'True', 'fail_fast': 'False', 'use_colors': 'True', 'use_experimental_parser': 'False', 'empty': 'None', 'quiet': 'False', 'no_print': 'None', 'log_format': 'default', 'introspect': 'True', 'static_parser': 'True', 'invocation_command': 'dbt test', 'target_path': 'None', 'warn_error_options': 'WarnErrorOptions(include=[], exclude=[])', 'send_anonymous_usage_stats': 'True'}
[0m02:19:27.017787 [debug] [MainThread]: Sending event: {'category': 'dbt', 'action': 'project_id', 'label': 'b91d4f00-dbc8-463b-9909-188784511a2e', 'context': [<snowplow_tracker.self_describing_json.SelfDescribingJson object at 0x7f05f745b190>]}
[0m02:19:27.332750 [debug] [MainThread]: Sending event: {'category': 'dbt', 'action': 'adapter_info', 'label': 'b91d4f00-dbc8-463b-9909-188784511a2e', 'context': [<snowplow_tracker.self_describing_json.SelfDescribingJson object at 0x7f05f7596e90>]}
[0m02:19:27.350878 [info ] [MainThread]: Registered adapter: snowflake=1.9.0
[0m02:19:27.727764 [debug] [MainThread]: checksum: c99e828bba267739642b5a3ce85f17518764ea526e0e6c4fdc649171c1a66bff, vars: {}, profile: , target: , version: 1.9.0
[0m02:19:28.377337 [debug] [MainThread]: Partial parsing enabled: 1 files deleted, 1 files added, 1 files changed.
[0m02:19:28.385366 [debug] [MainThread]: Partial parsing: added file: triplens_dbt://models/dim_countries.sql
[0m02:19:28.393698 [debug] [MainThread]: Partial parsing: updated file: triplens_dbt://models/sources.yml
[0m02:19:28.396105 [debug] [MainThread]: Partial parsing: deleted file: triplens_dbt://models/dim_country.sql
[0m02:19:29.671227 [debug] [MainThread]: Sending event: {'category': 'dbt', 'action': 'load_project', 'label': 'b91d4f00-dbc8-463b-9909-188784511a2e', 'context': [<snowplow_tracker.self_describing_json.SelfDescribingJson object at 0x7f05f5fa19d0>]}
[0m02:19:30.006239 [debug] [MainThread]: Wrote artifact WritableManifest to /usr/app/triplens_dbt/target/manifest.json
[0m02:19:30.028622 [debug] [MainThread]: Wrote artifact SemanticManifest to /usr/app/triplens_dbt/target/semantic_manifest.json
[0m02:19:30.270278 [debug] [MainThread]: Sending event: {'category': 'dbt', 'action': 'resource_counts', 'label': 'b91d4f00-dbc8-463b-9909-188784511a2e', 'context': [<snowplow_tracker.self_describing_json.SelfDescribingJson object at 0x7f05f939b250>]}
[0m02:19:30.274170 [info ] [MainThread]: Found 2 models, 7 data tests, 1 source, 468 macros
[0m02:19:30.282676 [debug] [MainThread]: Sending event: {'category': 'dbt', 'action': 'runnable_timing', 'label': 'b91d4f00-dbc8-463b-9909-188784511a2e', 'context': [<snowplow_tracker.self_describing_json.SelfDescribingJson object at 0x7f05f7620a90>]}
[0m02:19:30.298459 [info ] [MainThread]: 
[0m02:19:30.326705 [info ] [MainThread]: Concurrency: 4 threads (target='dev')
[0m02:19:30.343655 [info ] [MainThread]: 
[0m02:19:30.350509 [debug] [MainThread]: Acquiring new snowflake connection 'master'
[0m02:19:30.391361 [debug] [ThreadPool]: Acquiring new snowflake connection 'list_TRIPLENS_STAGING'
[0m02:19:30.825030 [debug] [ThreadPool]: Using snowflake connection "list_TRIPLENS_STAGING"
[0m02:19:30.834000 [debug] [ThreadPool]: On list_TRIPLENS_STAGING: /* {"app": "dbt", "dbt_version": "1.9.0", "profile_name": "triplens_dbt", "target_name": "dev", "connection_name": "list_TRIPLENS_STAGING"} */
show objects in TRIPLENS.STAGING limit 10000;
[0m02:19:30.840572 [debug] [ThreadPool]: Opening a new connection, currently in state init
[0m02:19:36.720223 [debug] [ThreadPool]: SQL status: SUCCESS 4 in 5.879 seconds
[0m02:19:36.736704 [debug] [MainThread]: Sending event: {'category': 'dbt', 'action': 'runnable_timing', 'label': 'b91d4f00-dbc8-463b-9909-188784511a2e', 'context': [<snowplow_tracker.self_describing_json.SelfDescribingJson object at 0x7f05f9461f10>]}
[0m02:19:36.760820 [debug] [Thread-1 (]: Began running node test.triplens_dbt.not_null_dim_countries_country_id.a76373e926
[0m02:19:36.762149 [debug] [Thread-2 (]: Began running node test.triplens_dbt.not_null_dim_countries_country_name.89b0f8132c
[0m02:19:36.764046 [debug] [Thread-3 (]: Began running node test.triplens_dbt.not_null_stg_countries_country_id.acacf2eaa2
[0m02:19:36.765237 [debug] [Thread-4 (]: Began running node test.triplens_dbt.not_null_stg_countries_country_name.ecf4dc1c7e
[0m02:19:36.769188 [info ] [Thread-1 (]: 1 of 7 START test not_null_dim_countries_country_id ............................ [RUN]
[0m02:19:36.776610 [info ] [Thread-2 (]: 2 of 7 START test not_null_dim_countries_country_name .......................... [RUN]
[0m02:19:36.790082 [info ] [Thread-3 (]: 3 of 7 START test not_null_stg_countries_country_id ............................ [RUN]
[0m02:19:36.798615 [info ] [Thread-4 (]: 4 of 7 START test not_null_stg_countries_country_name .......................... [RUN]
[0m02:19:36.801911 [debug] [Thread-1 (]: Re-using an available connection from the pool (formerly list_TRIPLENS_STAGING, now test.triplens_dbt.not_null_dim_countries_country_id.a76373e926)
[0m02:19:36.806060 [debug] [Thread-2 (]: Acquiring new snowflake connection 'test.triplens_dbt.not_null_dim_countries_country_name.89b0f8132c'
[0m02:19:36.809854 [debug] [Thread-3 (]: Acquiring new snowflake connection 'test.triplens_dbt.not_null_stg_countries_country_id.acacf2eaa2'
[0m02:19:36.812493 [debug] [Thread-4 (]: Acquiring new snowflake connection 'test.triplens_dbt.not_null_stg_countries_country_name.ecf4dc1c7e'
[0m02:19:36.815877 [debug] [Thread-1 (]: Began compiling node test.triplens_dbt.not_null_dim_countries_country_id.a76373e926
[0m02:19:36.818453 [debug] [Thread-2 (]: Began compiling node test.triplens_dbt.not_null_dim_countries_country_name.89b0f8132c
[0m02:19:36.823677 [debug] [Thread-3 (]: Began compiling node test.triplens_dbt.not_null_stg_countries_country_id.acacf2eaa2
[0m02:19:36.826897 [debug] [Thread-4 (]: Began compiling node test.triplens_dbt.not_null_stg_countries_country_name.ecf4dc1c7e
[0m02:19:37.076091 [debug] [Thread-2 (]: Writing injected SQL for node "test.triplens_dbt.not_null_dim_countries_country_name.89b0f8132c"
[0m02:19:37.083110 [debug] [Thread-1 (]: Writing injected SQL for node "test.triplens_dbt.not_null_dim_countries_country_id.a76373e926"
[0m02:19:37.085594 [debug] [Thread-3 (]: Writing injected SQL for node "test.triplens_dbt.not_null_stg_countries_country_id.acacf2eaa2"
[0m02:19:37.118573 [debug] [Thread-4 (]: Writing injected SQL for node "test.triplens_dbt.not_null_stg_countries_country_name.ecf4dc1c7e"
[0m02:19:37.175456 [debug] [Thread-2 (]: Began executing node test.triplens_dbt.not_null_dim_countries_country_name.89b0f8132c
[0m02:19:37.185992 [debug] [Thread-1 (]: Began executing node test.triplens_dbt.not_null_dim_countries_country_id.a76373e926
[0m02:19:37.287542 [debug] [Thread-4 (]: Began executing node test.triplens_dbt.not_null_stg_countries_country_name.ecf4dc1c7e
[0m02:19:37.288853 [debug] [Thread-3 (]: Began executing node test.triplens_dbt.not_null_stg_countries_country_id.acacf2eaa2
[0m02:19:37.328475 [debug] [Thread-2 (]: Writing runtime sql for node "test.triplens_dbt.not_null_dim_countries_country_name.89b0f8132c"
[0m02:19:37.333649 [debug] [Thread-1 (]: Writing runtime sql for node "test.triplens_dbt.not_null_dim_countries_country_id.a76373e926"
[0m02:19:37.344145 [debug] [Thread-4 (]: Writing runtime sql for node "test.triplens_dbt.not_null_stg_countries_country_name.ecf4dc1c7e"
[0m02:19:37.356067 [debug] [Thread-3 (]: Writing runtime sql for node "test.triplens_dbt.not_null_stg_countries_country_id.acacf2eaa2"
[0m02:19:37.397131 [debug] [Thread-1 (]: Using snowflake connection "test.triplens_dbt.not_null_dim_countries_country_id.a76373e926"
[0m02:19:37.403327 [debug] [Thread-1 (]: On test.triplens_dbt.not_null_dim_countries_country_id.a76373e926: /* {"app": "dbt", "dbt_version": "1.9.0", "profile_name": "triplens_dbt", "target_name": "dev", "node_id": "test.triplens_dbt.not_null_dim_countries_country_id.a76373e926"} */
select
      count(*) as failures,
      count(*) != 0 as should_warn,
      count(*) != 0 as should_error
    from (
      
    
    



select country_id
from TRIPLENS.STAGING.dim_countries
where country_id is null



      
    ) dbt_internal_test
[0m02:19:37.439489 [debug] [Thread-4 (]: Using snowflake connection "test.triplens_dbt.not_null_stg_countries_country_name.ecf4dc1c7e"
[0m02:19:37.449375 [debug] [Thread-4 (]: On test.triplens_dbt.not_null_stg_countries_country_name.ecf4dc1c7e: /* {"app": "dbt", "dbt_version": "1.9.0", "profile_name": "triplens_dbt", "target_name": "dev", "node_id": "test.triplens_dbt.not_null_stg_countries_country_name.ecf4dc1c7e"} */
select
      count(*) as failures,
      count(*) != 0 as should_warn,
      count(*) != 0 as should_error
    from (
      
    
    



select country_name
from TRIPLENS.STAGING.stg_countries
where country_name is null



      
    ) dbt_internal_test
[0m02:19:37.452590 [debug] [Thread-4 (]: Opening a new connection, currently in state init
[0m02:19:37.467938 [debug] [Thread-2 (]: Using snowflake connection "test.triplens_dbt.not_null_dim_countries_country_name.89b0f8132c"
[0m02:19:37.517809 [debug] [Thread-2 (]: On test.triplens_dbt.not_null_dim_countries_country_name.89b0f8132c: /* {"app": "dbt", "dbt_version": "1.9.0", "profile_name": "triplens_dbt", "target_name": "dev", "node_id": "test.triplens_dbt.not_null_dim_countries_country_name.89b0f8132c"} */
select
      count(*) as failures,
      count(*) != 0 as should_warn,
      count(*) != 0 as should_error
    from (
      
    
    



select country_name
from TRIPLENS.STAGING.dim_countries
where country_name is null



      
    ) dbt_internal_test
[0m02:19:37.523572 [debug] [Thread-3 (]: Using snowflake connection "test.triplens_dbt.not_null_stg_countries_country_id.acacf2eaa2"
[0m02:19:37.531067 [debug] [Thread-2 (]: Opening a new connection, currently in state init
[0m02:19:37.565331 [debug] [Thread-3 (]: On test.triplens_dbt.not_null_stg_countries_country_id.acacf2eaa2: /* {"app": "dbt", "dbt_version": "1.9.0", "profile_name": "triplens_dbt", "target_name": "dev", "node_id": "test.triplens_dbt.not_null_stg_countries_country_id.acacf2eaa2"} */
select
      count(*) as failures,
      count(*) != 0 as should_warn,
      count(*) != 0 as should_error
    from (
      
    
    



select country_id
from TRIPLENS.STAGING.stg_countries
where country_id is null



      
    ) dbt_internal_test
[0m02:19:37.594634 [debug] [Thread-3 (]: Opening a new connection, currently in state init
[0m02:19:37.626688 [debug] [Thread-1 (]: Snowflake adapter: Snowflake query id: 01c6e14b-3204-7eb4-0008-25e20006eb7e
[0m02:19:37.629797 [debug] [Thread-1 (]: Snowflake adapter: Snowflake error: 002003 (42S02): SQL compilation error:
Object 'TRIPLENS.STAGING.DIM_COUNTRIES' does not exist or not authorized.
[0m02:19:37.647975 [debug] [Thread-1 (]: Database Error in test not_null_dim_countries_country_id (models/sources.yml)
  002003 (42S02): SQL compilation error:
  Object 'TRIPLENS.STAGING.DIM_COUNTRIES' does not exist or not authorized.
  compiled code at target/run/triplens_dbt/models/sources.yml/not_null_dim_countries_country_id.sql
[0m02:19:37.651988 [error] [Thread-1 (]: 1 of 7 ERROR not_null_dim_countries_country_id ................................. [[31mERROR[0m in 0.85s]
[0m02:19:37.657917 [debug] [Thread-1 (]: Finished running node test.triplens_dbt.not_null_dim_countries_country_id.a76373e926
[0m02:19:37.666054 [debug] [Thread-1 (]: Began running node test.triplens_dbt.unique_dim_countries_country_id.0fc58d9e54
[0m02:19:37.668185 [debug] [Thread-7 (]: Marking all children of 'test.triplens_dbt.not_null_dim_countries_country_id.a76373e926' to be skipped because of status 'error'.  Reason: Database Error in test not_null_dim_countries_country_id (models/sources.yml)
  002003 (42S02): SQL compilation error:
  Object 'TRIPLENS.STAGING.DIM_COUNTRIES' does not exist or not authorized.
  compiled code at target/run/triplens_dbt/models/sources.yml/not_null_dim_countries_country_id.sql.
[0m02:19:37.671988 [info ] [Thread-1 (]: 5 of 7 START test unique_dim_countries_country_id .............................. [RUN]
[0m02:19:37.681682 [debug] [Thread-1 (]: Re-using an available connection from the pool (formerly test.triplens_dbt.not_null_dim_countries_country_id.a76373e926, now test.triplens_dbt.unique_dim_countries_country_id.0fc58d9e54)
[0m02:19:37.699534 [debug] [Thread-1 (]: Began compiling node test.triplens_dbt.unique_dim_countries_country_id.0fc58d9e54
[0m02:19:37.745090 [debug] [Thread-1 (]: Writing injected SQL for node "test.triplens_dbt.unique_dim_countries_country_id.0fc58d9e54"
[0m02:19:37.858503 [debug] [Thread-1 (]: Began executing node test.triplens_dbt.unique_dim_countries_country_id.0fc58d9e54
[0m02:19:37.879125 [debug] [Thread-1 (]: Writing runtime sql for node "test.triplens_dbt.unique_dim_countries_country_id.0fc58d9e54"
[0m02:19:37.964832 [debug] [Thread-1 (]: Using snowflake connection "test.triplens_dbt.unique_dim_countries_country_id.0fc58d9e54"
[0m02:19:37.987749 [debug] [Thread-1 (]: On test.triplens_dbt.unique_dim_countries_country_id.0fc58d9e54: /* {"app": "dbt", "dbt_version": "1.9.0", "profile_name": "triplens_dbt", "target_name": "dev", "node_id": "test.triplens_dbt.unique_dim_countries_country_id.0fc58d9e54"} */
select
      count(*) as failures,
      count(*) != 0 as should_warn,
      count(*) != 0 as should_error
    from (
      
    
    

select
    country_id as unique_field,
    count(*) as n_records

from TRIPLENS.STAGING.dim_countries
where country_id is not null
group by country_id
having count(*) > 1



      
    ) dbt_internal_test
[0m02:19:38.114103 [debug] [Thread-1 (]: Snowflake adapter: Snowflake query id: 01c6e14b-3204-7faa-0008-25e200072196
[0m02:19:38.116569 [debug] [Thread-1 (]: Snowflake adapter: Snowflake error: 002003 (42S02): SQL compilation error:
Object 'TRIPLENS.STAGING.DIM_COUNTRIES' does not exist or not authorized.
[0m02:19:38.129164 [debug] [Thread-1 (]: Database Error in test unique_dim_countries_country_id (models/sources.yml)
  002003 (42S02): SQL compilation error:
  Object 'TRIPLENS.STAGING.DIM_COUNTRIES' does not exist or not authorized.
  compiled code at target/run/triplens_dbt/models/sources.yml/unique_dim_countries_country_id.sql
[0m02:19:38.132245 [error] [Thread-1 (]: 5 of 7 ERROR unique_dim_countries_country_id ................................... [[31mERROR[0m in 0.45s]
[0m02:19:38.136245 [debug] [Thread-1 (]: Finished running node test.triplens_dbt.unique_dim_countries_country_id.0fc58d9e54
[0m02:19:38.139355 [debug] [Thread-1 (]: Began running node test.triplens_dbt.unique_stg_countries_country_id.8679936442
[0m02:19:38.140982 [debug] [Thread-7 (]: Marking all children of 'test.triplens_dbt.unique_dim_countries_country_id.0fc58d9e54' to be skipped because of status 'error'.  Reason: Database Error in test unique_dim_countries_country_id (models/sources.yml)
  002003 (42S02): SQL compilation error:
  Object 'TRIPLENS.STAGING.DIM_COUNTRIES' does not exist or not authorized.
  compiled code at target/run/triplens_dbt/models/sources.yml/unique_dim_countries_country_id.sql.
[0m02:19:38.143238 [info ] [Thread-1 (]: 6 of 7 START test unique_stg_countries_country_id .............................. [RUN]
[0m02:19:38.149998 [debug] [Thread-1 (]: Re-using an available connection from the pool (formerly test.triplens_dbt.unique_dim_countries_country_id.0fc58d9e54, now test.triplens_dbt.unique_stg_countries_country_id.8679936442)
[0m02:19:38.152395 [debug] [Thread-1 (]: Began compiling node test.triplens_dbt.unique_stg_countries_country_id.8679936442
[0m02:19:38.167398 [debug] [Thread-1 (]: Writing injected SQL for node "test.triplens_dbt.unique_stg_countries_country_id.8679936442"
[0m02:19:38.191090 [debug] [Thread-1 (]: Began executing node test.triplens_dbt.unique_stg_countries_country_id.8679936442
[0m02:19:38.205706 [debug] [Thread-1 (]: Writing runtime sql for node "test.triplens_dbt.unique_stg_countries_country_id.8679936442"
[0m02:19:38.226239 [debug] [Thread-1 (]: Using snowflake connection "test.triplens_dbt.unique_stg_countries_country_id.8679936442"
[0m02:19:38.228607 [debug] [Thread-1 (]: On test.triplens_dbt.unique_stg_countries_country_id.8679936442: /* {"app": "dbt", "dbt_version": "1.9.0", "profile_name": "triplens_dbt", "target_name": "dev", "node_id": "test.triplens_dbt.unique_stg_countries_country_id.8679936442"} */
select
      count(*) as failures,
      count(*) != 0 as should_warn,
      count(*) != 0 as should_error
    from (
      
    
    

select
    country_id as unique_field,
    count(*) as n_records

from TRIPLENS.STAGING.stg_countries
where country_id is not null
group by country_id
having count(*) > 1



      
    ) dbt_internal_test
[0m02:19:38.957360 [debug] [Thread-1 (]: SQL status: SUCCESS 1 in 0.727 seconds
[0m02:19:38.995173 [info ] [Thread-1 (]: 6 of 7 PASS unique_stg_countries_country_id .................................... [[32mPASS[0m in 0.85s]
[0m02:19:39.007015 [debug] [Thread-4 (]: SQL status: SUCCESS 1 in 1.554 seconds
[0m02:19:39.009040 [debug] [Thread-1 (]: Finished running node test.triplens_dbt.unique_stg_countries_country_id.8679936442
[0m02:19:39.016119 [info ] [Thread-4 (]: 4 of 7 PASS not_null_stg_countries_country_name ................................ [[32mPASS[0m in 2.20s]
[0m02:19:39.019244 [debug] [Thread-1 (]: Began running node test.triplens_dbt.unique_stg_countries_iso_alpha_3.4dd3049048
[0m02:19:39.023753 [debug] [Thread-4 (]: Finished running node test.triplens_dbt.not_null_stg_countries_country_name.ecf4dc1c7e
[0m02:19:39.026658 [info ] [Thread-1 (]: 7 of 7 START test unique_stg_countries_iso_alpha_3 ............................. [RUN]
[0m02:19:39.031930 [debug] [Thread-1 (]: Re-using an available connection from the pool (formerly test.triplens_dbt.unique_stg_countries_country_id.8679936442, now test.triplens_dbt.unique_stg_countries_iso_alpha_3.4dd3049048)
[0m02:19:39.034671 [debug] [Thread-1 (]: Began compiling node test.triplens_dbt.unique_stg_countries_iso_alpha_3.4dd3049048
[0m02:19:39.055019 [debug] [Thread-1 (]: Writing injected SQL for node "test.triplens_dbt.unique_stg_countries_iso_alpha_3.4dd3049048"
[0m02:19:39.074107 [debug] [Thread-1 (]: Began executing node test.triplens_dbt.unique_stg_countries_iso_alpha_3.4dd3049048
[0m02:19:39.081816 [debug] [Thread-1 (]: Writing runtime sql for node "test.triplens_dbt.unique_stg_countries_iso_alpha_3.4dd3049048"
[0m02:19:39.100995 [debug] [Thread-1 (]: Using snowflake connection "test.triplens_dbt.unique_stg_countries_iso_alpha_3.4dd3049048"
[0m02:19:39.103189 [debug] [Thread-1 (]: On test.triplens_dbt.unique_stg_countries_iso_alpha_3.4dd3049048: /* {"app": "dbt", "dbt_version": "1.9.0", "profile_name": "triplens_dbt", "target_name": "dev", "node_id": "test.triplens_dbt.unique_stg_countries_iso_alpha_3.4dd3049048"} */
select
      count(*) as failures,
      count(*) != 0 as should_warn,
      count(*) != 0 as should_error
    from (
      
    
    

select
    iso_alpha_3 as unique_field,
    count(*) as n_records

from TRIPLENS.STAGING.stg_countries
where iso_alpha_3 is not null
group by iso_alpha_3
having count(*) > 1



      
    ) dbt_internal_test
[0m02:19:39.223379 [debug] [Thread-3 (]: SQL status: SUCCESS 1 in 1.629 seconds
[0m02:19:39.230260 [info ] [Thread-3 (]: 3 of 7 PASS not_null_stg_countries_country_id .................................. [[32mPASS[0m in 2.42s]
[0m02:19:39.233943 [debug] [Thread-3 (]: Finished running node test.triplens_dbt.not_null_stg_countries_country_id.acacf2eaa2
[0m02:19:39.265505 [debug] [Thread-2 (]: Snowflake adapter: Snowflake query id: 01c6e14b-3204-7f83-0008-25e200070166
[0m02:19:39.267727 [debug] [Thread-2 (]: Snowflake adapter: Snowflake error: 002003 (42S02): SQL compilation error:
Object 'TRIPLENS.STAGING.DIM_COUNTRIES' does not exist or not authorized.
[0m02:19:39.278724 [debug] [Thread-2 (]: Database Error in test not_null_dim_countries_country_name (models/sources.yml)
  002003 (42S02): SQL compilation error:
  Object 'TRIPLENS.STAGING.DIM_COUNTRIES' does not exist or not authorized.
  compiled code at target/run/triplens_dbt/models/sources.yml/not_null_dim_countries_country_name.sql
[0m02:19:39.281097 [error] [Thread-2 (]: 2 of 7 ERROR not_null_dim_countries_country_name ............................... [[31mERROR[0m in 2.48s]
[0m02:19:39.284365 [debug] [Thread-2 (]: Finished running node test.triplens_dbt.not_null_dim_countries_country_name.89b0f8132c
[0m02:19:39.288319 [debug] [Thread-7 (]: Marking all children of 'test.triplens_dbt.not_null_dim_countries_country_name.89b0f8132c' to be skipped because of status 'error'.  Reason: Database Error in test not_null_dim_countries_country_name (models/sources.yml)
  002003 (42S02): SQL compilation error:
  Object 'TRIPLENS.STAGING.DIM_COUNTRIES' does not exist or not authorized.
  compiled code at target/run/triplens_dbt/models/sources.yml/not_null_dim_countries_country_name.sql.
[0m02:19:39.301328 [debug] [Thread-1 (]: SQL status: SUCCESS 1 in 0.196 seconds
[0m02:19:39.308554 [info ] [Thread-1 (]: 7 of 7 PASS unique_stg_countries_iso_alpha_3 ................................... [[32mPASS[0m in 0.28s]
[0m02:19:39.311401 [debug] [Thread-1 (]: Finished running node test.triplens_dbt.unique_stg_countries_iso_alpha_3.4dd3049048
[0m02:19:39.317334 [debug] [MainThread]: Connection 'master' was properly closed.
[0m02:19:39.319468 [debug] [MainThread]: Connection 'test.triplens_dbt.unique_stg_countries_iso_alpha_3.4dd3049048' was left open.
[0m02:19:39.321095 [debug] [MainThread]: On test.triplens_dbt.unique_stg_countries_iso_alpha_3.4dd3049048: Close
[0m02:19:39.442550 [debug] [MainThread]: Connection 'test.triplens_dbt.not_null_dim_countries_country_name.89b0f8132c' was left open.
[0m02:19:39.444527 [debug] [MainThread]: On test.triplens_dbt.not_null_dim_countries_country_name.89b0f8132c: Close
[0m02:19:39.570251 [debug] [MainThread]: Connection 'test.triplens_dbt.not_null_stg_countries_country_id.acacf2eaa2' was left open.
[0m02:19:39.572240 [debug] [MainThread]: On test.triplens_dbt.not_null_stg_countries_country_id.acacf2eaa2: Close
[0m02:19:39.687988 [debug] [MainThread]: Connection 'test.triplens_dbt.not_null_stg_countries_country_name.ecf4dc1c7e' was left open.
[0m02:19:39.690706 [debug] [MainThread]: On test.triplens_dbt.not_null_stg_countries_country_name.ecf4dc1c7e: Close
[0m02:19:39.814552 [info ] [MainThread]: 
[0m02:19:39.819105 [info ] [MainThread]: Finished running 7 data tests in 0 hours 0 minutes and 9.46 seconds (9.46s).
[0m02:19:39.828409 [debug] [MainThread]: Command end result
[0m02:19:39.976351 [debug] [MainThread]: Wrote artifact WritableManifest to /usr/app/triplens_dbt/target/manifest.json
[0m02:19:39.989099 [debug] [MainThread]: Wrote artifact SemanticManifest to /usr/app/triplens_dbt/target/semantic_manifest.json
[0m02:19:40.018716 [debug] [MainThread]: Wrote artifact RunExecutionResult to /usr/app/triplens_dbt/target/run_results.json
[0m02:19:40.021099 [info ] [MainThread]: 
[0m02:19:40.023706 [info ] [MainThread]: [31mCompleted with 3 errors, 0 partial successes, and 0 warnings:[0m
[0m02:19:40.026780 [info ] [MainThread]: 
[0m02:19:40.029706 [error] [MainThread]:   Database Error in test not_null_dim_countries_country_id (models/sources.yml)
  002003 (42S02): SQL compilation error:
  Object 'TRIPLENS.STAGING.DIM_COUNTRIES' does not exist or not authorized.
  compiled code at target/run/triplens_dbt/models/sources.yml/not_null_dim_countries_country_id.sql
[0m02:19:40.032950 [info ] [MainThread]: 
[0m02:19:40.036013 [error] [MainThread]:   Database Error in test unique_dim_countries_country_id (models/sources.yml)
  002003 (42S02): SQL compilation error:
  Object 'TRIPLENS.STAGING.DIM_COUNTRIES' does not exist or not authorized.
  compiled code at target/run/triplens_dbt/models/sources.yml/unique_dim_countries_country_id.sql
[0m02:19:40.043989 [info ] [MainThread]: 
[0m02:19:40.050713 [error] [MainThread]:   Database Error in test not_null_dim_countries_country_name (models/sources.yml)
  002003 (42S02): SQL compilation error:
  Object 'TRIPLENS.STAGING.DIM_COUNTRIES' does not exist or not authorized.
  compiled code at target/run/triplens_dbt/models/sources.yml/not_null_dim_countries_country_name.sql
[0m02:19:40.056620 [info ] [MainThread]: 
[0m02:19:40.062010 [info ] [MainThread]: Done. PASS=4 WARN=0 ERROR=3 SKIP=0 TOTAL=7
[0m02:19:40.067310 [debug] [MainThread]: Resource report: {"command_name": "test", "command_success": false, "command_wall_clock_time": 15.18457, "process_in_blocks": "0", "process_kernel_time": 6.21201, "process_mem_max_rss": "141660", "process_out_blocks": "6032", "process_user_time": 12.829371}
[0m02:19:40.070496 [debug] [MainThread]: Command `dbt test` failed at 02:19:40.070099 after 15.19 seconds
[0m02:19:40.073524 [debug] [MainThread]: Sending event: {'category': 'dbt', 'action': 'invocation', 'label': 'end', 'context': [<snowplow_tracker.self_describing_json.SelfDescribingJson object at 0x7f05f859c450>, <snowplow_tracker.self_describing_json.SelfDescribingJson object at 0x7f05f859c2d0>, <snowplow_tracker.self_describing_json.SelfDescribingJson object at 0x7f05fc071590>]}
[0m02:19:40.076903 [debug] [MainThread]: Flushing usage events
[0m02:19:40.390984 [debug] [MainThread]: An error was encountered while trying to flush usage events
[0m02:24:26.173104 [debug] [MainThread]: Sending event: {'category': 'dbt', 'action': 'invocation', 'label': 'start', 'context': [<snowplow_tracker.self_describing_json.SelfDescribingJson object at 0x7f5d433dea50>, <snowplow_tracker.self_describing_json.SelfDescribingJson object at 0x7f5d43023950>, <snowplow_tracker.self_describing_json.SelfDescribingJson object at 0x7f5d43001790>]}


============================== 02:24:26.196168 | fa7f1546-3267-4b3f-a2e1-1c1cdeb3e14e ==============================
[0m02:24:26.196168 [info ] [MainThread]: Running with dbt=1.9.0
[0m02:24:26.199459 [debug] [MainThread]: running dbt with arguments {'printer_width': '80', 'indirect_selection': 'eager', 'write_json': 'True', 'log_cache_events': 'False', 'partial_parse': 'True', 'cache_selected_only': 'False', 'warn_error': 'None', 'version_check': 'True', 'debug': 'False', 'log_path': '/usr/app/triplens_dbt/logs', 'profiles_dir': '/root/.dbt', 'fail_fast': 'False', 'use_colors': 'True', 'use_experimental_parser': 'False', 'empty': 'False', 'quiet': 'False', 'no_print': 'None', 'log_format': 'default', 'static_parser': 'True', 'introspect': 'True', 'warn_error_options': 'WarnErrorOptions(include=[], exclude=[])', 'target_path': 'None', 'invocation_command': 'dbt run --select dim_countries', 'send_anonymous_usage_stats': 'True'}
[0m02:24:27.928370 [debug] [MainThread]: Sending event: {'category': 'dbt', 'action': 'project_id', 'label': 'fa7f1546-3267-4b3f-a2e1-1c1cdeb3e14e', 'context': [<snowplow_tracker.self_describing_json.SelfDescribingJson object at 0x7f5d41d333d0>]}
[0m02:24:28.188800 [debug] [MainThread]: Sending event: {'category': 'dbt', 'action': 'adapter_info', 'label': 'fa7f1546-3267-4b3f-a2e1-1c1cdeb3e14e', 'context': [<snowplow_tracker.self_describing_json.SelfDescribingJson object at 0x7f5d43d52450>]}
[0m02:24:28.199067 [info ] [MainThread]: Registered adapter: snowflake=1.9.0
[0m02:24:28.568428 [debug] [MainThread]: checksum: c99e828bba267739642b5a3ce85f17518764ea526e0e6c4fdc649171c1a66bff, vars: {}, profile: , target: , version: 1.9.0
[0m02:24:29.115150 [debug] [MainThread]: Partial parsing enabled: 0 files deleted, 0 files added, 0 files changed.
[0m02:24:29.117473 [debug] [MainThread]: Partial parsing enabled, no changes found, skipping parsing
[0m02:24:29.375973 [debug] [MainThread]: Sending event: {'category': 'dbt', 'action': 'load_project', 'label': 'fa7f1546-3267-4b3f-a2e1-1c1cdeb3e14e', 'context': [<snowplow_tracker.self_describing_json.SelfDescribingJson object at 0x7f5d41b6e450>]}
[0m02:24:29.756146 [debug] [MainThread]: Wrote artifact WritableManifest to /usr/app/triplens_dbt/target/manifest.json
[0m02:24:29.773327 [debug] [MainThread]: Wrote artifact SemanticManifest to /usr/app/triplens_dbt/target/semantic_manifest.json
[0m02:24:29.854101 [debug] [MainThread]: Sending event: {'category': 'dbt', 'action': 'resource_counts', 'label': 'fa7f1546-3267-4b3f-a2e1-1c1cdeb3e14e', 'context': [<snowplow_tracker.self_describing_json.SelfDescribingJson object at 0x7f5d41d8ddd0>]}
[0m02:24:29.856563 [info ] [MainThread]: Found 2 models, 7 data tests, 1 source, 468 macros
[0m02:24:29.858926 [debug] [MainThread]: Sending event: {'category': 'dbt', 'action': 'runnable_timing', 'label': 'fa7f1546-3267-4b3f-a2e1-1c1cdeb3e14e', 'context': [<snowplow_tracker.self_describing_json.SelfDescribingJson object at 0x7f5d41d850d0>]}
[0m02:24:29.864613 [info ] [MainThread]: 
[0m02:24:29.873321 [info ] [MainThread]: Concurrency: 4 threads (target='dev')
[0m02:24:29.876688 [info ] [MainThread]: 
[0m02:24:29.880790 [debug] [MainThread]: Acquiring new snowflake connection 'master'
[0m02:24:29.886825 [debug] [ThreadPool]: Acquiring new snowflake connection 'list_TRIPLENS'
[0m02:24:30.351006 [debug] [ThreadPool]: Using snowflake connection "list_TRIPLENS"
[0m02:24:30.353043 [debug] [ThreadPool]: On list_TRIPLENS: /* {"app": "dbt", "dbt_version": "1.9.0", "profile_name": "triplens_dbt", "target_name": "dev", "connection_name": "list_TRIPLENS"} */
show terse schemas in database TRIPLENS
    limit 10000
[0m02:24:30.355240 [debug] [ThreadPool]: Opening a new connection, currently in state init
[0m02:24:35.656859 [debug] [ThreadPool]: SQL status: SUCCESS 3 in 5.300 seconds
[0m02:24:35.689405 [debug] [ThreadPool]: Re-using an available connection from the pool (formerly list_TRIPLENS, now list_TRIPLENS_STAGING)
[0m02:24:35.733403 [debug] [ThreadPool]: Using snowflake connection "list_TRIPLENS_STAGING"
[0m02:24:35.742024 [debug] [ThreadPool]: On list_TRIPLENS_STAGING: /* {"app": "dbt", "dbt_version": "1.9.0", "profile_name": "triplens_dbt", "target_name": "dev", "connection_name": "list_TRIPLENS_STAGING"} */
show objects in TRIPLENS.STAGING limit 10000;
[0m02:24:35.916846 [debug] [ThreadPool]: SQL status: SUCCESS 4 in 0.168 seconds
[0m02:24:35.926435 [debug] [MainThread]: Sending event: {'category': 'dbt', 'action': 'runnable_timing', 'label': 'fa7f1546-3267-4b3f-a2e1-1c1cdeb3e14e', 'context': [<snowplow_tracker.self_describing_json.SelfDescribingJson object at 0x7f5d41e16b90>]}
[0m02:24:35.935772 [debug] [Thread-1 (]: Began running node model.triplens_dbt.dim_countries
[0m02:24:35.937815 [info ] [Thread-1 (]: 1 of 1 START sql table model STAGING.dim_countries ............................. [RUN]
[0m02:24:35.940528 [debug] [Thread-1 (]: Re-using an available connection from the pool (formerly list_TRIPLENS_STAGING, now model.triplens_dbt.dim_countries)
[0m02:24:35.942660 [debug] [Thread-1 (]: Began compiling node model.triplens_dbt.dim_countries
[0m02:24:35.969379 [debug] [Thread-1 (]: Writing injected SQL for node "model.triplens_dbt.dim_countries"
[0m02:24:35.994011 [debug] [Thread-1 (]: Began executing node model.triplens_dbt.dim_countries
[0m02:24:36.091410 [debug] [Thread-1 (]: Writing runtime sql for node "model.triplens_dbt.dim_countries"
[0m02:24:36.119495 [debug] [Thread-1 (]: Using snowflake connection "model.triplens_dbt.dim_countries"
[0m02:24:36.122485 [debug] [Thread-1 (]: On model.triplens_dbt.dim_countries: /* {"app": "dbt", "dbt_version": "1.9.0", "profile_name": "triplens_dbt", "target_name": "dev", "node_id": "model.triplens_dbt.dim_countries"} */
create or replace transient table TRIPLENS.STAGING.dim_countries
         as
        (SELECT
    country_id,

    TRIM(country_name) AS country_name,
    TRIM(official_name) AS official_name,

    UPPER(iso_alpha_2) AS iso_alpha_2,
    UPPER(iso_alpha_3) AS iso_alpha_3,

    region,
    subregion,
    continent,

    population,
    area_km2,

    -- Derived metric
    ROUND(
        population / NULLIF(area_km2, 0),
        2
    ) AS population_density,

    -- Geographic information
    latitude,
    longitude,

    government_type,
    capital_name,

    currency_code,
    currency_name,

    is_landlocked,

    -- Derived classification
    CASE
        WHEN population >= 100000000 THEN 'Very Large'
        WHEN population >= 50000000 THEN 'Large'
        WHEN population >= 10000000 THEN 'Medium'
        ELSE 'Small'
    END AS population_category,

    SOURCE_FILE,
    INGESTION_TIMESTAMP

FROM TRIPLENS.STAGING.stg_countries




-- SELECT
--     country_id,
--     country_name,
--     official_name,

--     iso_alpha_2,
--     iso_alpha_3,

--     region,
--     subregion,
--     continent,

--     population,
--     area_km2,

--     latitude,
--     longitude,

--     government_type,
--     capital_name,

--     currency_code,
--     currency_name,

--     is_landlocked,

--     SOURCE_FILE,
--     INGESTION_TIMESTAMP

-- FROM TRIPLENS.STAGING.stg_countries





-- SELECT
--     RAW_DATA:uuid::STRING AS country_id,
--     RAW_DATA:names.common::STRING AS country_name,
--     RAW_DATA:names.official::STRING AS official_name,

--     RAW_DATA:codes.alpha_2::STRING AS iso_alpha_2,
--     RAW_DATA:codes.alpha_3::STRING AS iso_alpha_3,

--     RAW_DATA:region::STRING AS region,
--     RAW_DATA:subregion::STRING AS subregion,

--     RAW_DATA:population::NUMBER AS population,
--     RAW_DATA:area.kilometers::FLOAT AS area_km2,

--     RAW_DATA:coordinates.lat::FLOAT AS latitude,
--     RAW_DATA:coordinates.lng::FLOAT AS longitude,

--     RAW_DATA:government_type::STRING AS government_type,

--     RAW_DATA:capitals[0].name::STRING AS capital_name,
--     RAW_DATA:continent::STRING AS continent,

--     RAW_DATA:currencies[0].code::STRING AS currency_code,
--     RAW_DATA:currencies[0].name::STRING AS currency_name,

--     RAW_DATA:languages[0].name::STRING AS language_name,

--     RAW_DATA:timezones[0]::STRING AS timezone,

--     SOURCE_FILE,
--     INGESTION_TIMESTAMP

-- FROM TRIPLENS.STAGING.COUNTRIES_RAW
        );
[0m02:24:36.851964 [debug] [Thread-1 (]: SQL status: SUCCESS 1 in 0.726 seconds
[0m02:24:36.916167 [debug] [Thread-1 (]: Sending event: {'category': 'dbt', 'action': 'run_model', 'label': 'fa7f1546-3267-4b3f-a2e1-1c1cdeb3e14e', 'context': [<snowplow_tracker.self_describing_json.SelfDescribingJson object at 0x7f5d41cf9250>]}
[0m02:24:36.918954 [info ] [Thread-1 (]: 1 of 1 OK created sql table model STAGING.dim_countries ........................ [[32mSUCCESS 1[0m in 0.97s]
[0m02:24:36.922089 [debug] [Thread-1 (]: Finished running node model.triplens_dbt.dim_countries
[0m02:24:36.928751 [debug] [MainThread]: Connection 'master' was properly closed.
[0m02:24:36.930949 [debug] [MainThread]: Connection 'model.triplens_dbt.dim_countries' was left open.
[0m02:24:36.932880 [debug] [MainThread]: On model.triplens_dbt.dim_countries: Close
[0m02:24:37.032581 [info ] [MainThread]: 
[0m02:24:37.036801 [info ] [MainThread]: Finished running 1 table model in 0 hours 0 minutes and 7.15 seconds (7.15s).
[0m02:24:37.039928 [debug] [MainThread]: Command end result
[0m02:24:37.155780 [debug] [MainThread]: Wrote artifact WritableManifest to /usr/app/triplens_dbt/target/manifest.json
[0m02:24:37.169039 [debug] [MainThread]: Wrote artifact SemanticManifest to /usr/app/triplens_dbt/target/semantic_manifest.json
[0m02:24:37.192473 [debug] [MainThread]: Wrote artifact RunExecutionResult to /usr/app/triplens_dbt/target/run_results.json
[0m02:24:37.196097 [info ] [MainThread]: 
[0m02:24:37.200669 [info ] [MainThread]: [32mCompleted successfully[0m
[0m02:24:37.206607 [info ] [MainThread]: 
[0m02:24:37.209487 [info ] [MainThread]: Done. PASS=1 WARN=0 ERROR=0 SKIP=0 TOTAL=1
[0m02:24:37.216469 [debug] [MainThread]: Resource report: {"command_name": "run", "command_success": true, "command_wall_clock_time": 11.3658, "process_in_blocks": "0", "process_kernel_time": 5.652937, "process_mem_max_rss": "130856", "process_out_blocks": "6032", "process_user_time": 11.735212}
[0m02:24:37.219806 [debug] [MainThread]: Command `dbt run` succeeded at 02:24:37.219380 after 11.37 seconds
[0m02:24:37.222540 [debug] [MainThread]: Sending event: {'category': 'dbt', 'action': 'invocation', 'label': 'end', 'context': [<snowplow_tracker.self_describing_json.SelfDescribingJson object at 0x7f5d42e37c10>, <snowplow_tracker.self_describing_json.SelfDescribingJson object at 0x7f5d433de6d0>, <snowplow_tracker.self_describing_json.SelfDescribingJson object at 0x7f5d46890b50>]}
[0m02:24:37.228990 [debug] [MainThread]: Flushing usage events
[0m02:24:38.581290 [debug] [MainThread]: An error was encountered while trying to flush usage events
[0m02:28:36.422412 [debug] [MainThread]: Sending event: {'category': 'dbt', 'action': 'invocation', 'label': 'start', 'context': [<snowplow_tracker.self_describing_json.SelfDescribingJson object at 0x7fd1d62e6e50>, <snowplow_tracker.self_describing_json.SelfDescribingJson object at 0x7fd1d66ee050>, <snowplow_tracker.self_describing_json.SelfDescribingJson object at 0x7fd1d66ee1d0>]}


============================== 02:28:36.466087 | df13e944-e2ff-4bbd-986b-7d6d8b20f14f ==============================
[0m02:28:36.466087 [info ] [MainThread]: Running with dbt=1.9.0
[0m02:28:36.469293 [debug] [MainThread]: running dbt with arguments {'printer_width': '80', 'indirect_selection': 'eager', 'log_cache_events': 'False', 'write_json': 'True', 'partial_parse': 'True', 'cache_selected_only': 'False', 'profiles_dir': '/root/.dbt', 'debug': 'False', 'fail_fast': 'False', 'log_path': '/usr/app/triplens_dbt/logs', 'version_check': 'True', 'warn_error': 'None', 'use_colors': 'True', 'use_experimental_parser': 'False', 'no_print': 'None', 'quiet': 'False', 'empty': 'None', 'warn_error_options': 'WarnErrorOptions(include=[], exclude=[])', 'static_parser': 'True', 'invocation_command': 'dbt test', 'log_format': 'default', 'target_path': 'None', 'introspect': 'True', 'send_anonymous_usage_stats': 'True'}
[0m02:28:38.504760 [debug] [MainThread]: Sending event: {'category': 'dbt', 'action': 'project_id', 'label': 'df13e944-e2ff-4bbd-986b-7d6d8b20f14f', 'context': [<snowplow_tracker.self_describing_json.SelfDescribingJson object at 0x7fd1d51d9f50>]}
[0m02:28:38.870042 [debug] [MainThread]: Sending event: {'category': 'dbt', 'action': 'adapter_info', 'label': 'df13e944-e2ff-4bbd-986b-7d6d8b20f14f', 'context': [<snowplow_tracker.self_describing_json.SelfDescribingJson object at 0x7fd1d5156b10>]}
[0m02:28:38.882617 [info ] [MainThread]: Registered adapter: snowflake=1.9.0
[0m02:28:39.309776 [debug] [MainThread]: checksum: c99e828bba267739642b5a3ce85f17518764ea526e0e6c4fdc649171c1a66bff, vars: {}, profile: , target: , version: 1.9.0
[0m02:28:40.288332 [debug] [MainThread]: Partial parsing enabled: 0 files deleted, 0 files added, 0 files changed.
[0m02:28:40.291133 [debug] [MainThread]: Partial parsing enabled, no changes found, skipping parsing
[0m02:28:40.508678 [debug] [MainThread]: Sending event: {'category': 'dbt', 'action': 'load_project', 'label': 'df13e944-e2ff-4bbd-986b-7d6d8b20f14f', 'context': [<snowplow_tracker.self_describing_json.SelfDescribingJson object at 0x7fd1d4d4e590>]}
[0m02:28:40.934636 [debug] [MainThread]: Wrote artifact WritableManifest to /usr/app/triplens_dbt/target/manifest.json
[0m02:28:40.952105 [debug] [MainThread]: Wrote artifact SemanticManifest to /usr/app/triplens_dbt/target/semantic_manifest.json
[0m02:28:41.222848 [debug] [MainThread]: Sending event: {'category': 'dbt', 'action': 'resource_counts', 'label': 'df13e944-e2ff-4bbd-986b-7d6d8b20f14f', 'context': [<snowplow_tracker.self_describing_json.SelfDescribingJson object at 0x7fd1d4aa7150>]}
[0m02:28:41.298095 [info ] [MainThread]: Found 2 models, 7 data tests, 1 source, 468 macros
[0m02:28:41.327982 [debug] [MainThread]: Sending event: {'category': 'dbt', 'action': 'runnable_timing', 'label': 'df13e944-e2ff-4bbd-986b-7d6d8b20f14f', 'context': [<snowplow_tracker.self_describing_json.SelfDescribingJson object at 0x7fd1d4fdf150>]}
[0m02:28:41.355765 [info ] [MainThread]: 
[0m02:28:41.379452 [info ] [MainThread]: Concurrency: 4 threads (target='dev')
[0m02:28:41.382850 [info ] [MainThread]: 
[0m02:28:41.387842 [debug] [MainThread]: Acquiring new snowflake connection 'master'
[0m02:28:41.405471 [debug] [ThreadPool]: Acquiring new snowflake connection 'list_TRIPLENS_STAGING'
[0m02:28:41.943378 [debug] [ThreadPool]: Using snowflake connection "list_TRIPLENS_STAGING"
[0m02:28:41.946381 [debug] [ThreadPool]: On list_TRIPLENS_STAGING: /* {"app": "dbt", "dbt_version": "1.9.0", "profile_name": "triplens_dbt", "target_name": "dev", "connection_name": "list_TRIPLENS_STAGING"} */
show objects in TRIPLENS.STAGING limit 10000;
[0m02:28:41.948450 [debug] [ThreadPool]: Opening a new connection, currently in state init
[0m02:28:48.702118 [debug] [ThreadPool]: SQL status: SUCCESS 5 in 6.744 seconds
[0m02:28:48.736507 [debug] [MainThread]: Sending event: {'category': 'dbt', 'action': 'runnable_timing', 'label': 'df13e944-e2ff-4bbd-986b-7d6d8b20f14f', 'context': [<snowplow_tracker.self_describing_json.SelfDescribingJson object at 0x7fd1d4e71b50>]}
[0m02:28:48.790668 [debug] [Thread-1 (]: Began running node test.triplens_dbt.not_null_dim_countries_country_id.a76373e926
[0m02:28:48.792644 [debug] [Thread-2 (]: Began running node test.triplens_dbt.not_null_dim_countries_country_name.89b0f8132c
[0m02:28:48.793984 [debug] [Thread-3 (]: Began running node test.triplens_dbt.not_null_stg_countries_country_id.acacf2eaa2
[0m02:28:48.795376 [debug] [Thread-4 (]: Began running node test.triplens_dbt.not_null_stg_countries_country_name.ecf4dc1c7e
[0m02:28:48.804000 [info ] [Thread-1 (]: 1 of 7 START test not_null_dim_countries_country_id ............................ [RUN]
[0m02:28:48.808460 [info ] [Thread-2 (]: 2 of 7 START test not_null_dim_countries_country_name .......................... [RUN]
[0m02:28:48.813493 [info ] [Thread-3 (]: 3 of 7 START test not_null_stg_countries_country_id ............................ [RUN]
[0m02:28:48.822884 [info ] [Thread-4 (]: 4 of 7 START test not_null_stg_countries_country_name .......................... [RUN]
[0m02:28:48.826221 [debug] [Thread-1 (]: Re-using an available connection from the pool (formerly list_TRIPLENS_STAGING, now test.triplens_dbt.not_null_dim_countries_country_id.a76373e926)
[0m02:28:48.830068 [debug] [Thread-2 (]: Acquiring new snowflake connection 'test.triplens_dbt.not_null_dim_countries_country_name.89b0f8132c'
[0m02:28:48.840906 [debug] [Thread-3 (]: Acquiring new snowflake connection 'test.triplens_dbt.not_null_stg_countries_country_id.acacf2eaa2'
[0m02:28:48.844049 [debug] [Thread-4 (]: Acquiring new snowflake connection 'test.triplens_dbt.not_null_stg_countries_country_name.ecf4dc1c7e'
[0m02:28:48.847560 [debug] [Thread-1 (]: Began compiling node test.triplens_dbt.not_null_dim_countries_country_id.a76373e926
[0m02:28:48.850605 [debug] [Thread-2 (]: Began compiling node test.triplens_dbt.not_null_dim_countries_country_name.89b0f8132c
[0m02:28:48.855601 [debug] [Thread-3 (]: Began compiling node test.triplens_dbt.not_null_stg_countries_country_id.acacf2eaa2
[0m02:28:48.858387 [debug] [Thread-4 (]: Began compiling node test.triplens_dbt.not_null_stg_countries_country_name.ecf4dc1c7e
[0m02:28:49.012552 [debug] [Thread-1 (]: Writing injected SQL for node "test.triplens_dbt.not_null_dim_countries_country_id.a76373e926"
[0m02:28:49.019607 [debug] [Thread-2 (]: Writing injected SQL for node "test.triplens_dbt.not_null_dim_countries_country_name.89b0f8132c"
[0m02:28:49.037628 [debug] [Thread-3 (]: Writing injected SQL for node "test.triplens_dbt.not_null_stg_countries_country_id.acacf2eaa2"
[0m02:28:49.067073 [debug] [Thread-4 (]: Writing injected SQL for node "test.triplens_dbt.not_null_stg_countries_country_name.ecf4dc1c7e"
[0m02:28:49.111974 [debug] [Thread-1 (]: Began executing node test.triplens_dbt.not_null_dim_countries_country_id.a76373e926
[0m02:28:49.120397 [debug] [Thread-2 (]: Began executing node test.triplens_dbt.not_null_dim_countries_country_name.89b0f8132c
[0m02:28:49.131605 [debug] [Thread-3 (]: Began executing node test.triplens_dbt.not_null_stg_countries_country_id.acacf2eaa2
[0m02:28:49.140141 [debug] [Thread-4 (]: Began executing node test.triplens_dbt.not_null_stg_countries_country_name.ecf4dc1c7e
[0m02:28:49.289156 [debug] [Thread-2 (]: Writing runtime sql for node "test.triplens_dbt.not_null_dim_countries_country_name.89b0f8132c"
[0m02:28:49.291597 [debug] [Thread-1 (]: Writing runtime sql for node "test.triplens_dbt.not_null_dim_countries_country_id.a76373e926"
[0m02:28:49.328830 [debug] [Thread-4 (]: Writing runtime sql for node "test.triplens_dbt.not_null_stg_countries_country_name.ecf4dc1c7e"
[0m02:28:49.343114 [debug] [Thread-3 (]: Writing runtime sql for node "test.triplens_dbt.not_null_stg_countries_country_id.acacf2eaa2"
[0m02:28:49.380964 [debug] [Thread-2 (]: Using snowflake connection "test.triplens_dbt.not_null_dim_countries_country_name.89b0f8132c"
[0m02:28:49.383143 [debug] [Thread-4 (]: Using snowflake connection "test.triplens_dbt.not_null_stg_countries_country_name.ecf4dc1c7e"
[0m02:28:49.385290 [debug] [Thread-1 (]: Using snowflake connection "test.triplens_dbt.not_null_dim_countries_country_id.a76373e926"
[0m02:28:49.387638 [debug] [Thread-2 (]: On test.triplens_dbt.not_null_dim_countries_country_name.89b0f8132c: /* {"app": "dbt", "dbt_version": "1.9.0", "profile_name": "triplens_dbt", "target_name": "dev", "node_id": "test.triplens_dbt.not_null_dim_countries_country_name.89b0f8132c"} */
select
      count(*) as failures,
      count(*) != 0 as should_warn,
      count(*) != 0 as should_error
    from (
      
    
    



select country_name
from TRIPLENS.STAGING.dim_countries
where country_name is null



      
    ) dbt_internal_test
[0m02:28:49.391389 [debug] [Thread-3 (]: Using snowflake connection "test.triplens_dbt.not_null_stg_countries_country_id.acacf2eaa2"
[0m02:28:49.392845 [debug] [Thread-4 (]: On test.triplens_dbt.not_null_stg_countries_country_name.ecf4dc1c7e: /* {"app": "dbt", "dbt_version": "1.9.0", "profile_name": "triplens_dbt", "target_name": "dev", "node_id": "test.triplens_dbt.not_null_stg_countries_country_name.ecf4dc1c7e"} */
select
      count(*) as failures,
      count(*) != 0 as should_warn,
      count(*) != 0 as should_error
    from (
      
    
    



select country_name
from TRIPLENS.STAGING.stg_countries
where country_name is null



      
    ) dbt_internal_test
[0m02:28:49.395471 [debug] [Thread-1 (]: On test.triplens_dbt.not_null_dim_countries_country_id.a76373e926: /* {"app": "dbt", "dbt_version": "1.9.0", "profile_name": "triplens_dbt", "target_name": "dev", "node_id": "test.triplens_dbt.not_null_dim_countries_country_id.a76373e926"} */
select
      count(*) as failures,
      count(*) != 0 as should_warn,
      count(*) != 0 as should_error
    from (
      
    
    



select country_id
from TRIPLENS.STAGING.dim_countries
where country_id is null



      
    ) dbt_internal_test
[0m02:28:49.397929 [debug] [Thread-2 (]: Opening a new connection, currently in state init
[0m02:28:49.400617 [debug] [Thread-3 (]: On test.triplens_dbt.not_null_stg_countries_country_id.acacf2eaa2: /* {"app": "dbt", "dbt_version": "1.9.0", "profile_name": "triplens_dbt", "target_name": "dev", "node_id": "test.triplens_dbt.not_null_stg_countries_country_id.acacf2eaa2"} */
select
      count(*) as failures,
      count(*) != 0 as should_warn,
      count(*) != 0 as should_error
    from (
      
    
    



select country_id
from TRIPLENS.STAGING.stg_countries
where country_id is null



      
    ) dbt_internal_test
[0m02:28:49.403755 [debug] [Thread-4 (]: Opening a new connection, currently in state init
[0m02:28:49.432443 [debug] [Thread-3 (]: Opening a new connection, currently in state init
[0m02:28:49.645191 [debug] [Thread-1 (]: SQL status: SUCCESS 1 in 0.236 seconds
[0m02:28:49.695906 [info ] [Thread-1 (]: 1 of 7 PASS not_null_dim_countries_country_id .................................. [[32mPASS[0m in 0.87s]
[0m02:28:49.703486 [debug] [Thread-1 (]: Finished running node test.triplens_dbt.not_null_dim_countries_country_id.a76373e926
[0m02:28:49.710022 [debug] [Thread-1 (]: Began running node test.triplens_dbt.unique_dim_countries_country_id.0fc58d9e54
[0m02:28:49.719058 [info ] [Thread-1 (]: 5 of 7 START test unique_dim_countries_country_id .............................. [RUN]
[0m02:28:49.726875 [debug] [Thread-1 (]: Re-using an available connection from the pool (formerly test.triplens_dbt.not_null_dim_countries_country_id.a76373e926, now test.triplens_dbt.unique_dim_countries_country_id.0fc58d9e54)
[0m02:28:49.730099 [debug] [Thread-1 (]: Began compiling node test.triplens_dbt.unique_dim_countries_country_id.0fc58d9e54
[0m02:28:49.773070 [debug] [Thread-1 (]: Writing injected SQL for node "test.triplens_dbt.unique_dim_countries_country_id.0fc58d9e54"
[0m02:28:49.849572 [debug] [Thread-1 (]: Began executing node test.triplens_dbt.unique_dim_countries_country_id.0fc58d9e54
[0m02:28:49.893383 [debug] [Thread-1 (]: Writing runtime sql for node "test.triplens_dbt.unique_dim_countries_country_id.0fc58d9e54"
[0m02:28:50.042475 [debug] [Thread-1 (]: Using snowflake connection "test.triplens_dbt.unique_dim_countries_country_id.0fc58d9e54"
[0m02:28:50.065395 [debug] [Thread-1 (]: On test.triplens_dbt.unique_dim_countries_country_id.0fc58d9e54: /* {"app": "dbt", "dbt_version": "1.9.0", "profile_name": "triplens_dbt", "target_name": "dev", "node_id": "test.triplens_dbt.unique_dim_countries_country_id.0fc58d9e54"} */
select
      count(*) as failures,
      count(*) != 0 as should_warn,
      count(*) != 0 as should_error
    from (
      
    
    

select
    country_id as unique_field,
    count(*) as n_records

from TRIPLENS.STAGING.dim_countries
where country_id is not null
group by country_id
having count(*) > 1



      
    ) dbt_internal_test
[0m02:28:50.202602 [debug] [Thread-1 (]: SQL status: SUCCESS 1 in 0.132 seconds
[0m02:28:50.209856 [info ] [Thread-1 (]: 5 of 7 PASS unique_dim_countries_country_id .................................... [[32mPASS[0m in 0.48s]
[0m02:28:50.214587 [debug] [Thread-1 (]: Finished running node test.triplens_dbt.unique_dim_countries_country_id.0fc58d9e54
[0m02:28:50.221683 [debug] [Thread-1 (]: Began running node test.triplens_dbt.unique_stg_countries_country_id.8679936442
[0m02:28:50.226249 [info ] [Thread-1 (]: 6 of 7 START test unique_stg_countries_country_id .............................. [RUN]
[0m02:28:50.242777 [debug] [Thread-1 (]: Re-using an available connection from the pool (formerly test.triplens_dbt.unique_dim_countries_country_id.0fc58d9e54, now test.triplens_dbt.unique_stg_countries_country_id.8679936442)
[0m02:28:50.246480 [debug] [Thread-1 (]: Began compiling node test.triplens_dbt.unique_stg_countries_country_id.8679936442
[0m02:28:50.270008 [debug] [Thread-1 (]: Writing injected SQL for node "test.triplens_dbt.unique_stg_countries_country_id.8679936442"
[0m02:28:50.319060 [debug] [Thread-1 (]: Began executing node test.triplens_dbt.unique_stg_countries_country_id.8679936442
[0m02:28:50.332312 [debug] [Thread-1 (]: Writing runtime sql for node "test.triplens_dbt.unique_stg_countries_country_id.8679936442"
[0m02:28:50.353373 [debug] [Thread-4 (]: SQL status: SUCCESS 1 in 0.950 seconds
[0m02:28:50.368274 [info ] [Thread-4 (]: 4 of 7 PASS not_null_stg_countries_country_name ................................ [[32mPASS[0m in 1.52s]
[0m02:28:50.372727 [debug] [Thread-4 (]: Finished running node test.triplens_dbt.not_null_stg_countries_country_name.ecf4dc1c7e
[0m02:28:50.376264 [debug] [Thread-4 (]: Began running node test.triplens_dbt.unique_stg_countries_iso_alpha_3.4dd3049048
[0m02:28:50.379362 [info ] [Thread-4 (]: 7 of 7 START test unique_stg_countries_iso_alpha_3 ............................. [RUN]
[0m02:28:50.383533 [debug] [Thread-1 (]: Using snowflake connection "test.triplens_dbt.unique_stg_countries_country_id.8679936442"
[0m02:28:50.385067 [debug] [Thread-4 (]: Re-using an available connection from the pool (formerly test.triplens_dbt.not_null_stg_countries_country_name.ecf4dc1c7e, now test.triplens_dbt.unique_stg_countries_iso_alpha_3.4dd3049048)
[0m02:28:50.387879 [debug] [Thread-1 (]: On test.triplens_dbt.unique_stg_countries_country_id.8679936442: /* {"app": "dbt", "dbt_version": "1.9.0", "profile_name": "triplens_dbt", "target_name": "dev", "node_id": "test.triplens_dbt.unique_stg_countries_country_id.8679936442"} */
select
      count(*) as failures,
      count(*) != 0 as should_warn,
      count(*) != 0 as should_error
    from (
      
    
    

select
    country_id as unique_field,
    count(*) as n_records

from TRIPLENS.STAGING.stg_countries
where country_id is not null
group by country_id
having count(*) > 1



      
    ) dbt_internal_test
[0m02:28:50.391034 [debug] [Thread-4 (]: Began compiling node test.triplens_dbt.unique_stg_countries_iso_alpha_3.4dd3049048
[0m02:28:50.419017 [debug] [Thread-4 (]: Writing injected SQL for node "test.triplens_dbt.unique_stg_countries_iso_alpha_3.4dd3049048"
[0m02:28:50.452971 [debug] [Thread-4 (]: Began executing node test.triplens_dbt.unique_stg_countries_iso_alpha_3.4dd3049048
[0m02:28:50.463765 [debug] [Thread-4 (]: Writing runtime sql for node "test.triplens_dbt.unique_stg_countries_iso_alpha_3.4dd3049048"
[0m02:28:50.560242 [debug] [Thread-1 (]: SQL status: SUCCESS 1 in 0.166 seconds
[0m02:28:50.582701 [info ] [Thread-1 (]: 6 of 7 PASS unique_stg_countries_country_id .................................... [[32mPASS[0m in 0.34s]
[0m02:28:50.598939 [debug] [Thread-1 (]: Finished running node test.triplens_dbt.unique_stg_countries_country_id.8679936442
[0m02:28:50.708198 [debug] [Thread-4 (]: Using snowflake connection "test.triplens_dbt.unique_stg_countries_iso_alpha_3.4dd3049048"
[0m02:28:50.711742 [debug] [Thread-4 (]: On test.triplens_dbt.unique_stg_countries_iso_alpha_3.4dd3049048: /* {"app": "dbt", "dbt_version": "1.9.0", "profile_name": "triplens_dbt", "target_name": "dev", "node_id": "test.triplens_dbt.unique_stg_countries_iso_alpha_3.4dd3049048"} */
select
      count(*) as failures,
      count(*) != 0 as should_warn,
      count(*) != 0 as should_error
    from (
      
    
    

select
    iso_alpha_3 as unique_field,
    count(*) as n_records

from TRIPLENS.STAGING.stg_countries
where iso_alpha_3 is not null
group by iso_alpha_3
having count(*) > 1



      
    ) dbt_internal_test
[0m02:28:50.847000 [debug] [Thread-4 (]: SQL status: SUCCESS 1 in 0.133 seconds
[0m02:28:50.861355 [info ] [Thread-4 (]: 7 of 7 PASS unique_stg_countries_iso_alpha_3 ................................... [[32mPASS[0m in 0.48s]
[0m02:28:50.885818 [debug] [Thread-4 (]: Finished running node test.triplens_dbt.unique_stg_countries_iso_alpha_3.4dd3049048
[0m02:28:50.955846 [debug] [Thread-3 (]: SQL status: SUCCESS 1 in 1.523 seconds
[0m02:28:50.968574 [info ] [Thread-3 (]: 3 of 7 PASS not_null_stg_countries_country_id .................................. [[32mPASS[0m in 2.13s]
[0m02:28:50.977237 [debug] [Thread-3 (]: Finished running node test.triplens_dbt.not_null_stg_countries_country_id.acacf2eaa2
[0m02:28:51.018595 [debug] [Thread-2 (]: SQL status: SUCCESS 1 in 1.620 seconds
[0m02:28:51.029541 [info ] [Thread-2 (]: 2 of 7 PASS not_null_dim_countries_country_name ................................ [[32mPASS[0m in 2.20s]
[0m02:28:51.035437 [debug] [Thread-2 (]: Finished running node test.triplens_dbt.not_null_dim_countries_country_name.89b0f8132c
[0m02:28:51.066368 [debug] [MainThread]: Connection 'master' was properly closed.
[0m02:28:51.078335 [debug] [MainThread]: Connection 'test.triplens_dbt.unique_stg_countries_country_id.8679936442' was left open.
[0m02:28:51.080829 [debug] [MainThread]: On test.triplens_dbt.unique_stg_countries_country_id.8679936442: Close
[0m02:28:51.200514 [debug] [MainThread]: Connection 'test.triplens_dbt.not_null_dim_countries_country_name.89b0f8132c' was left open.
[0m02:28:51.221601 [debug] [MainThread]: On test.triplens_dbt.not_null_dim_countries_country_name.89b0f8132c: Close
[0m02:28:51.381187 [debug] [MainThread]: Connection 'test.triplens_dbt.not_null_stg_countries_country_id.acacf2eaa2' was left open.
[0m02:28:51.394212 [debug] [MainThread]: On test.triplens_dbt.not_null_stg_countries_country_id.acacf2eaa2: Close
[0m02:28:51.581275 [debug] [MainThread]: Connection 'test.triplens_dbt.unique_stg_countries_iso_alpha_3.4dd3049048' was left open.
[0m02:28:51.611110 [debug] [MainThread]: On test.triplens_dbt.unique_stg_countries_iso_alpha_3.4dd3049048: Close
[0m02:28:51.797309 [info ] [MainThread]: 
[0m02:28:51.806325 [info ] [MainThread]: Finished running 7 data tests in 0 hours 0 minutes and 10.41 seconds (10.41s).
[0m02:28:51.821319 [debug] [MainThread]: Command end result
[0m02:28:52.061764 [debug] [MainThread]: Wrote artifact WritableManifest to /usr/app/triplens_dbt/target/manifest.json
[0m02:28:52.078027 [debug] [MainThread]: Wrote artifact SemanticManifest to /usr/app/triplens_dbt/target/semantic_manifest.json
[0m02:28:52.170073 [debug] [MainThread]: Wrote artifact RunExecutionResult to /usr/app/triplens_dbt/target/run_results.json
[0m02:28:52.174306 [info ] [MainThread]: 
[0m02:28:52.177597 [info ] [MainThread]: [32mCompleted successfully[0m
[0m02:28:52.180404 [info ] [MainThread]: 
[0m02:28:52.185268 [info ] [MainThread]: Done. PASS=7 WARN=0 ERROR=0 SKIP=0 TOTAL=7
[0m02:28:52.201940 [debug] [MainThread]: Resource report: {"command_name": "test", "command_success": true, "command_wall_clock_time": 16.30441, "process_in_blocks": "0", "process_kernel_time": 7.036758, "process_mem_max_rss": "137812", "process_out_blocks": "6040", "process_user_time": 15.619162}
[0m02:28:52.211970 [debug] [MainThread]: Command `dbt test` succeeded at 02:28:52.211425 after 16.31 seconds
[0m02:28:52.231946 [debug] [MainThread]: Sending event: {'category': 'dbt', 'action': 'invocation', 'label': 'end', 'context': [<snowplow_tracker.self_describing_json.SelfDescribingJson object at 0x7fd1d615c550>, <snowplow_tracker.self_describing_json.SelfDescribingJson object at 0x7fd1d615e910>, <snowplow_tracker.self_describing_json.SelfDescribingJson object at 0x7fd1ccc476d0>]}
[0m02:28:52.234589 [debug] [MainThread]: Flushing usage events
[0m02:28:52.515128 [debug] [MainThread]: An error was encountered while trying to flush usage events
[0m20:01:37.140416 [debug] [MainThread]: Sending event: {'category': 'dbt', 'action': 'invocation', 'label': 'start', 'context': [<snowplow_tracker.self_describing_json.SelfDescribingJson object at 0x7f313728e210>, <snowplow_tracker.self_describing_json.SelfDescribingJson object at 0x7f3136e93750>, <snowplow_tracker.self_describing_json.SelfDescribingJson object at 0x7f3139134dd0>]}


============================== 20:01:37.158728 | dca2d84a-c2ce-4b75-b62b-7d361cc85701 ==============================
[0m20:01:37.158728 [info ] [MainThread]: Running with dbt=1.9.0
[0m20:01:37.166315 [debug] [MainThread]: running dbt with arguments {'printer_width': '80', 'indirect_selection': 'eager', 'log_cache_events': 'False', 'write_json': 'True', 'partial_parse': 'True', 'cache_selected_only': 'False', 'warn_error': 'None', 'debug': 'False', 'profiles_dir': '/root/.dbt', 'log_path': '/usr/app/triplens_dbt/logs', 'fail_fast': 'False', 'version_check': 'True', 'use_colors': 'True', 'use_experimental_parser': 'False', 'empty': 'False', 'quiet': 'False', 'no_print': 'None', 'warn_error_options': 'WarnErrorOptions(include=[], exclude=[])', 'static_parser': 'True', 'log_format': 'default', 'introspect': 'True', 'target_path': 'None', 'invocation_command': 'dbt run --project-dir /usr/app/triplens_dbt --profiles-dir /root/.dbt', 'send_anonymous_usage_stats': 'True'}
[0m20:01:39.208567 [debug] [MainThread]: Sending event: {'category': 'dbt', 'action': 'project_id', 'label': 'dca2d84a-c2ce-4b75-b62b-7d361cc85701', 'context': [<snowplow_tracker.self_describing_json.SelfDescribingJson object at 0x7f3135d92b10>]}
[0m20:01:39.510017 [debug] [MainThread]: Sending event: {'category': 'dbt', 'action': 'adapter_info', 'label': 'dca2d84a-c2ce-4b75-b62b-7d361cc85701', 'context': [<snowplow_tracker.self_describing_json.SelfDescribingJson object at 0x7f3135d1df50>]}
[0m20:01:39.520766 [info ] [MainThread]: Registered adapter: snowflake=1.9.0
[0m20:01:39.931994 [debug] [MainThread]: checksum: c99e828bba267739642b5a3ce85f17518764ea526e0e6c4fdc649171c1a66bff, vars: {}, profile: , target: , version: 1.9.0
[0m20:01:41.405199 [debug] [MainThread]: Partial parsing enabled: 0 files deleted, 0 files added, 0 files changed.
[0m20:01:41.409382 [debug] [MainThread]: Partial parsing enabled, no changes found, skipping parsing
[0m20:01:41.703818 [debug] [MainThread]: Sending event: {'category': 'dbt', 'action': 'load_project', 'label': 'dca2d84a-c2ce-4b75-b62b-7d361cc85701', 'context': [<snowplow_tracker.self_describing_json.SelfDescribingJson object at 0x7f3136ee7850>]}
[0m20:01:42.254548 [debug] [MainThread]: Wrote artifact WritableManifest to /usr/app/triplens_dbt/target/manifest.json
[0m20:01:42.291029 [debug] [MainThread]: Wrote artifact SemanticManifest to /usr/app/triplens_dbt/target/semantic_manifest.json
[0m20:01:42.514156 [debug] [MainThread]: Sending event: {'category': 'dbt', 'action': 'resource_counts', 'label': 'dca2d84a-c2ce-4b75-b62b-7d361cc85701', 'context': [<snowplow_tracker.self_describing_json.SelfDescribingJson object at 0x7f3135a3b7d0>]}
[0m20:01:42.520419 [info ] [MainThread]: Found 2 models, 7 data tests, 1 source, 468 macros
[0m20:01:42.529898 [debug] [MainThread]: Sending event: {'category': 'dbt', 'action': 'runnable_timing', 'label': 'dca2d84a-c2ce-4b75-b62b-7d361cc85701', 'context': [<snowplow_tracker.self_describing_json.SelfDescribingJson object at 0x7f3135ebccd0>]}
[0m20:01:42.540420 [info ] [MainThread]: 
[0m20:01:42.566366 [info ] [MainThread]: Concurrency: 4 threads (target='dev')
[0m20:01:42.570922 [info ] [MainThread]: 
[0m20:01:42.576716 [debug] [MainThread]: Acquiring new snowflake connection 'master'
[0m20:01:42.600825 [debug] [ThreadPool]: Acquiring new snowflake connection 'list_TRIPLENS'
[0m20:01:43.899761 [debug] [ThreadPool]: Using snowflake connection "list_TRIPLENS"
[0m20:01:43.956187 [debug] [ThreadPool]: On list_TRIPLENS: /* {"app": "dbt", "dbt_version": "1.9.0", "profile_name": "triplens_dbt", "target_name": "dev", "connection_name": "list_TRIPLENS"} */
show terse schemas in database TRIPLENS
    limit 10000
[0m20:01:43.975221 [debug] [ThreadPool]: Opening a new connection, currently in state init
[0m20:01:54.982576 [debug] [ThreadPool]: SQL status: SUCCESS 3 in 11.009 seconds
[0m20:01:54.993183 [debug] [ThreadPool]: Acquiring new snowflake connection 'list_TRIPLENS_STAGING'
[0m20:01:55.039437 [debug] [ThreadPool]: Using snowflake connection "list_TRIPLENS_STAGING"
[0m20:01:55.068259 [debug] [ThreadPool]: On list_TRIPLENS_STAGING: /* {"app": "dbt", "dbt_version": "1.9.0", "profile_name": "triplens_dbt", "target_name": "dev", "connection_name": "list_TRIPLENS_STAGING"} */
show objects in TRIPLENS.STAGING limit 10000;
[0m20:01:55.071023 [debug] [ThreadPool]: Opening a new connection, currently in state init
[0m20:01:56.633522 [debug] [ThreadPool]: SQL status: SUCCESS 5 in 1.562 seconds
[0m20:01:56.644881 [debug] [MainThread]: Sending event: {'category': 'dbt', 'action': 'runnable_timing', 'label': 'dca2d84a-c2ce-4b75-b62b-7d361cc85701', 'context': [<snowplow_tracker.self_describing_json.SelfDescribingJson object at 0x7f3139145690>]}
[0m20:01:56.667780 [debug] [Thread-1 (]: Began running node model.triplens_dbt.stg_countries
[0m20:01:56.672023 [info ] [Thread-1 (]: 1 of 2 START sql table model STAGING.stg_countries ............................. [RUN]
[0m20:01:56.675584 [debug] [Thread-1 (]: Re-using an available connection from the pool (formerly list_TRIPLENS_STAGING, now model.triplens_dbt.stg_countries)
[0m20:01:56.678560 [debug] [Thread-1 (]: Began compiling node model.triplens_dbt.stg_countries
[0m20:01:56.707993 [debug] [Thread-1 (]: Writing injected SQL for node "model.triplens_dbt.stg_countries"
[0m20:01:56.731597 [debug] [Thread-1 (]: Began executing node model.triplens_dbt.stg_countries
[0m20:01:56.924067 [debug] [Thread-1 (]: Writing runtime sql for node "model.triplens_dbt.stg_countries"
[0m20:01:57.062732 [debug] [Thread-1 (]: Using snowflake connection "model.triplens_dbt.stg_countries"
[0m20:01:57.115255 [debug] [Thread-1 (]: On model.triplens_dbt.stg_countries: /* {"app": "dbt", "dbt_version": "1.9.0", "profile_name": "triplens_dbt", "target_name": "dev", "node_id": "model.triplens_dbt.stg_countries"} */
create or replace transient table TRIPLENS.STAGING.stg_countries
         as
        (WITH source_data AS (

    SELECT
        RAW_DATA,
        SOURCE_FILE,
        INGESTION_TIMESTAMP
    FROM TRIPLENS.STAGING.COUNTRIES_RAW

),

countries AS (

    SELECT
        value AS country,
        SOURCE_FILE,
        INGESTION_TIMESTAMP
    FROM source_data,
    LATERAL FLATTEN(
        input => RAW_DATA:data:objects
    )

)

SELECT

    -- Identity
    country:uuid::STRING AS country_id,

    -- Names
    country:names:common::STRING AS country_name,
    country:names:official::STRING AS official_name,

    -- ISO codes
    country:codes:alpha_2::STRING AS iso_alpha_2,
    country:codes:alpha_3::STRING AS iso_alpha_3,

    -- Geography
    country:region::STRING AS region,
    country:subregion::STRING AS subregion,
    country:continents[0]::STRING AS continent,

    country:coordinates:lat::FLOAT AS latitude,
    country:coordinates:lng::FLOAT AS longitude,

    country:area:kilometers::FLOAT AS area_km2,

    -- Demographics
    country:population::NUMBER AS population,

    -- Government
    country:government_type::STRING AS government_type,

    -- Capital
    country:capitals[0]:name::STRING AS capital_name,

    -- Currency
    country:currencies[0]:code::STRING AS currency_code,
    country:currencies[0]:name::STRING AS currency_name,

    -- Other useful information
    country:landlocked::BOOLEAN AS is_landlocked,

    -- Metadata
    SOURCE_FILE,
    INGESTION_TIMESTAMP

FROM countries
        );
[0m20:01:58.746820 [debug] [Thread-1 (]: SQL status: SUCCESS 1 in 1.621 seconds
[0m20:01:58.955528 [debug] [Thread-1 (]: Sending event: {'category': 'dbt', 'action': 'run_model', 'label': 'dca2d84a-c2ce-4b75-b62b-7d361cc85701', 'context': [<snowplow_tracker.self_describing_json.SelfDescribingJson object at 0x7f3135dc7550>]}
[0m20:01:59.090865 [info ] [Thread-1 (]: 1 of 2 OK created sql table model STAGING.stg_countries ........................ [[32mSUCCESS 1[0m in 2.22s]
[0m20:01:59.137464 [debug] [Thread-1 (]: Finished running node model.triplens_dbt.stg_countries
[0m20:01:59.148702 [debug] [Thread-3 (]: Began running node model.triplens_dbt.dim_countries
[0m20:01:59.157384 [info ] [Thread-3 (]: 2 of 2 START sql table model STAGING.dim_countries ............................. [RUN]
[0m20:01:59.162803 [debug] [Thread-3 (]: Acquiring new snowflake connection 'model.triplens_dbt.dim_countries'
[0m20:01:59.165875 [debug] [Thread-3 (]: Began compiling node model.triplens_dbt.dim_countries
[0m20:01:59.188138 [debug] [Thread-3 (]: Writing injected SQL for node "model.triplens_dbt.dim_countries"
[0m20:01:59.291574 [debug] [Thread-3 (]: Began executing node model.triplens_dbt.dim_countries
[0m20:01:59.345527 [debug] [Thread-3 (]: Writing runtime sql for node "model.triplens_dbt.dim_countries"
[0m20:01:59.496900 [debug] [Thread-3 (]: Using snowflake connection "model.triplens_dbt.dim_countries"
[0m20:01:59.502825 [debug] [Thread-3 (]: On model.triplens_dbt.dim_countries: /* {"app": "dbt", "dbt_version": "1.9.0", "profile_name": "triplens_dbt", "target_name": "dev", "node_id": "model.triplens_dbt.dim_countries"} */
create or replace transient table TRIPLENS.STAGING.dim_countries
         as
        (SELECT
    country_id,

    TRIM(country_name) AS country_name,
    TRIM(official_name) AS official_name,

    UPPER(iso_alpha_2) AS iso_alpha_2,
    UPPER(iso_alpha_3) AS iso_alpha_3,

    region,
    subregion,
    continent,

    population,
    area_km2,

    -- Derived metric
    ROUND(
        population / NULLIF(area_km2, 0),
        2
    ) AS population_density,

    -- Geographic information
    latitude,
    longitude,

    government_type,
    capital_name,

    currency_code,
    currency_name,

    is_landlocked,

    -- Derived classification
    CASE
        WHEN population >= 100000000 THEN 'Very Large'
        WHEN population >= 50000000 THEN 'Large'
        WHEN population >= 10000000 THEN 'Medium'
        ELSE 'Small'
    END AS population_category,

    SOURCE_FILE,
    INGESTION_TIMESTAMP

FROM TRIPLENS.STAGING.stg_countries




-- SELECT
--     country_id,
--     country_name,
--     official_name,

--     iso_alpha_2,
--     iso_alpha_3,

--     region,
--     subregion,
--     continent,

--     population,
--     area_km2,

--     latitude,
--     longitude,

--     government_type,
--     capital_name,

--     currency_code,
--     currency_name,

--     is_landlocked,

--     SOURCE_FILE,
--     INGESTION_TIMESTAMP

-- FROM TRIPLENS.STAGING.stg_countries





-- SELECT
--     RAW_DATA:uuid::STRING AS country_id,
--     RAW_DATA:names.common::STRING AS country_name,
--     RAW_DATA:names.official::STRING AS official_name,

--     RAW_DATA:codes.alpha_2::STRING AS iso_alpha_2,
--     RAW_DATA:codes.alpha_3::STRING AS iso_alpha_3,

--     RAW_DATA:region::STRING AS region,
--     RAW_DATA:subregion::STRING AS subregion,

--     RAW_DATA:population::NUMBER AS population,
--     RAW_DATA:area.kilometers::FLOAT AS area_km2,

--     RAW_DATA:coordinates.lat::FLOAT AS latitude,
--     RAW_DATA:coordinates.lng::FLOAT AS longitude,

--     RAW_DATA:government_type::STRING AS government_type,

--     RAW_DATA:capitals[0].name::STRING AS capital_name,
--     RAW_DATA:continent::STRING AS continent,

--     RAW_DATA:currencies[0].code::STRING AS currency_code,
--     RAW_DATA:currencies[0].name::STRING AS currency_name,

--     RAW_DATA:languages[0].name::STRING AS language_name,

--     RAW_DATA:timezones[0]::STRING AS timezone,

--     SOURCE_FILE,
--     INGESTION_TIMESTAMP

-- FROM TRIPLENS.STAGING.COUNTRIES_RAW
        );
[0m20:01:59.507690 [debug] [Thread-3 (]: Opening a new connection, currently in state init
[0m20:02:02.880736 [debug] [Thread-3 (]: SQL status: SUCCESS 1 in 3.373 seconds
[0m20:02:02.926773 [debug] [Thread-3 (]: Sending event: {'category': 'dbt', 'action': 'run_model', 'label': 'dca2d84a-c2ce-4b75-b62b-7d361cc85701', 'context': [<snowplow_tracker.self_describing_json.SelfDescribingJson object at 0x7f3134260250>]}
[0m20:02:02.933849 [info ] [Thread-3 (]: 2 of 2 OK created sql table model STAGING.dim_countries ........................ [[32mSUCCESS 1[0m in 3.76s]
[0m20:02:02.938958 [debug] [Thread-3 (]: Finished running node model.triplens_dbt.dim_countries
[0m20:02:02.954774 [debug] [MainThread]: Connection 'master' was properly closed.
[0m20:02:02.957184 [debug] [MainThread]: Connection 'list_TRIPLENS' was left open.
[0m20:02:02.959447 [debug] [MainThread]: On list_TRIPLENS: Close
[0m20:02:03.109210 [debug] [MainThread]: Connection 'model.triplens_dbt.stg_countries' was left open.
[0m20:02:03.114294 [debug] [MainThread]: On model.triplens_dbt.stg_countries: Close
[0m20:02:03.318914 [debug] [MainThread]: Connection 'model.triplens_dbt.dim_countries' was left open.
[0m20:02:03.321316 [debug] [MainThread]: On model.triplens_dbt.dim_countries: Close
[0m20:02:03.567573 [info ] [MainThread]: 
[0m20:02:03.572977 [info ] [MainThread]: Finished running 2 table models in 0 hours 0 minutes and 20.99 seconds (20.99s).
[0m20:02:03.577438 [debug] [MainThread]: Command end result
[0m20:02:03.921907 [debug] [MainThread]: Wrote artifact WritableManifest to /usr/app/triplens_dbt/target/manifest.json
[0m20:02:03.941769 [debug] [MainThread]: Wrote artifact SemanticManifest to /usr/app/triplens_dbt/target/semantic_manifest.json
[0m20:02:04.054461 [debug] [MainThread]: Wrote artifact RunExecutionResult to /usr/app/triplens_dbt/target/run_results.json
[0m20:02:04.065097 [info ] [MainThread]: 
[0m20:02:04.122255 [info ] [MainThread]: [32mCompleted successfully[0m
[0m20:02:04.188717 [info ] [MainThread]: 
[0m20:02:04.222409 [info ] [MainThread]: Done. PASS=2 WARN=0 ERROR=0 SKIP=0 TOTAL=2
[0m20:02:04.269534 [debug] [MainThread]: Resource report: {"command_name": "run", "command_success": true, "command_wall_clock_time": 27.735441, "process_in_blocks": "12304", "process_kernel_time": 4.617843, "process_mem_max_rss": "131612", "process_out_blocks": "4400", "process_user_time": 14.624909}
[0m20:02:04.302287 [debug] [MainThread]: Command `dbt run` succeeded at 20:02:04.301871 after 27.77 seconds
[0m20:02:04.316210 [debug] [MainThread]: Sending event: {'category': 'dbt', 'action': 'invocation', 'label': 'end', 'context': [<snowplow_tracker.self_describing_json.SelfDescribingJson object at 0x7f3136f0fb50>, <snowplow_tracker.self_describing_json.SelfDescribingJson object at 0x7f313a6c4dd0>, <snowplow_tracker.self_describing_json.SelfDescribingJson object at 0x7f313a849390>]}
[0m20:02:04.323427 [debug] [MainThread]: Flushing usage events
[0m20:02:05.053852 [debug] [MainThread]: An error was encountered while trying to flush usage events
[0m00:46:17.729453 [debug] [MainThread]: Sending event: {'category': 'dbt', 'action': 'invocation', 'label': 'start', 'context': [<snowplow_tracker.self_describing_json.SelfDescribingJson object at 0x7fefd09c6ed0>, <snowplow_tracker.self_describing_json.SelfDescribingJson object at 0x7fefd09c7f90>, <snowplow_tracker.self_describing_json.SelfDescribingJson object at 0x7fefd096d090>]}


============================== 00:46:17.787294 | 8a848ca7-a1c0-46a8-b5b6-b9b7df87f926 ==============================
[0m00:46:17.787294 [info ] [MainThread]: Running with dbt=1.9.0
[0m00:46:17.834302 [debug] [MainThread]: running dbt with arguments {'printer_width': '80', 'indirect_selection': 'eager', 'write_json': 'True', 'log_cache_events': 'False', 'partial_parse': 'True', 'cache_selected_only': 'False', 'profiles_dir': '/root/.dbt', 'version_check': 'True', 'fail_fast': 'False', 'log_path': '/usr/app/triplens_dbt/logs', 'warn_error': 'None', 'debug': 'False', 'use_colors': 'True', 'use_experimental_parser': 'False', 'empty': 'False', 'quiet': 'False', 'no_print': 'None', 'warn_error_options': 'WarnErrorOptions(include=[], exclude=[])', 'introspect': 'True', 'static_parser': 'True', 'log_format': 'default', 'target_path': 'None', 'invocation_command': 'dbt run --project-dir /usr/app/triplens_dbt --profiles-dir /root/.dbt', 'send_anonymous_usage_stats': 'True'}
[0m00:46:20.543801 [debug] [MainThread]: Sending event: {'category': 'dbt', 'action': 'project_id', 'label': '8a848ca7-a1c0-46a8-b5b6-b9b7df87f926', 'context': [<snowplow_tracker.self_describing_json.SelfDescribingJson object at 0x7fefcf838250>]}
[0m00:46:21.235398 [debug] [MainThread]: Sending event: {'category': 'dbt', 'action': 'adapter_info', 'label': '8a848ca7-a1c0-46a8-b5b6-b9b7df87f926', 'context': [<snowplow_tracker.self_describing_json.SelfDescribingJson object at 0x7fefcf7ee750>]}
[0m00:46:21.265632 [info ] [MainThread]: Registered adapter: snowflake=1.9.0
[0m00:46:21.823764 [debug] [MainThread]: checksum: c99e828bba267739642b5a3ce85f17518764ea526e0e6c4fdc649171c1a66bff, vars: {}, profile: , target: , version: 1.9.0
[0m00:46:23.610902 [debug] [MainThread]: Partial parsing enabled: 0 files deleted, 0 files added, 0 files changed.
[0m00:46:23.621944 [debug] [MainThread]: Partial parsing enabled, no changes found, skipping parsing
[0m00:46:23.901464 [debug] [MainThread]: Sending event: {'category': 'dbt', 'action': 'load_project', 'label': '8a848ca7-a1c0-46a8-b5b6-b9b7df87f926', 'context': [<snowplow_tracker.self_describing_json.SelfDescribingJson object at 0x7fefcf76b1d0>]}
[0m00:46:25.734200 [debug] [MainThread]: Wrote artifact WritableManifest to /usr/app/triplens_dbt/target/manifest.json
[0m00:46:25.772954 [debug] [MainThread]: Wrote artifact SemanticManifest to /usr/app/triplens_dbt/target/semantic_manifest.json
[0m00:46:25.946334 [debug] [MainThread]: Sending event: {'category': 'dbt', 'action': 'resource_counts', 'label': '8a848ca7-a1c0-46a8-b5b6-b9b7df87f926', 'context': [<snowplow_tracker.self_describing_json.SelfDescribingJson object at 0x7fefcf7247d0>]}
[0m00:46:25.952240 [info ] [MainThread]: Found 2 models, 7 data tests, 1 source, 468 macros
[0m00:46:25.997793 [debug] [MainThread]: Sending event: {'category': 'dbt', 'action': 'runnable_timing', 'label': '8a848ca7-a1c0-46a8-b5b6-b9b7df87f926', 'context': [<snowplow_tracker.self_describing_json.SelfDescribingJson object at 0x7fefcf89bc50>]}
[0m00:46:26.021681 [info ] [MainThread]: 
[0m00:46:26.045690 [info ] [MainThread]: Concurrency: 4 threads (target='dev')
[0m00:46:26.067668 [info ] [MainThread]: 
[0m00:46:26.072207 [debug] [MainThread]: Acquiring new snowflake connection 'master'
[0m00:46:26.106056 [debug] [ThreadPool]: Acquiring new snowflake connection 'list_TRIPLENS'
[0m00:46:26.501533 [debug] [ThreadPool]: Using snowflake connection "list_TRIPLENS"
[0m00:46:26.508925 [debug] [ThreadPool]: On list_TRIPLENS: /* {"app": "dbt", "dbt_version": "1.9.0", "profile_name": "triplens_dbt", "target_name": "dev", "connection_name": "list_TRIPLENS"} */
show terse schemas in database TRIPLENS
    limit 10000
[0m00:46:26.523040 [debug] [ThreadPool]: Opening a new connection, currently in state init
[0m00:46:30.238380 [debug] [ThreadPool]: SQL status: SUCCESS 3 in 3.715 seconds
[0m00:46:30.255672 [debug] [ThreadPool]: Re-using an available connection from the pool (formerly list_TRIPLENS, now list_TRIPLENS_STAGING)
[0m00:46:30.325673 [debug] [ThreadPool]: Using snowflake connection "list_TRIPLENS_STAGING"
[0m00:46:30.349860 [debug] [ThreadPool]: On list_TRIPLENS_STAGING: /* {"app": "dbt", "dbt_version": "1.9.0", "profile_name": "triplens_dbt", "target_name": "dev", "connection_name": "list_TRIPLENS_STAGING"} */
show objects in TRIPLENS.STAGING limit 10000;
[0m00:46:30.717153 [debug] [ThreadPool]: SQL status: SUCCESS 5 in 0.359 seconds
[0m00:46:30.770609 [debug] [MainThread]: Sending event: {'category': 'dbt', 'action': 'runnable_timing', 'label': '8a848ca7-a1c0-46a8-b5b6-b9b7df87f926', 'context': [<snowplow_tracker.self_describing_json.SelfDescribingJson object at 0x7fefce674d90>]}
[0m00:46:30.880016 [debug] [Thread-1 (]: Began running node model.triplens_dbt.stg_countries
[0m00:46:30.922999 [info ] [Thread-1 (]: 1 of 2 START sql table model STAGING.stg_countries ............................. [RUN]
[0m00:46:30.985341 [debug] [Thread-1 (]: Re-using an available connection from the pool (formerly list_TRIPLENS_STAGING, now model.triplens_dbt.stg_countries)
[0m00:46:31.008095 [debug] [Thread-1 (]: Began compiling node model.triplens_dbt.stg_countries
[0m00:46:31.062952 [debug] [Thread-1 (]: Writing injected SQL for node "model.triplens_dbt.stg_countries"
[0m00:46:31.204019 [debug] [Thread-1 (]: Began executing node model.triplens_dbt.stg_countries
[0m00:46:31.453421 [debug] [Thread-1 (]: Writing runtime sql for node "model.triplens_dbt.stg_countries"
[0m00:46:31.589577 [debug] [Thread-1 (]: Using snowflake connection "model.triplens_dbt.stg_countries"
[0m00:46:31.640938 [debug] [Thread-1 (]: On model.triplens_dbt.stg_countries: /* {"app": "dbt", "dbt_version": "1.9.0", "profile_name": "triplens_dbt", "target_name": "dev", "node_id": "model.triplens_dbt.stg_countries"} */
create or replace transient table TRIPLENS.STAGING.stg_countries
         as
        (WITH source_data AS (

    SELECT
        RAW_DATA,
        SOURCE_FILE,
        INGESTION_TIMESTAMP
    FROM TRIPLENS.STAGING.COUNTRIES_RAW

),

countries AS (

    SELECT
        value AS country,
        SOURCE_FILE,
        INGESTION_TIMESTAMP
    FROM source_data,
    LATERAL FLATTEN(
        input => RAW_DATA:data:objects
    )

)

SELECT

    -- Identity
    country:uuid::STRING AS country_id,

    -- Names
    country:names:common::STRING AS country_name,
    country:names:official::STRING AS official_name,

    -- ISO codes
    country:codes:alpha_2::STRING AS iso_alpha_2,
    country:codes:alpha_3::STRING AS iso_alpha_3,

    -- Geography
    country:region::STRING AS region,
    country:subregion::STRING AS subregion,
    country:continents[0]::STRING AS continent,

    country:coordinates:lat::FLOAT AS latitude,
    country:coordinates:lng::FLOAT AS longitude,

    country:area:kilometers::FLOAT AS area_km2,

    -- Demographics
    country:population::NUMBER AS population,

    -- Government
    country:government_type::STRING AS government_type,

    -- Capital
    country:capitals[0]:name::STRING AS capital_name,

    -- Currency
    country:currencies[0]:code::STRING AS currency_code,
    country:currencies[0]:name::STRING AS currency_name,

    -- Other useful information
    country:landlocked::BOOLEAN AS is_landlocked,

    -- Metadata
    SOURCE_FILE,
    INGESTION_TIMESTAMP

FROM countries
        );
[0m00:46:32.695795 [debug] [Thread-1 (]: SQL status: SUCCESS 1 in 1.048 seconds
[0m00:46:33.309860 [debug] [Thread-1 (]: Sending event: {'category': 'dbt', 'action': 'run_model', 'label': '8a848ca7-a1c0-46a8-b5b6-b9b7df87f926', 'context': [<snowplow_tracker.self_describing_json.SelfDescribingJson object at 0x7fefcf8704d0>]}
[0m00:46:33.331039 [info ] [Thread-1 (]: 1 of 2 OK created sql table model STAGING.stg_countries ........................ [[32mSUCCESS 1[0m in 2.31s]
[0m00:46:33.372653 [debug] [Thread-1 (]: Finished running node model.triplens_dbt.stg_countries
[0m00:46:33.400892 [debug] [Thread-3 (]: Began running node model.triplens_dbt.dim_countries
[0m00:46:33.454524 [info ] [Thread-3 (]: 2 of 2 START sql table model STAGING.dim_countries ............................. [RUN]
[0m00:46:33.511301 [debug] [Thread-3 (]: Acquiring new snowflake connection 'model.triplens_dbt.dim_countries'
[0m00:46:33.547623 [debug] [Thread-3 (]: Began compiling node model.triplens_dbt.dim_countries
[0m00:46:33.683593 [debug] [Thread-3 (]: Writing injected SQL for node "model.triplens_dbt.dim_countries"
[0m00:46:34.135307 [debug] [Thread-3 (]: Began executing node model.triplens_dbt.dim_countries
[0m00:46:34.217724 [debug] [Thread-3 (]: Writing runtime sql for node "model.triplens_dbt.dim_countries"
[0m00:46:34.656451 [debug] [Thread-3 (]: Using snowflake connection "model.triplens_dbt.dim_countries"
[0m00:46:34.758547 [debug] [Thread-3 (]: On model.triplens_dbt.dim_countries: /* {"app": "dbt", "dbt_version": "1.9.0", "profile_name": "triplens_dbt", "target_name": "dev", "node_id": "model.triplens_dbt.dim_countries"} */
create or replace transient table TRIPLENS.STAGING.dim_countries
         as
        (SELECT
    country_id,

    TRIM(country_name) AS country_name,
    TRIM(official_name) AS official_name,

    UPPER(iso_alpha_2) AS iso_alpha_2,
    UPPER(iso_alpha_3) AS iso_alpha_3,

    region,
    subregion,
    continent,

    population,
    area_km2,

    -- Derived metric
    ROUND(
        population / NULLIF(area_km2, 0),
        2
    ) AS population_density,

    -- Geographic information
    latitude,
    longitude,

    government_type,
    capital_name,

    currency_code,
    currency_name,

    is_landlocked,

    -- Derived classification
    CASE
        WHEN population >= 100000000 THEN 'Very Large'
        WHEN population >= 50000000 THEN 'Large'
        WHEN population >= 10000000 THEN 'Medium'
        ELSE 'Small'
    END AS population_category,

    SOURCE_FILE,
    INGESTION_TIMESTAMP

FROM TRIPLENS.STAGING.stg_countries




-- SELECT
--     country_id,
--     country_name,
--     official_name,

--     iso_alpha_2,
--     iso_alpha_3,

--     region,
--     subregion,
--     continent,

--     population,
--     area_km2,

--     latitude,
--     longitude,

--     government_type,
--     capital_name,

--     currency_code,
--     currency_name,

--     is_landlocked,

--     SOURCE_FILE,
--     INGESTION_TIMESTAMP

-- FROM TRIPLENS.STAGING.stg_countries





-- SELECT
--     RAW_DATA:uuid::STRING AS country_id,
--     RAW_DATA:names.common::STRING AS country_name,
--     RAW_DATA:names.official::STRING AS official_name,

--     RAW_DATA:codes.alpha_2::STRING AS iso_alpha_2,
--     RAW_DATA:codes.alpha_3::STRING AS iso_alpha_3,

--     RAW_DATA:region::STRING AS region,
--     RAW_DATA:subregion::STRING AS subregion,

--     RAW_DATA:population::NUMBER AS population,
--     RAW_DATA:area.kilometers::FLOAT AS area_km2,

--     RAW_DATA:coordinates.lat::FLOAT AS latitude,
--     RAW_DATA:coordinates.lng::FLOAT AS longitude,

--     RAW_DATA:government_type::STRING AS government_type,

--     RAW_DATA:capitals[0].name::STRING AS capital_name,
--     RAW_DATA:continent::STRING AS continent,

--     RAW_DATA:currencies[0].code::STRING AS currency_code,
--     RAW_DATA:currencies[0].name::STRING AS currency_name,

--     RAW_DATA:languages[0].name::STRING AS language_name,

--     RAW_DATA:timezones[0]::STRING AS timezone,

--     SOURCE_FILE,
--     INGESTION_TIMESTAMP

-- FROM TRIPLENS.STAGING.COUNTRIES_RAW
        );
[0m00:46:34.831886 [debug] [Thread-3 (]: Opening a new connection, currently in state init
[0m00:46:36.703687 [debug] [Thread-3 (]: SQL status: SUCCESS 1 in 1.877 seconds
[0m00:46:37.134312 [debug] [Thread-3 (]: Sending event: {'category': 'dbt', 'action': 'run_model', 'label': '8a848ca7-a1c0-46a8-b5b6-b9b7df87f926', 'context': [<snowplow_tracker.self_describing_json.SelfDescribingJson object at 0x7fefce702810>]}
[0m00:46:37.315355 [info ] [Thread-3 (]: 2 of 2 OK created sql table model STAGING.dim_countries ........................ [[32mSUCCESS 1[0m in 3.62s]
[0m00:46:37.458406 [debug] [Thread-3 (]: Finished running node model.triplens_dbt.dim_countries
[0m00:46:37.582647 [debug] [MainThread]: Connection 'master' was properly closed.
[0m00:46:37.660386 [debug] [MainThread]: Connection 'model.triplens_dbt.stg_countries' was left open.
[0m00:46:37.797567 [debug] [MainThread]: On model.triplens_dbt.stg_countries: Close
[0m00:46:38.028430 [debug] [MainThread]: Connection 'model.triplens_dbt.dim_countries' was left open.
[0m00:46:38.072755 [debug] [MainThread]: On model.triplens_dbt.dim_countries: Close
[0m00:46:38.314376 [info ] [MainThread]: 
[0m00:46:39.976117 [info ] [MainThread]: Finished running 2 table models in 0 hours 0 minutes and 12.24 seconds (12.24s).
[0m00:46:40.022085 [debug] [MainThread]: Command end result
[0m00:46:44.989328 [debug] [MainThread]: Wrote artifact WritableManifest to /usr/app/triplens_dbt/target/manifest.json
[0m00:46:45.909721 [debug] [MainThread]: Wrote artifact SemanticManifest to /usr/app/triplens_dbt/target/semantic_manifest.json
[0m00:46:46.615139 [debug] [MainThread]: Wrote artifact RunExecutionResult to /usr/app/triplens_dbt/target/run_results.json
[0m00:46:46.680853 [info ] [MainThread]: 
[0m00:46:46.692583 [info ] [MainThread]: [32mCompleted successfully[0m
[0m00:46:46.695567 [info ] [MainThread]: 
[0m00:46:46.729929 [info ] [MainThread]: Done. PASS=2 WARN=0 ERROR=0 SKIP=0 TOTAL=2
[0m00:46:46.814816 [debug] [MainThread]: Resource report: {"command_name": "run", "command_success": true, "command_wall_clock_time": 30.114035, "process_in_blocks": "0", "process_kernel_time": 3.886337, "process_mem_max_rss": "129252", "process_out_blocks": "8", "process_user_time": 14.693548}
[0m00:46:46.856405 [debug] [MainThread]: Command `dbt run` succeeded at 00:46:46.855858 after 30.16 seconds
[0m00:46:46.869465 [debug] [MainThread]: Sending event: {'category': 'dbt', 'action': 'invocation', 'label': 'end', 'context': [<snowplow_tracker.self_describing_json.SelfDescribingJson object at 0x7fefd4168dd0>, <snowplow_tracker.self_describing_json.SelfDescribingJson object at 0x7fefd42ecad0>, <snowplow_tracker.self_describing_json.SelfDescribingJson object at 0x7fefd42ed2d0>]}
[0m00:46:46.969137 [debug] [MainThread]: Flushing usage events
[0m00:46:48.681045 [debug] [MainThread]: An error was encountered while trying to flush usage events
