[2026-09-07T21:43:50.825+0000] {processor.py:186} INFO - Started process (PID=1267) to work on /opt/airflow/dags/countries_dag.py
[2026-09-07T21:43:50.827+0000] {processor.py:914} INFO - Processing file /opt/airflow/dags/countries_dag.py for tasks to queue
[2026-09-07T21:43:50.831+0000] {logging_mixin.py:190} INFO - [2026-09-07T21:43:50.830+0000] {dagbag.py:588} INFO - Filling up the DagBag from /opt/airflow/dags/countries_dag.py
[2026-09-07T21:43:50.947+0000] {logging_mixin.py:190} INFO - [2026-09-07T21:43:50.928+0000] {dagbag.py:387} ERROR - Failed to import: /opt/airflow/dags/countries_dag.py
Traceback (most recent call last):
  File "/home/airflow/.local/lib/python3.11/site-packages/airflow/models/dagbag.py", line 383, in parse
    loader.exec_module(new_module)
  File "<frozen importlib._bootstrap_external>", line 940, in exec_module
  File "<frozen importlib._bootstrap>", line 241, in _call_with_frames_removed
  File "/opt/airflow/dags/countries_dag.py", line 5, in <module>
    from ingestion.minio_to_snowflake import run_pipeline
ModuleNotFoundError: No module named 'ingestion'
[2026-09-07T21:43:50.952+0000] {processor.py:927} WARNING - No viable dags retrieved from /opt/airflow/dags/countries_dag.py
[2026-09-07T21:43:51.074+0000] {processor.py:208} INFO - Processing /opt/airflow/dags/countries_dag.py took 0.267 seconds
[2026-09-07T21:44:21.700+0000] {processor.py:186} INFO - Started process (PID=1272) to work on /opt/airflow/dags/countries_dag.py
[2026-09-07T21:44:21.733+0000] {processor.py:914} INFO - Processing file /opt/airflow/dags/countries_dag.py for tasks to queue
[2026-09-07T21:44:21.756+0000] {logging_mixin.py:190} INFO - [2026-09-07T21:44:21.755+0000] {dagbag.py:588} INFO - Filling up the DagBag from /opt/airflow/dags/countries_dag.py
[2026-09-07T21:44:21.832+0000] {logging_mixin.py:190} INFO - [2026-09-07T21:44:21.822+0000] {dagbag.py:387} ERROR - Failed to import: /opt/airflow/dags/countries_dag.py
Traceback (most recent call last):
  File "/home/airflow/.local/lib/python3.11/site-packages/airflow/models/dagbag.py", line 383, in parse
    loader.exec_module(new_module)
  File "<frozen importlib._bootstrap_external>", line 940, in exec_module
  File "<frozen importlib._bootstrap>", line 241, in _call_with_frames_removed
  File "/opt/airflow/dags/countries_dag.py", line 5, in <module>
    from ingestion.minio_to_snowflake import run_pipeline
ModuleNotFoundError: No module named 'ingestion'
[2026-09-07T21:44:21.836+0000] {processor.py:927} WARNING - No viable dags retrieved from /opt/airflow/dags/countries_dag.py
[2026-09-07T21:44:21.924+0000] {processor.py:208} INFO - Processing /opt/airflow/dags/countries_dag.py took 0.251 seconds
[2026-09-07T21:44:52.216+0000] {processor.py:186} INFO - Started process (PID=1277) to work on /opt/airflow/dags/countries_dag.py
[2026-09-07T21:44:52.222+0000] {processor.py:914} INFO - Processing file /opt/airflow/dags/countries_dag.py for tasks to queue
[2026-09-07T21:44:52.228+0000] {logging_mixin.py:190} INFO - [2026-09-07T21:44:52.227+0000] {dagbag.py:588} INFO - Filling up the DagBag from /opt/airflow/dags/countries_dag.py
[2026-09-07T21:44:52.317+0000] {logging_mixin.py:190} INFO - [2026-09-07T21:44:52.301+0000] {dagbag.py:387} ERROR - Failed to import: /opt/airflow/dags/countries_dag.py
Traceback (most recent call last):
  File "/home/airflow/.local/lib/python3.11/site-packages/airflow/models/dagbag.py", line 383, in parse
    loader.exec_module(new_module)
  File "<frozen importlib._bootstrap_external>", line 940, in exec_module
  File "<frozen importlib._bootstrap>", line 241, in _call_with_frames_removed
  File "/opt/airflow/dags/countries_dag.py", line 5, in <module>
    from ingestion.minio_to_snowflake import run_pipeline
ModuleNotFoundError: No module named 'ingestion'
[2026-09-07T21:44:52.320+0000] {processor.py:927} WARNING - No viable dags retrieved from /opt/airflow/dags/countries_dag.py
[2026-09-07T21:44:52.412+0000] {processor.py:208} INFO - Processing /opt/airflow/dags/countries_dag.py took 0.221 seconds
[2026-09-07T21:45:23.002+0000] {processor.py:186} INFO - Started process (PID=1282) to work on /opt/airflow/dags/countries_dag.py
[2026-09-07T21:45:23.004+0000] {processor.py:914} INFO - Processing file /opt/airflow/dags/countries_dag.py for tasks to queue
[2026-09-07T21:45:23.008+0000] {logging_mixin.py:190} INFO - [2026-09-07T21:45:23.007+0000] {dagbag.py:588} INFO - Filling up the DagBag from /opt/airflow/dags/countries_dag.py
[2026-09-07T21:45:23.046+0000] {logging_mixin.py:190} INFO - [2026-09-07T21:45:23.039+0000] {dagbag.py:387} ERROR - Failed to import: /opt/airflow/dags/countries_dag.py
Traceback (most recent call last):
  File "/home/airflow/.local/lib/python3.11/site-packages/airflow/models/dagbag.py", line 383, in parse
    loader.exec_module(new_module)
  File "<frozen importlib._bootstrap_external>", line 940, in exec_module
  File "<frozen importlib._bootstrap>", line 241, in _call_with_frames_removed
  File "/opt/airflow/dags/countries_dag.py", line 5, in <module>
    from ingestion.minio_to_snowflake import run_pipeline
ModuleNotFoundError: No module named 'ingestion'
[2026-09-07T21:45:23.048+0000] {processor.py:927} WARNING - No viable dags retrieved from /opt/airflow/dags/countries_dag.py
[2026-09-07T21:45:23.108+0000] {processor.py:208} INFO - Processing /opt/airflow/dags/countries_dag.py took 0.122 seconds
[2026-09-07T21:45:53.513+0000] {processor.py:186} INFO - Started process (PID=1287) to work on /opt/airflow/dags/countries_dag.py
[2026-09-07T21:45:53.515+0000] {processor.py:914} INFO - Processing file /opt/airflow/dags/countries_dag.py for tasks to queue
[2026-09-07T21:45:53.519+0000] {logging_mixin.py:190} INFO - [2026-09-07T21:45:53.518+0000] {dagbag.py:588} INFO - Filling up the DagBag from /opt/airflow/dags/countries_dag.py
[2026-09-07T21:45:53.560+0000] {logging_mixin.py:190} INFO - [2026-09-07T21:45:53.553+0000] {dagbag.py:387} ERROR - Failed to import: /opt/airflow/dags/countries_dag.py
Traceback (most recent call last):
  File "/home/airflow/.local/lib/python3.11/site-packages/airflow/models/dagbag.py", line 383, in parse
    loader.exec_module(new_module)
  File "<frozen importlib._bootstrap_external>", line 940, in exec_module
  File "<frozen importlib._bootstrap>", line 241, in _call_with_frames_removed
  File "/opt/airflow/dags/countries_dag.py", line 5, in <module>
    from ingestion.minio_to_snowflake import run_pipeline
ModuleNotFoundError: No module named 'ingestion'
[2026-09-07T21:45:53.566+0000] {processor.py:927} WARNING - No viable dags retrieved from /opt/airflow/dags/countries_dag.py
[2026-09-07T21:45:53.626+0000] {processor.py:208} INFO - Processing /opt/airflow/dags/countries_dag.py took 0.134 seconds
[2026-09-07T21:46:24.384+0000] {processor.py:186} INFO - Started process (PID=1292) to work on /opt/airflow/dags/countries_dag.py
[2026-09-07T21:46:24.389+0000] {processor.py:914} INFO - Processing file /opt/airflow/dags/countries_dag.py for tasks to queue
[2026-09-07T21:46:24.396+0000] {logging_mixin.py:190} INFO - [2026-09-07T21:46:24.395+0000] {dagbag.py:588} INFO - Filling up the DagBag from /opt/airflow/dags/countries_dag.py
[2026-09-07T21:46:24.497+0000] {logging_mixin.py:190} INFO - [2026-09-07T21:46:24.483+0000] {dagbag.py:387} ERROR - Failed to import: /opt/airflow/dags/countries_dag.py
Traceback (most recent call last):
  File "/home/airflow/.local/lib/python3.11/site-packages/airflow/models/dagbag.py", line 383, in parse
    loader.exec_module(new_module)
  File "<frozen importlib._bootstrap_external>", line 940, in exec_module
  File "<frozen importlib._bootstrap>", line 241, in _call_with_frames_removed
  File "/opt/airflow/dags/countries_dag.py", line 5, in <module>
    from ingestion.minio_to_snowflake import run_pipeline
ModuleNotFoundError: No module named 'ingestion'
[2026-09-07T21:46:24.509+0000] {processor.py:927} WARNING - No viable dags retrieved from /opt/airflow/dags/countries_dag.py
[2026-09-07T21:46:24.569+0000] {processor.py:208} INFO - Processing /opt/airflow/dags/countries_dag.py took 0.206 seconds
[2026-09-07T21:46:55.229+0000] {processor.py:186} INFO - Started process (PID=1297) to work on /opt/airflow/dags/countries_dag.py
[2026-09-07T21:46:55.238+0000] {processor.py:914} INFO - Processing file /opt/airflow/dags/countries_dag.py for tasks to queue
[2026-09-07T21:46:55.261+0000] {logging_mixin.py:190} INFO - [2026-09-07T21:46:55.260+0000] {dagbag.py:588} INFO - Filling up the DagBag from /opt/airflow/dags/countries_dag.py
[2026-09-07T21:46:55.503+0000] {logging_mixin.py:190} INFO - [2026-09-07T21:46:55.456+0000] {dagbag.py:387} ERROR - Failed to import: /opt/airflow/dags/countries_dag.py
Traceback (most recent call last):
  File "/home/airflow/.local/lib/python3.11/site-packages/airflow/models/dagbag.py", line 383, in parse
    loader.exec_module(new_module)
  File "<frozen importlib._bootstrap_external>", line 940, in exec_module
  File "<frozen importlib._bootstrap>", line 241, in _call_with_frames_removed
  File "/opt/airflow/dags/countries_dag.py", line 5, in <module>
    from ingestion.minio_to_snowflake import run_pipeline
ModuleNotFoundError: No module named 'ingestion'
[2026-09-07T21:46:55.508+0000] {processor.py:927} WARNING - No viable dags retrieved from /opt/airflow/dags/countries_dag.py
[2026-09-07T21:46:55.821+0000] {processor.py:208} INFO - Processing /opt/airflow/dags/countries_dag.py took 0.633 seconds
[2026-09-07T21:47:26.686+0000] {processor.py:186} INFO - Started process (PID=1302) to work on /opt/airflow/dags/countries_dag.py
[2026-09-07T21:47:26.700+0000] {processor.py:914} INFO - Processing file /opt/airflow/dags/countries_dag.py for tasks to queue
[2026-09-07T21:47:26.704+0000] {logging_mixin.py:190} INFO - [2026-09-07T21:47:26.703+0000] {dagbag.py:588} INFO - Filling up the DagBag from /opt/airflow/dags/countries_dag.py
[2026-09-07T21:47:26.850+0000] {logging_mixin.py:190} INFO - [2026-09-07T21:47:26.824+0000] {dagbag.py:387} ERROR - Failed to import: /opt/airflow/dags/countries_dag.py
Traceback (most recent call last):
  File "/home/airflow/.local/lib/python3.11/site-packages/airflow/models/dagbag.py", line 383, in parse
    loader.exec_module(new_module)
  File "<frozen importlib._bootstrap_external>", line 940, in exec_module
  File "<frozen importlib._bootstrap>", line 241, in _call_with_frames_removed
  File "/opt/airflow/dags/countries_dag.py", line 5, in <module>
    from ingestion.minio_to_snowflake import run_pipeline
ModuleNotFoundError: No module named 'ingestion'
[2026-09-07T21:47:26.889+0000] {processor.py:927} WARNING - No viable dags retrieved from /opt/airflow/dags/countries_dag.py
[2026-09-07T21:47:27.102+0000] {processor.py:208} INFO - Processing /opt/airflow/dags/countries_dag.py took 0.441 seconds
[2026-09-07T21:47:57.376+0000] {processor.py:186} INFO - Started process (PID=1307) to work on /opt/airflow/dags/countries_dag.py
[2026-09-07T21:47:57.379+0000] {processor.py:914} INFO - Processing file /opt/airflow/dags/countries_dag.py for tasks to queue
[2026-09-07T21:47:57.385+0000] {logging_mixin.py:190} INFO - [2026-09-07T21:47:57.384+0000] {dagbag.py:588} INFO - Filling up the DagBag from /opt/airflow/dags/countries_dag.py
[2026-09-07T21:47:57.616+0000] {logging_mixin.py:190} INFO - [2026-09-07T21:47:57.559+0000] {dagbag.py:387} ERROR - Failed to import: /opt/airflow/dags/countries_dag.py
Traceback (most recent call last):
  File "/home/airflow/.local/lib/python3.11/site-packages/airflow/models/dagbag.py", line 383, in parse
    loader.exec_module(new_module)
  File "<frozen importlib._bootstrap_external>", line 940, in exec_module
  File "<frozen importlib._bootstrap>", line 241, in _call_with_frames_removed
  File "/opt/airflow/dags/countries_dag.py", line 5, in <module>
    from ingestion.minio_to_snowflake import run_pipeline
ModuleNotFoundError: No module named 'ingestion'
[2026-09-07T21:47:57.619+0000] {processor.py:927} WARNING - No viable dags retrieved from /opt/airflow/dags/countries_dag.py
[2026-09-07T21:47:57.726+0000] {processor.py:208} INFO - Processing /opt/airflow/dags/countries_dag.py took 0.375 seconds
[2026-09-07T21:48:28.566+0000] {processor.py:186} INFO - Started process (PID=1312) to work on /opt/airflow/dags/countries_dag.py
[2026-09-07T21:48:28.571+0000] {processor.py:914} INFO - Processing file /opt/airflow/dags/countries_dag.py for tasks to queue
[2026-09-07T21:48:28.577+0000] {logging_mixin.py:190} INFO - [2026-09-07T21:48:28.575+0000] {dagbag.py:588} INFO - Filling up the DagBag from /opt/airflow/dags/countries_dag.py
[2026-09-07T21:48:28.648+0000] {logging_mixin.py:190} INFO - [2026-09-07T21:48:28.640+0000] {dagbag.py:387} ERROR - Failed to import: /opt/airflow/dags/countries_dag.py
Traceback (most recent call last):
  File "/home/airflow/.local/lib/python3.11/site-packages/airflow/models/dagbag.py", line 383, in parse
    loader.exec_module(new_module)
  File "<frozen importlib._bootstrap_external>", line 940, in exec_module
  File "<frozen importlib._bootstrap>", line 241, in _call_with_frames_removed
  File "/opt/airflow/dags/countries_dag.py", line 5, in <module>
    from ingestion.minio_to_snowflake import run_pipeline
ModuleNotFoundError: No module named 'ingestion'
[2026-09-07T21:48:28.652+0000] {processor.py:927} WARNING - No viable dags retrieved from /opt/airflow/dags/countries_dag.py
[2026-09-07T21:48:28.712+0000] {processor.py:208} INFO - Processing /opt/airflow/dags/countries_dag.py took 0.171 seconds
[2026-09-07T21:48:59.267+0000] {processor.py:186} INFO - Started process (PID=1317) to work on /opt/airflow/dags/countries_dag.py
[2026-09-07T21:48:59.270+0000] {processor.py:914} INFO - Processing file /opt/airflow/dags/countries_dag.py for tasks to queue
[2026-09-07T21:48:59.278+0000] {logging_mixin.py:190} INFO - [2026-09-07T21:48:59.277+0000] {dagbag.py:588} INFO - Filling up the DagBag from /opt/airflow/dags/countries_dag.py
[2026-09-07T21:48:59.328+0000] {logging_mixin.py:190} INFO - [2026-09-07T21:48:59.319+0000] {dagbag.py:387} ERROR - Failed to import: /opt/airflow/dags/countries_dag.py
Traceback (most recent call last):
  File "/home/airflow/.local/lib/python3.11/site-packages/airflow/models/dagbag.py", line 383, in parse
    loader.exec_module(new_module)
  File "<frozen importlib._bootstrap_external>", line 940, in exec_module
  File "<frozen importlib._bootstrap>", line 241, in _call_with_frames_removed
  File "/opt/airflow/dags/countries_dag.py", line 5, in <module>
    from ingestion.minio_to_snowflake import run_pipeline
ModuleNotFoundError: No module named 'ingestion'
[2026-09-07T21:48:59.333+0000] {processor.py:927} WARNING - No viable dags retrieved from /opt/airflow/dags/countries_dag.py
[2026-09-07T21:48:59.393+0000] {processor.py:208} INFO - Processing /opt/airflow/dags/countries_dag.py took 0.140 seconds
[2026-09-07T21:49:30.113+0000] {processor.py:186} INFO - Started process (PID=1322) to work on /opt/airflow/dags/countries_dag.py
[2026-09-07T21:49:30.132+0000] {processor.py:914} INFO - Processing file /opt/airflow/dags/countries_dag.py for tasks to queue
[2026-09-07T21:49:30.140+0000] {logging_mixin.py:190} INFO - [2026-09-07T21:49:30.139+0000] {dagbag.py:588} INFO - Filling up the DagBag from /opt/airflow/dags/countries_dag.py
[2026-09-07T21:49:30.344+0000] {logging_mixin.py:190} INFO - [2026-09-07T21:49:30.303+0000] {dagbag.py:387} ERROR - Failed to import: /opt/airflow/dags/countries_dag.py
Traceback (most recent call last):
  File "/home/airflow/.local/lib/python3.11/site-packages/airflow/models/dagbag.py", line 383, in parse
    loader.exec_module(new_module)
  File "<frozen importlib._bootstrap_external>", line 940, in exec_module
  File "<frozen importlib._bootstrap>", line 241, in _call_with_frames_removed
  File "/opt/airflow/dags/countries_dag.py", line 5, in <module>
    from ingestion.minio_to_snowflake import run_pipeline
ModuleNotFoundError: No module named 'ingestion'
[2026-09-07T21:49:30.350+0000] {processor.py:927} WARNING - No viable dags retrieved from /opt/airflow/dags/countries_dag.py
[2026-09-07T21:49:30.572+0000] {processor.py:208} INFO - Processing /opt/airflow/dags/countries_dag.py took 0.484 seconds
[2026-09-07T21:50:01.291+0000] {processor.py:186} INFO - Started process (PID=1327) to work on /opt/airflow/dags/countries_dag.py
[2026-09-07T21:50:01.293+0000] {processor.py:914} INFO - Processing file /opt/airflow/dags/countries_dag.py for tasks to queue
[2026-09-07T21:50:01.297+0000] {logging_mixin.py:190} INFO - [2026-09-07T21:50:01.296+0000] {dagbag.py:588} INFO - Filling up the DagBag from /opt/airflow/dags/countries_dag.py
[2026-09-07T21:50:01.374+0000] {logging_mixin.py:190} INFO - [2026-09-07T21:50:01.360+0000] {dagbag.py:387} ERROR - Failed to import: /opt/airflow/dags/countries_dag.py
Traceback (most recent call last):
  File "/home/airflow/.local/lib/python3.11/site-packages/airflow/models/dagbag.py", line 383, in parse
    loader.exec_module(new_module)
  File "<frozen importlib._bootstrap_external>", line 940, in exec_module
  File "<frozen importlib._bootstrap>", line 241, in _call_with_frames_removed
  File "/opt/airflow/dags/countries_dag.py", line 5, in <module>
    from ingestion.minio_to_snowflake import run_pipeline
ModuleNotFoundError: No module named 'ingestion'
[2026-09-07T21:50:01.379+0000] {processor.py:927} WARNING - No viable dags retrieved from /opt/airflow/dags/countries_dag.py
[2026-09-07T21:50:01.511+0000] {processor.py:208} INFO - Processing /opt/airflow/dags/countries_dag.py took 0.243 seconds
[2026-09-07T21:50:32.275+0000] {processor.py:186} INFO - Started process (PID=1332) to work on /opt/airflow/dags/countries_dag.py
[2026-09-07T21:50:32.282+0000] {processor.py:914} INFO - Processing file /opt/airflow/dags/countries_dag.py for tasks to queue
[2026-09-07T21:50:32.291+0000] {logging_mixin.py:190} INFO - [2026-09-07T21:50:32.290+0000] {dagbag.py:588} INFO - Filling up the DagBag from /opt/airflow/dags/countries_dag.py
[2026-09-07T21:50:32.488+0000] {logging_mixin.py:190} INFO - [2026-09-07T21:50:32.432+0000] {dagbag.py:387} ERROR - Failed to import: /opt/airflow/dags/countries_dag.py
Traceback (most recent call last):
  File "/home/airflow/.local/lib/python3.11/site-packages/airflow/models/dagbag.py", line 383, in parse
    loader.exec_module(new_module)
  File "<frozen importlib._bootstrap_external>", line 940, in exec_module
  File "<frozen importlib._bootstrap>", line 241, in _call_with_frames_removed
  File "/opt/airflow/dags/countries_dag.py", line 5, in <module>
    from ingestion.minio_to_snowflake import run_pipeline
ModuleNotFoundError: No module named 'ingestion'
[2026-09-07T21:50:32.492+0000] {processor.py:927} WARNING - No viable dags retrieved from /opt/airflow/dags/countries_dag.py
[2026-09-07T21:50:32.588+0000] {processor.py:208} INFO - Processing /opt/airflow/dags/countries_dag.py took 0.338 seconds
[2026-09-07T21:51:03.006+0000] {processor.py:186} INFO - Started process (PID=1337) to work on /opt/airflow/dags/countries_dag.py
[2026-09-07T21:51:03.016+0000] {processor.py:914} INFO - Processing file /opt/airflow/dags/countries_dag.py for tasks to queue
[2026-09-07T21:51:03.023+0000] {logging_mixin.py:190} INFO - [2026-09-07T21:51:03.022+0000] {dagbag.py:588} INFO - Filling up the DagBag from /opt/airflow/dags/countries_dag.py
[2026-09-07T21:51:03.124+0000] {logging_mixin.py:190} INFO - [2026-09-07T21:51:03.116+0000] {dagbag.py:387} ERROR - Failed to import: /opt/airflow/dags/countries_dag.py
Traceback (most recent call last):
  File "/home/airflow/.local/lib/python3.11/site-packages/airflow/models/dagbag.py", line 383, in parse
    loader.exec_module(new_module)
  File "<frozen importlib._bootstrap_external>", line 940, in exec_module
  File "<frozen importlib._bootstrap>", line 241, in _call_with_frames_removed
  File "/opt/airflow/dags/countries_dag.py", line 5, in <module>
    from ingestion.minio_to_snowflake import run_pipeline
ModuleNotFoundError: No module named 'ingestion'
[2026-09-07T21:51:03.127+0000] {processor.py:927} WARNING - No viable dags retrieved from /opt/airflow/dags/countries_dag.py
[2026-09-07T21:51:03.180+0000] {processor.py:208} INFO - Processing /opt/airflow/dags/countries_dag.py took 0.202 seconds
[2026-09-07T21:51:33.915+0000] {processor.py:186} INFO - Started process (PID=1342) to work on /opt/airflow/dags/countries_dag.py
[2026-09-07T21:51:33.918+0000] {processor.py:914} INFO - Processing file /opt/airflow/dags/countries_dag.py for tasks to queue
[2026-09-07T21:51:33.926+0000] {logging_mixin.py:190} INFO - [2026-09-07T21:51:33.926+0000] {dagbag.py:588} INFO - Filling up the DagBag from /opt/airflow/dags/countries_dag.py
[2026-09-07T21:51:33.984+0000] {logging_mixin.py:190} INFO - [2026-09-07T21:51:33.973+0000] {dagbag.py:387} ERROR - Failed to import: /opt/airflow/dags/countries_dag.py
Traceback (most recent call last):
  File "/home/airflow/.local/lib/python3.11/site-packages/airflow/models/dagbag.py", line 383, in parse
    loader.exec_module(new_module)
  File "<frozen importlib._bootstrap_external>", line 940, in exec_module
  File "<frozen importlib._bootstrap>", line 241, in _call_with_frames_removed
  File "/opt/airflow/dags/countries_dag.py", line 5, in <module>
    from ingestion.minio_to_snowflake import run_pipeline
ModuleNotFoundError: No module named 'ingestion'
[2026-09-07T21:51:33.987+0000] {processor.py:927} WARNING - No viable dags retrieved from /opt/airflow/dags/countries_dag.py
[2026-09-07T21:51:34.041+0000] {processor.py:208} INFO - Processing /opt/airflow/dags/countries_dag.py took 0.149 seconds
[2026-09-07T21:52:04.368+0000] {processor.py:186} INFO - Started process (PID=1347) to work on /opt/airflow/dags/countries_dag.py
[2026-09-07T21:52:04.370+0000] {processor.py:914} INFO - Processing file /opt/airflow/dags/countries_dag.py for tasks to queue
[2026-09-07T21:52:04.373+0000] {logging_mixin.py:190} INFO - [2026-09-07T21:52:04.372+0000] {dagbag.py:588} INFO - Filling up the DagBag from /opt/airflow/dags/countries_dag.py
[2026-09-07T21:52:04.441+0000] {logging_mixin.py:190} INFO - [2026-09-07T21:52:04.427+0000] {dagbag.py:387} ERROR - Failed to import: /opt/airflow/dags/countries_dag.py
Traceback (most recent call last):
  File "/home/airflow/.local/lib/python3.11/site-packages/airflow/models/dagbag.py", line 383, in parse
    loader.exec_module(new_module)
  File "<frozen importlib._bootstrap_external>", line 940, in exec_module
  File "<frozen importlib._bootstrap>", line 241, in _call_with_frames_removed
  File "/opt/airflow/dags/countries_dag.py", line 5, in <module>
    from ingestion.minio_to_snowflake import run_pipeline
ModuleNotFoundError: No module named 'ingestion'
[2026-09-07T21:52:04.451+0000] {processor.py:927} WARNING - No viable dags retrieved from /opt/airflow/dags/countries_dag.py
[2026-09-07T21:52:04.532+0000] {processor.py:208} INFO - Processing /opt/airflow/dags/countries_dag.py took 0.182 seconds
[2026-09-07T21:52:35.535+0000] {processor.py:186} INFO - Started process (PID=1352) to work on /opt/airflow/dags/countries_dag.py
[2026-09-07T21:52:35.541+0000] {processor.py:914} INFO - Processing file /opt/airflow/dags/countries_dag.py for tasks to queue
[2026-09-07T21:52:35.555+0000] {logging_mixin.py:190} INFO - [2026-09-07T21:52:35.547+0000] {dagbag.py:588} INFO - Filling up the DagBag from /opt/airflow/dags/countries_dag.py
[2026-09-07T21:52:35.686+0000] {logging_mixin.py:190} INFO - [2026-09-07T21:52:35.672+0000] {dagbag.py:387} ERROR - Failed to import: /opt/airflow/dags/countries_dag.py
Traceback (most recent call last):
  File "/home/airflow/.local/lib/python3.11/site-packages/airflow/models/dagbag.py", line 383, in parse
    loader.exec_module(new_module)
  File "<frozen importlib._bootstrap_external>", line 940, in exec_module
  File "<frozen importlib._bootstrap>", line 241, in _call_with_frames_removed
  File "/opt/airflow/dags/countries_dag.py", line 5, in <module>
    from ingestion.minio_to_snowflake import run_pipeline
ModuleNotFoundError: No module named 'ingestion'
[2026-09-07T21:52:35.695+0000] {processor.py:927} WARNING - No viable dags retrieved from /opt/airflow/dags/countries_dag.py
[2026-09-07T21:52:35.838+0000] {processor.py:208} INFO - Processing /opt/airflow/dags/countries_dag.py took 0.325 seconds
[2026-09-07T21:53:06.034+0000] {processor.py:186} INFO - Started process (PID=1357) to work on /opt/airflow/dags/countries_dag.py
[2026-09-07T21:53:06.037+0000] {processor.py:914} INFO - Processing file /opt/airflow/dags/countries_dag.py for tasks to queue
[2026-09-07T21:53:06.046+0000] {logging_mixin.py:190} INFO - [2026-09-07T21:53:06.044+0000] {dagbag.py:588} INFO - Filling up the DagBag from /opt/airflow/dags/countries_dag.py
[2026-09-07T21:53:06.144+0000] {logging_mixin.py:190} INFO - [2026-09-07T21:53:06.134+0000] {dagbag.py:387} ERROR - Failed to import: /opt/airflow/dags/countries_dag.py
Traceback (most recent call last):
  File "/home/airflow/.local/lib/python3.11/site-packages/airflow/models/dagbag.py", line 383, in parse
    loader.exec_module(new_module)
  File "<frozen importlib._bootstrap_external>", line 940, in exec_module
  File "<frozen importlib._bootstrap>", line 241, in _call_with_frames_removed
  File "/opt/airflow/dags/countries_dag.py", line 5, in <module>
    from ingestion.minio_to_snowflake import run_pipeline
ModuleNotFoundError: No module named 'ingestion'
[2026-09-07T21:53:06.149+0000] {processor.py:927} WARNING - No viable dags retrieved from /opt/airflow/dags/countries_dag.py
[2026-09-07T21:53:06.204+0000] {processor.py:208} INFO - Processing /opt/airflow/dags/countries_dag.py took 0.191 seconds
[2026-09-07T21:53:36.573+0000] {processor.py:186} INFO - Started process (PID=1362) to work on /opt/airflow/dags/countries_dag.py
[2026-09-07T21:53:36.584+0000] {processor.py:914} INFO - Processing file /opt/airflow/dags/countries_dag.py for tasks to queue
[2026-09-07T21:53:36.593+0000] {logging_mixin.py:190} INFO - [2026-09-07T21:53:36.592+0000] {dagbag.py:588} INFO - Filling up the DagBag from /opt/airflow/dags/countries_dag.py
[2026-09-07T21:53:36.666+0000] {logging_mixin.py:190} INFO - [2026-09-07T21:53:36.652+0000] {dagbag.py:387} ERROR - Failed to import: /opt/airflow/dags/countries_dag.py
Traceback (most recent call last):
  File "/home/airflow/.local/lib/python3.11/site-packages/airflow/models/dagbag.py", line 383, in parse
    loader.exec_module(new_module)
  File "<frozen importlib._bootstrap_external>", line 940, in exec_module
  File "<frozen importlib._bootstrap>", line 241, in _call_with_frames_removed
  File "/opt/airflow/dags/countries_dag.py", line 5, in <module>
    from ingestion.minio_to_snowflake import run_pipeline
ModuleNotFoundError: No module named 'ingestion'
[2026-09-07T21:53:36.682+0000] {processor.py:927} WARNING - No viable dags retrieved from /opt/airflow/dags/countries_dag.py
[2026-09-07T21:53:36.752+0000] {processor.py:208} INFO - Processing /opt/airflow/dags/countries_dag.py took 0.200 seconds
[2026-09-07T21:54:07.539+0000] {processor.py:186} INFO - Started process (PID=1367) to work on /opt/airflow/dags/countries_dag.py
[2026-09-07T21:54:07.541+0000] {processor.py:914} INFO - Processing file /opt/airflow/dags/countries_dag.py for tasks to queue
[2026-09-07T21:54:07.546+0000] {logging_mixin.py:190} INFO - [2026-09-07T21:54:07.545+0000] {dagbag.py:588} INFO - Filling up the DagBag from /opt/airflow/dags/countries_dag.py
[2026-09-07T21:54:07.591+0000] {logging_mixin.py:190} INFO - [2026-09-07T21:54:07.581+0000] {dagbag.py:387} ERROR - Failed to import: /opt/airflow/dags/countries_dag.py
Traceback (most recent call last):
  File "/home/airflow/.local/lib/python3.11/site-packages/airflow/models/dagbag.py", line 383, in parse
    loader.exec_module(new_module)
  File "<frozen importlib._bootstrap_external>", line 940, in exec_module
  File "<frozen importlib._bootstrap>", line 241, in _call_with_frames_removed
  File "/opt/airflow/dags/countries_dag.py", line 5, in <module>
    from ingestion.minio_to_snowflake import run_pipeline
ModuleNotFoundError: No module named 'ingestion'
[2026-09-07T21:54:07.595+0000] {processor.py:927} WARNING - No viable dags retrieved from /opt/airflow/dags/countries_dag.py
[2026-09-07T21:54:07.644+0000] {processor.py:208} INFO - Processing /opt/airflow/dags/countries_dag.py took 0.122 seconds
[2026-09-07T21:54:38.105+0000] {processor.py:186} INFO - Started process (PID=1372) to work on /opt/airflow/dags/countries_dag.py
[2026-09-07T21:54:38.107+0000] {processor.py:914} INFO - Processing file /opt/airflow/dags/countries_dag.py for tasks to queue
[2026-09-07T21:54:38.110+0000] {logging_mixin.py:190} INFO - [2026-09-07T21:54:38.109+0000] {dagbag.py:588} INFO - Filling up the DagBag from /opt/airflow/dags/countries_dag.py
[2026-09-07T21:54:38.212+0000] {logging_mixin.py:190} INFO - [2026-09-07T21:54:38.195+0000] {dagbag.py:387} ERROR - Failed to import: /opt/airflow/dags/countries_dag.py
Traceback (most recent call last):
  File "/home/airflow/.local/lib/python3.11/site-packages/airflow/models/dagbag.py", line 383, in parse
    loader.exec_module(new_module)
  File "<frozen importlib._bootstrap_external>", line 940, in exec_module
  File "<frozen importlib._bootstrap>", line 241, in _call_with_frames_removed
  File "/opt/airflow/dags/countries_dag.py", line 5, in <module>
    from ingestion.minio_to_snowflake import run_pipeline
ModuleNotFoundError: No module named 'ingestion'
[2026-09-07T21:54:38.215+0000] {processor.py:927} WARNING - No viable dags retrieved from /opt/airflow/dags/countries_dag.py
[2026-09-07T21:54:38.270+0000] {processor.py:208} INFO - Processing /opt/airflow/dags/countries_dag.py took 0.180 seconds
[2026-09-07T21:55:08.706+0000] {processor.py:186} INFO - Started process (PID=1377) to work on /opt/airflow/dags/countries_dag.py
[2026-09-07T21:55:08.744+0000] {processor.py:914} INFO - Processing file /opt/airflow/dags/countries_dag.py for tasks to queue
[2026-09-07T21:55:08.750+0000] {logging_mixin.py:190} INFO - [2026-09-07T21:55:08.749+0000] {dagbag.py:588} INFO - Filling up the DagBag from /opt/airflow/dags/countries_dag.py
[2026-09-07T21:55:08.815+0000] {logging_mixin.py:190} INFO - [2026-09-07T21:55:08.807+0000] {dagbag.py:387} ERROR - Failed to import: /opt/airflow/dags/countries_dag.py
Traceback (most recent call last):
  File "/home/airflow/.local/lib/python3.11/site-packages/airflow/models/dagbag.py", line 383, in parse
    loader.exec_module(new_module)
  File "<frozen importlib._bootstrap_external>", line 940, in exec_module
  File "<frozen importlib._bootstrap>", line 241, in _call_with_frames_removed
  File "/opt/airflow/dags/countries_dag.py", line 5, in <module>
    from ingestion.minio_to_snowflake import run_pipeline
ModuleNotFoundError: No module named 'ingestion'
[2026-09-07T21:55:08.818+0000] {processor.py:927} WARNING - No viable dags retrieved from /opt/airflow/dags/countries_dag.py
[2026-09-07T21:55:08.893+0000] {processor.py:208} INFO - Processing /opt/airflow/dags/countries_dag.py took 0.210 seconds
[2026-09-07T21:55:39.700+0000] {processor.py:186} INFO - Started process (PID=1382) to work on /opt/airflow/dags/countries_dag.py
[2026-09-07T21:55:39.703+0000] {processor.py:914} INFO - Processing file /opt/airflow/dags/countries_dag.py for tasks to queue
[2026-09-07T21:55:39.706+0000] {logging_mixin.py:190} INFO - [2026-09-07T21:55:39.705+0000] {dagbag.py:588} INFO - Filling up the DagBag from /opt/airflow/dags/countries_dag.py
[2026-09-07T21:55:39.760+0000] {logging_mixin.py:190} INFO - [2026-09-07T21:55:39.750+0000] {dagbag.py:387} ERROR - Failed to import: /opt/airflow/dags/countries_dag.py
Traceback (most recent call last):
  File "/home/airflow/.local/lib/python3.11/site-packages/airflow/models/dagbag.py", line 383, in parse
    loader.exec_module(new_module)
  File "<frozen importlib._bootstrap_external>", line 940, in exec_module
  File "<frozen importlib._bootstrap>", line 241, in _call_with_frames_removed
  File "/opt/airflow/dags/countries_dag.py", line 5, in <module>
    from ingestion.minio_to_snowflake import run_pipeline
ModuleNotFoundError: No module named 'ingestion'
[2026-09-07T21:55:39.764+0000] {processor.py:927} WARNING - No viable dags retrieved from /opt/airflow/dags/countries_dag.py
[2026-09-07T21:55:39.817+0000] {processor.py:208} INFO - Processing /opt/airflow/dags/countries_dag.py took 0.137 seconds
[2026-09-07T21:56:10.205+0000] {processor.py:186} INFO - Started process (PID=1387) to work on /opt/airflow/dags/countries_dag.py
[2026-09-07T21:56:10.207+0000] {processor.py:914} INFO - Processing file /opt/airflow/dags/countries_dag.py for tasks to queue
[2026-09-07T21:56:10.211+0000] {logging_mixin.py:190} INFO - [2026-09-07T21:56:10.210+0000] {dagbag.py:588} INFO - Filling up the DagBag from /opt/airflow/dags/countries_dag.py
[2026-09-07T21:56:10.310+0000] {logging_mixin.py:190} INFO - [2026-09-07T21:56:10.301+0000] {dagbag.py:387} ERROR - Failed to import: /opt/airflow/dags/countries_dag.py
Traceback (most recent call last):
  File "/home/airflow/.local/lib/python3.11/site-packages/airflow/models/dagbag.py", line 383, in parse
    loader.exec_module(new_module)
  File "<frozen importlib._bootstrap_external>", line 940, in exec_module
  File "<frozen importlib._bootstrap>", line 241, in _call_with_frames_removed
  File "/opt/airflow/dags/countries_dag.py", line 5, in <module>
    from ingestion.minio_to_snowflake import run_pipeline
ModuleNotFoundError: No module named 'ingestion'
[2026-09-07T21:56:10.316+0000] {processor.py:927} WARNING - No viable dags retrieved from /opt/airflow/dags/countries_dag.py
[2026-09-07T21:56:10.399+0000] {processor.py:208} INFO - Processing /opt/airflow/dags/countries_dag.py took 0.217 seconds
[2026-09-07T21:56:40.868+0000] {processor.py:186} INFO - Started process (PID=1392) to work on /opt/airflow/dags/countries_dag.py
[2026-09-07T21:56:40.872+0000] {processor.py:914} INFO - Processing file /opt/airflow/dags/countries_dag.py for tasks to queue
[2026-09-07T21:56:40.877+0000] {logging_mixin.py:190} INFO - [2026-09-07T21:56:40.876+0000] {dagbag.py:588} INFO - Filling up the DagBag from /opt/airflow/dags/countries_dag.py
[2026-09-07T21:56:40.995+0000] {logging_mixin.py:190} INFO - [2026-09-07T21:56:40.973+0000] {dagbag.py:387} ERROR - Failed to import: /opt/airflow/dags/countries_dag.py
Traceback (most recent call last):
  File "/home/airflow/.local/lib/python3.11/site-packages/airflow/models/dagbag.py", line 383, in parse
    loader.exec_module(new_module)
  File "<frozen importlib._bootstrap_external>", line 940, in exec_module
  File "<frozen importlib._bootstrap>", line 241, in _call_with_frames_removed
  File "/opt/airflow/dags/countries_dag.py", line 5, in <module>
    from ingestion.minio_to_snowflake import run_pipeline
ModuleNotFoundError: No module named 'ingestion'
[2026-09-07T21:56:40.999+0000] {processor.py:927} WARNING - No viable dags retrieved from /opt/airflow/dags/countries_dag.py
[2026-09-07T21:56:41.091+0000] {processor.py:208} INFO - Processing /opt/airflow/dags/countries_dag.py took 0.243 seconds
[2026-09-07T21:57:11.347+0000] {processor.py:186} INFO - Started process (PID=1397) to work on /opt/airflow/dags/countries_dag.py
[2026-09-07T21:57:11.349+0000] {processor.py:914} INFO - Processing file /opt/airflow/dags/countries_dag.py for tasks to queue
[2026-09-07T21:57:11.354+0000] {logging_mixin.py:190} INFO - [2026-09-07T21:57:11.353+0000] {dagbag.py:588} INFO - Filling up the DagBag from /opt/airflow/dags/countries_dag.py
[2026-09-07T21:57:11.405+0000] {logging_mixin.py:190} INFO - [2026-09-07T21:57:11.399+0000] {dagbag.py:387} ERROR - Failed to import: /opt/airflow/dags/countries_dag.py
Traceback (most recent call last):
  File "/home/airflow/.local/lib/python3.11/site-packages/airflow/models/dagbag.py", line 383, in parse
    loader.exec_module(new_module)
  File "<frozen importlib._bootstrap_external>", line 940, in exec_module
  File "<frozen importlib._bootstrap>", line 241, in _call_with_frames_removed
  File "/opt/airflow/dags/countries_dag.py", line 5, in <module>
    from ingestion.minio_to_snowflake import run_pipeline
ModuleNotFoundError: No module named 'ingestion'
[2026-09-07T21:57:11.408+0000] {processor.py:927} WARNING - No viable dags retrieved from /opt/airflow/dags/countries_dag.py
[2026-09-07T21:57:11.458+0000] {processor.py:208} INFO - Processing /opt/airflow/dags/countries_dag.py took 0.127 seconds
[2026-09-07T21:57:41.904+0000] {processor.py:186} INFO - Started process (PID=1402) to work on /opt/airflow/dags/countries_dag.py
[2026-09-07T21:57:41.908+0000] {processor.py:914} INFO - Processing file /opt/airflow/dags/countries_dag.py for tasks to queue
[2026-09-07T21:57:41.916+0000] {logging_mixin.py:190} INFO - [2026-09-07T21:57:41.915+0000] {dagbag.py:588} INFO - Filling up the DagBag from /opt/airflow/dags/countries_dag.py
[2026-09-07T21:57:41.970+0000] {logging_mixin.py:190} INFO - [2026-09-07T21:57:41.947+0000] {dagbag.py:387} ERROR - Failed to import: /opt/airflow/dags/countries_dag.py
Traceback (most recent call last):
  File "/home/airflow/.local/lib/python3.11/site-packages/airflow/models/dagbag.py", line 383, in parse
    loader.exec_module(new_module)
  File "<frozen importlib._bootstrap_external>", line 940, in exec_module
  File "<frozen importlib._bootstrap>", line 241, in _call_with_frames_removed
  File "/opt/airflow/dags/countries_dag.py", line 5, in <module>
    from ingestion.minio_to_snowflake import run_pipeline
ModuleNotFoundError: No module named 'ingestion'
[2026-09-07T21:57:41.975+0000] {processor.py:927} WARNING - No viable dags retrieved from /opt/airflow/dags/countries_dag.py
[2026-09-07T21:57:42.079+0000] {processor.py:208} INFO - Processing /opt/airflow/dags/countries_dag.py took 0.196 seconds
[2026-09-07T22:41:00.362+0000] {processor.py:186} INFO - Started process (PID=1407) to work on /opt/airflow/dags/countries_dag.py
[2026-09-07T22:41:00.400+0000] {processor.py:914} INFO - Processing file /opt/airflow/dags/countries_dag.py for tasks to queue
[2026-09-07T22:41:00.406+0000] {logging_mixin.py:190} INFO - [2026-09-07T22:41:00.403+0000] {dagbag.py:588} INFO - Filling up the DagBag from /opt/airflow/dags/countries_dag.py
[2026-09-07T22:41:03.144+0000] {logging_mixin.py:190} INFO - [2026-09-07T22:41:02.001+0000] {dagbag.py:387} ERROR - Failed to import: /opt/airflow/dags/countries_dag.py
Traceback (most recent call last):
  File "/home/airflow/.local/lib/python3.11/site-packages/airflow/models/dagbag.py", line 383, in parse
    loader.exec_module(new_module)
  File "<frozen importlib._bootstrap_external>", line 940, in exec_module
  File "<frozen importlib._bootstrap>", line 241, in _call_with_frames_removed
  File "/opt/airflow/dags/countries_dag.py", line 5, in <module>
    from ingestion.minio_to_snowflake import run_pipeline
ModuleNotFoundError: No module named 'ingestion'
[2026-09-07T22:41:32.770+0000] {processor.py:186} INFO - Started process (PID=1410) to work on /opt/airflow/dags/countries_dag.py
[2026-09-07T22:41:32.795+0000] {processor.py:914} INFO - Processing file /opt/airflow/dags/countries_dag.py for tasks to queue
[2026-09-07T22:41:32.798+0000] {logging_mixin.py:190} INFO - [2026-09-07T22:41:32.797+0000] {dagbag.py:588} INFO - Filling up the DagBag from /opt/airflow/dags/countries_dag.py
[2026-09-07T22:41:32.974+0000] {logging_mixin.py:190} INFO - [2026-09-07T22:41:32.962+0000] {dagbag.py:387} ERROR - Failed to import: /opt/airflow/dags/countries_dag.py
Traceback (most recent call last):
  File "/home/airflow/.local/lib/python3.11/site-packages/airflow/models/dagbag.py", line 383, in parse
    loader.exec_module(new_module)
  File "<frozen importlib._bootstrap_external>", line 940, in exec_module
  File "<frozen importlib._bootstrap>", line 241, in _call_with_frames_removed
  File "/opt/airflow/dags/countries_dag.py", line 5, in <module>
    from ingestion.minio_to_snowflake import run_pipeline
ModuleNotFoundError: No module named 'ingestion'
[2026-09-07T22:41:32.978+0000] {processor.py:927} WARNING - No viable dags retrieved from /opt/airflow/dags/countries_dag.py
[2026-09-07T22:41:33.074+0000] {processor.py:208} INFO - Processing /opt/airflow/dags/countries_dag.py took 0.318 seconds
[2026-09-07T22:42:03.505+0000] {processor.py:186} INFO - Started process (PID=1415) to work on /opt/airflow/dags/countries_dag.py
[2026-09-07T22:42:03.507+0000] {processor.py:914} INFO - Processing file /opt/airflow/dags/countries_dag.py for tasks to queue
[2026-09-07T22:42:03.511+0000] {logging_mixin.py:190} INFO - [2026-09-07T22:42:03.511+0000] {dagbag.py:588} INFO - Filling up the DagBag from /opt/airflow/dags/countries_dag.py
[2026-09-07T22:42:03.613+0000] {logging_mixin.py:190} INFO - [2026-09-07T22:42:03.588+0000] {dagbag.py:387} ERROR - Failed to import: /opt/airflow/dags/countries_dag.py
Traceback (most recent call last):
  File "/home/airflow/.local/lib/python3.11/site-packages/airflow/models/dagbag.py", line 383, in parse
    loader.exec_module(new_module)
  File "<frozen importlib._bootstrap_external>", line 940, in exec_module
  File "<frozen importlib._bootstrap>", line 241, in _call_with_frames_removed
  File "/opt/airflow/dags/countries_dag.py", line 5, in <module>
    from ingestion.minio_to_snowflake import run_pipeline
ModuleNotFoundError: No module named 'ingestion'
[2026-09-07T22:42:03.632+0000] {processor.py:927} WARNING - No viable dags retrieved from /opt/airflow/dags/countries_dag.py
[2026-09-07T22:42:03.703+0000] {processor.py:208} INFO - Processing /opt/airflow/dags/countries_dag.py took 0.221 seconds
[2026-09-07T22:42:34.282+0000] {processor.py:186} INFO - Started process (PID=1420) to work on /opt/airflow/dags/countries_dag.py
[2026-09-07T22:42:34.285+0000] {processor.py:914} INFO - Processing file /opt/airflow/dags/countries_dag.py for tasks to queue
[2026-09-07T22:42:34.289+0000] {logging_mixin.py:190} INFO - [2026-09-07T22:42:34.288+0000] {dagbag.py:588} INFO - Filling up the DagBag from /opt/airflow/dags/countries_dag.py
[2026-09-07T22:42:34.346+0000] {logging_mixin.py:190} INFO - [2026-09-07T22:42:34.338+0000] {dagbag.py:387} ERROR - Failed to import: /opt/airflow/dags/countries_dag.py
Traceback (most recent call last):
  File "/home/airflow/.local/lib/python3.11/site-packages/airflow/models/dagbag.py", line 383, in parse
    loader.exec_module(new_module)
  File "<frozen importlib._bootstrap_external>", line 940, in exec_module
  File "<frozen importlib._bootstrap>", line 241, in _call_with_frames_removed
  File "/opt/airflow/dags/countries_dag.py", line 5, in <module>
    from ingestion.minio_to_snowflake import run_pipeline
ModuleNotFoundError: No module named 'ingestion'
[2026-09-07T22:42:34.349+0000] {processor.py:927} WARNING - No viable dags retrieved from /opt/airflow/dags/countries_dag.py
[2026-09-07T22:42:34.427+0000] {processor.py:208} INFO - Processing /opt/airflow/dags/countries_dag.py took 0.167 seconds
[2026-09-07T22:43:05.146+0000] {processor.py:186} INFO - Started process (PID=1425) to work on /opt/airflow/dags/countries_dag.py
[2026-09-07T22:43:05.159+0000] {processor.py:914} INFO - Processing file /opt/airflow/dags/countries_dag.py for tasks to queue
[2026-09-07T22:43:05.163+0000] {logging_mixin.py:190} INFO - [2026-09-07T22:43:05.162+0000] {dagbag.py:588} INFO - Filling up the DagBag from /opt/airflow/dags/countries_dag.py
[2026-09-07T22:43:05.256+0000] {logging_mixin.py:190} INFO - [2026-09-07T22:43:05.247+0000] {dagbag.py:387} ERROR - Failed to import: /opt/airflow/dags/countries_dag.py
Traceback (most recent call last):
  File "/home/airflow/.local/lib/python3.11/site-packages/airflow/models/dagbag.py", line 383, in parse
    loader.exec_module(new_module)
  File "<frozen importlib._bootstrap_external>", line 940, in exec_module
  File "<frozen importlib._bootstrap>", line 241, in _call_with_frames_removed
  File "/opt/airflow/dags/countries_dag.py", line 5, in <module>
    from ingestion.minio_to_snowflake import run_pipeline
ModuleNotFoundError: No module named 'ingestion'
[2026-09-07T22:43:05.259+0000] {processor.py:927} WARNING - No viable dags retrieved from /opt/airflow/dags/countries_dag.py
[2026-09-07T22:43:05.337+0000] {processor.py:208} INFO - Processing /opt/airflow/dags/countries_dag.py took 0.218 seconds
[2026-09-07T22:43:35.831+0000] {processor.py:186} INFO - Started process (PID=1430) to work on /opt/airflow/dags/countries_dag.py
[2026-09-07T22:43:35.834+0000] {processor.py:914} INFO - Processing file /opt/airflow/dags/countries_dag.py for tasks to queue
[2026-09-07T22:43:35.839+0000] {logging_mixin.py:190} INFO - [2026-09-07T22:43:35.838+0000] {dagbag.py:588} INFO - Filling up the DagBag from /opt/airflow/dags/countries_dag.py
[2026-09-07T22:43:35.887+0000] {logging_mixin.py:190} INFO - [2026-09-07T22:43:35.876+0000] {dagbag.py:387} ERROR - Failed to import: /opt/airflow/dags/countries_dag.py
Traceback (most recent call last):
  File "/home/airflow/.local/lib/python3.11/site-packages/airflow/models/dagbag.py", line 383, in parse
    loader.exec_module(new_module)
  File "<frozen importlib._bootstrap_external>", line 940, in exec_module
  File "<frozen importlib._bootstrap>", line 241, in _call_with_frames_removed
  File "/opt/airflow/dags/countries_dag.py", line 5, in <module>
    from ingestion.minio_to_snowflake import run_pipeline
ModuleNotFoundError: No module named 'ingestion'
[2026-09-07T22:43:35.890+0000] {processor.py:927} WARNING - No viable dags retrieved from /opt/airflow/dags/countries_dag.py
[2026-09-07T22:43:35.951+0000] {processor.py:208} INFO - Processing /opt/airflow/dags/countries_dag.py took 0.146 seconds
[2026-09-07T22:44:06.535+0000] {processor.py:186} INFO - Started process (PID=1435) to work on /opt/airflow/dags/countries_dag.py
[2026-09-07T22:44:06.558+0000] {processor.py:914} INFO - Processing file /opt/airflow/dags/countries_dag.py for tasks to queue
[2026-09-07T22:44:06.563+0000] {logging_mixin.py:190} INFO - [2026-09-07T22:44:06.563+0000] {dagbag.py:588} INFO - Filling up the DagBag from /opt/airflow/dags/countries_dag.py
[2026-09-07T22:44:06.807+0000] {logging_mixin.py:190} INFO - [2026-09-07T22:44:06.794+0000] {dagbag.py:387} ERROR - Failed to import: /opt/airflow/dags/countries_dag.py
Traceback (most recent call last):
  File "/home/airflow/.local/lib/python3.11/site-packages/airflow/models/dagbag.py", line 383, in parse
    loader.exec_module(new_module)
  File "<frozen importlib._bootstrap_external>", line 940, in exec_module
  File "<frozen importlib._bootstrap>", line 241, in _call_with_frames_removed
  File "/opt/airflow/dags/countries_dag.py", line 5, in <module>
    from ingestion.minio_to_snowflake import run_pipeline
ModuleNotFoundError: No module named 'ingestion'
[2026-09-07T22:44:06.814+0000] {processor.py:927} WARNING - No viable dags retrieved from /opt/airflow/dags/countries_dag.py
[2026-09-07T22:44:06.926+0000] {processor.py:208} INFO - Processing /opt/airflow/dags/countries_dag.py took 0.419 seconds
[2026-09-07T22:44:37.623+0000] {processor.py:186} INFO - Started process (PID=1440) to work on /opt/airflow/dags/countries_dag.py
[2026-09-07T22:44:37.626+0000] {processor.py:914} INFO - Processing file /opt/airflow/dags/countries_dag.py for tasks to queue
[2026-09-07T22:44:37.634+0000] {logging_mixin.py:190} INFO - [2026-09-07T22:44:37.632+0000] {dagbag.py:588} INFO - Filling up the DagBag from /opt/airflow/dags/countries_dag.py
[2026-09-07T22:44:37.704+0000] {logging_mixin.py:190} INFO - [2026-09-07T22:44:37.689+0000] {dagbag.py:387} ERROR - Failed to import: /opt/airflow/dags/countries_dag.py
Traceback (most recent call last):
  File "/home/airflow/.local/lib/python3.11/site-packages/airflow/models/dagbag.py", line 383, in parse
    loader.exec_module(new_module)
  File "<frozen importlib._bootstrap_external>", line 940, in exec_module
  File "<frozen importlib._bootstrap>", line 241, in _call_with_frames_removed
  File "/opt/airflow/dags/countries_dag.py", line 5, in <module>
    from ingestion.minio_to_snowflake import run_pipeline
ModuleNotFoundError: No module named 'ingestion'
[2026-09-07T22:44:37.710+0000] {processor.py:927} WARNING - No viable dags retrieved from /opt/airflow/dags/countries_dag.py
[2026-09-07T22:44:37.859+0000] {processor.py:208} INFO - Processing /opt/airflow/dags/countries_dag.py took 0.259 seconds
[2026-09-07T22:45:08.188+0000] {processor.py:186} INFO - Started process (PID=1445) to work on /opt/airflow/dags/countries_dag.py
[2026-09-07T22:45:08.191+0000] {processor.py:914} INFO - Processing file /opt/airflow/dags/countries_dag.py for tasks to queue
[2026-09-07T22:45:08.193+0000] {logging_mixin.py:190} INFO - [2026-09-07T22:45:08.193+0000] {dagbag.py:588} INFO - Filling up the DagBag from /opt/airflow/dags/countries_dag.py
[2026-09-07T22:45:08.247+0000] {logging_mixin.py:190} INFO - [2026-09-07T22:45:08.226+0000] {dagbag.py:387} ERROR - Failed to import: /opt/airflow/dags/countries_dag.py
Traceback (most recent call last):
  File "/home/airflow/.local/lib/python3.11/site-packages/airflow/models/dagbag.py", line 383, in parse
    loader.exec_module(new_module)
  File "<frozen importlib._bootstrap_external>", line 940, in exec_module
  File "<frozen importlib._bootstrap>", line 241, in _call_with_frames_removed
  File "/opt/airflow/dags/countries_dag.py", line 5, in <module>
    from ingestion.minio_to_snowflake import run_pipeline
ModuleNotFoundError: No module named 'ingestion'
[2026-09-07T22:45:08.251+0000] {processor.py:927} WARNING - No viable dags retrieved from /opt/airflow/dags/countries_dag.py
[2026-09-07T22:45:08.296+0000] {processor.py:208} INFO - Processing /opt/airflow/dags/countries_dag.py took 0.133 seconds
[2026-09-07T22:45:38.751+0000] {processor.py:186} INFO - Started process (PID=1450) to work on /opt/airflow/dags/countries_dag.py
[2026-09-07T22:45:38.754+0000] {processor.py:914} INFO - Processing file /opt/airflow/dags/countries_dag.py for tasks to queue
[2026-09-07T22:45:38.768+0000] {logging_mixin.py:190} INFO - [2026-09-07T22:45:38.756+0000] {dagbag.py:588} INFO - Filling up the DagBag from /opt/airflow/dags/countries_dag.py
[2026-09-07T22:45:38.860+0000] {logging_mixin.py:190} INFO - [2026-09-07T22:45:38.846+0000] {dagbag.py:387} ERROR - Failed to import: /opt/airflow/dags/countries_dag.py
Traceback (most recent call last):
  File "/home/airflow/.local/lib/python3.11/site-packages/airflow/models/dagbag.py", line 383, in parse
    loader.exec_module(new_module)
  File "<frozen importlib._bootstrap_external>", line 940, in exec_module
  File "<frozen importlib._bootstrap>", line 241, in _call_with_frames_removed
  File "/opt/airflow/dags/countries_dag.py", line 5, in <module>
    from ingestion.minio_to_snowflake import run_pipeline
ModuleNotFoundError: No module named 'ingestion'
[2026-09-07T22:45:38.865+0000] {processor.py:927} WARNING - No viable dags retrieved from /opt/airflow/dags/countries_dag.py
[2026-09-07T22:45:38.953+0000] {processor.py:208} INFO - Processing /opt/airflow/dags/countries_dag.py took 0.224 seconds
[2026-09-07T22:46:10.076+0000] {processor.py:186} INFO - Started process (PID=1455) to work on /opt/airflow/dags/countries_dag.py
[2026-09-07T22:46:10.082+0000] {processor.py:914} INFO - Processing file /opt/airflow/dags/countries_dag.py for tasks to queue
[2026-09-07T22:46:10.085+0000] {logging_mixin.py:190} INFO - [2026-09-07T22:46:10.084+0000] {dagbag.py:588} INFO - Filling up the DagBag from /opt/airflow/dags/countries_dag.py
[2026-09-07T22:46:10.135+0000] {logging_mixin.py:190} INFO - [2026-09-07T22:46:10.126+0000] {dagbag.py:387} ERROR - Failed to import: /opt/airflow/dags/countries_dag.py
Traceback (most recent call last):
  File "/home/airflow/.local/lib/python3.11/site-packages/airflow/models/dagbag.py", line 383, in parse
    loader.exec_module(new_module)
  File "<frozen importlib._bootstrap_external>", line 940, in exec_module
  File "<frozen importlib._bootstrap>", line 241, in _call_with_frames_removed
  File "/opt/airflow/dags/countries_dag.py", line 5, in <module>
    from ingestion.minio_to_snowflake import run_pipeline
ModuleNotFoundError: No module named 'ingestion'
[2026-09-07T22:46:10.138+0000] {processor.py:927} WARNING - No viable dags retrieved from /opt/airflow/dags/countries_dag.py
[2026-09-07T22:46:10.188+0000] {processor.py:208} INFO - Processing /opt/airflow/dags/countries_dag.py took 0.129 seconds
[2026-09-07T22:46:40.898+0000] {processor.py:186} INFO - Started process (PID=1460) to work on /opt/airflow/dags/countries_dag.py
[2026-09-07T22:46:40.905+0000] {processor.py:914} INFO - Processing file /opt/airflow/dags/countries_dag.py for tasks to queue
[2026-09-07T22:46:40.908+0000] {logging_mixin.py:190} INFO - [2026-09-07T22:46:40.907+0000] {dagbag.py:588} INFO - Filling up the DagBag from /opt/airflow/dags/countries_dag.py
[2026-09-07T22:46:40.966+0000] {logging_mixin.py:190} INFO - [2026-09-07T22:46:40.955+0000] {dagbag.py:387} ERROR - Failed to import: /opt/airflow/dags/countries_dag.py
Traceback (most recent call last):
  File "/home/airflow/.local/lib/python3.11/site-packages/airflow/models/dagbag.py", line 383, in parse
    loader.exec_module(new_module)
  File "<frozen importlib._bootstrap_external>", line 940, in exec_module
  File "<frozen importlib._bootstrap>", line 241, in _call_with_frames_removed
  File "/opt/airflow/dags/countries_dag.py", line 5, in <module>
    from ingestion.minio_to_snowflake import run_pipeline
ModuleNotFoundError: No module named 'ingestion'
[2026-09-07T22:46:40.969+0000] {processor.py:927} WARNING - No viable dags retrieved from /opt/airflow/dags/countries_dag.py
[2026-09-07T22:46:41.077+0000] {processor.py:208} INFO - Processing /opt/airflow/dags/countries_dag.py took 0.195 seconds
[2026-09-07T22:46:44.468+0000] {processor.py:186} INFO - Started process (PID=1465) to work on /opt/airflow/dags/countries_dag.py
[2026-09-07T22:46:44.470+0000] {processor.py:914} INFO - Processing file /opt/airflow/dags/countries_dag.py for tasks to queue
[2026-09-07T22:46:44.483+0000] {logging_mixin.py:190} INFO - [2026-09-07T22:46:44.482+0000] {dagbag.py:588} INFO - Filling up the DagBag from /opt/airflow/dags/countries_dag.py
[2026-09-07T22:46:44.832+0000] {logging_mixin.py:190} INFO - [2026-09-07T22:46:44.791+0000] {dagbag.py:387} ERROR - Failed to import: /opt/airflow/dags/countries_dag.py
Traceback (most recent call last):
  File "/home/airflow/.local/lib/python3.11/site-packages/airflow/models/dagbag.py", line 383, in parse
    loader.exec_module(new_module)
  File "<frozen importlib._bootstrap_external>", line 940, in exec_module
  File "<frozen importlib._bootstrap>", line 241, in _call_with_frames_removed
  File "/opt/airflow/dags/countries_dag.py", line 5, in <module>
    from ingestion.minio_to_snowflake import run_pipeline
ModuleNotFoundError: No module named 'ingestion'
[2026-09-07T22:46:44.838+0000] {processor.py:927} WARNING - No viable dags retrieved from /opt/airflow/dags/countries_dag.py
[2026-09-07T22:46:45.004+0000] {processor.py:208} INFO - Processing /opt/airflow/dags/countries_dag.py took 0.560 seconds
[2026-09-07T22:46:46.076+0000] {processor.py:186} INFO - Started process (PID=1470) to work on /opt/airflow/dags/countries_dag.py
[2026-09-07T22:46:46.079+0000] {processor.py:914} INFO - Processing file /opt/airflow/dags/countries_dag.py for tasks to queue
[2026-09-07T22:46:46.090+0000] {logging_mixin.py:190} INFO - [2026-09-07T22:46:46.089+0000] {dagbag.py:588} INFO - Filling up the DagBag from /opt/airflow/dags/countries_dag.py
[2026-09-07T22:46:46.249+0000] {logging_mixin.py:190} INFO - [2026-09-07T22:46:46.237+0000] {dagbag.py:387} ERROR - Failed to import: /opt/airflow/dags/countries_dag.py
Traceback (most recent call last):
  File "/home/airflow/.local/lib/python3.11/site-packages/airflow/models/dagbag.py", line 383, in parse
    loader.exec_module(new_module)
  File "<frozen importlib._bootstrap_external>", line 940, in exec_module
  File "<frozen importlib._bootstrap>", line 241, in _call_with_frames_removed
  File "/opt/airflow/dags/countries_dag.py", line 5, in <module>
    from ingestion.minio_to_snowflake import run_pipeline
ModuleNotFoundError: No module named 'ingestion'
[2026-09-07T22:46:46.267+0000] {processor.py:927} WARNING - No viable dags retrieved from /opt/airflow/dags/countries_dag.py
[2026-09-07T22:46:46.337+0000] {processor.py:208} INFO - Processing /opt/airflow/dags/countries_dag.py took 0.285 seconds
[2026-09-07T22:47:17.200+0000] {processor.py:186} INFO - Started process (PID=1475) to work on /opt/airflow/dags/countries_dag.py
[2026-09-07T22:47:17.209+0000] {processor.py:914} INFO - Processing file /opt/airflow/dags/countries_dag.py for tasks to queue
[2026-09-07T22:47:17.216+0000] {logging_mixin.py:190} INFO - [2026-09-07T22:47:17.215+0000] {dagbag.py:588} INFO - Filling up the DagBag from /opt/airflow/dags/countries_dag.py
[2026-09-07T22:47:17.330+0000] {logging_mixin.py:190} INFO - [2026-09-07T22:47:17.320+0000] {dagbag.py:387} ERROR - Failed to import: /opt/airflow/dags/countries_dag.py
Traceback (most recent call last):
  File "/home/airflow/.local/lib/python3.11/site-packages/airflow/models/dagbag.py", line 383, in parse
    loader.exec_module(new_module)
  File "<frozen importlib._bootstrap_external>", line 940, in exec_module
  File "<frozen importlib._bootstrap>", line 241, in _call_with_frames_removed
  File "/opt/airflow/dags/countries_dag.py", line 5, in <module>
    from ingestion.minio_to_snowflake import run_pipeline
ModuleNotFoundError: No module named 'ingestion'
[2026-09-07T22:47:17.337+0000] {processor.py:927} WARNING - No viable dags retrieved from /opt/airflow/dags/countries_dag.py
[2026-09-07T22:47:17.448+0000] {processor.py:208} INFO - Processing /opt/airflow/dags/countries_dag.py took 0.304 seconds
[2026-09-07T22:47:35.159+0000] {processor.py:186} INFO - Started process (PID=1480) to work on /opt/airflow/dags/countries_dag.py
[2026-09-07T22:47:35.163+0000] {processor.py:914} INFO - Processing file /opt/airflow/dags/countries_dag.py for tasks to queue
[2026-09-07T22:47:35.170+0000] {logging_mixin.py:190} INFO - [2026-09-07T22:47:35.169+0000] {dagbag.py:588} INFO - Filling up the DagBag from /opt/airflow/dags/countries_dag.py
[2026-09-07T22:47:35.317+0000] {logging_mixin.py:190} INFO - [2026-09-07T22:47:35.293+0000] {dagbag.py:387} ERROR - Failed to import: /opt/airflow/dags/countries_dag.py
Traceback (most recent call last):
  File "/home/airflow/.local/lib/python3.11/site-packages/airflow/models/dagbag.py", line 383, in parse
    loader.exec_module(new_module)
  File "<frozen importlib._bootstrap_external>", line 940, in exec_module
  File "<frozen importlib._bootstrap>", line 241, in _call_with_frames_removed
  File "/opt/airflow/dags/countries_dag.py", line 5, in <module>
    from ingestion.minio_to_snowflake import run_pipeline
ModuleNotFoundError: No module named 'ingestion'
[2026-09-07T22:47:35.323+0000] {processor.py:927} WARNING - No viable dags retrieved from /opt/airflow/dags/countries_dag.py
[2026-09-07T22:47:35.404+0000] {processor.py:208} INFO - Processing /opt/airflow/dags/countries_dag.py took 0.269 seconds
[2026-09-07T22:48:06.089+0000] {processor.py:186} INFO - Started process (PID=1485) to work on /opt/airflow/dags/countries_dag.py
[2026-09-07T22:48:06.107+0000] {processor.py:914} INFO - Processing file /opt/airflow/dags/countries_dag.py for tasks to queue
[2026-09-07T22:48:06.144+0000] {logging_mixin.py:190} INFO - [2026-09-07T22:48:06.143+0000] {dagbag.py:588} INFO - Filling up the DagBag from /opt/airflow/dags/countries_dag.py
[2026-09-07T22:48:06.499+0000] {logging_mixin.py:190} INFO - [2026-09-07T22:48:06.466+0000] {dagbag.py:387} ERROR - Failed to import: /opt/airflow/dags/countries_dag.py
Traceback (most recent call last):
  File "/home/airflow/.local/lib/python3.11/site-packages/airflow/models/dagbag.py", line 383, in parse
    loader.exec_module(new_module)
  File "<frozen importlib._bootstrap_external>", line 940, in exec_module
  File "<frozen importlib._bootstrap>", line 241, in _call_with_frames_removed
  File "/opt/airflow/dags/countries_dag.py", line 5, in <module>
    from ingestion.minio_to_snowflake import run_pipeline
ModuleNotFoundError: No module named 'ingestion'
[2026-09-07T22:48:06.526+0000] {processor.py:927} WARNING - No viable dags retrieved from /opt/airflow/dags/countries_dag.py
[2026-09-07T22:48:06.663+0000] {processor.py:208} INFO - Processing /opt/airflow/dags/countries_dag.py took 0.605 seconds
[2026-09-07T22:48:37.794+0000] {processor.py:186} INFO - Started process (PID=1490) to work on /opt/airflow/dags/countries_dag.py
[2026-09-07T22:48:37.801+0000] {processor.py:914} INFO - Processing file /opt/airflow/dags/countries_dag.py for tasks to queue
[2026-09-07T22:48:37.809+0000] {logging_mixin.py:190} INFO - [2026-09-07T22:48:37.804+0000] {dagbag.py:588} INFO - Filling up the DagBag from /opt/airflow/dags/countries_dag.py
[2026-09-07T22:48:37.894+0000] {logging_mixin.py:190} INFO - [2026-09-07T22:48:37.877+0000] {dagbag.py:387} ERROR - Failed to import: /opt/airflow/dags/countries_dag.py
Traceback (most recent call last):
  File "/home/airflow/.local/lib/python3.11/site-packages/airflow/models/dagbag.py", line 383, in parse
    loader.exec_module(new_module)
  File "<frozen importlib._bootstrap_external>", line 940, in exec_module
  File "<frozen importlib._bootstrap>", line 241, in _call_with_frames_removed
  File "/opt/airflow/dags/countries_dag.py", line 5, in <module>
    from ingestion.minio_to_snowflake import run_pipeline
ModuleNotFoundError: No module named 'ingestion'
[2026-09-07T22:48:37.898+0000] {processor.py:927} WARNING - No viable dags retrieved from /opt/airflow/dags/countries_dag.py
[2026-09-07T22:48:37.976+0000] {processor.py:208} INFO - Processing /opt/airflow/dags/countries_dag.py took 0.219 seconds
[2026-09-07T22:49:08.780+0000] {processor.py:186} INFO - Started process (PID=1495) to work on /opt/airflow/dags/countries_dag.py
[2026-09-07T22:49:08.786+0000] {processor.py:914} INFO - Processing file /opt/airflow/dags/countries_dag.py for tasks to queue
[2026-09-07T22:49:08.795+0000] {logging_mixin.py:190} INFO - [2026-09-07T22:49:08.794+0000] {dagbag.py:588} INFO - Filling up the DagBag from /opt/airflow/dags/countries_dag.py
[2026-09-07T22:49:08.835+0000] {logging_mixin.py:190} INFO - [2026-09-07T22:49:08.826+0000] {dagbag.py:387} ERROR - Failed to import: /opt/airflow/dags/countries_dag.py
Traceback (most recent call last):
  File "/home/airflow/.local/lib/python3.11/site-packages/airflow/models/dagbag.py", line 383, in parse
    loader.exec_module(new_module)
  File "<frozen importlib._bootstrap_external>", line 940, in exec_module
  File "<frozen importlib._bootstrap>", line 241, in _call_with_frames_removed
  File "/opt/airflow/dags/countries_dag.py", line 5, in <module>
    from ingestion.minio_to_snowflake import run_pipeline
ModuleNotFoundError: No module named 'ingestion'
[2026-09-07T22:49:08.838+0000] {processor.py:927} WARNING - No viable dags retrieved from /opt/airflow/dags/countries_dag.py
[2026-09-07T22:49:08.950+0000] {processor.py:208} INFO - Processing /opt/airflow/dags/countries_dag.py took 0.201 seconds
[2026-09-07T22:49:39.433+0000] {processor.py:186} INFO - Started process (PID=1500) to work on /opt/airflow/dags/countries_dag.py
[2026-09-07T22:49:39.435+0000] {processor.py:914} INFO - Processing file /opt/airflow/dags/countries_dag.py for tasks to queue
[2026-09-07T22:49:39.447+0000] {logging_mixin.py:190} INFO - [2026-09-07T22:49:39.447+0000] {dagbag.py:588} INFO - Filling up the DagBag from /opt/airflow/dags/countries_dag.py
[2026-09-07T22:49:39.531+0000] {logging_mixin.py:190} INFO - [2026-09-07T22:49:39.510+0000] {dagbag.py:387} ERROR - Failed to import: /opt/airflow/dags/countries_dag.py
Traceback (most recent call last):
  File "/home/airflow/.local/lib/python3.11/site-packages/airflow/models/dagbag.py", line 383, in parse
    loader.exec_module(new_module)
  File "<frozen importlib._bootstrap_external>", line 940, in exec_module
  File "<frozen importlib._bootstrap>", line 241, in _call_with_frames_removed
  File "/opt/airflow/dags/countries_dag.py", line 5, in <module>
    from ingestion.minio_to_snowflake import run_pipeline
ModuleNotFoundError: No module named 'ingestion'
[2026-09-07T22:49:39.535+0000] {processor.py:927} WARNING - No viable dags retrieved from /opt/airflow/dags/countries_dag.py
[2026-09-07T22:49:39.691+0000] {processor.py:208} INFO - Processing /opt/airflow/dags/countries_dag.py took 0.281 seconds
[2026-09-07T22:50:10.448+0000] {processor.py:186} INFO - Started process (PID=1505) to work on /opt/airflow/dags/countries_dag.py
[2026-09-07T22:50:10.454+0000] {processor.py:914} INFO - Processing file /opt/airflow/dags/countries_dag.py for tasks to queue
[2026-09-07T22:50:10.457+0000] {logging_mixin.py:190} INFO - [2026-09-07T22:50:10.457+0000] {dagbag.py:588} INFO - Filling up the DagBag from /opt/airflow/dags/countries_dag.py
[2026-09-07T22:50:10.550+0000] {logging_mixin.py:190} INFO - [2026-09-07T22:50:10.514+0000] {dagbag.py:387} ERROR - Failed to import: /opt/airflow/dags/countries_dag.py
Traceback (most recent call last):
  File "/home/airflow/.local/lib/python3.11/site-packages/airflow/models/dagbag.py", line 383, in parse
    loader.exec_module(new_module)
  File "<frozen importlib._bootstrap_external>", line 940, in exec_module
  File "<frozen importlib._bootstrap>", line 241, in _call_with_frames_removed
  File "/opt/airflow/dags/countries_dag.py", line 5, in <module>
    from ingestion.minio_to_snowflake import run_pipeline
ModuleNotFoundError: No module named 'ingestion'
[2026-09-07T22:50:10.559+0000] {processor.py:927} WARNING - No viable dags retrieved from /opt/airflow/dags/countries_dag.py
[2026-09-07T22:50:10.674+0000] {processor.py:208} INFO - Processing /opt/airflow/dags/countries_dag.py took 0.258 seconds
[2026-09-07T22:50:18.153+0000] {processor.py:186} INFO - Started process (PID=1510) to work on /opt/airflow/dags/countries_dag.py
[2026-09-07T22:50:18.156+0000] {processor.py:914} INFO - Processing file /opt/airflow/dags/countries_dag.py for tasks to queue
[2026-09-07T22:50:18.160+0000] {logging_mixin.py:190} INFO - [2026-09-07T22:50:18.159+0000] {dagbag.py:588} INFO - Filling up the DagBag from /opt/airflow/dags/countries_dag.py
[2026-09-07T22:50:18.347+0000] {logging_mixin.py:190} INFO - [2026-09-07T22:50:18.310+0000] {dagbag.py:387} ERROR - Failed to import: /opt/airflow/dags/countries_dag.py
Traceback (most recent call last):
  File "/home/airflow/.local/lib/python3.11/site-packages/airflow/models/dagbag.py", line 383, in parse
    loader.exec_module(new_module)
  File "<frozen importlib._bootstrap_external>", line 940, in exec_module
  File "<frozen importlib._bootstrap>", line 241, in _call_with_frames_removed
  File "/opt/airflow/dags/countries_dag.py", line 5, in <module>
    from ingestion.minio_to_snowflake import run_pipeline
ModuleNotFoundError: No module named 'ingestion'
[2026-09-07T22:50:18.352+0000] {processor.py:927} WARNING - No viable dags retrieved from /opt/airflow/dags/countries_dag.py
[2026-09-07T22:50:18.455+0000] {processor.py:208} INFO - Processing /opt/airflow/dags/countries_dag.py took 0.324 seconds
[2026-09-07T22:50:21.186+0000] {processor.py:186} INFO - Started process (PID=1515) to work on /opt/airflow/dags/countries_dag.py
[2026-09-07T22:50:21.188+0000] {processor.py:914} INFO - Processing file /opt/airflow/dags/countries_dag.py for tasks to queue
[2026-09-07T22:50:21.192+0000] {logging_mixin.py:190} INFO - [2026-09-07T22:50:21.191+0000] {dagbag.py:588} INFO - Filling up the DagBag from /opt/airflow/dags/countries_dag.py
[2026-09-07T22:50:21.310+0000] {logging_mixin.py:190} INFO - [2026-09-07T22:50:21.289+0000] {dagbag.py:387} ERROR - Failed to import: /opt/airflow/dags/countries_dag.py
Traceback (most recent call last):
  File "/home/airflow/.local/lib/python3.11/site-packages/airflow/models/dagbag.py", line 383, in parse
    loader.exec_module(new_module)
  File "<frozen importlib._bootstrap_external>", line 940, in exec_module
  File "<frozen importlib._bootstrap>", line 241, in _call_with_frames_removed
  File "/opt/airflow/dags/countries_dag.py", line 5, in <module>
    from ingestion.minio_to_snowflake import run_pipeline
ModuleNotFoundError: No module named 'ingestion'
[2026-09-07T22:50:21.314+0000] {processor.py:927} WARNING - No viable dags retrieved from /opt/airflow/dags/countries_dag.py
[2026-09-07T22:50:21.375+0000] {processor.py:208} INFO - Processing /opt/airflow/dags/countries_dag.py took 0.209 seconds
[2026-09-07T22:50:52.011+0000] {processor.py:186} INFO - Started process (PID=1520) to work on /opt/airflow/dags/countries_dag.py
[2026-09-07T22:50:52.017+0000] {processor.py:914} INFO - Processing file /opt/airflow/dags/countries_dag.py for tasks to queue
[2026-09-07T22:50:52.020+0000] {logging_mixin.py:190} INFO - [2026-09-07T22:50:52.019+0000] {dagbag.py:588} INFO - Filling up the DagBag from /opt/airflow/dags/countries_dag.py
[2026-09-07T22:50:52.091+0000] {logging_mixin.py:190} INFO - [2026-09-07T22:50:52.069+0000] {dagbag.py:387} ERROR - Failed to import: /opt/airflow/dags/countries_dag.py
Traceback (most recent call last):
  File "/home/airflow/.local/lib/python3.11/site-packages/airflow/models/dagbag.py", line 383, in parse
    loader.exec_module(new_module)
  File "<frozen importlib._bootstrap_external>", line 940, in exec_module
  File "<frozen importlib._bootstrap>", line 241, in _call_with_frames_removed
  File "/opt/airflow/dags/countries_dag.py", line 5, in <module>
    from ingestion.minio_to_snowflake import run_pipeline
ModuleNotFoundError: No module named 'ingestion'
[2026-09-07T22:50:52.094+0000] {processor.py:927} WARNING - No viable dags retrieved from /opt/airflow/dags/countries_dag.py
[2026-09-07T22:50:52.180+0000] {processor.py:208} INFO - Processing /opt/airflow/dags/countries_dag.py took 0.190 seconds
[2026-09-07T22:51:22.900+0000] {processor.py:186} INFO - Started process (PID=1525) to work on /opt/airflow/dags/countries_dag.py
[2026-09-07T22:51:22.906+0000] {processor.py:914} INFO - Processing file /opt/airflow/dags/countries_dag.py for tasks to queue
[2026-09-07T22:51:22.913+0000] {logging_mixin.py:190} INFO - [2026-09-07T22:51:22.912+0000] {dagbag.py:588} INFO - Filling up the DagBag from /opt/airflow/dags/countries_dag.py
[2026-09-07T22:51:22.975+0000] {logging_mixin.py:190} INFO - [2026-09-07T22:51:22.959+0000] {dagbag.py:387} ERROR - Failed to import: /opt/airflow/dags/countries_dag.py
Traceback (most recent call last):
  File "/home/airflow/.local/lib/python3.11/site-packages/airflow/models/dagbag.py", line 383, in parse
    loader.exec_module(new_module)
  File "<frozen importlib._bootstrap_external>", line 940, in exec_module
  File "<frozen importlib._bootstrap>", line 241, in _call_with_frames_removed
  File "/opt/airflow/dags/countries_dag.py", line 5, in <module>
    from ingestion.minio_to_snowflake import run_pipeline
ModuleNotFoundError: No module named 'ingestion'
[2026-09-07T22:51:22.979+0000] {processor.py:927} WARNING - No viable dags retrieved from /opt/airflow/dags/countries_dag.py
[2026-09-07T22:51:23.060+0000] {processor.py:208} INFO - Processing /opt/airflow/dags/countries_dag.py took 0.183 seconds
[2026-09-07T22:51:34.526+0000] {processor.py:186} INFO - Started process (PID=1530) to work on /opt/airflow/dags/countries_dag.py
[2026-09-07T22:51:34.529+0000] {processor.py:914} INFO - Processing file /opt/airflow/dags/countries_dag.py for tasks to queue
[2026-09-07T22:51:34.540+0000] {logging_mixin.py:190} INFO - [2026-09-07T22:51:34.539+0000] {dagbag.py:588} INFO - Filling up the DagBag from /opt/airflow/dags/countries_dag.py
[2026-09-07T22:51:34.671+0000] {logging_mixin.py:190} INFO - [2026-09-07T22:51:34.662+0000] {dagbag.py:387} ERROR - Failed to import: /opt/airflow/dags/countries_dag.py
Traceback (most recent call last):
  File "/home/airflow/.local/lib/python3.11/site-packages/airflow/models/dagbag.py", line 383, in parse
    loader.exec_module(new_module)
  File "<frozen importlib._bootstrap_external>", line 940, in exec_module
  File "<frozen importlib._bootstrap>", line 241, in _call_with_frames_removed
  File "/opt/airflow/dags/countries_dag.py", line 5, in <module>
    from ingestion.minio_to_snowflake import run_pipeline
ModuleNotFoundError: No module named 'ingestion'
[2026-09-07T22:51:34.674+0000] {processor.py:927} WARNING - No viable dags retrieved from /opt/airflow/dags/countries_dag.py
[2026-09-07T22:51:34.763+0000] {processor.py:208} INFO - Processing /opt/airflow/dags/countries_dag.py took 0.262 seconds
[2026-09-07T22:51:35.668+0000] {processor.py:186} INFO - Started process (PID=1535) to work on /opt/airflow/dags/countries_dag.py
[2026-09-07T22:51:35.675+0000] {processor.py:914} INFO - Processing file /opt/airflow/dags/countries_dag.py for tasks to queue
[2026-09-07T22:51:35.683+0000] {logging_mixin.py:190} INFO - [2026-09-07T22:51:35.682+0000] {dagbag.py:588} INFO - Filling up the DagBag from /opt/airflow/dags/countries_dag.py
[2026-09-07T22:51:35.949+0000] {logging_mixin.py:190} INFO - [2026-09-07T22:51:35.769+0000] {dagbag.py:387} ERROR - Failed to import: /opt/airflow/dags/countries_dag.py
Traceback (most recent call last):
  File "/home/airflow/.local/lib/python3.11/site-packages/airflow/models/dagbag.py", line 383, in parse
    loader.exec_module(new_module)
  File "<frozen importlib._bootstrap_external>", line 936, in exec_module
  File "<frozen importlib._bootstrap_external>", line 1074, in get_code
  File "<frozen importlib._bootstrap_external>", line 1004, in source_to_code
  File "<frozen importlib._bootstrap>", line 241, in _call_with_frames_removed
  File "/opt/airflow/dags/countries_dag.py", line 57
    schedule_interval="0 */4 * * *",
    ^^^^^^^^^^^^^^^^^^^^^^^^^^^^^^^
SyntaxError: keyword argument repeated: schedule_interval
[2026-09-07T22:51:35.984+0000] {processor.py:927} WARNING - No viable dags retrieved from /opt/airflow/dags/countries_dag.py
[2026-09-07T22:51:36.205+0000] {processor.py:208} INFO - Processing /opt/airflow/dags/countries_dag.py took 0.570 seconds
[2026-09-07T22:51:43.991+0000] {processor.py:186} INFO - Started process (PID=1540) to work on /opt/airflow/dags/countries_dag.py
[2026-09-07T22:51:43.993+0000] {processor.py:914} INFO - Processing file /opt/airflow/dags/countries_dag.py for tasks to queue
[2026-09-07T22:51:43.998+0000] {logging_mixin.py:190} INFO - [2026-09-07T22:51:43.997+0000] {dagbag.py:588} INFO - Filling up the DagBag from /opt/airflow/dags/countries_dag.py
[2026-09-07T22:51:44.235+0000] {logging_mixin.py:190} INFO - [2026-09-07T22:51:44.208+0000] {dagbag.py:387} ERROR - Failed to import: /opt/airflow/dags/countries_dag.py
Traceback (most recent call last):
  File "/home/airflow/.local/lib/python3.11/site-packages/airflow/models/dagbag.py", line 383, in parse
    loader.exec_module(new_module)
  File "<frozen importlib._bootstrap_external>", line 940, in exec_module
  File "<frozen importlib._bootstrap>", line 241, in _call_with_frames_removed
  File "/opt/airflow/dags/countries_dag.py", line 5, in <module>
    from ingestion.minio_to_snowflake import run_pipeline
ModuleNotFoundError: No module named 'ingestion'
[2026-09-07T22:51:44.240+0000] {processor.py:927} WARNING - No viable dags retrieved from /opt/airflow/dags/countries_dag.py
[2026-09-07T22:51:44.378+0000] {processor.py:208} INFO - Processing /opt/airflow/dags/countries_dag.py took 0.429 seconds
[2026-09-07T22:52:14.921+0000] {processor.py:186} INFO - Started process (PID=1545) to work on /opt/airflow/dags/countries_dag.py
[2026-09-07T22:52:14.925+0000] {processor.py:914} INFO - Processing file /opt/airflow/dags/countries_dag.py for tasks to queue
[2026-09-07T22:52:14.929+0000] {logging_mixin.py:190} INFO - [2026-09-07T22:52:14.928+0000] {dagbag.py:588} INFO - Filling up the DagBag from /opt/airflow/dags/countries_dag.py
[2026-09-07T22:52:15.049+0000] {logging_mixin.py:190} INFO - [2026-09-07T22:52:15.032+0000] {dagbag.py:387} ERROR - Failed to import: /opt/airflow/dags/countries_dag.py
Traceback (most recent call last):
  File "/home/airflow/.local/lib/python3.11/site-packages/airflow/models/dagbag.py", line 383, in parse
    loader.exec_module(new_module)
  File "<frozen importlib._bootstrap_external>", line 940, in exec_module
  File "<frozen importlib._bootstrap>", line 241, in _call_with_frames_removed
  File "/opt/airflow/dags/countries_dag.py", line 5, in <module>
    from ingestion.minio_to_snowflake import run_pipeline
ModuleNotFoundError: No module named 'ingestion'
[2026-09-07T22:52:15.059+0000] {processor.py:927} WARNING - No viable dags retrieved from /opt/airflow/dags/countries_dag.py
[2026-09-07T22:52:15.157+0000] {processor.py:208} INFO - Processing /opt/airflow/dags/countries_dag.py took 0.269 seconds
[2026-09-07T22:52:45.345+0000] {processor.py:186} INFO - Started process (PID=1550) to work on /opt/airflow/dags/countries_dag.py
[2026-09-07T22:52:45.353+0000] {processor.py:914} INFO - Processing file /opt/airflow/dags/countries_dag.py for tasks to queue
[2026-09-07T22:52:45.365+0000] {logging_mixin.py:190} INFO - [2026-09-07T22:52:45.364+0000] {dagbag.py:588} INFO - Filling up the DagBag from /opt/airflow/dags/countries_dag.py
[2026-09-07T22:52:45.419+0000] {logging_mixin.py:190} INFO - [2026-09-07T22:52:45.411+0000] {dagbag.py:387} ERROR - Failed to import: /opt/airflow/dags/countries_dag.py
Traceback (most recent call last):
  File "/home/airflow/.local/lib/python3.11/site-packages/airflow/models/dagbag.py", line 383, in parse
    loader.exec_module(new_module)
  File "<frozen importlib._bootstrap_external>", line 940, in exec_module
  File "<frozen importlib._bootstrap>", line 241, in _call_with_frames_removed
  File "/opt/airflow/dags/countries_dag.py", line 5, in <module>
    from ingestion.minio_to_snowflake import run_pipeline
ModuleNotFoundError: No module named 'ingestion'
[2026-09-07T22:52:45.421+0000] {processor.py:927} WARNING - No viable dags retrieved from /opt/airflow/dags/countries_dag.py
[2026-09-07T22:52:45.497+0000] {processor.py:208} INFO - Processing /opt/airflow/dags/countries_dag.py took 0.180 seconds
[2026-09-07T22:53:15.793+0000] {processor.py:186} INFO - Started process (PID=1555) to work on /opt/airflow/dags/countries_dag.py
[2026-09-07T22:53:15.797+0000] {processor.py:914} INFO - Processing file /opt/airflow/dags/countries_dag.py for tasks to queue
[2026-09-07T22:53:15.805+0000] {logging_mixin.py:190} INFO - [2026-09-07T22:53:15.804+0000] {dagbag.py:588} INFO - Filling up the DagBag from /opt/airflow/dags/countries_dag.py
[2026-09-07T22:53:15.861+0000] {logging_mixin.py:190} INFO - [2026-09-07T22:53:15.852+0000] {dagbag.py:387} ERROR - Failed to import: /opt/airflow/dags/countries_dag.py
Traceback (most recent call last):
  File "/home/airflow/.local/lib/python3.11/site-packages/airflow/models/dagbag.py", line 383, in parse
    loader.exec_module(new_module)
  File "<frozen importlib._bootstrap_external>", line 940, in exec_module
  File "<frozen importlib._bootstrap>", line 241, in _call_with_frames_removed
  File "/opt/airflow/dags/countries_dag.py", line 5, in <module>
    from ingestion.minio_to_snowflake import run_pipeline
ModuleNotFoundError: No module named 'ingestion'
[2026-09-07T22:53:15.863+0000] {processor.py:927} WARNING - No viable dags retrieved from /opt/airflow/dags/countries_dag.py
[2026-09-07T22:53:15.944+0000] {processor.py:208} INFO - Processing /opt/airflow/dags/countries_dag.py took 0.168 seconds
[2026-09-07T22:53:46.486+0000] {processor.py:186} INFO - Started process (PID=1560) to work on /opt/airflow/dags/countries_dag.py
[2026-09-07T22:53:46.490+0000] {processor.py:914} INFO - Processing file /opt/airflow/dags/countries_dag.py for tasks to queue
[2026-09-07T22:53:46.498+0000] {logging_mixin.py:190} INFO - [2026-09-07T22:53:46.498+0000] {dagbag.py:588} INFO - Filling up the DagBag from /opt/airflow/dags/countries_dag.py
[2026-09-07T22:53:46.592+0000] {logging_mixin.py:190} INFO - [2026-09-07T22:53:46.577+0000] {dagbag.py:387} ERROR - Failed to import: /opt/airflow/dags/countries_dag.py
Traceback (most recent call last):
  File "/home/airflow/.local/lib/python3.11/site-packages/airflow/models/dagbag.py", line 383, in parse
    loader.exec_module(new_module)
  File "<frozen importlib._bootstrap_external>", line 940, in exec_module
  File "<frozen importlib._bootstrap>", line 241, in _call_with_frames_removed
  File "/opt/airflow/dags/countries_dag.py", line 5, in <module>
    from ingestion.minio_to_snowflake import run_pipeline
ModuleNotFoundError: No module named 'ingestion'
[2026-09-07T22:53:46.595+0000] {processor.py:927} WARNING - No viable dags retrieved from /opt/airflow/dags/countries_dag.py
[2026-09-07T22:53:46.805+0000] {processor.py:208} INFO - Processing /opt/airflow/dags/countries_dag.py took 0.342 seconds
[2026-09-07T22:53:52.030+0000] {processor.py:186} INFO - Started process (PID=1565) to work on /opt/airflow/dags/countries_dag.py
[2026-09-07T22:53:52.032+0000] {processor.py:914} INFO - Processing file /opt/airflow/dags/countries_dag.py for tasks to queue
[2026-09-07T22:53:52.036+0000] {logging_mixin.py:190} INFO - [2026-09-07T22:53:52.035+0000] {dagbag.py:588} INFO - Filling up the DagBag from /opt/airflow/dags/countries_dag.py
[2026-09-07T22:53:52.334+0000] {logging_mixin.py:190} INFO - [2026-09-07T22:53:52.244+0000] {dagbag.py:387} ERROR - Failed to import: /opt/airflow/dags/countries_dag.py
Traceback (most recent call last):
  File "/home/airflow/.local/lib/python3.11/site-packages/airflow/models/dagbag.py", line 383, in parse
    loader.exec_module(new_module)
  File "<frozen importlib._bootstrap_external>", line 940, in exec_module
  File "<frozen importlib._bootstrap>", line 241, in _call_with_frames_removed
  File "/opt/airflow/dags/countries_dag.py", line 5, in <module>
    from ingestion.minio_to_snowflake import run_pipeline
ModuleNotFoundError: No module named 'ingestion'
[2026-09-07T22:53:52.344+0000] {processor.py:927} WARNING - No viable dags retrieved from /opt/airflow/dags/countries_dag.py
[2026-09-07T22:53:52.422+0000] {processor.py:208} INFO - Processing /opt/airflow/dags/countries_dag.py took 0.426 seconds
[2026-09-07T22:53:54.034+0000] {processor.py:186} INFO - Started process (PID=1570) to work on /opt/airflow/dags/countries_dag.py
[2026-09-07T22:53:54.055+0000] {processor.py:914} INFO - Processing file /opt/airflow/dags/countries_dag.py for tasks to queue
[2026-09-07T22:53:54.078+0000] {logging_mixin.py:190} INFO - [2026-09-07T22:53:54.077+0000] {dagbag.py:588} INFO - Filling up the DagBag from /opt/airflow/dags/countries_dag.py
[2026-09-07T22:53:54.396+0000] {logging_mixin.py:190} INFO - [2026-09-07T22:53:54.384+0000] {dagbag.py:387} ERROR - Failed to import: /opt/airflow/dags/countries_dag.py
Traceback (most recent call last):
  File "/home/airflow/.local/lib/python3.11/site-packages/airflow/models/dagbag.py", line 383, in parse
    loader.exec_module(new_module)
  File "<frozen importlib._bootstrap_external>", line 940, in exec_module
  File "<frozen importlib._bootstrap>", line 241, in _call_with_frames_removed
  File "/opt/airflow/dags/countries_dag.py", line 5, in <module>
    from ingestion.minio_to_snowflake import run_pipeline
ModuleNotFoundError: No module named 'ingestion'
[2026-09-07T22:53:54.401+0000] {processor.py:927} WARNING - No viable dags retrieved from /opt/airflow/dags/countries_dag.py
[2026-09-07T22:53:54.463+0000] {processor.py:208} INFO - Processing /opt/airflow/dags/countries_dag.py took 0.475 seconds
[2026-09-07T22:53:56.626+0000] {processor.py:186} INFO - Started process (PID=1575) to work on /opt/airflow/dags/countries_dag.py
[2026-09-07T22:53:56.640+0000] {processor.py:914} INFO - Processing file /opt/airflow/dags/countries_dag.py for tasks to queue
[2026-09-07T22:53:56.643+0000] {logging_mixin.py:190} INFO - [2026-09-07T22:53:56.642+0000] {dagbag.py:588} INFO - Filling up the DagBag from /opt/airflow/dags/countries_dag.py
[2026-09-07T22:53:56.980+0000] {logging_mixin.py:190} INFO - [2026-09-07T22:53:56.936+0000] {dagbag.py:387} ERROR - Failed to import: /opt/airflow/dags/countries_dag.py
Traceback (most recent call last):
  File "/home/airflow/.local/lib/python3.11/site-packages/airflow/models/dagbag.py", line 383, in parse
    loader.exec_module(new_module)
  File "<frozen importlib._bootstrap_external>", line 940, in exec_module
  File "<frozen importlib._bootstrap>", line 241, in _call_with_frames_removed
  File "/opt/airflow/dags/countries_dag.py", line 5, in <module>
    from ingestion.minio_to_snowflake import run_pipeline
ModuleNotFoundError: No module named 'ingestion'
[2026-09-07T22:53:56.987+0000] {processor.py:927} WARNING - No viable dags retrieved from /opt/airflow/dags/countries_dag.py
[2026-09-07T22:53:57.089+0000] {processor.py:208} INFO - Processing /opt/airflow/dags/countries_dag.py took 0.487 seconds
[2026-09-07T22:54:27.995+0000] {processor.py:186} INFO - Started process (PID=1580) to work on /opt/airflow/dags/countries_dag.py
[2026-09-07T22:54:28.000+0000] {processor.py:914} INFO - Processing file /opt/airflow/dags/countries_dag.py for tasks to queue
[2026-09-07T22:54:28.004+0000] {logging_mixin.py:190} INFO - [2026-09-07T22:54:28.003+0000] {dagbag.py:588} INFO - Filling up the DagBag from /opt/airflow/dags/countries_dag.py
[2026-09-07T22:54:28.065+0000] {logging_mixin.py:190} INFO - [2026-09-07T22:54:28.051+0000] {dagbag.py:387} ERROR - Failed to import: /opt/airflow/dags/countries_dag.py
Traceback (most recent call last):
  File "/home/airflow/.local/lib/python3.11/site-packages/airflow/models/dagbag.py", line 383, in parse
    loader.exec_module(new_module)
  File "<frozen importlib._bootstrap_external>", line 940, in exec_module
  File "<frozen importlib._bootstrap>", line 241, in _call_with_frames_removed
  File "/opt/airflow/dags/countries_dag.py", line 5, in <module>
    from ingestion.minio_to_snowflake import run_pipeline
ModuleNotFoundError: No module named 'ingestion'
[2026-09-07T22:54:28.072+0000] {processor.py:927} WARNING - No viable dags retrieved from /opt/airflow/dags/countries_dag.py
[2026-09-07T22:54:28.344+0000] {processor.py:208} INFO - Processing /opt/airflow/dags/countries_dag.py took 0.371 seconds
[2026-09-07T22:54:58.934+0000] {processor.py:186} INFO - Started process (PID=1585) to work on /opt/airflow/dags/countries_dag.py
[2026-09-07T22:54:58.937+0000] {processor.py:914} INFO - Processing file /opt/airflow/dags/countries_dag.py for tasks to queue
[2026-09-07T22:54:58.940+0000] {logging_mixin.py:190} INFO - [2026-09-07T22:54:58.939+0000] {dagbag.py:588} INFO - Filling up the DagBag from /opt/airflow/dags/countries_dag.py
[2026-09-07T22:54:59.032+0000] {logging_mixin.py:190} INFO - [2026-09-07T22:54:59.020+0000] {dagbag.py:387} ERROR - Failed to import: /opt/airflow/dags/countries_dag.py
Traceback (most recent call last):
  File "/home/airflow/.local/lib/python3.11/site-packages/airflow/models/dagbag.py", line 383, in parse
    loader.exec_module(new_module)
  File "<frozen importlib._bootstrap_external>", line 940, in exec_module
  File "<frozen importlib._bootstrap>", line 241, in _call_with_frames_removed
  File "/opt/airflow/dags/countries_dag.py", line 5, in <module>
    from ingestion.minio_to_snowflake import run_pipeline
ModuleNotFoundError: No module named 'ingestion'
[2026-09-07T22:54:59.041+0000] {processor.py:927} WARNING - No viable dags retrieved from /opt/airflow/dags/countries_dag.py
[2026-09-07T22:54:59.091+0000] {processor.py:208} INFO - Processing /opt/airflow/dags/countries_dag.py took 0.178 seconds
[2026-09-07T22:55:29.989+0000] {processor.py:186} INFO - Started process (PID=1590) to work on /opt/airflow/dags/countries_dag.py
[2026-09-07T22:55:30.012+0000] {processor.py:914} INFO - Processing file /opt/airflow/dags/countries_dag.py for tasks to queue
[2026-09-07T22:55:30.015+0000] {logging_mixin.py:190} INFO - [2026-09-07T22:55:30.014+0000] {dagbag.py:588} INFO - Filling up the DagBag from /opt/airflow/dags/countries_dag.py
[2026-09-07T22:55:30.171+0000] {logging_mixin.py:190} INFO - [2026-09-07T22:55:30.121+0000] {dagbag.py:387} ERROR - Failed to import: /opt/airflow/dags/countries_dag.py
Traceback (most recent call last):
  File "/home/airflow/.local/lib/python3.11/site-packages/airflow/models/dagbag.py", line 383, in parse
    loader.exec_module(new_module)
  File "<frozen importlib._bootstrap_external>", line 940, in exec_module
  File "<frozen importlib._bootstrap>", line 241, in _call_with_frames_removed
  File "/opt/airflow/dags/countries_dag.py", line 5, in <module>
    from ingestion.minio_to_snowflake import run_pipeline
ModuleNotFoundError: No module named 'ingestion'
[2026-09-07T22:55:30.178+0000] {processor.py:927} WARNING - No viable dags retrieved from /opt/airflow/dags/countries_dag.py
[2026-09-07T22:55:30.271+0000] {processor.py:208} INFO - Processing /opt/airflow/dags/countries_dag.py took 0.306 seconds
[2026-09-07T22:56:00.959+0000] {processor.py:186} INFO - Started process (PID=1595) to work on /opt/airflow/dags/countries_dag.py
[2026-09-07T22:56:00.962+0000] {processor.py:914} INFO - Processing file /opt/airflow/dags/countries_dag.py for tasks to queue
[2026-09-07T22:56:00.975+0000] {logging_mixin.py:190} INFO - [2026-09-07T22:56:00.970+0000] {dagbag.py:588} INFO - Filling up the DagBag from /opt/airflow/dags/countries_dag.py
[2026-09-07T22:56:01.071+0000] {logging_mixin.py:190} INFO - [2026-09-07T22:56:01.054+0000] {dagbag.py:387} ERROR - Failed to import: /opt/airflow/dags/countries_dag.py
Traceback (most recent call last):
  File "/home/airflow/.local/lib/python3.11/site-packages/airflow/models/dagbag.py", line 383, in parse
    loader.exec_module(new_module)
  File "<frozen importlib._bootstrap_external>", line 940, in exec_module
  File "<frozen importlib._bootstrap>", line 241, in _call_with_frames_removed
  File "/opt/airflow/dags/countries_dag.py", line 5, in <module>
    from ingestion.minio_to_snowflake import run_pipeline
ModuleNotFoundError: No module named 'ingestion'
[2026-09-07T22:56:01.085+0000] {processor.py:927} WARNING - No viable dags retrieved from /opt/airflow/dags/countries_dag.py
[2026-09-07T22:56:01.195+0000] {processor.py:208} INFO - Processing /opt/airflow/dags/countries_dag.py took 0.271 seconds
[2026-09-07T22:56:31.810+0000] {processor.py:186} INFO - Started process (PID=1600) to work on /opt/airflow/dags/countries_dag.py
[2026-09-07T22:56:31.820+0000] {processor.py:914} INFO - Processing file /opt/airflow/dags/countries_dag.py for tasks to queue
[2026-09-07T22:56:31.823+0000] {logging_mixin.py:190} INFO - [2026-09-07T22:56:31.822+0000] {dagbag.py:588} INFO - Filling up the DagBag from /opt/airflow/dags/countries_dag.py
[2026-09-07T22:56:34.650+0000] {logging_mixin.py:190} INFO - [2026-09-07T22:56:34.640+0000] {dagbag.py:387} ERROR - Failed to import: /opt/airflow/dags/countries_dag.py
Traceback (most recent call last):
  File "/home/airflow/.local/lib/python3.11/site-packages/airflow/models/dagbag.py", line 383, in parse
    loader.exec_module(new_module)
  File "<frozen importlib._bootstrap_external>", line 940, in exec_module
  File "<frozen importlib._bootstrap>", line 241, in _call_with_frames_removed
  File "/opt/airflow/dags/countries_dag.py", line 5, in <module>
    from ingestion.minio_to_snowflake import run_pipeline
ModuleNotFoundError: No module named 'ingestion'
[2026-09-07T22:56:34.677+0000] {processor.py:927} WARNING - No viable dags retrieved from /opt/airflow/dags/countries_dag.py
[2026-09-07T22:56:34.816+0000] {processor.py:208} INFO - Processing /opt/airflow/dags/countries_dag.py took 3.040 seconds
[2026-09-07T22:57:06.077+0000] {processor.py:186} INFO - Started process (PID=1605) to work on /opt/airflow/dags/countries_dag.py
[2026-09-07T22:57:06.084+0000] {processor.py:914} INFO - Processing file /opt/airflow/dags/countries_dag.py for tasks to queue
[2026-09-07T22:57:06.093+0000] {logging_mixin.py:190} INFO - [2026-09-07T22:57:06.092+0000] {dagbag.py:588} INFO - Filling up the DagBag from /opt/airflow/dags/countries_dag.py
[2026-09-07T22:57:06.370+0000] {logging_mixin.py:190} INFO - [2026-09-07T22:57:06.351+0000] {dagbag.py:387} ERROR - Failed to import: /opt/airflow/dags/countries_dag.py
Traceback (most recent call last):
  File "/home/airflow/.local/lib/python3.11/site-packages/airflow/models/dagbag.py", line 383, in parse
    loader.exec_module(new_module)
  File "<frozen importlib._bootstrap_external>", line 940, in exec_module
  File "<frozen importlib._bootstrap>", line 241, in _call_with_frames_removed
  File "/opt/airflow/dags/countries_dag.py", line 5, in <module>
    from ingestion.minio_to_snowflake import run_pipeline
ModuleNotFoundError: No module named 'ingestion'
[2026-09-07T22:57:06.379+0000] {processor.py:927} WARNING - No viable dags retrieved from /opt/airflow/dags/countries_dag.py
[2026-09-07T22:57:06.473+0000] {processor.py:208} INFO - Processing /opt/airflow/dags/countries_dag.py took 0.415 seconds
[2026-09-07T22:57:37.210+0000] {processor.py:186} INFO - Started process (PID=1610) to work on /opt/airflow/dags/countries_dag.py
[2026-09-07T22:57:37.214+0000] {processor.py:914} INFO - Processing file /opt/airflow/dags/countries_dag.py for tasks to queue
[2026-09-07T22:57:37.225+0000] {logging_mixin.py:190} INFO - [2026-09-07T22:57:37.224+0000] {dagbag.py:588} INFO - Filling up the DagBag from /opt/airflow/dags/countries_dag.py
[2026-09-07T22:57:37.300+0000] {logging_mixin.py:190} INFO - [2026-09-07T22:57:37.289+0000] {dagbag.py:387} ERROR - Failed to import: /opt/airflow/dags/countries_dag.py
Traceback (most recent call last):
  File "/home/airflow/.local/lib/python3.11/site-packages/airflow/models/dagbag.py", line 383, in parse
    loader.exec_module(new_module)
  File "<frozen importlib._bootstrap_external>", line 940, in exec_module
  File "<frozen importlib._bootstrap>", line 241, in _call_with_frames_removed
  File "/opt/airflow/dags/countries_dag.py", line 5, in <module>
    from ingestion.minio_to_snowflake import run_pipeline
ModuleNotFoundError: No module named 'ingestion'
[2026-09-07T22:57:37.305+0000] {processor.py:927} WARNING - No viable dags retrieved from /opt/airflow/dags/countries_dag.py
[2026-09-07T22:57:37.377+0000] {processor.py:208} INFO - Processing /opt/airflow/dags/countries_dag.py took 0.201 seconds
[2026-09-07T22:58:08.006+0000] {processor.py:186} INFO - Started process (PID=1615) to work on /opt/airflow/dags/countries_dag.py
[2026-09-07T22:58:08.020+0000] {processor.py:914} INFO - Processing file /opt/airflow/dags/countries_dag.py for tasks to queue
[2026-09-07T22:58:08.033+0000] {logging_mixin.py:190} INFO - [2026-09-07T22:58:08.032+0000] {dagbag.py:588} INFO - Filling up the DagBag from /opt/airflow/dags/countries_dag.py
[2026-09-07T22:58:08.182+0000] {logging_mixin.py:190} INFO - [2026-09-07T22:58:08.161+0000] {dagbag.py:387} ERROR - Failed to import: /opt/airflow/dags/countries_dag.py
Traceback (most recent call last):
  File "/home/airflow/.local/lib/python3.11/site-packages/airflow/models/dagbag.py", line 383, in parse
    loader.exec_module(new_module)
  File "<frozen importlib._bootstrap_external>", line 940, in exec_module
  File "<frozen importlib._bootstrap>", line 241, in _call_with_frames_removed
  File "/opt/airflow/dags/countries_dag.py", line 5, in <module>
    from ingestion.minio_to_snowflake import run_pipeline
ModuleNotFoundError: No module named 'ingestion'
[2026-09-07T22:58:08.202+0000] {processor.py:927} WARNING - No viable dags retrieved from /opt/airflow/dags/countries_dag.py
[2026-09-07T22:58:08.367+0000] {processor.py:208} INFO - Processing /opt/airflow/dags/countries_dag.py took 0.394 seconds
[2026-09-07T22:58:39.048+0000] {processor.py:186} INFO - Started process (PID=1620) to work on /opt/airflow/dags/countries_dag.py
[2026-09-07T22:58:39.053+0000] {processor.py:914} INFO - Processing file /opt/airflow/dags/countries_dag.py for tasks to queue
[2026-09-07T22:58:39.063+0000] {logging_mixin.py:190} INFO - [2026-09-07T22:58:39.057+0000] {dagbag.py:588} INFO - Filling up the DagBag from /opt/airflow/dags/countries_dag.py
[2026-09-07T22:58:39.383+0000] {logging_mixin.py:190} INFO - [2026-09-07T22:58:39.367+0000] {dagbag.py:387} ERROR - Failed to import: /opt/airflow/dags/countries_dag.py
Traceback (most recent call last):
  File "/home/airflow/.local/lib/python3.11/site-packages/airflow/models/dagbag.py", line 383, in parse
    loader.exec_module(new_module)
  File "<frozen importlib._bootstrap_external>", line 940, in exec_module
  File "<frozen importlib._bootstrap>", line 241, in _call_with_frames_removed
  File "/opt/airflow/dags/countries_dag.py", line 5, in <module>
    from ingestion.minio_to_snowflake import run_pipeline
ModuleNotFoundError: No module named 'ingestion'
[2026-09-07T22:58:39.395+0000] {processor.py:927} WARNING - No viable dags retrieved from /opt/airflow/dags/countries_dag.py
[2026-09-07T22:58:39.491+0000] {processor.py:208} INFO - Processing /opt/airflow/dags/countries_dag.py took 0.496 seconds
[2026-09-07T22:59:10.270+0000] {processor.py:186} INFO - Started process (PID=1625) to work on /opt/airflow/dags/countries_dag.py
[2026-09-07T22:59:10.281+0000] {processor.py:914} INFO - Processing file /opt/airflow/dags/countries_dag.py for tasks to queue
[2026-09-07T22:59:10.285+0000] {logging_mixin.py:190} INFO - [2026-09-07T22:59:10.284+0000] {dagbag.py:588} INFO - Filling up the DagBag from /opt/airflow/dags/countries_dag.py
[2026-09-07T22:59:10.405+0000] {logging_mixin.py:190} INFO - [2026-09-07T22:59:10.391+0000] {dagbag.py:387} ERROR - Failed to import: /opt/airflow/dags/countries_dag.py
Traceback (most recent call last):
  File "/home/airflow/.local/lib/python3.11/site-packages/airflow/models/dagbag.py", line 383, in parse
    loader.exec_module(new_module)
  File "<frozen importlib._bootstrap_external>", line 940, in exec_module
  File "<frozen importlib._bootstrap>", line 241, in _call_with_frames_removed
  File "/opt/airflow/dags/countries_dag.py", line 5, in <module>
    from ingestion.minio_to_snowflake import run_pipeline
ModuleNotFoundError: No module named 'ingestion'
[2026-09-07T22:59:10.408+0000] {processor.py:927} WARNING - No viable dags retrieved from /opt/airflow/dags/countries_dag.py
[2026-09-07T22:59:10.463+0000] {processor.py:208} INFO - Processing /opt/airflow/dags/countries_dag.py took 0.218 seconds
[2026-09-07T22:59:41.379+0000] {processor.py:186} INFO - Started process (PID=1630) to work on /opt/airflow/dags/countries_dag.py
[2026-09-07T22:59:41.394+0000] {processor.py:914} INFO - Processing file /opt/airflow/dags/countries_dag.py for tasks to queue
[2026-09-07T22:59:41.421+0000] {logging_mixin.py:190} INFO - [2026-09-07T22:59:41.405+0000] {dagbag.py:588} INFO - Filling up the DagBag from /opt/airflow/dags/countries_dag.py
[2026-09-07T22:59:41.497+0000] {logging_mixin.py:190} INFO - [2026-09-07T22:59:41.483+0000] {dagbag.py:387} ERROR - Failed to import: /opt/airflow/dags/countries_dag.py
Traceback (most recent call last):
  File "/home/airflow/.local/lib/python3.11/site-packages/airflow/models/dagbag.py", line 383, in parse
    loader.exec_module(new_module)
  File "<frozen importlib._bootstrap_external>", line 940, in exec_module
  File "<frozen importlib._bootstrap>", line 241, in _call_with_frames_removed
  File "/opt/airflow/dags/countries_dag.py", line 5, in <module>
    from ingestion.minio_to_snowflake import run_pipeline
ModuleNotFoundError: No module named 'ingestion'
[2026-09-07T22:59:41.505+0000] {processor.py:927} WARNING - No viable dags retrieved from /opt/airflow/dags/countries_dag.py
[2026-09-07T22:59:41.634+0000] {processor.py:208} INFO - Processing /opt/airflow/dags/countries_dag.py took 0.289 seconds
[2026-09-07T23:00:12.471+0000] {processor.py:186} INFO - Started process (PID=1635) to work on /opt/airflow/dags/countries_dag.py
[2026-09-07T23:00:12.475+0000] {processor.py:914} INFO - Processing file /opt/airflow/dags/countries_dag.py for tasks to queue
[2026-09-07T23:00:12.479+0000] {logging_mixin.py:190} INFO - [2026-09-07T23:00:12.478+0000] {dagbag.py:588} INFO - Filling up the DagBag from /opt/airflow/dags/countries_dag.py
[2026-09-07T23:00:12.671+0000] {logging_mixin.py:190} INFO - [2026-09-07T23:00:12.654+0000] {dagbag.py:387} ERROR - Failed to import: /opt/airflow/dags/countries_dag.py
Traceback (most recent call last):
  File "/home/airflow/.local/lib/python3.11/site-packages/airflow/models/dagbag.py", line 383, in parse
    loader.exec_module(new_module)
  File "<frozen importlib._bootstrap_external>", line 940, in exec_module
  File "<frozen importlib._bootstrap>", line 241, in _call_with_frames_removed
  File "/opt/airflow/dags/countries_dag.py", line 5, in <module>
    from ingestion.minio_to_snowflake import run_pipeline
ModuleNotFoundError: No module named 'ingestion'
[2026-09-07T23:00:12.678+0000] {processor.py:927} WARNING - No viable dags retrieved from /opt/airflow/dags/countries_dag.py
[2026-09-07T23:00:12.772+0000] {processor.py:208} INFO - Processing /opt/airflow/dags/countries_dag.py took 0.324 seconds
[2026-09-07T23:00:43.370+0000] {processor.py:186} INFO - Started process (PID=1640) to work on /opt/airflow/dags/countries_dag.py
[2026-09-07T23:00:43.385+0000] {processor.py:914} INFO - Processing file /opt/airflow/dags/countries_dag.py for tasks to queue
[2026-09-07T23:00:43.390+0000] {logging_mixin.py:190} INFO - [2026-09-07T23:00:43.389+0000] {dagbag.py:588} INFO - Filling up the DagBag from /opt/airflow/dags/countries_dag.py
[2026-09-07T23:00:43.496+0000] {logging_mixin.py:190} INFO - [2026-09-07T23:00:43.478+0000] {dagbag.py:387} ERROR - Failed to import: /opt/airflow/dags/countries_dag.py
Traceback (most recent call last):
  File "/home/airflow/.local/lib/python3.11/site-packages/airflow/models/dagbag.py", line 383, in parse
    loader.exec_module(new_module)
  File "<frozen importlib._bootstrap_external>", line 940, in exec_module
  File "<frozen importlib._bootstrap>", line 241, in _call_with_frames_removed
  File "/opt/airflow/dags/countries_dag.py", line 5, in <module>
    from ingestion.minio_to_snowflake import run_pipeline
ModuleNotFoundError: No module named 'ingestion'
[2026-09-07T23:00:43.501+0000] {processor.py:927} WARNING - No viable dags retrieved from /opt/airflow/dags/countries_dag.py
[2026-09-07T23:00:43.645+0000] {processor.py:208} INFO - Processing /opt/airflow/dags/countries_dag.py took 0.318 seconds
[2026-09-07T23:01:14.641+0000] {processor.py:186} INFO - Started process (PID=1645) to work on /opt/airflow/dags/countries_dag.py
[2026-09-07T23:01:14.647+0000] {processor.py:914} INFO - Processing file /opt/airflow/dags/countries_dag.py for tasks to queue
[2026-09-07T23:01:14.666+0000] {logging_mixin.py:190} INFO - [2026-09-07T23:01:14.664+0000] {dagbag.py:588} INFO - Filling up the DagBag from /opt/airflow/dags/countries_dag.py
[2026-09-07T23:01:14.739+0000] {logging_mixin.py:190} INFO - [2026-09-07T23:01:14.727+0000] {dagbag.py:387} ERROR - Failed to import: /opt/airflow/dags/countries_dag.py
Traceback (most recent call last):
  File "/home/airflow/.local/lib/python3.11/site-packages/airflow/models/dagbag.py", line 383, in parse
    loader.exec_module(new_module)
  File "<frozen importlib._bootstrap_external>", line 940, in exec_module
  File "<frozen importlib._bootstrap>", line 241, in _call_with_frames_removed
  File "/opt/airflow/dags/countries_dag.py", line 5, in <module>
    from ingestion.minio_to_snowflake import run_pipeline
ModuleNotFoundError: No module named 'ingestion'
[2026-09-07T23:01:14.745+0000] {processor.py:927} WARNING - No viable dags retrieved from /opt/airflow/dags/countries_dag.py
[2026-09-07T23:01:14.840+0000] {processor.py:208} INFO - Processing /opt/airflow/dags/countries_dag.py took 0.240 seconds
[2026-09-07T23:01:45.447+0000] {processor.py:186} INFO - Started process (PID=1650) to work on /opt/airflow/dags/countries_dag.py
[2026-09-07T23:01:45.458+0000] {processor.py:914} INFO - Processing file /opt/airflow/dags/countries_dag.py for tasks to queue
[2026-09-07T23:01:45.462+0000] {logging_mixin.py:190} INFO - [2026-09-07T23:01:45.461+0000] {dagbag.py:588} INFO - Filling up the DagBag from /opt/airflow/dags/countries_dag.py
[2026-09-07T23:01:45.603+0000] {logging_mixin.py:190} INFO - [2026-09-07T23:01:45.556+0000] {dagbag.py:387} ERROR - Failed to import: /opt/airflow/dags/countries_dag.py
Traceback (most recent call last):
  File "/home/airflow/.local/lib/python3.11/site-packages/airflow/models/dagbag.py", line 383, in parse
    loader.exec_module(new_module)
  File "<frozen importlib._bootstrap_external>", line 940, in exec_module
  File "<frozen importlib._bootstrap>", line 241, in _call_with_frames_removed
  File "/opt/airflow/dags/countries_dag.py", line 5, in <module>
    from ingestion.minio_to_snowflake import run_pipeline
ModuleNotFoundError: No module named 'ingestion'
[2026-09-07T23:01:45.614+0000] {processor.py:927} WARNING - No viable dags retrieved from /opt/airflow/dags/countries_dag.py
[2026-09-07T23:01:45.708+0000] {processor.py:208} INFO - Processing /opt/airflow/dags/countries_dag.py took 0.282 seconds
[2026-09-07T23:02:16.045+0000] {processor.py:186} INFO - Started process (PID=1655) to work on /opt/airflow/dags/countries_dag.py
[2026-09-07T23:02:16.047+0000] {processor.py:914} INFO - Processing file /opt/airflow/dags/countries_dag.py for tasks to queue
[2026-09-07T23:02:16.050+0000] {logging_mixin.py:190} INFO - [2026-09-07T23:02:16.049+0000] {dagbag.py:588} INFO - Filling up the DagBag from /opt/airflow/dags/countries_dag.py
[2026-09-07T23:02:16.110+0000] {logging_mixin.py:190} INFO - [2026-09-07T23:02:16.100+0000] {dagbag.py:387} ERROR - Failed to import: /opt/airflow/dags/countries_dag.py
Traceback (most recent call last):
  File "/home/airflow/.local/lib/python3.11/site-packages/airflow/models/dagbag.py", line 383, in parse
    loader.exec_module(new_module)
  File "<frozen importlib._bootstrap_external>", line 940, in exec_module
  File "<frozen importlib._bootstrap>", line 241, in _call_with_frames_removed
  File "/opt/airflow/dags/countries_dag.py", line 5, in <module>
    from ingestion.minio_to_snowflake import run_pipeline
ModuleNotFoundError: No module named 'ingestion'
[2026-09-07T23:02:16.114+0000] {processor.py:927} WARNING - No viable dags retrieved from /opt/airflow/dags/countries_dag.py
[2026-09-07T23:02:16.206+0000] {processor.py:208} INFO - Processing /opt/airflow/dags/countries_dag.py took 0.187 seconds
[2026-09-07T23:02:46.713+0000] {processor.py:186} INFO - Started process (PID=1660) to work on /opt/airflow/dags/countries_dag.py
[2026-09-07T23:02:46.716+0000] {processor.py:914} INFO - Processing file /opt/airflow/dags/countries_dag.py for tasks to queue
[2026-09-07T23:02:46.730+0000] {logging_mixin.py:190} INFO - [2026-09-07T23:02:46.721+0000] {dagbag.py:588} INFO - Filling up the DagBag from /opt/airflow/dags/countries_dag.py
[2026-09-07T23:02:46.871+0000] {logging_mixin.py:190} INFO - [2026-09-07T23:02:46.860+0000] {dagbag.py:387} ERROR - Failed to import: /opt/airflow/dags/countries_dag.py
Traceback (most recent call last):
  File "/home/airflow/.local/lib/python3.11/site-packages/airflow/models/dagbag.py", line 383, in parse
    loader.exec_module(new_module)
  File "<frozen importlib._bootstrap_external>", line 940, in exec_module
  File "<frozen importlib._bootstrap>", line 241, in _call_with_frames_removed
  File "/opt/airflow/dags/countries_dag.py", line 5, in <module>
    from ingestion.minio_to_snowflake import run_pipeline
ModuleNotFoundError: No module named 'ingestion'
[2026-09-07T23:02:46.876+0000] {processor.py:927} WARNING - No viable dags retrieved from /opt/airflow/dags/countries_dag.py
[2026-09-07T23:02:46.979+0000] {processor.py:208} INFO - Processing /opt/airflow/dags/countries_dag.py took 0.285 seconds
[2026-09-07T23:03:17.258+0000] {processor.py:186} INFO - Started process (PID=1665) to work on /opt/airflow/dags/countries_dag.py
[2026-09-07T23:03:17.260+0000] {processor.py:914} INFO - Processing file /opt/airflow/dags/countries_dag.py for tasks to queue
[2026-09-07T23:03:17.263+0000] {logging_mixin.py:190} INFO - [2026-09-07T23:03:17.262+0000] {dagbag.py:588} INFO - Filling up the DagBag from /opt/airflow/dags/countries_dag.py
[2026-09-07T23:03:17.340+0000] {logging_mixin.py:190} INFO - [2026-09-07T23:03:17.333+0000] {dagbag.py:387} ERROR - Failed to import: /opt/airflow/dags/countries_dag.py
Traceback (most recent call last):
  File "/home/airflow/.local/lib/python3.11/site-packages/airflow/models/dagbag.py", line 383, in parse
    loader.exec_module(new_module)
  File "<frozen importlib._bootstrap_external>", line 940, in exec_module
  File "<frozen importlib._bootstrap>", line 241, in _call_with_frames_removed
  File "/opt/airflow/dags/countries_dag.py", line 5, in <module>
    from ingestion.minio_to_snowflake import run_pipeline
ModuleNotFoundError: No module named 'ingestion'
[2026-09-07T23:03:17.344+0000] {processor.py:927} WARNING - No viable dags retrieved from /opt/airflow/dags/countries_dag.py
[2026-09-07T23:03:17.432+0000] {processor.py:208} INFO - Processing /opt/airflow/dags/countries_dag.py took 0.193 seconds
[2026-09-07T23:03:47.902+0000] {processor.py:186} INFO - Started process (PID=1670) to work on /opt/airflow/dags/countries_dag.py
[2026-09-07T23:03:47.905+0000] {processor.py:914} INFO - Processing file /opt/airflow/dags/countries_dag.py for tasks to queue
[2026-09-07T23:03:47.909+0000] {logging_mixin.py:190} INFO - [2026-09-07T23:03:47.908+0000] {dagbag.py:588} INFO - Filling up the DagBag from /opt/airflow/dags/countries_dag.py
[2026-09-07T23:03:48.030+0000] {logging_mixin.py:190} INFO - [2026-09-07T23:03:48.007+0000] {dagbag.py:387} ERROR - Failed to import: /opt/airflow/dags/countries_dag.py
Traceback (most recent call last):
  File "/home/airflow/.local/lib/python3.11/site-packages/airflow/models/dagbag.py", line 383, in parse
    loader.exec_module(new_module)
  File "<frozen importlib._bootstrap_external>", line 940, in exec_module
  File "<frozen importlib._bootstrap>", line 241, in _call_with_frames_removed
  File "/opt/airflow/dags/countries_dag.py", line 5, in <module>
    from ingestion.minio_to_snowflake import run_pipeline
ModuleNotFoundError: No module named 'ingestion'
[2026-09-07T23:03:48.038+0000] {processor.py:927} WARNING - No viable dags retrieved from /opt/airflow/dags/countries_dag.py
[2026-09-07T23:03:48.075+0000] {processor.py:208} INFO - Processing /opt/airflow/dags/countries_dag.py took 0.191 seconds
[2026-09-07T23:04:18.533+0000] {processor.py:186} INFO - Started process (PID=1676) to work on /opt/airflow/dags/countries_dag.py
[2026-09-07T23:04:18.536+0000] {processor.py:914} INFO - Processing file /opt/airflow/dags/countries_dag.py for tasks to queue
[2026-09-07T23:04:18.540+0000] {logging_mixin.py:190} INFO - [2026-09-07T23:04:18.539+0000] {dagbag.py:588} INFO - Filling up the DagBag from /opt/airflow/dags/countries_dag.py
[2026-09-07T23:04:18.601+0000] {logging_mixin.py:190} INFO - [2026-09-07T23:04:18.588+0000] {dagbag.py:387} ERROR - Failed to import: /opt/airflow/dags/countries_dag.py
Traceback (most recent call last):
  File "/home/airflow/.local/lib/python3.11/site-packages/airflow/models/dagbag.py", line 383, in parse
    loader.exec_module(new_module)
  File "<frozen importlib._bootstrap_external>", line 940, in exec_module
  File "<frozen importlib._bootstrap>", line 241, in _call_with_frames_removed
  File "/opt/airflow/dags/countries_dag.py", line 5, in <module>
    from ingestion.minio_to_snowflake import run_pipeline
ModuleNotFoundError: No module named 'ingestion'
[2026-09-07T23:04:18.604+0000] {processor.py:927} WARNING - No viable dags retrieved from /opt/airflow/dags/countries_dag.py
[2026-09-07T23:04:18.685+0000] {processor.py:208} INFO - Processing /opt/airflow/dags/countries_dag.py took 0.231 seconds
[2026-09-07T23:04:49.238+0000] {processor.py:186} INFO - Started process (PID=1681) to work on /opt/airflow/dags/countries_dag.py
[2026-09-07T23:04:49.241+0000] {processor.py:914} INFO - Processing file /opt/airflow/dags/countries_dag.py for tasks to queue
[2026-09-07T23:04:49.244+0000] {logging_mixin.py:190} INFO - [2026-09-07T23:04:49.243+0000] {dagbag.py:588} INFO - Filling up the DagBag from /opt/airflow/dags/countries_dag.py
[2026-09-07T23:04:49.280+0000] {logging_mixin.py:190} INFO - [2026-09-07T23:04:49.270+0000] {dagbag.py:387} ERROR - Failed to import: /opt/airflow/dags/countries_dag.py
Traceback (most recent call last):
  File "/home/airflow/.local/lib/python3.11/site-packages/airflow/models/dagbag.py", line 383, in parse
    loader.exec_module(new_module)
  File "<frozen importlib._bootstrap_external>", line 940, in exec_module
  File "<frozen importlib._bootstrap>", line 241, in _call_with_frames_removed
  File "/opt/airflow/dags/countries_dag.py", line 5, in <module>
    from ingestion.minio_to_snowflake import run_pipeline
ModuleNotFoundError: No module named 'ingestion'
[2026-09-07T23:04:49.282+0000] {processor.py:927} WARNING - No viable dags retrieved from /opt/airflow/dags/countries_dag.py
[2026-09-07T23:04:49.328+0000] {processor.py:208} INFO - Processing /opt/airflow/dags/countries_dag.py took 0.104 seconds
[2026-09-07T23:05:19.961+0000] {processor.py:186} INFO - Started process (PID=1686) to work on /opt/airflow/dags/countries_dag.py
[2026-09-07T23:05:19.963+0000] {processor.py:914} INFO - Processing file /opt/airflow/dags/countries_dag.py for tasks to queue
[2026-09-07T23:05:19.975+0000] {logging_mixin.py:190} INFO - [2026-09-07T23:05:19.975+0000] {dagbag.py:588} INFO - Filling up the DagBag from /opt/airflow/dags/countries_dag.py
[2026-09-07T23:05:20.090+0000] {logging_mixin.py:190} INFO - [2026-09-07T23:05:20.069+0000] {dagbag.py:387} ERROR - Failed to import: /opt/airflow/dags/countries_dag.py
Traceback (most recent call last):
  File "/home/airflow/.local/lib/python3.11/site-packages/airflow/models/dagbag.py", line 383, in parse
    loader.exec_module(new_module)
  File "<frozen importlib._bootstrap_external>", line 940, in exec_module
  File "<frozen importlib._bootstrap>", line 241, in _call_with_frames_removed
  File "/opt/airflow/dags/countries_dag.py", line 5, in <module>
    from ingestion.minio_to_snowflake import run_pipeline
ModuleNotFoundError: No module named 'ingestion'
[2026-09-07T23:05:20.094+0000] {processor.py:927} WARNING - No viable dags retrieved from /opt/airflow/dags/countries_dag.py
[2026-09-07T23:05:20.177+0000] {processor.py:208} INFO - Processing /opt/airflow/dags/countries_dag.py took 0.238 seconds
[2026-09-07T23:05:50.657+0000] {processor.py:186} INFO - Started process (PID=1691) to work on /opt/airflow/dags/countries_dag.py
[2026-09-07T23:05:50.665+0000] {processor.py:914} INFO - Processing file /opt/airflow/dags/countries_dag.py for tasks to queue
[2026-09-07T23:05:50.674+0000] {logging_mixin.py:190} INFO - [2026-09-07T23:05:50.673+0000] {dagbag.py:588} INFO - Filling up the DagBag from /opt/airflow/dags/countries_dag.py
[2026-09-07T23:05:50.769+0000] {logging_mixin.py:190} INFO - [2026-09-07T23:05:50.752+0000] {dagbag.py:387} ERROR - Failed to import: /opt/airflow/dags/countries_dag.py
Traceback (most recent call last):
  File "/home/airflow/.local/lib/python3.11/site-packages/airflow/models/dagbag.py", line 383, in parse
    loader.exec_module(new_module)
  File "<frozen importlib._bootstrap_external>", line 940, in exec_module
  File "<frozen importlib._bootstrap>", line 241, in _call_with_frames_removed
  File "/opt/airflow/dags/countries_dag.py", line 5, in <module>
    from ingestion.minio_to_snowflake import run_pipeline
ModuleNotFoundError: No module named 'ingestion'
[2026-09-07T23:05:50.778+0000] {processor.py:927} WARNING - No viable dags retrieved from /opt/airflow/dags/countries_dag.py
[2026-09-07T23:05:50.837+0000] {processor.py:208} INFO - Processing /opt/airflow/dags/countries_dag.py took 0.222 seconds
[2026-09-07T23:06:21.461+0000] {processor.py:186} INFO - Started process (PID=1696) to work on /opt/airflow/dags/countries_dag.py
[2026-09-07T23:06:21.465+0000] {processor.py:914} INFO - Processing file /opt/airflow/dags/countries_dag.py for tasks to queue
[2026-09-07T23:06:21.474+0000] {logging_mixin.py:190} INFO - [2026-09-07T23:06:21.469+0000] {dagbag.py:588} INFO - Filling up the DagBag from /opt/airflow/dags/countries_dag.py
[2026-09-07T23:06:21.706+0000] {logging_mixin.py:190} INFO - [2026-09-07T23:06:21.650+0000] {dagbag.py:387} ERROR - Failed to import: /opt/airflow/dags/countries_dag.py
Traceback (most recent call last):
  File "/home/airflow/.local/lib/python3.11/site-packages/airflow/models/dagbag.py", line 383, in parse
    loader.exec_module(new_module)
  File "<frozen importlib._bootstrap_external>", line 940, in exec_module
  File "<frozen importlib._bootstrap>", line 241, in _call_with_frames_removed
  File "/opt/airflow/dags/countries_dag.py", line 5, in <module>
    from ingestion.minio_to_snowflake import run_pipeline
ModuleNotFoundError: No module named 'ingestion'
[2026-09-07T23:06:21.711+0000] {processor.py:927} WARNING - No viable dags retrieved from /opt/airflow/dags/countries_dag.py
[2026-09-07T23:06:21.825+0000] {processor.py:208} INFO - Processing /opt/airflow/dags/countries_dag.py took 0.391 seconds
[2026-09-07T23:06:44.708+0000] {processor.py:186} INFO - Started process (PID=1701) to work on /opt/airflow/dags/countries_dag.py
[2026-09-07T23:06:44.746+0000] {processor.py:914} INFO - Processing file /opt/airflow/dags/countries_dag.py for tasks to queue
[2026-09-07T23:06:44.784+0000] {logging_mixin.py:190} INFO - [2026-09-07T23:06:44.780+0000] {dagbag.py:588} INFO - Filling up the DagBag from /opt/airflow/dags/countries_dag.py
[2026-09-07T23:06:44.971+0000] {logging_mixin.py:190} INFO - [2026-09-07T23:06:44.956+0000] {dagbag.py:387} ERROR - Failed to import: /opt/airflow/dags/countries_dag.py
Traceback (most recent call last):
  File "/home/airflow/.local/lib/python3.11/site-packages/airflow/models/dagbag.py", line 383, in parse
    loader.exec_module(new_module)
  File "<frozen importlib._bootstrap_external>", line 940, in exec_module
  File "<frozen importlib._bootstrap>", line 241, in _call_with_frames_removed
  File "/opt/airflow/dags/countries_dag.py", line 5, in <module>
    from ingestion.minio_to_snowflake import run_pipeline
ModuleNotFoundError: No module named 'ingestion'
[2026-09-07T23:06:44.975+0000] {processor.py:927} WARNING - No viable dags retrieved from /opt/airflow/dags/countries_dag.py
[2026-09-07T23:06:45.037+0000] {processor.py:208} INFO - Processing /opt/airflow/dags/countries_dag.py took 0.359 seconds
[2026-09-07T23:06:48.835+0000] {processor.py:186} INFO - Started process (PID=1706) to work on /opt/airflow/dags/countries_dag.py
[2026-09-07T23:06:48.839+0000] {processor.py:914} INFO - Processing file /opt/airflow/dags/countries_dag.py for tasks to queue
[2026-09-07T23:06:48.844+0000] {logging_mixin.py:190} INFO - [2026-09-07T23:06:48.843+0000] {dagbag.py:588} INFO - Filling up the DagBag from /opt/airflow/dags/countries_dag.py
[2026-09-07T23:06:48.987+0000] {logging_mixin.py:190} INFO - [2026-09-07T23:06:48.971+0000] {dagbag.py:387} ERROR - Failed to import: /opt/airflow/dags/countries_dag.py
Traceback (most recent call last):
  File "/home/airflow/.local/lib/python3.11/site-packages/airflow/models/dagbag.py", line 383, in parse
    loader.exec_module(new_module)
  File "<frozen importlib._bootstrap_external>", line 940, in exec_module
  File "<frozen importlib._bootstrap>", line 241, in _call_with_frames_removed
  File "/opt/airflow/dags/countries_dag.py", line 5, in <module>
    from ingestion.minio_to_snowflake import run_pipeline
ModuleNotFoundError: No module named 'ingestion'
[2026-09-07T23:06:48.992+0000] {processor.py:927} WARNING - No viable dags retrieved from /opt/airflow/dags/countries_dag.py
[2026-09-07T23:06:49.104+0000] {processor.py:208} INFO - Processing /opt/airflow/dags/countries_dag.py took 0.300 seconds
[2026-09-07T23:07:21.396+0000] {processor.py:186} INFO - Started process (PID=1711) to work on /opt/airflow/dags/countries_dag.py
[2026-09-07T23:07:21.422+0000] {processor.py:914} INFO - Processing file /opt/airflow/dags/countries_dag.py for tasks to queue
[2026-09-07T23:07:21.425+0000] {logging_mixin.py:190} INFO - [2026-09-07T23:07:21.424+0000] {dagbag.py:588} INFO - Filling up the DagBag from /opt/airflow/dags/countries_dag.py
[2026-09-07T23:07:21.511+0000] {logging_mixin.py:190} INFO - [2026-09-07T23:07:21.483+0000] {dagbag.py:387} ERROR - Failed to import: /opt/airflow/dags/countries_dag.py
Traceback (most recent call last):
  File "/home/airflow/.local/lib/python3.11/site-packages/airflow/models/dagbag.py", line 383, in parse
    loader.exec_module(new_module)
  File "<frozen importlib._bootstrap_external>", line 940, in exec_module
  File "<frozen importlib._bootstrap>", line 241, in _call_with_frames_removed
  File "/opt/airflow/dags/countries_dag.py", line 5, in <module>
    from ingestion.minio_to_snowflake import run_pipeline
ModuleNotFoundError: No module named 'ingestion'
[2026-09-07T23:07:21.543+0000] {processor.py:927} WARNING - No viable dags retrieved from /opt/airflow/dags/countries_dag.py
[2026-09-07T23:07:21.774+0000] {processor.py:208} INFO - Processing /opt/airflow/dags/countries_dag.py took 0.414 seconds
[2026-09-07T23:07:52.230+0000] {processor.py:186} INFO - Started process (PID=1716) to work on /opt/airflow/dags/countries_dag.py
[2026-09-07T23:07:52.237+0000] {processor.py:914} INFO - Processing file /opt/airflow/dags/countries_dag.py for tasks to queue
[2026-09-07T23:07:52.244+0000] {logging_mixin.py:190} INFO - [2026-09-07T23:07:52.243+0000] {dagbag.py:588} INFO - Filling up the DagBag from /opt/airflow/dags/countries_dag.py
[2026-09-07T23:07:52.397+0000] {logging_mixin.py:190} INFO - [2026-09-07T23:07:52.387+0000] {dagbag.py:387} ERROR - Failed to import: /opt/airflow/dags/countries_dag.py
Traceback (most recent call last):
  File "/home/airflow/.local/lib/python3.11/site-packages/airflow/models/dagbag.py", line 383, in parse
    loader.exec_module(new_module)
  File "<frozen importlib._bootstrap_external>", line 940, in exec_module
  File "<frozen importlib._bootstrap>", line 241, in _call_with_frames_removed
  File "/opt/airflow/dags/countries_dag.py", line 5, in <module>
    from ingestion.minio_to_snowflake import run_pipeline
ModuleNotFoundError: No module named 'ingestion'
[2026-09-07T23:07:52.404+0000] {processor.py:927} WARNING - No viable dags retrieved from /opt/airflow/dags/countries_dag.py
[2026-09-07T23:07:52.483+0000] {processor.py:208} INFO - Processing /opt/airflow/dags/countries_dag.py took 0.333 seconds
[2026-09-07T23:08:22.786+0000] {processor.py:186} INFO - Started process (PID=1721) to work on /opt/airflow/dags/countries_dag.py
[2026-09-07T23:08:22.790+0000] {processor.py:914} INFO - Processing file /opt/airflow/dags/countries_dag.py for tasks to queue
[2026-09-07T23:08:22.794+0000] {logging_mixin.py:190} INFO - [2026-09-07T23:08:22.793+0000] {dagbag.py:588} INFO - Filling up the DagBag from /opt/airflow/dags/countries_dag.py
[2026-09-07T23:08:22.845+0000] {logging_mixin.py:190} INFO - [2026-09-07T23:08:22.833+0000] {dagbag.py:387} ERROR - Failed to import: /opt/airflow/dags/countries_dag.py
Traceback (most recent call last):
  File "/home/airflow/.local/lib/python3.11/site-packages/airflow/models/dagbag.py", line 383, in parse
    loader.exec_module(new_module)
  File "<frozen importlib._bootstrap_external>", line 940, in exec_module
  File "<frozen importlib._bootstrap>", line 241, in _call_with_frames_removed
  File "/opt/airflow/dags/countries_dag.py", line 5, in <module>
    from ingestion.minio_to_snowflake import run_pipeline
ModuleNotFoundError: No module named 'ingestion'
[2026-09-07T23:08:22.849+0000] {processor.py:927} WARNING - No viable dags retrieved from /opt/airflow/dags/countries_dag.py
[2026-09-07T23:08:23.015+0000] {processor.py:208} INFO - Processing /opt/airflow/dags/countries_dag.py took 0.266 seconds
[2026-09-07T23:08:53.891+0000] {processor.py:186} INFO - Started process (PID=1726) to work on /opt/airflow/dags/countries_dag.py
[2026-09-07T23:08:53.898+0000] {processor.py:914} INFO - Processing file /opt/airflow/dags/countries_dag.py for tasks to queue
[2026-09-07T23:08:53.956+0000] {logging_mixin.py:190} INFO - [2026-09-07T23:08:53.955+0000] {dagbag.py:588} INFO - Filling up the DagBag from /opt/airflow/dags/countries_dag.py
[2026-09-07T23:08:54.416+0000] {logging_mixin.py:190} INFO - [2026-09-07T23:08:54.348+0000] {dagbag.py:387} ERROR - Failed to import: /opt/airflow/dags/countries_dag.py
Traceback (most recent call last):
  File "/home/airflow/.local/lib/python3.11/site-packages/airflow/models/dagbag.py", line 383, in parse
    loader.exec_module(new_module)
  File "<frozen importlib._bootstrap_external>", line 940, in exec_module
  File "<frozen importlib._bootstrap>", line 241, in _call_with_frames_removed
  File "/opt/airflow/dags/countries_dag.py", line 5, in <module>
    from ingestion.minio_to_snowflake import run_pipeline
ModuleNotFoundError: No module named 'ingestion'
[2026-09-07T23:08:54.428+0000] {processor.py:927} WARNING - No viable dags retrieved from /opt/airflow/dags/countries_dag.py
[2026-09-07T23:08:54.717+0000] {processor.py:208} INFO - Processing /opt/airflow/dags/countries_dag.py took 0.880 seconds
[2026-09-07T23:09:25.719+0000] {processor.py:186} INFO - Started process (PID=1731) to work on /opt/airflow/dags/countries_dag.py
[2026-09-07T23:09:25.766+0000] {processor.py:914} INFO - Processing file /opt/airflow/dags/countries_dag.py for tasks to queue
[2026-09-07T23:09:25.770+0000] {logging_mixin.py:190} INFO - [2026-09-07T23:09:25.769+0000] {dagbag.py:588} INFO - Filling up the DagBag from /opt/airflow/dags/countries_dag.py
[2026-09-07T23:09:25.952+0000] {logging_mixin.py:190} INFO - [2026-09-07T23:09:25.899+0000] {dagbag.py:387} ERROR - Failed to import: /opt/airflow/dags/countries_dag.py
Traceback (most recent call last):
  File "/home/airflow/.local/lib/python3.11/site-packages/airflow/models/dagbag.py", line 383, in parse
    loader.exec_module(new_module)
  File "<frozen importlib._bootstrap_external>", line 940, in exec_module
  File "<frozen importlib._bootstrap>", line 241, in _call_with_frames_removed
  File "/opt/airflow/dags/countries_dag.py", line 5, in <module>
    from ingestion.minio_to_snowflake import run_pipeline
ModuleNotFoundError: No module named 'ingestion'
[2026-09-07T23:09:25.964+0000] {processor.py:927} WARNING - No viable dags retrieved from /opt/airflow/dags/countries_dag.py
[2026-09-07T23:09:26.040+0000] {processor.py:208} INFO - Processing /opt/airflow/dags/countries_dag.py took 0.356 seconds
[2026-09-07T23:09:56.244+0000] {processor.py:186} INFO - Started process (PID=1736) to work on /opt/airflow/dags/countries_dag.py
[2026-09-07T23:09:56.252+0000] {processor.py:914} INFO - Processing file /opt/airflow/dags/countries_dag.py for tasks to queue
[2026-09-07T23:09:56.256+0000] {logging_mixin.py:190} INFO - [2026-09-07T23:09:56.255+0000] {dagbag.py:588} INFO - Filling up the DagBag from /opt/airflow/dags/countries_dag.py
[2026-09-07T23:09:56.321+0000] {logging_mixin.py:190} INFO - [2026-09-07T23:09:56.309+0000] {dagbag.py:387} ERROR - Failed to import: /opt/airflow/dags/countries_dag.py
Traceback (most recent call last):
  File "/home/airflow/.local/lib/python3.11/site-packages/airflow/models/dagbag.py", line 383, in parse
    loader.exec_module(new_module)
  File "<frozen importlib._bootstrap_external>", line 940, in exec_module
  File "<frozen importlib._bootstrap>", line 241, in _call_with_frames_removed
  File "/opt/airflow/dags/countries_dag.py", line 5, in <module>
    from ingestion.minio_to_snowflake import run_pipeline
ModuleNotFoundError: No module named 'ingestion'
[2026-09-07T23:09:56.342+0000] {processor.py:927} WARNING - No viable dags retrieved from /opt/airflow/dags/countries_dag.py
[2026-09-07T23:09:56.401+0000] {processor.py:208} INFO - Processing /opt/airflow/dags/countries_dag.py took 0.181 seconds
[2026-09-07T23:10:27.064+0000] {processor.py:186} INFO - Started process (PID=1741) to work on /opt/airflow/dags/countries_dag.py
[2026-09-07T23:10:27.084+0000] {processor.py:914} INFO - Processing file /opt/airflow/dags/countries_dag.py for tasks to queue
[2026-09-07T23:10:27.103+0000] {logging_mixin.py:190} INFO - [2026-09-07T23:10:27.102+0000] {dagbag.py:588} INFO - Filling up the DagBag from /opt/airflow/dags/countries_dag.py
[2026-09-07T23:10:27.302+0000] {logging_mixin.py:190} INFO - [2026-09-07T23:10:27.279+0000] {dagbag.py:387} ERROR - Failed to import: /opt/airflow/dags/countries_dag.py
Traceback (most recent call last):
  File "/home/airflow/.local/lib/python3.11/site-packages/airflow/models/dagbag.py", line 383, in parse
    loader.exec_module(new_module)
  File "<frozen importlib._bootstrap_external>", line 940, in exec_module
  File "<frozen importlib._bootstrap>", line 241, in _call_with_frames_removed
  File "/opt/airflow/dags/countries_dag.py", line 5, in <module>
    from ingestion.minio_to_snowflake import run_pipeline
ModuleNotFoundError: No module named 'ingestion'
[2026-09-07T23:10:27.319+0000] {processor.py:927} WARNING - No viable dags retrieved from /opt/airflow/dags/countries_dag.py
[2026-09-07T23:10:27.443+0000] {processor.py:208} INFO - Processing /opt/airflow/dags/countries_dag.py took 0.428 seconds
[2026-09-07T23:10:56.847+0000] {processor.py:186} INFO - Started process (PID=1746) to work on /opt/airflow/dags/countries_dag.py
[2026-09-07T23:10:56.854+0000] {processor.py:914} INFO - Processing file /opt/airflow/dags/countries_dag.py for tasks to queue
[2026-09-07T23:10:56.859+0000] {logging_mixin.py:190} INFO - [2026-09-07T23:10:56.857+0000] {dagbag.py:588} INFO - Filling up the DagBag from /opt/airflow/dags/countries_dag.py
[2026-09-07T23:10:57.518+0000] {logging_mixin.py:190} INFO - [2026-09-07T23:10:57.477+0000] {dagbag.py:387} ERROR - Failed to import: /opt/airflow/dags/countries_dag.py
Traceback (most recent call last):
  File "/home/airflow/.local/lib/python3.11/site-packages/airflow/models/dagbag.py", line 383, in parse
    loader.exec_module(new_module)
  File "<frozen importlib._bootstrap_external>", line 940, in exec_module
  File "<frozen importlib._bootstrap>", line 241, in _call_with_frames_removed
  File "/opt/airflow/dags/countries_dag.py", line 5, in <module>
    from ingestion.minio_to_snowflake import run_pipeline
ModuleNotFoundError: No module named 'ingestion'
[2026-09-07T23:10:57.542+0000] {processor.py:927} WARNING - No viable dags retrieved from /opt/airflow/dags/countries_dag.py
[2026-09-07T23:10:57.859+0000] {processor.py:208} INFO - Processing /opt/airflow/dags/countries_dag.py took 1.048 seconds
[2026-09-07T23:11:28.892+0000] {processor.py:186} INFO - Started process (PID=1751) to work on /opt/airflow/dags/countries_dag.py
[2026-09-07T23:11:28.897+0000] {processor.py:914} INFO - Processing file /opt/airflow/dags/countries_dag.py for tasks to queue
[2026-09-07T23:11:28.909+0000] {logging_mixin.py:190} INFO - [2026-09-07T23:11:28.908+0000] {dagbag.py:588} INFO - Filling up the DagBag from /opt/airflow/dags/countries_dag.py
[2026-09-07T23:11:28.999+0000] {logging_mixin.py:190} INFO - [2026-09-07T23:11:28.981+0000] {dagbag.py:387} ERROR - Failed to import: /opt/airflow/dags/countries_dag.py
Traceback (most recent call last):
  File "/home/airflow/.local/lib/python3.11/site-packages/airflow/models/dagbag.py", line 383, in parse
    loader.exec_module(new_module)
  File "<frozen importlib._bootstrap_external>", line 940, in exec_module
  File "<frozen importlib._bootstrap>", line 241, in _call_with_frames_removed
  File "/opt/airflow/dags/countries_dag.py", line 5, in <module>
    from ingestion.minio_to_snowflake import run_pipeline
ModuleNotFoundError: No module named 'ingestion'
[2026-09-07T23:11:29.011+0000] {processor.py:927} WARNING - No viable dags retrieved from /opt/airflow/dags/countries_dag.py
[2026-09-07T23:11:29.095+0000] {processor.py:208} INFO - Processing /opt/airflow/dags/countries_dag.py took 0.224 seconds
[2026-09-07T23:11:50.789+0000] {processor.py:186} INFO - Started process (PID=1756) to work on /opt/airflow/dags/countries_dag.py
[2026-09-07T23:11:50.797+0000] {processor.py:914} INFO - Processing file /opt/airflow/dags/countries_dag.py for tasks to queue
[2026-09-07T23:11:50.803+0000] {logging_mixin.py:190} INFO - [2026-09-07T23:11:50.802+0000] {dagbag.py:588} INFO - Filling up the DagBag from /opt/airflow/dags/countries_dag.py
[2026-09-07T23:11:51.512+0000] {logging_mixin.py:190} INFO - [2026-09-07T23:11:51.497+0000] {dagbag.py:387} ERROR - Failed to import: /opt/airflow/dags/countries_dag.py
Traceback (most recent call last):
  File "/home/airflow/.local/lib/python3.11/site-packages/airflow/models/dagbag.py", line 383, in parse
    loader.exec_module(new_module)
  File "<frozen importlib._bootstrap_external>", line 940, in exec_module
  File "<frozen importlib._bootstrap>", line 241, in _call_with_frames_removed
  File "/opt/airflow/dags/countries_dag.py", line 5, in <module>
    from ingestion.minio_to_snowflake import run_pipeline
ModuleNotFoundError: No module named 'ingestion'
[2026-09-07T23:11:51.527+0000] {processor.py:927} WARNING - No viable dags retrieved from /opt/airflow/dags/countries_dag.py
[2026-09-07T23:11:51.704+0000] {processor.py:208} INFO - Processing /opt/airflow/dags/countries_dag.py took 0.947 seconds
[2026-09-07T23:12:22.618+0000] {processor.py:186} INFO - Started process (PID=1761) to work on /opt/airflow/dags/countries_dag.py
[2026-09-07T23:12:22.620+0000] {processor.py:914} INFO - Processing file /opt/airflow/dags/countries_dag.py for tasks to queue
[2026-09-07T23:12:22.626+0000] {logging_mixin.py:190} INFO - [2026-09-07T23:12:22.625+0000] {dagbag.py:588} INFO - Filling up the DagBag from /opt/airflow/dags/countries_dag.py
[2026-09-07T23:12:22.677+0000] {logging_mixin.py:190} INFO - [2026-09-07T23:12:22.669+0000] {dagbag.py:387} ERROR - Failed to import: /opt/airflow/dags/countries_dag.py
Traceback (most recent call last):
  File "/home/airflow/.local/lib/python3.11/site-packages/airflow/models/dagbag.py", line 383, in parse
    loader.exec_module(new_module)
  File "<frozen importlib._bootstrap_external>", line 940, in exec_module
  File "<frozen importlib._bootstrap>", line 241, in _call_with_frames_removed
  File "/opt/airflow/dags/countries_dag.py", line 5, in <module>
    from ingestion.minio_to_snowflake import run_pipeline
ModuleNotFoundError: No module named 'ingestion'
[2026-09-07T23:12:22.682+0000] {processor.py:927} WARNING - No viable dags retrieved from /opt/airflow/dags/countries_dag.py
[2026-09-07T23:12:22.756+0000] {processor.py:208} INFO - Processing /opt/airflow/dags/countries_dag.py took 0.173 seconds
[2026-09-07T23:12:54.202+0000] {processor.py:186} INFO - Started process (PID=1766) to work on /opt/airflow/dags/countries_dag.py
[2026-09-07T23:12:54.217+0000] {processor.py:914} INFO - Processing file /opt/airflow/dags/countries_dag.py for tasks to queue
[2026-09-07T23:12:54.221+0000] {logging_mixin.py:190} INFO - [2026-09-07T23:12:54.220+0000] {dagbag.py:588} INFO - Filling up the DagBag from /opt/airflow/dags/countries_dag.py
[2026-09-07T23:12:54.440+0000] {logging_mixin.py:190} INFO - [2026-09-07T23:12:54.341+0000] {dagbag.py:387} ERROR - Failed to import: /opt/airflow/dags/countries_dag.py
Traceback (most recent call last):
  File "/home/airflow/.local/lib/python3.11/site-packages/airflow/models/dagbag.py", line 383, in parse
    loader.exec_module(new_module)
  File "<frozen importlib._bootstrap_external>", line 940, in exec_module
  File "<frozen importlib._bootstrap>", line 241, in _call_with_frames_removed
  File "/opt/airflow/dags/countries_dag.py", line 5, in <module>
    from ingestion.minio_to_snowflake import run_pipeline
ModuleNotFoundError: No module named 'ingestion'
[2026-09-07T23:12:54.451+0000] {processor.py:927} WARNING - No viable dags retrieved from /opt/airflow/dags/countries_dag.py
[2026-09-07T23:12:54.988+0000] {processor.py:208} INFO - Processing /opt/airflow/dags/countries_dag.py took 0.836 seconds
[2026-09-07T23:12:56.242+0000] {processor.py:186} INFO - Started process (PID=1771) to work on /opt/airflow/dags/countries_dag.py
[2026-09-07T23:12:56.247+0000] {processor.py:914} INFO - Processing file /opt/airflow/dags/countries_dag.py for tasks to queue
[2026-09-07T23:12:56.260+0000] {logging_mixin.py:190} INFO - [2026-09-07T23:12:56.259+0000] {dagbag.py:588} INFO - Filling up the DagBag from /opt/airflow/dags/countries_dag.py
[2026-09-07T23:12:56.409+0000] {logging_mixin.py:190} INFO - [2026-09-07T23:12:56.398+0000] {dagbag.py:387} ERROR - Failed to import: /opt/airflow/dags/countries_dag.py
Traceback (most recent call last):
  File "/home/airflow/.local/lib/python3.11/site-packages/airflow/models/dagbag.py", line 383, in parse
    loader.exec_module(new_module)
  File "<frozen importlib._bootstrap_external>", line 940, in exec_module
  File "<frozen importlib._bootstrap>", line 241, in _call_with_frames_removed
  File "/opt/airflow/dags/countries_dag.py", line 5, in <module>
    from ingestion.minio_to_snowflake import run_pipeline
ModuleNotFoundError: No module named 'ingestion'
[2026-09-07T23:12:56.412+0000] {processor.py:927} WARNING - No viable dags retrieved from /opt/airflow/dags/countries_dag.py
[2026-09-07T23:12:56.494+0000] {processor.py:208} INFO - Processing /opt/airflow/dags/countries_dag.py took 0.300 seconds
[2026-09-07T23:13:15.483+0000] {processor.py:186} INFO - Started process (PID=1776) to work on /opt/airflow/dags/countries_dag.py
[2026-09-07T23:13:15.509+0000] {processor.py:914} INFO - Processing file /opt/airflow/dags/countries_dag.py for tasks to queue
[2026-09-07T23:13:15.535+0000] {logging_mixin.py:190} INFO - [2026-09-07T23:13:15.534+0000] {dagbag.py:588} INFO - Filling up the DagBag from /opt/airflow/dags/countries_dag.py
[2026-09-07T23:13:15.869+0000] {logging_mixin.py:190} INFO - [2026-09-07T23:13:15.839+0000] {dagbag.py:387} ERROR - Failed to import: /opt/airflow/dags/countries_dag.py
Traceback (most recent call last):
  File "/home/airflow/.local/lib/python3.11/site-packages/airflow/models/dagbag.py", line 383, in parse
    loader.exec_module(new_module)
  File "<frozen importlib._bootstrap_external>", line 940, in exec_module
  File "<frozen importlib._bootstrap>", line 241, in _call_with_frames_removed
  File "/opt/airflow/dags/countries_dag.py", line 5, in <module>
    from ingestion.minio_to_snowflake import run_pipeline
ModuleNotFoundError: No module named 'ingestion'
[2026-09-07T23:13:15.877+0000] {processor.py:927} WARNING - No viable dags retrieved from /opt/airflow/dags/countries_dag.py
[2026-09-07T23:13:15.971+0000] {processor.py:208} INFO - Processing /opt/airflow/dags/countries_dag.py took 0.613 seconds
[2026-09-07T23:13:35.570+0000] {processor.py:186} INFO - Started process (PID=1781) to work on /opt/airflow/dags/countries_dag.py
[2026-09-07T23:13:35.576+0000] {processor.py:914} INFO - Processing file /opt/airflow/dags/countries_dag.py for tasks to queue
[2026-09-07T23:13:35.584+0000] {logging_mixin.py:190} INFO - [2026-09-07T23:13:35.583+0000] {dagbag.py:588} INFO - Filling up the DagBag from /opt/airflow/dags/countries_dag.py
[2026-09-07T23:13:35.724+0000] {logging_mixin.py:190} INFO - [2026-09-07T23:13:35.703+0000] {dagbag.py:387} ERROR - Failed to import: /opt/airflow/dags/countries_dag.py
Traceback (most recent call last):
  File "/home/airflow/.local/lib/python3.11/site-packages/airflow/models/dagbag.py", line 383, in parse
    loader.exec_module(new_module)
  File "<frozen importlib._bootstrap_external>", line 940, in exec_module
  File "<frozen importlib._bootstrap>", line 241, in _call_with_frames_removed
  File "/opt/airflow/dags/countries_dag.py", line 5, in <module>
    from ingestion.minio_to_snowflake import run_pipeline
ModuleNotFoundError: No module named 'ingestion'
[2026-09-07T23:13:35.728+0000] {processor.py:927} WARNING - No viable dags retrieved from /opt/airflow/dags/countries_dag.py
[2026-09-07T23:13:36.374+0000] {processor.py:208} INFO - Processing /opt/airflow/dags/countries_dag.py took 0.833 seconds
[2026-09-07T23:13:38.027+0000] {processor.py:186} INFO - Started process (PID=1786) to work on /opt/airflow/dags/countries_dag.py
[2026-09-07T23:13:38.030+0000] {processor.py:914} INFO - Processing file /opt/airflow/dags/countries_dag.py for tasks to queue
[2026-09-07T23:13:38.045+0000] {logging_mixin.py:190} INFO - [2026-09-07T23:13:38.043+0000] {dagbag.py:588} INFO - Filling up the DagBag from /opt/airflow/dags/countries_dag.py
[2026-09-07T23:13:38.185+0000] {logging_mixin.py:190} INFO - [2026-09-07T23:13:38.173+0000] {dagbag.py:387} ERROR - Failed to import: /opt/airflow/dags/countries_dag.py
Traceback (most recent call last):
  File "/home/airflow/.local/lib/python3.11/site-packages/airflow/models/dagbag.py", line 383, in parse
    loader.exec_module(new_module)
  File "<frozen importlib._bootstrap_external>", line 940, in exec_module
  File "<frozen importlib._bootstrap>", line 241, in _call_with_frames_removed
  File "/opt/airflow/dags/countries_dag.py", line 5, in <module>
    from ingestion.minio_to_snowflake import run_pipeline
ModuleNotFoundError: No module named 'ingestion'
[2026-09-07T23:13:38.195+0000] {processor.py:927} WARNING - No viable dags retrieved from /opt/airflow/dags/countries_dag.py
[2026-09-07T23:13:38.284+0000] {processor.py:208} INFO - Processing /opt/airflow/dags/countries_dag.py took 0.290 seconds
[2026-09-07T23:13:42.028+0000] {processor.py:186} INFO - Started process (PID=1791) to work on /opt/airflow/dags/countries_dag.py
[2026-09-07T23:13:42.031+0000] {processor.py:914} INFO - Processing file /opt/airflow/dags/countries_dag.py for tasks to queue
[2026-09-07T23:13:42.035+0000] {logging_mixin.py:190} INFO - [2026-09-07T23:13:42.034+0000] {dagbag.py:588} INFO - Filling up the DagBag from /opt/airflow/dags/countries_dag.py
[2026-09-07T23:13:42.261+0000] {logging_mixin.py:190} INFO - [2026-09-07T23:13:42.245+0000] {dagbag.py:387} ERROR - Failed to import: /opt/airflow/dags/countries_dag.py
Traceback (most recent call last):
  File "/home/airflow/.local/lib/python3.11/site-packages/airflow/models/dagbag.py", line 383, in parse
    loader.exec_module(new_module)
  File "<frozen importlib._bootstrap_external>", line 940, in exec_module
  File "<frozen importlib._bootstrap>", line 241, in _call_with_frames_removed
  File "/opt/airflow/dags/countries_dag.py", line 5, in <module>
    from ingestion.minio_to_snowflake import run_pipeline
ModuleNotFoundError: No module named 'ingestion'
[2026-09-07T23:13:42.267+0000] {processor.py:927} WARNING - No viable dags retrieved from /opt/airflow/dags/countries_dag.py
[2026-09-07T23:13:42.359+0000] {processor.py:208} INFO - Processing /opt/airflow/dags/countries_dag.py took 0.353 seconds
[2026-09-07T23:14:12.693+0000] {processor.py:186} INFO - Started process (PID=1796) to work on /opt/airflow/dags/countries_dag.py
[2026-09-07T23:14:12.705+0000] {processor.py:914} INFO - Processing file /opt/airflow/dags/countries_dag.py for tasks to queue
[2026-09-07T23:14:12.719+0000] {logging_mixin.py:190} INFO - [2026-09-07T23:14:12.708+0000] {dagbag.py:588} INFO - Filling up the DagBag from /opt/airflow/dags/countries_dag.py
[2026-09-07T23:14:12.834+0000] {logging_mixin.py:190} INFO - [2026-09-07T23:14:12.805+0000] {dagbag.py:387} ERROR - Failed to import: /opt/airflow/dags/countries_dag.py
Traceback (most recent call last):
  File "/home/airflow/.local/lib/python3.11/site-packages/airflow/models/dagbag.py", line 383, in parse
    loader.exec_module(new_module)
  File "<frozen importlib._bootstrap_external>", line 940, in exec_module
  File "<frozen importlib._bootstrap>", line 241, in _call_with_frames_removed
  File "/opt/airflow/dags/countries_dag.py", line 5, in <module>
    from ingestion.minio_to_snowflake import run_pipeline
ModuleNotFoundError: No module named 'ingestion'
[2026-09-07T23:14:12.844+0000] {processor.py:927} WARNING - No viable dags retrieved from /opt/airflow/dags/countries_dag.py
[2026-09-07T23:14:12.914+0000] {processor.py:208} INFO - Processing /opt/airflow/dags/countries_dag.py took 0.241 seconds
[2026-09-07T23:14:43.331+0000] {processor.py:186} INFO - Started process (PID=1801) to work on /opt/airflow/dags/countries_dag.py
[2026-09-07T23:14:43.334+0000] {processor.py:914} INFO - Processing file /opt/airflow/dags/countries_dag.py for tasks to queue
[2026-09-07T23:14:43.340+0000] {logging_mixin.py:190} INFO - [2026-09-07T23:14:43.340+0000] {dagbag.py:588} INFO - Filling up the DagBag from /opt/airflow/dags/countries_dag.py
[2026-09-07T23:14:43.401+0000] {logging_mixin.py:190} INFO - [2026-09-07T23:14:43.390+0000] {dagbag.py:387} ERROR - Failed to import: /opt/airflow/dags/countries_dag.py
Traceback (most recent call last):
  File "/home/airflow/.local/lib/python3.11/site-packages/airflow/models/dagbag.py", line 383, in parse
    loader.exec_module(new_module)
  File "<frozen importlib._bootstrap_external>", line 940, in exec_module
  File "<frozen importlib._bootstrap>", line 241, in _call_with_frames_removed
  File "/opt/airflow/dags/countries_dag.py", line 5, in <module>
    from ingestion.minio_to_snowflake import run_pipeline
ModuleNotFoundError: No module named 'ingestion'
[2026-09-07T23:14:43.408+0000] {processor.py:927} WARNING - No viable dags retrieved from /opt/airflow/dags/countries_dag.py
[2026-09-07T23:14:43.491+0000] {processor.py:208} INFO - Processing /opt/airflow/dags/countries_dag.py took 0.187 seconds
[2026-09-07T23:14:45.691+0000] {processor.py:186} INFO - Started process (PID=1806) to work on /opt/airflow/dags/countries_dag.py
[2026-09-07T23:14:45.694+0000] {processor.py:914} INFO - Processing file /opt/airflow/dags/countries_dag.py for tasks to queue
[2026-09-07T23:14:45.705+0000] {logging_mixin.py:190} INFO - [2026-09-07T23:14:45.704+0000] {dagbag.py:588} INFO - Filling up the DagBag from /opt/airflow/dags/countries_dag.py
[2026-09-07T23:14:46.054+0000] {logging_mixin.py:190} INFO - [2026-09-07T23:14:46.039+0000] {dagbag.py:387} ERROR - Failed to import: /opt/airflow/dags/countries_dag.py
Traceback (most recent call last):
  File "/home/airflow/.local/lib/python3.11/site-packages/airflow/models/dagbag.py", line 383, in parse
    loader.exec_module(new_module)
  File "<frozen importlib._bootstrap_external>", line 940, in exec_module
  File "<frozen importlib._bootstrap>", line 241, in _call_with_frames_removed
  File "/opt/airflow/dags/countries_dag.py", line 5, in <module>
    from ingestion.minio_to_snowflake import run_pipeline
ModuleNotFoundError: No module named 'ingestion'
[2026-09-07T23:14:46.061+0000] {processor.py:927} WARNING - No viable dags retrieved from /opt/airflow/dags/countries_dag.py
[2026-09-07T23:14:46.169+0000] {processor.py:208} INFO - Processing /opt/airflow/dags/countries_dag.py took 0.531 seconds
[2026-09-07T23:14:57.323+0000] {processor.py:186} INFO - Started process (PID=1811) to work on /opt/airflow/dags/countries_dag.py
[2026-09-07T23:14:57.332+0000] {processor.py:914} INFO - Processing file /opt/airflow/dags/countries_dag.py for tasks to queue
[2026-09-07T23:14:57.337+0000] {logging_mixin.py:190} INFO - [2026-09-07T23:14:57.336+0000] {dagbag.py:588} INFO - Filling up the DagBag from /opt/airflow/dags/countries_dag.py
[2026-09-07T23:14:57.980+0000] {logging_mixin.py:190} INFO - [2026-09-07T23:14:57.887+0000] {dagbag.py:387} ERROR - Failed to import: /opt/airflow/dags/countries_dag.py
Traceback (most recent call last):
  File "/home/airflow/.local/lib/python3.11/site-packages/airflow/models/dagbag.py", line 383, in parse
    loader.exec_module(new_module)
  File "<frozen importlib._bootstrap_external>", line 940, in exec_module
  File "<frozen importlib._bootstrap>", line 241, in _call_with_frames_removed
  File "/opt/airflow/dags/countries_dag.py", line 5, in <module>
    from ingestion.minio_to_snowflake import run_pipeline
ModuleNotFoundError: No module named 'ingestion'
[2026-09-07T23:14:57.983+0000] {processor.py:927} WARNING - No viable dags retrieved from /opt/airflow/dags/countries_dag.py
[2026-09-07T23:14:58.099+0000] {processor.py:208} INFO - Processing /opt/airflow/dags/countries_dag.py took 0.810 seconds
[2026-09-07T23:14:59.291+0000] {processor.py:186} INFO - Started process (PID=1816) to work on /opt/airflow/dags/countries_dag.py
[2026-09-07T23:14:59.294+0000] {processor.py:914} INFO - Processing file /opt/airflow/dags/countries_dag.py for tasks to queue
[2026-09-07T23:14:59.298+0000] {logging_mixin.py:190} INFO - [2026-09-07T23:14:59.297+0000] {dagbag.py:588} INFO - Filling up the DagBag from /opt/airflow/dags/countries_dag.py
[2026-09-07T23:14:59.548+0000] {logging_mixin.py:190} INFO - [2026-09-07T23:14:59.522+0000] {dagbag.py:387} ERROR - Failed to import: /opt/airflow/dags/countries_dag.py
Traceback (most recent call last):
  File "/home/airflow/.local/lib/python3.11/site-packages/airflow/models/dagbag.py", line 383, in parse
    loader.exec_module(new_module)
  File "<frozen importlib._bootstrap_external>", line 940, in exec_module
  File "<frozen importlib._bootstrap>", line 241, in _call_with_frames_removed
  File "/opt/airflow/dags/countries_dag.py", line 5, in <module>
    from ingestion.minio_to_snowflake import run_pipeline
ModuleNotFoundError: No module named 'ingestion'
[2026-09-07T23:14:59.553+0000] {processor.py:927} WARNING - No viable dags retrieved from /opt/airflow/dags/countries_dag.py
[2026-09-07T23:14:59.702+0000] {processor.py:208} INFO - Processing /opt/airflow/dags/countries_dag.py took 0.434 seconds
[2026-09-07T23:15:30.125+0000] {processor.py:186} INFO - Started process (PID=1821) to work on /opt/airflow/dags/countries_dag.py
[2026-09-07T23:15:30.150+0000] {processor.py:914} INFO - Processing file /opt/airflow/dags/countries_dag.py for tasks to queue
[2026-09-07T23:15:30.162+0000] {logging_mixin.py:190} INFO - [2026-09-07T23:15:30.161+0000] {dagbag.py:588} INFO - Filling up the DagBag from /opt/airflow/dags/countries_dag.py
[2026-09-07T23:15:30.367+0000] {logging_mixin.py:190} INFO - [2026-09-07T23:15:30.332+0000] {dagbag.py:387} ERROR - Failed to import: /opt/airflow/dags/countries_dag.py
Traceback (most recent call last):
  File "/home/airflow/.local/lib/python3.11/site-packages/airflow/models/dagbag.py", line 383, in parse
    loader.exec_module(new_module)
  File "<frozen importlib._bootstrap_external>", line 940, in exec_module
  File "<frozen importlib._bootstrap>", line 241, in _call_with_frames_removed
  File "/opt/airflow/dags/countries_dag.py", line 5, in <module>
    from ingestion.minio_to_snowflake import run_pipeline
ModuleNotFoundError: No module named 'ingestion'
[2026-09-07T23:15:30.373+0000] {processor.py:927} WARNING - No viable dags retrieved from /opt/airflow/dags/countries_dag.py
[2026-09-07T23:15:30.521+0000] {processor.py:208} INFO - Processing /opt/airflow/dags/countries_dag.py took 0.429 seconds
[2026-09-07T23:15:33.759+0000] {processor.py:186} INFO - Started process (PID=1826) to work on /opt/airflow/dags/countries_dag.py
[2026-09-07T23:15:33.766+0000] {processor.py:914} INFO - Processing file /opt/airflow/dags/countries_dag.py for tasks to queue
[2026-09-07T23:15:33.770+0000] {logging_mixin.py:190} INFO - [2026-09-07T23:15:33.769+0000] {dagbag.py:588} INFO - Filling up the DagBag from /opt/airflow/dags/countries_dag.py
[2026-09-07T23:15:34.053+0000] {logging_mixin.py:190} INFO - [2026-09-07T23:15:34.008+0000] {dagbag.py:387} ERROR - Failed to import: /opt/airflow/dags/countries_dag.py
Traceback (most recent call last):
  File "/home/airflow/.local/lib/python3.11/site-packages/airflow/models/dagbag.py", line 383, in parse
    loader.exec_module(new_module)
  File "<frozen importlib._bootstrap_external>", line 940, in exec_module
  File "<frozen importlib._bootstrap>", line 241, in _call_with_frames_removed
  File "/opt/airflow/dags/countries_dag.py", line 5, in <module>
    from ingestion.minio_to_snowflake import run_pipeline
ModuleNotFoundError: No module named 'ingestion'
[2026-09-07T23:15:34.059+0000] {processor.py:927} WARNING - No viable dags retrieved from /opt/airflow/dags/countries_dag.py
[2026-09-07T23:15:34.197+0000] {processor.py:208} INFO - Processing /opt/airflow/dags/countries_dag.py took 0.461 seconds
[2026-09-07T23:15:36.626+0000] {processor.py:186} INFO - Started process (PID=1831) to work on /opt/airflow/dags/countries_dag.py
[2026-09-07T23:15:36.633+0000] {processor.py:914} INFO - Processing file /opt/airflow/dags/countries_dag.py for tasks to queue
[2026-09-07T23:15:36.642+0000] {logging_mixin.py:190} INFO - [2026-09-07T23:15:36.639+0000] {dagbag.py:588} INFO - Filling up the DagBag from /opt/airflow/dags/countries_dag.py
[2026-09-07T23:15:36.843+0000] {logging_mixin.py:190} INFO - [2026-09-07T23:15:36.821+0000] {dagbag.py:387} ERROR - Failed to import: /opt/airflow/dags/countries_dag.py
Traceback (most recent call last):
  File "/home/airflow/.local/lib/python3.11/site-packages/airflow/models/dagbag.py", line 383, in parse
    loader.exec_module(new_module)
  File "<frozen importlib._bootstrap_external>", line 940, in exec_module
  File "<frozen importlib._bootstrap>", line 241, in _call_with_frames_removed
  File "/opt/airflow/dags/countries_dag.py", line 5, in <module>
    from ingestion.minio_to_snowflake import run_pipeline
ModuleNotFoundError: No module named 'ingestion'
[2026-09-07T23:15:36.848+0000] {processor.py:927} WARNING - No viable dags retrieved from /opt/airflow/dags/countries_dag.py
[2026-09-07T23:15:36.935+0000] {processor.py:208} INFO - Processing /opt/airflow/dags/countries_dag.py took 0.333 seconds
[2026-09-07T23:15:46.655+0000] {processor.py:186} INFO - Started process (PID=1836) to work on /opt/airflow/dags/countries_dag.py
[2026-09-07T23:15:46.665+0000] {processor.py:914} INFO - Processing file /opt/airflow/dags/countries_dag.py for tasks to queue
[2026-09-07T23:15:46.671+0000] {logging_mixin.py:190} INFO - [2026-09-07T23:15:46.668+0000] {dagbag.py:588} INFO - Filling up the DagBag from /opt/airflow/dags/countries_dag.py
[2026-09-07T23:15:47.000+0000] {logging_mixin.py:190} INFO - [2026-09-07T23:15:46.972+0000] {dagbag.py:387} ERROR - Failed to import: /opt/airflow/dags/countries_dag.py
Traceback (most recent call last):
  File "/home/airflow/.local/lib/python3.11/site-packages/airflow/models/dagbag.py", line 383, in parse
    loader.exec_module(new_module)
  File "<frozen importlib._bootstrap_external>", line 940, in exec_module
  File "<frozen importlib._bootstrap>", line 241, in _call_with_frames_removed
  File "/opt/airflow/dags/countries_dag.py", line 5, in <module>
    from ingestion.minio_to_snowflake import run_pipeline
ModuleNotFoundError: No module named 'ingestion'
[2026-09-07T23:15:47.016+0000] {processor.py:927} WARNING - No viable dags retrieved from /opt/airflow/dags/countries_dag.py
[2026-09-07T23:15:47.108+0000] {processor.py:208} INFO - Processing /opt/airflow/dags/countries_dag.py took 0.476 seconds
[2026-09-07T23:15:49.245+0000] {processor.py:186} INFO - Started process (PID=1841) to work on /opt/airflow/dags/countries_dag.py
[2026-09-07T23:15:49.271+0000] {processor.py:914} INFO - Processing file /opt/airflow/dags/countries_dag.py for tasks to queue
[2026-09-07T23:15:49.275+0000] {logging_mixin.py:190} INFO - [2026-09-07T23:15:49.274+0000] {dagbag.py:588} INFO - Filling up the DagBag from /opt/airflow/dags/countries_dag.py
[2026-09-07T23:15:49.454+0000] {logging_mixin.py:190} INFO - [2026-09-07T23:15:49.428+0000] {dagbag.py:387} ERROR - Failed to import: /opt/airflow/dags/countries_dag.py
Traceback (most recent call last):
  File "/home/airflow/.local/lib/python3.11/site-packages/airflow/models/dagbag.py", line 383, in parse
    loader.exec_module(new_module)
  File "<frozen importlib._bootstrap_external>", line 940, in exec_module
  File "<frozen importlib._bootstrap>", line 241, in _call_with_frames_removed
  File "/opt/airflow/dags/countries_dag.py", line 5, in <module>
    from ingestion.minio_to_snowflake import run_pipeline
ModuleNotFoundError: No module named 'ingestion'
[2026-09-07T23:15:49.458+0000] {processor.py:927} WARNING - No viable dags retrieved from /opt/airflow/dags/countries_dag.py
[2026-09-07T23:15:49.583+0000] {processor.py:208} INFO - Processing /opt/airflow/dags/countries_dag.py took 0.364 seconds
[2026-09-07T23:15:51.852+0000] {processor.py:186} INFO - Started process (PID=1846) to work on /opt/airflow/dags/countries_dag.py
[2026-09-07T23:15:51.857+0000] {processor.py:914} INFO - Processing file /opt/airflow/dags/countries_dag.py for tasks to queue
[2026-09-07T23:15:51.883+0000] {logging_mixin.py:190} INFO - [2026-09-07T23:15:51.880+0000] {dagbag.py:588} INFO - Filling up the DagBag from /opt/airflow/dags/countries_dag.py
[2026-09-07T23:15:52.160+0000] {logging_mixin.py:190} INFO - [2026-09-07T23:15:52.148+0000] {dagbag.py:387} ERROR - Failed to import: /opt/airflow/dags/countries_dag.py
Traceback (most recent call last):
  File "/home/airflow/.local/lib/python3.11/site-packages/airflow/models/dagbag.py", line 383, in parse
    loader.exec_module(new_module)
  File "<frozen importlib._bootstrap_external>", line 940, in exec_module
  File "<frozen importlib._bootstrap>", line 241, in _call_with_frames_removed
  File "/opt/airflow/dags/countries_dag.py", line 5, in <module>
    from ingestion.minio_to_snowflake import run_pipeline
ModuleNotFoundError: No module named 'ingestion'
[2026-09-07T23:15:52.165+0000] {processor.py:927} WARNING - No viable dags retrieved from /opt/airflow/dags/countries_dag.py
[2026-09-07T23:15:52.259+0000] {processor.py:208} INFO - Processing /opt/airflow/dags/countries_dag.py took 0.424 seconds
[2026-09-07T23:16:23.396+0000] {processor.py:186} INFO - Started process (PID=1851) to work on /opt/airflow/dags/countries_dag.py
[2026-09-07T23:16:23.399+0000] {processor.py:914} INFO - Processing file /opt/airflow/dags/countries_dag.py for tasks to queue
[2026-09-07T23:16:23.403+0000] {logging_mixin.py:190} INFO - [2026-09-07T23:16:23.402+0000] {dagbag.py:588} INFO - Filling up the DagBag from /opt/airflow/dags/countries_dag.py
[2026-09-07T23:16:23.486+0000] {logging_mixin.py:190} INFO - [2026-09-07T23:16:23.477+0000] {dagbag.py:387} ERROR - Failed to import: /opt/airflow/dags/countries_dag.py
Traceback (most recent call last):
  File "/home/airflow/.local/lib/python3.11/site-packages/airflow/models/dagbag.py", line 383, in parse
    loader.exec_module(new_module)
  File "<frozen importlib._bootstrap_external>", line 940, in exec_module
  File "<frozen importlib._bootstrap>", line 241, in _call_with_frames_removed
  File "/opt/airflow/dags/countries_dag.py", line 5, in <module>
    from ingestion.minio_to_snowflake import run_pipeline
ModuleNotFoundError: No module named 'ingestion'
[2026-09-07T23:16:23.497+0000] {processor.py:927} WARNING - No viable dags retrieved from /opt/airflow/dags/countries_dag.py
[2026-09-07T23:16:23.638+0000] {processor.py:208} INFO - Processing /opt/airflow/dags/countries_dag.py took 0.263 seconds
[2026-09-07T23:16:54.573+0000] {processor.py:186} INFO - Started process (PID=1856) to work on /opt/airflow/dags/countries_dag.py
[2026-09-07T23:16:54.604+0000] {processor.py:914} INFO - Processing file /opt/airflow/dags/countries_dag.py for tasks to queue
[2026-09-07T23:16:54.612+0000] {logging_mixin.py:190} INFO - [2026-09-07T23:16:54.611+0000] {dagbag.py:588} INFO - Filling up the DagBag from /opt/airflow/dags/countries_dag.py
[2026-09-07T23:16:54.691+0000] {logging_mixin.py:190} INFO - [2026-09-07T23:16:54.682+0000] {dagbag.py:387} ERROR - Failed to import: /opt/airflow/dags/countries_dag.py
Traceback (most recent call last):
  File "/home/airflow/.local/lib/python3.11/site-packages/airflow/models/dagbag.py", line 383, in parse
    loader.exec_module(new_module)
  File "<frozen importlib._bootstrap_external>", line 940, in exec_module
  File "<frozen importlib._bootstrap>", line 241, in _call_with_frames_removed
  File "/opt/airflow/dags/countries_dag.py", line 5, in <module>
    from ingestion.minio_to_snowflake import run_pipeline
ModuleNotFoundError: No module named 'ingestion'
[2026-09-07T23:16:54.695+0000] {processor.py:927} WARNING - No viable dags retrieved from /opt/airflow/dags/countries_dag.py
[2026-09-07T23:16:54.754+0000] {processor.py:208} INFO - Processing /opt/airflow/dags/countries_dag.py took 0.208 seconds
[2026-09-07T23:17:01.787+0000] {processor.py:186} INFO - Started process (PID=1861) to work on /opt/airflow/dags/countries_dag.py
[2026-09-07T23:17:01.791+0000] {processor.py:914} INFO - Processing file /opt/airflow/dags/countries_dag.py for tasks to queue
[2026-09-07T23:17:01.796+0000] {logging_mixin.py:190} INFO - [2026-09-07T23:17:01.795+0000] {dagbag.py:588} INFO - Filling up the DagBag from /opt/airflow/dags/countries_dag.py
[2026-09-07T23:17:01.983+0000] {logging_mixin.py:190} INFO - [2026-09-07T23:17:01.959+0000] {dagbag.py:387} ERROR - Failed to import: /opt/airflow/dags/countries_dag.py
Traceback (most recent call last):
  File "/home/airflow/.local/lib/python3.11/site-packages/airflow/models/dagbag.py", line 383, in parse
    loader.exec_module(new_module)
  File "<frozen importlib._bootstrap_external>", line 940, in exec_module
  File "<frozen importlib._bootstrap>", line 241, in _call_with_frames_removed
  File "/opt/airflow/dags/countries_dag.py", line 5, in <module>
    from ingestion.minio_to_snowflake import run_pipeline
ModuleNotFoundError: No module named 'ingestion'
[2026-09-07T23:17:01.990+0000] {processor.py:927} WARNING - No viable dags retrieved from /opt/airflow/dags/countries_dag.py
[2026-09-07T23:17:02.093+0000] {processor.py:208} INFO - Processing /opt/airflow/dags/countries_dag.py took 0.327 seconds
[2026-09-07T23:17:20.501+0000] {processor.py:186} INFO - Started process (PID=1866) to work on /opt/airflow/dags/countries_dag.py
[2026-09-07T23:17:20.512+0000] {processor.py:914} INFO - Processing file /opt/airflow/dags/countries_dag.py for tasks to queue
[2026-09-07T23:17:20.543+0000] {logging_mixin.py:190} INFO - [2026-09-07T23:17:20.517+0000] {dagbag.py:588} INFO - Filling up the DagBag from /opt/airflow/dags/countries_dag.py
[2026-09-07T23:17:20.877+0000] {logging_mixin.py:190} INFO - [2026-09-07T23:17:20.859+0000] {dagbag.py:387} ERROR - Failed to import: /opt/airflow/dags/countries_dag.py
Traceback (most recent call last):
  File "/home/airflow/.local/lib/python3.11/site-packages/airflow/models/dagbag.py", line 383, in parse
    loader.exec_module(new_module)
  File "<frozen importlib._bootstrap_external>", line 940, in exec_module
  File "<frozen importlib._bootstrap>", line 241, in _call_with_frames_removed
  File "/opt/airflow/dags/countries_dag.py", line 5, in <module>
    from ingestion.minio_to_snowflake import run_pipeline
ModuleNotFoundError: No module named 'ingestion'
[2026-09-07T23:17:20.880+0000] {processor.py:927} WARNING - No viable dags retrieved from /opt/airflow/dags/countries_dag.py
[2026-09-07T23:17:20.991+0000] {processor.py:208} INFO - Processing /opt/airflow/dags/countries_dag.py took 0.616 seconds
[2026-09-07T23:17:30.688+0000] {processor.py:186} INFO - Started process (PID=1871) to work on /opt/airflow/dags/countries_dag.py
[2026-09-07T23:17:30.691+0000] {processor.py:914} INFO - Processing file /opt/airflow/dags/countries_dag.py for tasks to queue
[2026-09-07T23:17:30.704+0000] {logging_mixin.py:190} INFO - [2026-09-07T23:17:30.693+0000] {dagbag.py:588} INFO - Filling up the DagBag from /opt/airflow/dags/countries_dag.py
[2026-09-07T23:17:30.898+0000] {logging_mixin.py:190} INFO - [2026-09-07T23:17:30.892+0000] {dagbag.py:387} ERROR - Failed to import: /opt/airflow/dags/countries_dag.py
Traceback (most recent call last):
  File "/home/airflow/.local/lib/python3.11/site-packages/airflow/models/dagbag.py", line 383, in parse
    loader.exec_module(new_module)
  File "<frozen importlib._bootstrap_external>", line 936, in exec_module
  File "<frozen importlib._bootstrap_external>", line 1074, in get_code
  File "<frozen importlib._bootstrap_external>", line 1004, in source_to_code
  File "<frozen importlib._bootstrap>", line 241, in _call_with_frames_removed
  File "/opt/airflow/dags/countries_dag.py", line 74
    extract_to_minio >> 
                        ^
SyntaxError: invalid syntax
[2026-09-07T23:17:30.937+0000] {processor.py:927} WARNING - No viable dags retrieved from /opt/airflow/dags/countries_dag.py
[2026-09-07T23:17:31.140+0000] {processor.py:208} INFO - Processing /opt/airflow/dags/countries_dag.py took 0.481 seconds
[2026-09-07T23:17:35.145+0000] {processor.py:186} INFO - Started process (PID=1876) to work on /opt/airflow/dags/countries_dag.py
[2026-09-07T23:17:35.152+0000] {processor.py:914} INFO - Processing file /opt/airflow/dags/countries_dag.py for tasks to queue
[2026-09-07T23:17:35.159+0000] {logging_mixin.py:190} INFO - [2026-09-07T23:17:35.159+0000] {dagbag.py:588} INFO - Filling up the DagBag from /opt/airflow/dags/countries_dag.py
[2026-09-07T23:17:35.384+0000] {logging_mixin.py:190} INFO - [2026-09-07T23:17:35.369+0000] {dagbag.py:387} ERROR - Failed to import: /opt/airflow/dags/countries_dag.py
Traceback (most recent call last):
  File "/home/airflow/.local/lib/python3.11/site-packages/airflow/models/dagbag.py", line 383, in parse
    loader.exec_module(new_module)
  File "<frozen importlib._bootstrap_external>", line 940, in exec_module
  File "<frozen importlib._bootstrap>", line 241, in _call_with_frames_removed
  File "/opt/airflow/dags/countries_dag.py", line 5, in <module>
    from ingestion.minio_to_snowflake import run_pipeline
ModuleNotFoundError: No module named 'ingestion'
[2026-09-07T23:17:35.389+0000] {processor.py:927} WARNING - No viable dags retrieved from /opt/airflow/dags/countries_dag.py
[2026-09-07T23:17:35.475+0000] {processor.py:208} INFO - Processing /opt/airflow/dags/countries_dag.py took 0.355 seconds
[2026-09-07T23:17:41.463+0000] {processor.py:186} INFO - Started process (PID=1881) to work on /opt/airflow/dags/countries_dag.py
[2026-09-07T23:17:41.489+0000] {processor.py:914} INFO - Processing file /opt/airflow/dags/countries_dag.py for tasks to queue
[2026-09-07T23:17:41.493+0000] {logging_mixin.py:190} INFO - [2026-09-07T23:17:41.492+0000] {dagbag.py:588} INFO - Filling up the DagBag from /opt/airflow/dags/countries_dag.py
[2026-09-07T23:17:41.896+0000] {logging_mixin.py:190} INFO - [2026-09-07T23:17:41.885+0000] {dagbag.py:387} ERROR - Failed to import: /opt/airflow/dags/countries_dag.py
Traceback (most recent call last):
  File "/home/airflow/.local/lib/python3.11/site-packages/airflow/models/dagbag.py", line 383, in parse
    loader.exec_module(new_module)
  File "<frozen importlib._bootstrap_external>", line 940, in exec_module
  File "<frozen importlib._bootstrap>", line 241, in _call_with_frames_removed
  File "/opt/airflow/dags/countries_dag.py", line 5, in <module>
    from ingestion.minio_to_snowflake import run_pipeline
ModuleNotFoundError: No module named 'ingestion'
[2026-09-07T23:17:41.900+0000] {processor.py:927} WARNING - No viable dags retrieved from /opt/airflow/dags/countries_dag.py
[2026-09-07T23:17:42.051+0000] {processor.py:208} INFO - Processing /opt/airflow/dags/countries_dag.py took 0.620 seconds
[2026-09-07T23:18:13.097+0000] {processor.py:186} INFO - Started process (PID=1886) to work on /opt/airflow/dags/countries_dag.py
[2026-09-07T23:18:13.100+0000] {processor.py:914} INFO - Processing file /opt/airflow/dags/countries_dag.py for tasks to queue
[2026-09-07T23:18:13.114+0000] {logging_mixin.py:190} INFO - [2026-09-07T23:18:13.113+0000] {dagbag.py:588} INFO - Filling up the DagBag from /opt/airflow/dags/countries_dag.py
[2026-09-07T23:18:13.245+0000] {logging_mixin.py:190} INFO - [2026-09-07T23:18:13.193+0000] {dagbag.py:387} ERROR - Failed to import: /opt/airflow/dags/countries_dag.py
Traceback (most recent call last):
  File "/home/airflow/.local/lib/python3.11/site-packages/airflow/models/dagbag.py", line 383, in parse
    loader.exec_module(new_module)
  File "<frozen importlib._bootstrap_external>", line 940, in exec_module
  File "<frozen importlib._bootstrap>", line 241, in _call_with_frames_removed
  File "/opt/airflow/dags/countries_dag.py", line 5, in <module>
    from ingestion.minio_to_snowflake import run_pipeline
ModuleNotFoundError: No module named 'ingestion'
[2026-09-07T23:18:13.251+0000] {processor.py:927} WARNING - No viable dags retrieved from /opt/airflow/dags/countries_dag.py
[2026-09-07T23:18:13.369+0000] {processor.py:208} INFO - Processing /opt/airflow/dags/countries_dag.py took 0.374 seconds
[2026-09-07T23:18:44.116+0000] {processor.py:186} INFO - Started process (PID=1891) to work on /opt/airflow/dags/countries_dag.py
[2026-09-07T23:18:44.120+0000] {processor.py:914} INFO - Processing file /opt/airflow/dags/countries_dag.py for tasks to queue
[2026-09-07T23:18:44.127+0000] {logging_mixin.py:190} INFO - [2026-09-07T23:18:44.124+0000] {dagbag.py:588} INFO - Filling up the DagBag from /opt/airflow/dags/countries_dag.py
[2026-09-07T23:18:44.251+0000] {logging_mixin.py:190} INFO - [2026-09-07T23:18:44.238+0000] {dagbag.py:387} ERROR - Failed to import: /opt/airflow/dags/countries_dag.py
Traceback (most recent call last):
  File "/home/airflow/.local/lib/python3.11/site-packages/airflow/models/dagbag.py", line 383, in parse
    loader.exec_module(new_module)
  File "<frozen importlib._bootstrap_external>", line 940, in exec_module
  File "<frozen importlib._bootstrap>", line 241, in _call_with_frames_removed
  File "/opt/airflow/dags/countries_dag.py", line 5, in <module>
    from ingestion.minio_to_snowflake import run_pipeline
ModuleNotFoundError: No module named 'ingestion'
[2026-09-07T23:18:44.263+0000] {processor.py:927} WARNING - No viable dags retrieved from /opt/airflow/dags/countries_dag.py
[2026-09-07T23:18:44.338+0000] {processor.py:208} INFO - Processing /opt/airflow/dags/countries_dag.py took 0.242 seconds
[2026-09-07T23:19:14.845+0000] {processor.py:186} INFO - Started process (PID=1896) to work on /opt/airflow/dags/countries_dag.py
[2026-09-07T23:19:14.849+0000] {processor.py:914} INFO - Processing file /opt/airflow/dags/countries_dag.py for tasks to queue
[2026-09-07T23:19:14.853+0000] {logging_mixin.py:190} INFO - [2026-09-07T23:19:14.852+0000] {dagbag.py:588} INFO - Filling up the DagBag from /opt/airflow/dags/countries_dag.py
[2026-09-07T23:19:14.946+0000] {logging_mixin.py:190} INFO - [2026-09-07T23:19:14.928+0000] {dagbag.py:387} ERROR - Failed to import: /opt/airflow/dags/countries_dag.py
Traceback (most recent call last):
  File "/home/airflow/.local/lib/python3.11/site-packages/airflow/models/dagbag.py", line 383, in parse
    loader.exec_module(new_module)
  File "<frozen importlib._bootstrap_external>", line 940, in exec_module
  File "<frozen importlib._bootstrap>", line 241, in _call_with_frames_removed
  File "/opt/airflow/dags/countries_dag.py", line 5, in <module>
    from ingestion.minio_to_snowflake import run_pipeline
ModuleNotFoundError: No module named 'ingestion'
[2026-09-07T23:19:14.949+0000] {processor.py:927} WARNING - No viable dags retrieved from /opt/airflow/dags/countries_dag.py
[2026-09-07T23:19:15.037+0000] {processor.py:208} INFO - Processing /opt/airflow/dags/countries_dag.py took 0.222 seconds
[2026-09-07T23:19:45.620+0000] {processor.py:186} INFO - Started process (PID=1901) to work on /opt/airflow/dags/countries_dag.py
[2026-09-07T23:19:45.631+0000] {processor.py:914} INFO - Processing file /opt/airflow/dags/countries_dag.py for tasks to queue
[2026-09-07T23:19:45.636+0000] {logging_mixin.py:190} INFO - [2026-09-07T23:19:45.635+0000] {dagbag.py:588} INFO - Filling up the DagBag from /opt/airflow/dags/countries_dag.py
[2026-09-07T23:19:45.694+0000] {logging_mixin.py:190} INFO - [2026-09-07T23:19:45.685+0000] {dagbag.py:387} ERROR - Failed to import: /opt/airflow/dags/countries_dag.py
Traceback (most recent call last):
  File "/home/airflow/.local/lib/python3.11/site-packages/airflow/models/dagbag.py", line 383, in parse
    loader.exec_module(new_module)
  File "<frozen importlib._bootstrap_external>", line 940, in exec_module
  File "<frozen importlib._bootstrap>", line 241, in _call_with_frames_removed
  File "/opt/airflow/dags/countries_dag.py", line 5, in <module>
    from ingestion.minio_to_snowflake import run_pipeline
ModuleNotFoundError: No module named 'ingestion'
[2026-09-07T23:19:45.699+0000] {processor.py:927} WARNING - No viable dags retrieved from /opt/airflow/dags/countries_dag.py
[2026-09-07T23:19:45.859+0000] {processor.py:208} INFO - Processing /opt/airflow/dags/countries_dag.py took 0.263 seconds
[2026-09-07T23:20:16.706+0000] {processor.py:186} INFO - Started process (PID=1907) to work on /opt/airflow/dags/countries_dag.py
[2026-09-07T23:20:16.737+0000] {processor.py:914} INFO - Processing file /opt/airflow/dags/countries_dag.py for tasks to queue
[2026-09-07T23:20:16.744+0000] {logging_mixin.py:190} INFO - [2026-09-07T23:20:16.743+0000] {dagbag.py:588} INFO - Filling up the DagBag from /opt/airflow/dags/countries_dag.py
[2026-09-07T23:20:17.370+0000] {logging_mixin.py:190} INFO - [2026-09-07T23:20:17.360+0000] {dagbag.py:387} ERROR - Failed to import: /opt/airflow/dags/countries_dag.py
Traceback (most recent call last):
  File "/home/airflow/.local/lib/python3.11/site-packages/airflow/models/dagbag.py", line 383, in parse
    loader.exec_module(new_module)
  File "<frozen importlib._bootstrap_external>", line 940, in exec_module
  File "<frozen importlib._bootstrap>", line 241, in _call_with_frames_removed
  File "/opt/airflow/dags/countries_dag.py", line 5, in <module>
    from ingestion.minio_to_snowflake import run_pipeline
ModuleNotFoundError: No module named 'ingestion'
[2026-09-07T23:20:17.375+0000] {processor.py:927} WARNING - No viable dags retrieved from /opt/airflow/dags/countries_dag.py
[2026-09-07T23:20:17.635+0000] {processor.py:208} INFO - Processing /opt/airflow/dags/countries_dag.py took 1.042 seconds
[2026-09-07T23:20:48.848+0000] {processor.py:186} INFO - Started process (PID=1912) to work on /opt/airflow/dags/countries_dag.py
[2026-09-07T23:20:48.859+0000] {processor.py:914} INFO - Processing file /opt/airflow/dags/countries_dag.py for tasks to queue
[2026-09-07T23:20:48.880+0000] {logging_mixin.py:190} INFO - [2026-09-07T23:20:48.879+0000] {dagbag.py:588} INFO - Filling up the DagBag from /opt/airflow/dags/countries_dag.py
[2026-09-07T23:20:48.941+0000] {logging_mixin.py:190} INFO - [2026-09-07T23:20:48.929+0000] {dagbag.py:387} ERROR - Failed to import: /opt/airflow/dags/countries_dag.py
Traceback (most recent call last):
  File "/home/airflow/.local/lib/python3.11/site-packages/airflow/models/dagbag.py", line 383, in parse
    loader.exec_module(new_module)
  File "<frozen importlib._bootstrap_external>", line 940, in exec_module
  File "<frozen importlib._bootstrap>", line 241, in _call_with_frames_removed
  File "/opt/airflow/dags/countries_dag.py", line 5, in <module>
    from ingestion.minio_to_snowflake import run_pipeline
ModuleNotFoundError: No module named 'ingestion'
[2026-09-07T23:20:48.956+0000] {processor.py:927} WARNING - No viable dags retrieved from /opt/airflow/dags/countries_dag.py
[2026-09-07T23:20:49.130+0000] {processor.py:208} INFO - Processing /opt/airflow/dags/countries_dag.py took 0.318 seconds
[2026-09-07T23:21:20.246+0000] {processor.py:186} INFO - Started process (PID=1917) to work on /opt/airflow/dags/countries_dag.py
[2026-09-07T23:21:20.249+0000] {processor.py:914} INFO - Processing file /opt/airflow/dags/countries_dag.py for tasks to queue
[2026-09-07T23:21:20.252+0000] {logging_mixin.py:190} INFO - [2026-09-07T23:21:20.252+0000] {dagbag.py:588} INFO - Filling up the DagBag from /opt/airflow/dags/countries_dag.py
[2026-09-07T23:21:20.423+0000] {logging_mixin.py:190} INFO - [2026-09-07T23:21:20.402+0000] {dagbag.py:387} ERROR - Failed to import: /opt/airflow/dags/countries_dag.py
Traceback (most recent call last):
  File "/home/airflow/.local/lib/python3.11/site-packages/airflow/models/dagbag.py", line 383, in parse
    loader.exec_module(new_module)
  File "<frozen importlib._bootstrap_external>", line 940, in exec_module
  File "<frozen importlib._bootstrap>", line 241, in _call_with_frames_removed
  File "/opt/airflow/dags/countries_dag.py", line 5, in <module>
    from ingestion.minio_to_snowflake import run_pipeline
ModuleNotFoundError: No module named 'ingestion'
[2026-09-07T23:21:20.430+0000] {processor.py:927} WARNING - No viable dags retrieved from /opt/airflow/dags/countries_dag.py
[2026-09-07T23:21:20.550+0000] {processor.py:208} INFO - Processing /opt/airflow/dags/countries_dag.py took 0.340 seconds
[2026-09-07T23:21:51.143+0000] {processor.py:186} INFO - Started process (PID=1922) to work on /opt/airflow/dags/countries_dag.py
[2026-09-07T23:21:51.146+0000] {processor.py:914} INFO - Processing file /opt/airflow/dags/countries_dag.py for tasks to queue
[2026-09-07T23:21:51.149+0000] {logging_mixin.py:190} INFO - [2026-09-07T23:21:51.148+0000] {dagbag.py:588} INFO - Filling up the DagBag from /opt/airflow/dags/countries_dag.py
[2026-09-07T23:21:51.270+0000] {logging_mixin.py:190} INFO - [2026-09-07T23:21:51.256+0000] {dagbag.py:387} ERROR - Failed to import: /opt/airflow/dags/countries_dag.py
Traceback (most recent call last):
  File "/home/airflow/.local/lib/python3.11/site-packages/airflow/models/dagbag.py", line 383, in parse
    loader.exec_module(new_module)
  File "<frozen importlib._bootstrap_external>", line 940, in exec_module
  File "<frozen importlib._bootstrap>", line 241, in _call_with_frames_removed
  File "/opt/airflow/dags/countries_dag.py", line 5, in <module>
    from ingestion.minio_to_snowflake import run_pipeline
ModuleNotFoundError: No module named 'ingestion'
[2026-09-07T23:21:51.275+0000] {processor.py:927} WARNING - No viable dags retrieved from /opt/airflow/dags/countries_dag.py
[2026-09-07T23:21:51.344+0000] {processor.py:208} INFO - Processing /opt/airflow/dags/countries_dag.py took 0.232 seconds
[2026-09-07T23:22:22.404+0000] {processor.py:186} INFO - Started process (PID=1927) to work on /opt/airflow/dags/countries_dag.py
[2026-09-07T23:22:22.419+0000] {processor.py:914} INFO - Processing file /opt/airflow/dags/countries_dag.py for tasks to queue
[2026-09-07T23:22:22.423+0000] {logging_mixin.py:190} INFO - [2026-09-07T23:22:22.423+0000] {dagbag.py:588} INFO - Filling up the DagBag from /opt/airflow/dags/countries_dag.py
[2026-09-07T23:22:22.552+0000] {logging_mixin.py:190} INFO - [2026-09-07T23:22:22.518+0000] {dagbag.py:387} ERROR - Failed to import: /opt/airflow/dags/countries_dag.py
Traceback (most recent call last):
  File "/home/airflow/.local/lib/python3.11/site-packages/airflow/models/dagbag.py", line 383, in parse
    loader.exec_module(new_module)
  File "<frozen importlib._bootstrap_external>", line 940, in exec_module
  File "<frozen importlib._bootstrap>", line 241, in _call_with_frames_removed
  File "/opt/airflow/dags/countries_dag.py", line 5, in <module>
    from ingestion.minio_to_snowflake import run_pipeline
ModuleNotFoundError: No module named 'ingestion'
[2026-09-07T23:22:22.557+0000] {processor.py:927} WARNING - No viable dags retrieved from /opt/airflow/dags/countries_dag.py
[2026-09-07T23:22:22.702+0000] {processor.py:208} INFO - Processing /opt/airflow/dags/countries_dag.py took 0.340 seconds
[2026-09-07T23:22:53.134+0000] {processor.py:186} INFO - Started process (PID=1933) to work on /opt/airflow/dags/countries_dag.py
[2026-09-07T23:22:53.143+0000] {processor.py:914} INFO - Processing file /opt/airflow/dags/countries_dag.py for tasks to queue
[2026-09-07T23:22:53.158+0000] {logging_mixin.py:190} INFO - [2026-09-07T23:22:53.147+0000] {dagbag.py:588} INFO - Filling up the DagBag from /opt/airflow/dags/countries_dag.py
[2026-09-07T23:22:53.277+0000] {logging_mixin.py:190} INFO - [2026-09-07T23:22:53.250+0000] {dagbag.py:387} ERROR - Failed to import: /opt/airflow/dags/countries_dag.py
Traceback (most recent call last):
  File "/home/airflow/.local/lib/python3.11/site-packages/airflow/models/dagbag.py", line 383, in parse
    loader.exec_module(new_module)
  File "<frozen importlib._bootstrap_external>", line 940, in exec_module
  File "<frozen importlib._bootstrap>", line 241, in _call_with_frames_removed
  File "/opt/airflow/dags/countries_dag.py", line 5, in <module>
    from ingestion.minio_to_snowflake import run_pipeline
ModuleNotFoundError: No module named 'ingestion'
[2026-09-07T23:22:53.289+0000] {processor.py:927} WARNING - No viable dags retrieved from /opt/airflow/dags/countries_dag.py
[2026-09-07T23:22:53.516+0000] {processor.py:208} INFO - Processing /opt/airflow/dags/countries_dag.py took 0.406 seconds
[2026-09-07T23:23:23.972+0000] {processor.py:186} INFO - Started process (PID=1938) to work on /opt/airflow/dags/countries_dag.py
[2026-09-07T23:23:23.975+0000] {processor.py:914} INFO - Processing file /opt/airflow/dags/countries_dag.py for tasks to queue
[2026-09-07T23:23:23.978+0000] {logging_mixin.py:190} INFO - [2026-09-07T23:23:23.978+0000] {dagbag.py:588} INFO - Filling up the DagBag from /opt/airflow/dags/countries_dag.py
[2026-09-07T23:23:24.073+0000] {logging_mixin.py:190} INFO - [2026-09-07T23:23:24.048+0000] {dagbag.py:387} ERROR - Failed to import: /opt/airflow/dags/countries_dag.py
Traceback (most recent call last):
  File "/home/airflow/.local/lib/python3.11/site-packages/airflow/models/dagbag.py", line 383, in parse
    loader.exec_module(new_module)
  File "<frozen importlib._bootstrap_external>", line 940, in exec_module
  File "<frozen importlib._bootstrap>", line 241, in _call_with_frames_removed
  File "/opt/airflow/dags/countries_dag.py", line 5, in <module>
    from ingestion.minio_to_snowflake import run_pipeline
ModuleNotFoundError: No module named 'ingestion'
[2026-09-07T23:23:24.079+0000] {processor.py:927} WARNING - No viable dags retrieved from /opt/airflow/dags/countries_dag.py
[2026-09-07T23:23:24.157+0000] {processor.py:208} INFO - Processing /opt/airflow/dags/countries_dag.py took 0.208 seconds
[2026-09-07T23:23:55.092+0000] {processor.py:186} INFO - Started process (PID=1943) to work on /opt/airflow/dags/countries_dag.py
[2026-09-07T23:23:55.094+0000] {processor.py:914} INFO - Processing file /opt/airflow/dags/countries_dag.py for tasks to queue
[2026-09-07T23:23:55.098+0000] {logging_mixin.py:190} INFO - [2026-09-07T23:23:55.097+0000] {dagbag.py:588} INFO - Filling up the DagBag from /opt/airflow/dags/countries_dag.py
[2026-09-07T23:23:55.185+0000] {logging_mixin.py:190} INFO - [2026-09-07T23:23:55.171+0000] {dagbag.py:387} ERROR - Failed to import: /opt/airflow/dags/countries_dag.py
Traceback (most recent call last):
  File "/home/airflow/.local/lib/python3.11/site-packages/airflow/models/dagbag.py", line 383, in parse
    loader.exec_module(new_module)
  File "<frozen importlib._bootstrap_external>", line 940, in exec_module
  File "<frozen importlib._bootstrap>", line 241, in _call_with_frames_removed
  File "/opt/airflow/dags/countries_dag.py", line 5, in <module>
    from ingestion.minio_to_snowflake import run_pipeline
ModuleNotFoundError: No module named 'ingestion'
[2026-09-07T23:23:55.189+0000] {processor.py:927} WARNING - No viable dags retrieved from /opt/airflow/dags/countries_dag.py
[2026-09-07T23:23:55.245+0000] {processor.py:208} INFO - Processing /opt/airflow/dags/countries_dag.py took 0.176 seconds
[2026-09-07T23:24:26.402+0000] {processor.py:186} INFO - Started process (PID=1948) to work on /opt/airflow/dags/countries_dag.py
[2026-09-07T23:24:26.406+0000] {processor.py:914} INFO - Processing file /opt/airflow/dags/countries_dag.py for tasks to queue
[2026-09-07T23:24:26.455+0000] {logging_mixin.py:190} INFO - [2026-09-07T23:24:26.454+0000] {dagbag.py:588} INFO - Filling up the DagBag from /opt/airflow/dags/countries_dag.py
[2026-09-07T23:24:26.591+0000] {logging_mixin.py:190} INFO - [2026-09-07T23:24:26.541+0000] {dagbag.py:387} ERROR - Failed to import: /opt/airflow/dags/countries_dag.py
Traceback (most recent call last):
  File "/home/airflow/.local/lib/python3.11/site-packages/airflow/models/dagbag.py", line 383, in parse
    loader.exec_module(new_module)
  File "<frozen importlib._bootstrap_external>", line 940, in exec_module
  File "<frozen importlib._bootstrap>", line 241, in _call_with_frames_removed
  File "/opt/airflow/dags/countries_dag.py", line 5, in <module>
    from ingestion.minio_to_snowflake import run_pipeline
ModuleNotFoundError: No module named 'ingestion'
[2026-09-07T23:24:26.620+0000] {processor.py:927} WARNING - No viable dags retrieved from /opt/airflow/dags/countries_dag.py
[2026-09-07T23:24:26.821+0000] {processor.py:208} INFO - Processing /opt/airflow/dags/countries_dag.py took 0.445 seconds
[2026-09-07T23:24:57.354+0000] {processor.py:186} INFO - Started process (PID=1953) to work on /opt/airflow/dags/countries_dag.py
[2026-09-07T23:24:57.356+0000] {processor.py:914} INFO - Processing file /opt/airflow/dags/countries_dag.py for tasks to queue
[2026-09-07T23:24:57.375+0000] {logging_mixin.py:190} INFO - [2026-09-07T23:24:57.374+0000] {dagbag.py:588} INFO - Filling up the DagBag from /opt/airflow/dags/countries_dag.py
[2026-09-07T23:24:57.547+0000] {logging_mixin.py:190} INFO - [2026-09-07T23:24:57.521+0000] {dagbag.py:387} ERROR - Failed to import: /opt/airflow/dags/countries_dag.py
Traceback (most recent call last):
  File "/home/airflow/.local/lib/python3.11/site-packages/airflow/models/dagbag.py", line 383, in parse
    loader.exec_module(new_module)
  File "<frozen importlib._bootstrap_external>", line 940, in exec_module
  File "<frozen importlib._bootstrap>", line 241, in _call_with_frames_removed
  File "/opt/airflow/dags/countries_dag.py", line 5, in <module>
    from ingestion.minio_to_snowflake import run_pipeline
ModuleNotFoundError: No module named 'ingestion'
[2026-09-07T23:24:57.556+0000] {processor.py:927} WARNING - No viable dags retrieved from /opt/airflow/dags/countries_dag.py
[2026-09-07T23:24:57.647+0000] {processor.py:208} INFO - Processing /opt/airflow/dags/countries_dag.py took 0.328 seconds
[2026-09-07T23:25:28.634+0000] {processor.py:186} INFO - Started process (PID=1958) to work on /opt/airflow/dags/countries_dag.py
[2026-09-07T23:25:28.649+0000] {processor.py:914} INFO - Processing file /opt/airflow/dags/countries_dag.py for tasks to queue
[2026-09-07T23:25:28.660+0000] {logging_mixin.py:190} INFO - [2026-09-07T23:25:28.653+0000] {dagbag.py:588} INFO - Filling up the DagBag from /opt/airflow/dags/countries_dag.py
[2026-09-07T23:25:28.764+0000] {logging_mixin.py:190} INFO - [2026-09-07T23:25:28.749+0000] {dagbag.py:387} ERROR - Failed to import: /opt/airflow/dags/countries_dag.py
Traceback (most recent call last):
  File "/home/airflow/.local/lib/python3.11/site-packages/airflow/models/dagbag.py", line 383, in parse
    loader.exec_module(new_module)
  File "<frozen importlib._bootstrap_external>", line 940, in exec_module
  File "<frozen importlib._bootstrap>", line 241, in _call_with_frames_removed
  File "/opt/airflow/dags/countries_dag.py", line 5, in <module>
    from ingestion.minio_to_snowflake import run_pipeline
ModuleNotFoundError: No module named 'ingestion'
[2026-09-07T23:25:28.768+0000] {processor.py:927} WARNING - No viable dags retrieved from /opt/airflow/dags/countries_dag.py
[2026-09-07T23:25:28.895+0000] {processor.py:208} INFO - Processing /opt/airflow/dags/countries_dag.py took 0.307 seconds
[2026-09-07T23:25:59.554+0000] {processor.py:186} INFO - Started process (PID=1963) to work on /opt/airflow/dags/countries_dag.py
[2026-09-07T23:25:59.563+0000] {processor.py:914} INFO - Processing file /opt/airflow/dags/countries_dag.py for tasks to queue
[2026-09-07T23:25:59.568+0000] {logging_mixin.py:190} INFO - [2026-09-07T23:25:59.567+0000] {dagbag.py:588} INFO - Filling up the DagBag from /opt/airflow/dags/countries_dag.py
[2026-09-07T23:25:59.863+0000] {logging_mixin.py:190} INFO - [2026-09-07T23:25:59.807+0000] {dagbag.py:387} ERROR - Failed to import: /opt/airflow/dags/countries_dag.py
Traceback (most recent call last):
  File "/home/airflow/.local/lib/python3.11/site-packages/airflow/models/dagbag.py", line 383, in parse
    loader.exec_module(new_module)
  File "<frozen importlib._bootstrap_external>", line 940, in exec_module
  File "<frozen importlib._bootstrap>", line 241, in _call_with_frames_removed
  File "/opt/airflow/dags/countries_dag.py", line 5, in <module>
    from ingestion.minio_to_snowflake import run_pipeline
ModuleNotFoundError: No module named 'ingestion'
[2026-09-07T23:25:59.881+0000] {processor.py:927} WARNING - No viable dags retrieved from /opt/airflow/dags/countries_dag.py
[2026-09-07T23:25:59.967+0000] {processor.py:208} INFO - Processing /opt/airflow/dags/countries_dag.py took 0.441 seconds
[2026-09-07T23:26:30.614+0000] {processor.py:186} INFO - Started process (PID=1968) to work on /opt/airflow/dags/countries_dag.py
[2026-09-07T23:26:30.617+0000] {processor.py:914} INFO - Processing file /opt/airflow/dags/countries_dag.py for tasks to queue
[2026-09-07T23:26:30.625+0000] {logging_mixin.py:190} INFO - [2026-09-07T23:26:30.624+0000] {dagbag.py:588} INFO - Filling up the DagBag from /opt/airflow/dags/countries_dag.py
[2026-09-07T23:26:30.676+0000] {logging_mixin.py:190} INFO - [2026-09-07T23:26:30.668+0000] {dagbag.py:387} ERROR - Failed to import: /opt/airflow/dags/countries_dag.py
Traceback (most recent call last):
  File "/home/airflow/.local/lib/python3.11/site-packages/airflow/models/dagbag.py", line 383, in parse
    loader.exec_module(new_module)
  File "<frozen importlib._bootstrap_external>", line 940, in exec_module
  File "<frozen importlib._bootstrap>", line 241, in _call_with_frames_removed
  File "/opt/airflow/dags/countries_dag.py", line 5, in <module>
    from ingestion.minio_to_snowflake import run_pipeline
ModuleNotFoundError: No module named 'ingestion'
[2026-09-07T23:26:30.688+0000] {processor.py:927} WARNING - No viable dags retrieved from /opt/airflow/dags/countries_dag.py
[2026-09-07T23:26:30.750+0000] {processor.py:208} INFO - Processing /opt/airflow/dags/countries_dag.py took 0.153 seconds
[2026-09-07T23:27:01.259+0000] {processor.py:186} INFO - Started process (PID=1973) to work on /opt/airflow/dags/countries_dag.py
[2026-09-07T23:27:01.262+0000] {processor.py:914} INFO - Processing file /opt/airflow/dags/countries_dag.py for tasks to queue
[2026-09-07T23:27:01.267+0000] {logging_mixin.py:190} INFO - [2026-09-07T23:27:01.266+0000] {dagbag.py:588} INFO - Filling up the DagBag from /opt/airflow/dags/countries_dag.py
[2026-09-07T23:27:01.374+0000] {logging_mixin.py:190} INFO - [2026-09-07T23:27:01.347+0000] {dagbag.py:387} ERROR - Failed to import: /opt/airflow/dags/countries_dag.py
Traceback (most recent call last):
  File "/home/airflow/.local/lib/python3.11/site-packages/airflow/models/dagbag.py", line 383, in parse
    loader.exec_module(new_module)
  File "<frozen importlib._bootstrap_external>", line 940, in exec_module
  File "<frozen importlib._bootstrap>", line 241, in _call_with_frames_removed
  File "/opt/airflow/dags/countries_dag.py", line 5, in <module>
    from ingestion.minio_to_snowflake import run_pipeline
ModuleNotFoundError: No module named 'ingestion'
[2026-09-07T23:27:01.391+0000] {processor.py:927} WARNING - No viable dags retrieved from /opt/airflow/dags/countries_dag.py
[2026-09-07T23:27:01.444+0000] {processor.py:208} INFO - Processing /opt/airflow/dags/countries_dag.py took 0.206 seconds
[2026-09-07T23:27:32.015+0000] {processor.py:186} INFO - Started process (PID=1978) to work on /opt/airflow/dags/countries_dag.py
[2026-09-07T23:27:32.018+0000] {processor.py:914} INFO - Processing file /opt/airflow/dags/countries_dag.py for tasks to queue
[2026-09-07T23:27:32.021+0000] {logging_mixin.py:190} INFO - [2026-09-07T23:27:32.020+0000] {dagbag.py:588} INFO - Filling up the DagBag from /opt/airflow/dags/countries_dag.py
[2026-09-07T23:27:32.070+0000] {logging_mixin.py:190} INFO - [2026-09-07T23:27:32.060+0000] {dagbag.py:387} ERROR - Failed to import: /opt/airflow/dags/countries_dag.py
Traceback (most recent call last):
  File "/home/airflow/.local/lib/python3.11/site-packages/airflow/models/dagbag.py", line 383, in parse
    loader.exec_module(new_module)
  File "<frozen importlib._bootstrap_external>", line 940, in exec_module
  File "<frozen importlib._bootstrap>", line 241, in _call_with_frames_removed
  File "/opt/airflow/dags/countries_dag.py", line 5, in <module>
    from ingestion.minio_to_snowflake import run_pipeline
ModuleNotFoundError: No module named 'ingestion'
[2026-09-07T23:27:32.073+0000] {processor.py:927} WARNING - No viable dags retrieved from /opt/airflow/dags/countries_dag.py
[2026-09-07T23:27:32.121+0000] {processor.py:208} INFO - Processing /opt/airflow/dags/countries_dag.py took 0.128 seconds
[2026-09-07T23:28:02.654+0000] {processor.py:186} INFO - Started process (PID=1983) to work on /opt/airflow/dags/countries_dag.py
[2026-09-07T23:28:02.658+0000] {processor.py:914} INFO - Processing file /opt/airflow/dags/countries_dag.py for tasks to queue
[2026-09-07T23:28:02.671+0000] {logging_mixin.py:190} INFO - [2026-09-07T23:28:02.661+0000] {dagbag.py:588} INFO - Filling up the DagBag from /opt/airflow/dags/countries_dag.py
[2026-09-07T23:28:02.729+0000] {logging_mixin.py:190} INFO - [2026-09-07T23:28:02.719+0000] {dagbag.py:387} ERROR - Failed to import: /opt/airflow/dags/countries_dag.py
Traceback (most recent call last):
  File "/home/airflow/.local/lib/python3.11/site-packages/airflow/models/dagbag.py", line 383, in parse
    loader.exec_module(new_module)
  File "<frozen importlib._bootstrap_external>", line 940, in exec_module
  File "<frozen importlib._bootstrap>", line 241, in _call_with_frames_removed
  File "/opt/airflow/dags/countries_dag.py", line 5, in <module>
    from ingestion.minio_to_snowflake import run_pipeline
ModuleNotFoundError: No module named 'ingestion'
[2026-09-07T23:28:02.735+0000] {processor.py:927} WARNING - No viable dags retrieved from /opt/airflow/dags/countries_dag.py
[2026-09-07T23:28:02.798+0000] {processor.py:208} INFO - Processing /opt/airflow/dags/countries_dag.py took 0.173 seconds
[2026-09-07T23:28:33.844+0000] {processor.py:186} INFO - Started process (PID=1988) to work on /opt/airflow/dags/countries_dag.py
[2026-09-07T23:28:33.852+0000] {processor.py:914} INFO - Processing file /opt/airflow/dags/countries_dag.py for tasks to queue
[2026-09-07T23:28:33.858+0000] {logging_mixin.py:190} INFO - [2026-09-07T23:28:33.857+0000] {dagbag.py:588} INFO - Filling up the DagBag from /opt/airflow/dags/countries_dag.py
[2026-09-07T23:28:34.011+0000] {logging_mixin.py:190} INFO - [2026-09-07T23:28:33.981+0000] {dagbag.py:387} ERROR - Failed to import: /opt/airflow/dags/countries_dag.py
Traceback (most recent call last):
  File "/home/airflow/.local/lib/python3.11/site-packages/airflow/models/dagbag.py", line 383, in parse
    loader.exec_module(new_module)
  File "<frozen importlib._bootstrap_external>", line 940, in exec_module
  File "<frozen importlib._bootstrap>", line 241, in _call_with_frames_removed
  File "/opt/airflow/dags/countries_dag.py", line 5, in <module>
    from ingestion.minio_to_snowflake import run_pipeline
ModuleNotFoundError: No module named 'ingestion'
[2026-09-07T23:28:34.022+0000] {processor.py:927} WARNING - No viable dags retrieved from /opt/airflow/dags/countries_dag.py
[2026-09-07T23:28:34.170+0000] {processor.py:208} INFO - Processing /opt/airflow/dags/countries_dag.py took 0.372 seconds
[2026-09-07T23:29:04.400+0000] {processor.py:186} INFO - Started process (PID=1993) to work on /opt/airflow/dags/countries_dag.py
[2026-09-07T23:29:04.402+0000] {processor.py:914} INFO - Processing file /opt/airflow/dags/countries_dag.py for tasks to queue
[2026-09-07T23:29:04.405+0000] {logging_mixin.py:190} INFO - [2026-09-07T23:29:04.404+0000] {dagbag.py:588} INFO - Filling up the DagBag from /opt/airflow/dags/countries_dag.py
[2026-09-07T23:29:04.453+0000] {logging_mixin.py:190} INFO - [2026-09-07T23:29:04.444+0000] {dagbag.py:387} ERROR - Failed to import: /opt/airflow/dags/countries_dag.py
Traceback (most recent call last):
  File "/home/airflow/.local/lib/python3.11/site-packages/airflow/models/dagbag.py", line 383, in parse
    loader.exec_module(new_module)
  File "<frozen importlib._bootstrap_external>", line 940, in exec_module
  File "<frozen importlib._bootstrap>", line 241, in _call_with_frames_removed
  File "/opt/airflow/dags/countries_dag.py", line 5, in <module>
    from ingestion.minio_to_snowflake import run_pipeline
ModuleNotFoundError: No module named 'ingestion'
[2026-09-07T23:29:04.462+0000] {processor.py:927} WARNING - No viable dags retrieved from /opt/airflow/dags/countries_dag.py
[2026-09-07T23:29:04.529+0000] {processor.py:208} INFO - Processing /opt/airflow/dags/countries_dag.py took 0.143 seconds
[2026-09-07T23:29:35.074+0000] {processor.py:186} INFO - Started process (PID=1998) to work on /opt/airflow/dags/countries_dag.py
[2026-09-07T23:29:35.079+0000] {processor.py:914} INFO - Processing file /opt/airflow/dags/countries_dag.py for tasks to queue
[2026-09-07T23:29:35.083+0000] {logging_mixin.py:190} INFO - [2026-09-07T23:29:35.082+0000] {dagbag.py:588} INFO - Filling up the DagBag from /opt/airflow/dags/countries_dag.py
[2026-09-07T23:29:35.204+0000] {logging_mixin.py:190} INFO - [2026-09-07T23:29:35.187+0000] {dagbag.py:387} ERROR - Failed to import: /opt/airflow/dags/countries_dag.py
Traceback (most recent call last):
  File "/home/airflow/.local/lib/python3.11/site-packages/airflow/models/dagbag.py", line 383, in parse
    loader.exec_module(new_module)
  File "<frozen importlib._bootstrap_external>", line 940, in exec_module
  File "<frozen importlib._bootstrap>", line 241, in _call_with_frames_removed
  File "/opt/airflow/dags/countries_dag.py", line 5, in <module>
    from ingestion.minio_to_snowflake import run_pipeline
ModuleNotFoundError: No module named 'ingestion'
[2026-09-07T23:29:35.214+0000] {processor.py:927} WARNING - No viable dags retrieved from /opt/airflow/dags/countries_dag.py
[2026-09-07T23:29:35.324+0000] {processor.py:208} INFO - Processing /opt/airflow/dags/countries_dag.py took 0.281 seconds
[2026-09-07T23:30:05.779+0000] {processor.py:186} INFO - Started process (PID=2003) to work on /opt/airflow/dags/countries_dag.py
[2026-09-07T23:30:05.783+0000] {processor.py:914} INFO - Processing file /opt/airflow/dags/countries_dag.py for tasks to queue
[2026-09-07T23:30:05.787+0000] {logging_mixin.py:190} INFO - [2026-09-07T23:30:05.786+0000] {dagbag.py:588} INFO - Filling up the DagBag from /opt/airflow/dags/countries_dag.py
[2026-09-07T23:30:05.843+0000] {logging_mixin.py:190} INFO - [2026-09-07T23:30:05.829+0000] {dagbag.py:387} ERROR - Failed to import: /opt/airflow/dags/countries_dag.py
Traceback (most recent call last):
  File "/home/airflow/.local/lib/python3.11/site-packages/airflow/models/dagbag.py", line 383, in parse
    loader.exec_module(new_module)
  File "<frozen importlib._bootstrap_external>", line 940, in exec_module
  File "<frozen importlib._bootstrap>", line 241, in _call_with_frames_removed
  File "/opt/airflow/dags/countries_dag.py", line 5, in <module>
    from ingestion.minio_to_snowflake import run_pipeline
ModuleNotFoundError: No module named 'ingestion'
[2026-09-07T23:30:05.846+0000] {processor.py:927} WARNING - No viable dags retrieved from /opt/airflow/dags/countries_dag.py
[2026-09-07T23:30:06.061+0000] {processor.py:208} INFO - Processing /opt/airflow/dags/countries_dag.py took 0.306 seconds
[2026-09-07T23:30:36.537+0000] {processor.py:186} INFO - Started process (PID=2008) to work on /opt/airflow/dags/countries_dag.py
[2026-09-07T23:30:36.557+0000] {processor.py:914} INFO - Processing file /opt/airflow/dags/countries_dag.py for tasks to queue
[2026-09-07T23:30:36.570+0000] {logging_mixin.py:190} INFO - [2026-09-07T23:30:36.569+0000] {dagbag.py:588} INFO - Filling up the DagBag from /opt/airflow/dags/countries_dag.py
[2026-09-07T23:30:36.634+0000] {logging_mixin.py:190} INFO - [2026-09-07T23:30:36.623+0000] {dagbag.py:387} ERROR - Failed to import: /opt/airflow/dags/countries_dag.py
Traceback (most recent call last):
  File "/home/airflow/.local/lib/python3.11/site-packages/airflow/models/dagbag.py", line 383, in parse
    loader.exec_module(new_module)
  File "<frozen importlib._bootstrap_external>", line 940, in exec_module
  File "<frozen importlib._bootstrap>", line 241, in _call_with_frames_removed
  File "/opt/airflow/dags/countries_dag.py", line 5, in <module>
    from ingestion.minio_to_snowflake import run_pipeline
ModuleNotFoundError: No module named 'ingestion'
[2026-09-07T23:30:36.643+0000] {processor.py:927} WARNING - No viable dags retrieved from /opt/airflow/dags/countries_dag.py
[2026-09-07T23:30:36.738+0000] {processor.py:208} INFO - Processing /opt/airflow/dags/countries_dag.py took 0.229 seconds
[2026-09-07T23:31:07.497+0000] {processor.py:186} INFO - Started process (PID=2013) to work on /opt/airflow/dags/countries_dag.py
[2026-09-07T23:31:07.499+0000] {processor.py:914} INFO - Processing file /opt/airflow/dags/countries_dag.py for tasks to queue
[2026-09-07T23:31:07.504+0000] {logging_mixin.py:190} INFO - [2026-09-07T23:31:07.503+0000] {dagbag.py:588} INFO - Filling up the DagBag from /opt/airflow/dags/countries_dag.py
[2026-09-07T23:31:07.582+0000] {logging_mixin.py:190} INFO - [2026-09-07T23:31:07.565+0000] {dagbag.py:387} ERROR - Failed to import: /opt/airflow/dags/countries_dag.py
Traceback (most recent call last):
  File "/home/airflow/.local/lib/python3.11/site-packages/airflow/models/dagbag.py", line 383, in parse
    loader.exec_module(new_module)
  File "<frozen importlib._bootstrap_external>", line 940, in exec_module
  File "<frozen importlib._bootstrap>", line 241, in _call_with_frames_removed
  File "/opt/airflow/dags/countries_dag.py", line 5, in <module>
    from ingestion.minio_to_snowflake import run_pipeline
ModuleNotFoundError: No module named 'ingestion'
[2026-09-07T23:31:07.591+0000] {processor.py:927} WARNING - No viable dags retrieved from /opt/airflow/dags/countries_dag.py
[2026-09-07T23:31:07.669+0000] {processor.py:208} INFO - Processing /opt/airflow/dags/countries_dag.py took 0.190 seconds
[2026-09-07T23:31:38.397+0000] {processor.py:186} INFO - Started process (PID=2018) to work on /opt/airflow/dags/countries_dag.py
[2026-09-07T23:31:38.405+0000] {processor.py:914} INFO - Processing file /opt/airflow/dags/countries_dag.py for tasks to queue
[2026-09-07T23:31:38.411+0000] {logging_mixin.py:190} INFO - [2026-09-07T23:31:38.410+0000] {dagbag.py:588} INFO - Filling up the DagBag from /opt/airflow/dags/countries_dag.py
[2026-09-07T23:31:38.585+0000] {logging_mixin.py:190} INFO - [2026-09-07T23:31:38.467+0000] {dagbag.py:387} ERROR - Failed to import: /opt/airflow/dags/countries_dag.py
Traceback (most recent call last):
  File "/home/airflow/.local/lib/python3.11/site-packages/airflow/models/dagbag.py", line 383, in parse
    loader.exec_module(new_module)
  File "<frozen importlib._bootstrap_external>", line 940, in exec_module
  File "<frozen importlib._bootstrap>", line 241, in _call_with_frames_removed
  File "/opt/airflow/dags/countries_dag.py", line 5, in <module>
    from ingestion.minio_to_snowflake import run_pipeline
ModuleNotFoundError: No module named 'ingestion'
[2026-09-07T23:31:38.591+0000] {processor.py:927} WARNING - No viable dags retrieved from /opt/airflow/dags/countries_dag.py
[2026-09-07T23:31:38.668+0000] {processor.py:208} INFO - Processing /opt/airflow/dags/countries_dag.py took 0.300 seconds
[2026-09-07T23:32:08.963+0000] {processor.py:186} INFO - Started process (PID=2023) to work on /opt/airflow/dags/countries_dag.py
[2026-09-07T23:32:08.965+0000] {processor.py:914} INFO - Processing file /opt/airflow/dags/countries_dag.py for tasks to queue
[2026-09-07T23:32:08.970+0000] {logging_mixin.py:190} INFO - [2026-09-07T23:32:08.969+0000] {dagbag.py:588} INFO - Filling up the DagBag from /opt/airflow/dags/countries_dag.py
[2026-09-07T23:32:09.098+0000] {logging_mixin.py:190} INFO - [2026-09-07T23:32:09.052+0000] {dagbag.py:387} ERROR - Failed to import: /opt/airflow/dags/countries_dag.py
Traceback (most recent call last):
  File "/home/airflow/.local/lib/python3.11/site-packages/airflow/models/dagbag.py", line 383, in parse
    loader.exec_module(new_module)
  File "<frozen importlib._bootstrap_external>", line 940, in exec_module
  File "<frozen importlib._bootstrap>", line 241, in _call_with_frames_removed
  File "/opt/airflow/dags/countries_dag.py", line 5, in <module>
    from ingestion.minio_to_snowflake import run_pipeline
ModuleNotFoundError: No module named 'ingestion'
[2026-09-07T23:32:09.114+0000] {processor.py:927} WARNING - No viable dags retrieved from /opt/airflow/dags/countries_dag.py
[2026-09-07T23:32:09.184+0000] {processor.py:208} INFO - Processing /opt/airflow/dags/countries_dag.py took 0.241 seconds
[2026-09-07T23:32:40.299+0000] {processor.py:186} INFO - Started process (PID=2028) to work on /opt/airflow/dags/countries_dag.py
[2026-09-07T23:32:40.318+0000] {processor.py:914} INFO - Processing file /opt/airflow/dags/countries_dag.py for tasks to queue
[2026-09-07T23:32:40.327+0000] {logging_mixin.py:190} INFO - [2026-09-07T23:32:40.326+0000] {dagbag.py:588} INFO - Filling up the DagBag from /opt/airflow/dags/countries_dag.py
[2026-09-07T23:32:40.520+0000] {logging_mixin.py:190} INFO - [2026-09-07T23:32:40.506+0000] {dagbag.py:387} ERROR - Failed to import: /opt/airflow/dags/countries_dag.py
Traceback (most recent call last):
  File "/home/airflow/.local/lib/python3.11/site-packages/airflow/models/dagbag.py", line 383, in parse
    loader.exec_module(new_module)
  File "<frozen importlib._bootstrap_external>", line 940, in exec_module
  File "<frozen importlib._bootstrap>", line 241, in _call_with_frames_removed
  File "/opt/airflow/dags/countries_dag.py", line 5, in <module>
    from ingestion.minio_to_snowflake import run_pipeline
ModuleNotFoundError: No module named 'ingestion'
[2026-09-07T23:32:40.533+0000] {processor.py:927} WARNING - No viable dags retrieved from /opt/airflow/dags/countries_dag.py
[2026-09-07T23:32:40.779+0000] {processor.py:208} INFO - Processing /opt/airflow/dags/countries_dag.py took 0.661 seconds
[2026-09-07T23:33:11.824+0000] {processor.py:186} INFO - Started process (PID=2033) to work on /opt/airflow/dags/countries_dag.py
[2026-09-07T23:33:11.878+0000] {processor.py:914} INFO - Processing file /opt/airflow/dags/countries_dag.py for tasks to queue
[2026-09-07T23:33:11.885+0000] {logging_mixin.py:190} INFO - [2026-09-07T23:33:11.884+0000] {dagbag.py:588} INFO - Filling up the DagBag from /opt/airflow/dags/countries_dag.py
[2026-09-07T23:33:11.979+0000] {logging_mixin.py:190} INFO - [2026-09-07T23:33:11.950+0000] {dagbag.py:387} ERROR - Failed to import: /opt/airflow/dags/countries_dag.py
Traceback (most recent call last):
  File "/home/airflow/.local/lib/python3.11/site-packages/airflow/models/dagbag.py", line 383, in parse
    loader.exec_module(new_module)
  File "<frozen importlib._bootstrap_external>", line 940, in exec_module
  File "<frozen importlib._bootstrap>", line 241, in _call_with_frames_removed
  File "/opt/airflow/dags/countries_dag.py", line 5, in <module>
    from ingestion.minio_to_snowflake import run_pipeline
ModuleNotFoundError: No module named 'ingestion'
[2026-09-07T23:33:11.988+0000] {processor.py:927} WARNING - No viable dags retrieved from /opt/airflow/dags/countries_dag.py
[2026-09-07T23:33:12.382+0000] {processor.py:208} INFO - Processing /opt/airflow/dags/countries_dag.py took 0.610 seconds
[2026-09-07T23:33:43.267+0000] {processor.py:186} INFO - Started process (PID=2038) to work on /opt/airflow/dags/countries_dag.py
[2026-09-07T23:33:43.269+0000] {processor.py:914} INFO - Processing file /opt/airflow/dags/countries_dag.py for tasks to queue
[2026-09-07T23:33:43.273+0000] {logging_mixin.py:190} INFO - [2026-09-07T23:33:43.272+0000] {dagbag.py:588} INFO - Filling up the DagBag from /opt/airflow/dags/countries_dag.py
[2026-09-07T23:33:43.343+0000] {logging_mixin.py:190} INFO - [2026-09-07T23:33:43.334+0000] {dagbag.py:387} ERROR - Failed to import: /opt/airflow/dags/countries_dag.py
Traceback (most recent call last):
  File "/home/airflow/.local/lib/python3.11/site-packages/airflow/models/dagbag.py", line 383, in parse
    loader.exec_module(new_module)
  File "<frozen importlib._bootstrap_external>", line 940, in exec_module
  File "<frozen importlib._bootstrap>", line 241, in _call_with_frames_removed
  File "/opt/airflow/dags/countries_dag.py", line 5, in <module>
    from ingestion.minio_to_snowflake import run_pipeline
ModuleNotFoundError: No module named 'ingestion'
[2026-09-07T23:33:43.347+0000] {processor.py:927} WARNING - No viable dags retrieved from /opt/airflow/dags/countries_dag.py
[2026-09-07T23:33:43.464+0000] {processor.py:208} INFO - Processing /opt/airflow/dags/countries_dag.py took 0.219 seconds
[2026-09-07T23:34:14.148+0000] {processor.py:186} INFO - Started process (PID=2043) to work on /opt/airflow/dags/countries_dag.py
[2026-09-07T23:34:14.154+0000] {processor.py:914} INFO - Processing file /opt/airflow/dags/countries_dag.py for tasks to queue
[2026-09-07T23:34:14.158+0000] {logging_mixin.py:190} INFO - [2026-09-07T23:34:14.157+0000] {dagbag.py:588} INFO - Filling up the DagBag from /opt/airflow/dags/countries_dag.py
[2026-09-07T23:34:14.376+0000] {logging_mixin.py:190} INFO - [2026-09-07T23:34:14.331+0000] {dagbag.py:387} ERROR - Failed to import: /opt/airflow/dags/countries_dag.py
Traceback (most recent call last):
  File "/home/airflow/.local/lib/python3.11/site-packages/airflow/models/dagbag.py", line 383, in parse
    loader.exec_module(new_module)
  File "<frozen importlib._bootstrap_external>", line 940, in exec_module
  File "<frozen importlib._bootstrap>", line 241, in _call_with_frames_removed
  File "/opt/airflow/dags/countries_dag.py", line 5, in <module>
    from ingestion.minio_to_snowflake import run_pipeline
ModuleNotFoundError: No module named 'ingestion'
[2026-09-07T23:34:14.391+0000] {processor.py:927} WARNING - No viable dags retrieved from /opt/airflow/dags/countries_dag.py
[2026-09-07T23:34:14.933+0000] {processor.py:208} INFO - Processing /opt/airflow/dags/countries_dag.py took 0.814 seconds
[2026-09-07T23:34:45.568+0000] {processor.py:186} INFO - Started process (PID=2048) to work on /opt/airflow/dags/countries_dag.py
[2026-09-07T23:34:45.573+0000] {processor.py:914} INFO - Processing file /opt/airflow/dags/countries_dag.py for tasks to queue
[2026-09-07T23:34:45.595+0000] {logging_mixin.py:190} INFO - [2026-09-07T23:34:45.594+0000] {dagbag.py:588} INFO - Filling up the DagBag from /opt/airflow/dags/countries_dag.py
[2026-09-07T23:34:45.772+0000] {logging_mixin.py:190} INFO - [2026-09-07T23:34:45.695+0000] {dagbag.py:387} ERROR - Failed to import: /opt/airflow/dags/countries_dag.py
Traceback (most recent call last):
  File "/home/airflow/.local/lib/python3.11/site-packages/airflow/models/dagbag.py", line 383, in parse
    loader.exec_module(new_module)
  File "<frozen importlib._bootstrap_external>", line 940, in exec_module
  File "<frozen importlib._bootstrap>", line 241, in _call_with_frames_removed
  File "/opt/airflow/dags/countries_dag.py", line 5, in <module>
    from ingestion.minio_to_snowflake import run_pipeline
ModuleNotFoundError: No module named 'ingestion'
[2026-09-07T23:34:45.788+0000] {processor.py:927} WARNING - No viable dags retrieved from /opt/airflow/dags/countries_dag.py
[2026-09-07T23:34:45.936+0000] {processor.py:208} INFO - Processing /opt/airflow/dags/countries_dag.py took 0.398 seconds
[2026-09-07T23:35:16.911+0000] {processor.py:186} INFO - Started process (PID=2053) to work on /opt/airflow/dags/countries_dag.py
[2026-09-07T23:35:16.922+0000] {processor.py:914} INFO - Processing file /opt/airflow/dags/countries_dag.py for tasks to queue
[2026-09-07T23:35:16.954+0000] {logging_mixin.py:190} INFO - [2026-09-07T23:35:16.953+0000] {dagbag.py:588} INFO - Filling up the DagBag from /opt/airflow/dags/countries_dag.py
[2026-09-07T23:35:17.171+0000] {logging_mixin.py:190} INFO - [2026-09-07T23:35:17.155+0000] {dagbag.py:387} ERROR - Failed to import: /opt/airflow/dags/countries_dag.py
Traceback (most recent call last):
  File "/home/airflow/.local/lib/python3.11/site-packages/airflow/models/dagbag.py", line 383, in parse
    loader.exec_module(new_module)
  File "<frozen importlib._bootstrap_external>", line 940, in exec_module
  File "<frozen importlib._bootstrap>", line 241, in _call_with_frames_removed
  File "/opt/airflow/dags/countries_dag.py", line 5, in <module>
    from ingestion.minio_to_snowflake import run_pipeline
ModuleNotFoundError: No module named 'ingestion'
[2026-09-07T23:35:17.175+0000] {processor.py:927} WARNING - No viable dags retrieved from /opt/airflow/dags/countries_dag.py
[2026-09-07T23:35:17.261+0000] {processor.py:208} INFO - Processing /opt/airflow/dags/countries_dag.py took 0.377 seconds
[2026-09-07T23:35:47.647+0000] {processor.py:186} INFO - Started process (PID=2058) to work on /opt/airflow/dags/countries_dag.py
[2026-09-07T23:35:47.654+0000] {processor.py:914} INFO - Processing file /opt/airflow/dags/countries_dag.py for tasks to queue
[2026-09-07T23:35:47.660+0000] {logging_mixin.py:190} INFO - [2026-09-07T23:35:47.659+0000] {dagbag.py:588} INFO - Filling up the DagBag from /opt/airflow/dags/countries_dag.py
[2026-09-07T23:35:47.786+0000] {logging_mixin.py:190} INFO - [2026-09-07T23:35:47.756+0000] {dagbag.py:387} ERROR - Failed to import: /opt/airflow/dags/countries_dag.py
Traceback (most recent call last):
  File "/home/airflow/.local/lib/python3.11/site-packages/airflow/models/dagbag.py", line 383, in parse
    loader.exec_module(new_module)
  File "<frozen importlib._bootstrap_external>", line 940, in exec_module
  File "<frozen importlib._bootstrap>", line 241, in _call_with_frames_removed
  File "/opt/airflow/dags/countries_dag.py", line 5, in <module>
    from ingestion.minio_to_snowflake import run_pipeline
ModuleNotFoundError: No module named 'ingestion'
[2026-09-07T23:35:47.789+0000] {processor.py:927} WARNING - No viable dags retrieved from /opt/airflow/dags/countries_dag.py
[2026-09-07T23:35:47.878+0000] {processor.py:208} INFO - Processing /opt/airflow/dags/countries_dag.py took 0.268 seconds
[2026-09-07T23:36:19.155+0000] {processor.py:186} INFO - Started process (PID=2063) to work on /opt/airflow/dags/countries_dag.py
[2026-09-07T23:36:19.163+0000] {processor.py:914} INFO - Processing file /opt/airflow/dags/countries_dag.py for tasks to queue
[2026-09-07T23:36:19.168+0000] {logging_mixin.py:190} INFO - [2026-09-07T23:36:19.167+0000] {dagbag.py:588} INFO - Filling up the DagBag from /opt/airflow/dags/countries_dag.py
[2026-09-07T23:36:19.363+0000] {logging_mixin.py:190} INFO - [2026-09-07T23:36:19.310+0000] {dagbag.py:387} ERROR - Failed to import: /opt/airflow/dags/countries_dag.py
Traceback (most recent call last):
  File "/home/airflow/.local/lib/python3.11/site-packages/airflow/models/dagbag.py", line 383, in parse
    loader.exec_module(new_module)
  File "<frozen importlib._bootstrap_external>", line 940, in exec_module
  File "<frozen importlib._bootstrap>", line 241, in _call_with_frames_removed
  File "/opt/airflow/dags/countries_dag.py", line 5, in <module>
    from ingestion.minio_to_snowflake import run_pipeline
ModuleNotFoundError: No module named 'ingestion'
[2026-09-07T23:36:19.377+0000] {processor.py:927} WARNING - No viable dags retrieved from /opt/airflow/dags/countries_dag.py
[2026-09-07T23:36:19.465+0000] {processor.py:208} INFO - Processing /opt/airflow/dags/countries_dag.py took 0.407 seconds
[2026-09-07T23:36:50.040+0000] {processor.py:186} INFO - Started process (PID=2068) to work on /opt/airflow/dags/countries_dag.py
[2026-09-07T23:36:50.064+0000] {processor.py:914} INFO - Processing file /opt/airflow/dags/countries_dag.py for tasks to queue
[2026-09-07T23:36:50.073+0000] {logging_mixin.py:190} INFO - [2026-09-07T23:36:50.069+0000] {dagbag.py:588} INFO - Filling up the DagBag from /opt/airflow/dags/countries_dag.py
[2026-09-07T23:36:50.443+0000] {logging_mixin.py:190} INFO - [2026-09-07T23:36:50.406+0000] {dagbag.py:387} ERROR - Failed to import: /opt/airflow/dags/countries_dag.py
Traceback (most recent call last):
  File "/home/airflow/.local/lib/python3.11/site-packages/airflow/models/dagbag.py", line 383, in parse
    loader.exec_module(new_module)
  File "<frozen importlib._bootstrap_external>", line 940, in exec_module
  File "<frozen importlib._bootstrap>", line 241, in _call_with_frames_removed
  File "/opt/airflow/dags/countries_dag.py", line 5, in <module>
    from ingestion.minio_to_snowflake import run_pipeline
ModuleNotFoundError: No module named 'ingestion'
[2026-09-07T23:36:50.452+0000] {processor.py:927} WARNING - No viable dags retrieved from /opt/airflow/dags/countries_dag.py
[2026-09-07T23:36:50.600+0000] {processor.py:208} INFO - Processing /opt/airflow/dags/countries_dag.py took 0.595 seconds
[2026-09-07T23:37:21.301+0000] {processor.py:186} INFO - Started process (PID=2073) to work on /opt/airflow/dags/countries_dag.py
[2026-09-07T23:37:21.304+0000] {processor.py:914} INFO - Processing file /opt/airflow/dags/countries_dag.py for tasks to queue
[2026-09-07T23:37:21.309+0000] {logging_mixin.py:190} INFO - [2026-09-07T23:37:21.308+0000] {dagbag.py:588} INFO - Filling up the DagBag from /opt/airflow/dags/countries_dag.py
[2026-09-07T23:37:21.415+0000] {logging_mixin.py:190} INFO - [2026-09-07T23:37:21.403+0000] {dagbag.py:387} ERROR - Failed to import: /opt/airflow/dags/countries_dag.py
Traceback (most recent call last):
  File "/home/airflow/.local/lib/python3.11/site-packages/airflow/models/dagbag.py", line 383, in parse
    loader.exec_module(new_module)
  File "<frozen importlib._bootstrap_external>", line 940, in exec_module
  File "<frozen importlib._bootstrap>", line 241, in _call_with_frames_removed
  File "/opt/airflow/dags/countries_dag.py", line 5, in <module>
    from ingestion.minio_to_snowflake import run_pipeline
ModuleNotFoundError: No module named 'ingestion'
[2026-09-07T23:37:21.421+0000] {processor.py:927} WARNING - No viable dags retrieved from /opt/airflow/dags/countries_dag.py
[2026-09-07T23:37:21.488+0000] {processor.py:208} INFO - Processing /opt/airflow/dags/countries_dag.py took 0.207 seconds
[2026-09-07T23:37:52.086+0000] {processor.py:186} INFO - Started process (PID=2078) to work on /opt/airflow/dags/countries_dag.py
[2026-09-07T23:37:52.090+0000] {processor.py:914} INFO - Processing file /opt/airflow/dags/countries_dag.py for tasks to queue
[2026-09-07T23:37:52.101+0000] {logging_mixin.py:190} INFO - [2026-09-07T23:37:52.099+0000] {dagbag.py:588} INFO - Filling up the DagBag from /opt/airflow/dags/countries_dag.py
[2026-09-07T23:37:52.201+0000] {logging_mixin.py:190} INFO - [2026-09-07T23:37:52.189+0000] {dagbag.py:387} ERROR - Failed to import: /opt/airflow/dags/countries_dag.py
Traceback (most recent call last):
  File "/home/airflow/.local/lib/python3.11/site-packages/airflow/models/dagbag.py", line 383, in parse
    loader.exec_module(new_module)
  File "<frozen importlib._bootstrap_external>", line 940, in exec_module
  File "<frozen importlib._bootstrap>", line 241, in _call_with_frames_removed
  File "/opt/airflow/dags/countries_dag.py", line 5, in <module>
    from ingestion.minio_to_snowflake import run_pipeline
ModuleNotFoundError: No module named 'ingestion'
[2026-09-07T23:37:52.206+0000] {processor.py:927} WARNING - No viable dags retrieved from /opt/airflow/dags/countries_dag.py
[2026-09-07T23:37:52.359+0000] {processor.py:208} INFO - Processing /opt/airflow/dags/countries_dag.py took 0.289 seconds
[2026-09-07T23:38:22.933+0000] {processor.py:186} INFO - Started process (PID=2083) to work on /opt/airflow/dags/countries_dag.py
[2026-09-07T23:38:22.936+0000] {processor.py:914} INFO - Processing file /opt/airflow/dags/countries_dag.py for tasks to queue
[2026-09-07T23:38:22.939+0000] {logging_mixin.py:190} INFO - [2026-09-07T23:38:22.938+0000] {dagbag.py:588} INFO - Filling up the DagBag from /opt/airflow/dags/countries_dag.py
[2026-09-07T23:38:22.996+0000] {logging_mixin.py:190} INFO - [2026-09-07T23:38:22.980+0000] {dagbag.py:387} ERROR - Failed to import: /opt/airflow/dags/countries_dag.py
Traceback (most recent call last):
  File "/home/airflow/.local/lib/python3.11/site-packages/airflow/models/dagbag.py", line 383, in parse
    loader.exec_module(new_module)
  File "<frozen importlib._bootstrap_external>", line 940, in exec_module
  File "<frozen importlib._bootstrap>", line 241, in _call_with_frames_removed
  File "/opt/airflow/dags/countries_dag.py", line 5, in <module>
    from ingestion.minio_to_snowflake import run_pipeline
ModuleNotFoundError: No module named 'ingestion'
[2026-09-07T23:38:22.999+0000] {processor.py:927} WARNING - No viable dags retrieved from /opt/airflow/dags/countries_dag.py
[2026-09-07T23:38:23.062+0000] {processor.py:208} INFO - Processing /opt/airflow/dags/countries_dag.py took 0.157 seconds
[2026-09-07T23:38:53.769+0000] {processor.py:186} INFO - Started process (PID=2088) to work on /opt/airflow/dags/countries_dag.py
[2026-09-07T23:38:53.777+0000] {processor.py:914} INFO - Processing file /opt/airflow/dags/countries_dag.py for tasks to queue
[2026-09-07T23:38:53.781+0000] {logging_mixin.py:190} INFO - [2026-09-07T23:38:53.780+0000] {dagbag.py:588} INFO - Filling up the DagBag from /opt/airflow/dags/countries_dag.py
[2026-09-07T23:38:53.850+0000] {logging_mixin.py:190} INFO - [2026-09-07T23:38:53.840+0000] {dagbag.py:387} ERROR - Failed to import: /opt/airflow/dags/countries_dag.py
Traceback (most recent call last):
  File "/home/airflow/.local/lib/python3.11/site-packages/airflow/models/dagbag.py", line 383, in parse
    loader.exec_module(new_module)
  File "<frozen importlib._bootstrap_external>", line 940, in exec_module
  File "<frozen importlib._bootstrap>", line 241, in _call_with_frames_removed
  File "/opt/airflow/dags/countries_dag.py", line 5, in <module>
    from ingestion.minio_to_snowflake import run_pipeline
ModuleNotFoundError: No module named 'ingestion'
[2026-09-07T23:38:53.854+0000] {processor.py:927} WARNING - No viable dags retrieved from /opt/airflow/dags/countries_dag.py
[2026-09-07T23:38:53.963+0000] {processor.py:208} INFO - Processing /opt/airflow/dags/countries_dag.py took 0.215 seconds
[2026-09-07T23:39:24.220+0000] {processor.py:186} INFO - Started process (PID=2093) to work on /opt/airflow/dags/countries_dag.py
[2026-09-07T23:39:24.223+0000] {processor.py:914} INFO - Processing file /opt/airflow/dags/countries_dag.py for tasks to queue
[2026-09-07T23:39:24.230+0000] {logging_mixin.py:190} INFO - [2026-09-07T23:39:24.227+0000] {dagbag.py:588} INFO - Filling up the DagBag from /opt/airflow/dags/countries_dag.py
[2026-09-07T23:39:24.307+0000] {logging_mixin.py:190} INFO - [2026-09-07T23:39:24.294+0000] {dagbag.py:387} ERROR - Failed to import: /opt/airflow/dags/countries_dag.py
Traceback (most recent call last):
  File "/home/airflow/.local/lib/python3.11/site-packages/airflow/models/dagbag.py", line 383, in parse
    loader.exec_module(new_module)
  File "<frozen importlib._bootstrap_external>", line 940, in exec_module
  File "<frozen importlib._bootstrap>", line 241, in _call_with_frames_removed
  File "/opt/airflow/dags/countries_dag.py", line 5, in <module>
    from ingestion.minio_to_snowflake import run_pipeline
ModuleNotFoundError: No module named 'ingestion'
[2026-09-07T23:39:24.313+0000] {processor.py:927} WARNING - No viable dags retrieved from /opt/airflow/dags/countries_dag.py
[2026-09-07T23:39:24.389+0000] {processor.py:208} INFO - Processing /opt/airflow/dags/countries_dag.py took 0.186 seconds
[2026-09-07T23:39:54.846+0000] {processor.py:186} INFO - Started process (PID=2098) to work on /opt/airflow/dags/countries_dag.py
[2026-09-07T23:39:54.848+0000] {processor.py:914} INFO - Processing file /opt/airflow/dags/countries_dag.py for tasks to queue
[2026-09-07T23:39:54.860+0000] {logging_mixin.py:190} INFO - [2026-09-07T23:39:54.851+0000] {dagbag.py:588} INFO - Filling up the DagBag from /opt/airflow/dags/countries_dag.py
[2026-09-07T23:39:54.926+0000] {logging_mixin.py:190} INFO - [2026-09-07T23:39:54.898+0000] {dagbag.py:387} ERROR - Failed to import: /opt/airflow/dags/countries_dag.py
Traceback (most recent call last):
  File "/home/airflow/.local/lib/python3.11/site-packages/airflow/models/dagbag.py", line 383, in parse
    loader.exec_module(new_module)
  File "<frozen importlib._bootstrap_external>", line 940, in exec_module
  File "<frozen importlib._bootstrap>", line 241, in _call_with_frames_removed
  File "/opt/airflow/dags/countries_dag.py", line 5, in <module>
    from ingestion.minio_to_snowflake import run_pipeline
ModuleNotFoundError: No module named 'ingestion'
[2026-09-07T23:39:54.931+0000] {processor.py:927} WARNING - No viable dags retrieved from /opt/airflow/dags/countries_dag.py
[2026-09-07T23:39:55.018+0000] {processor.py:208} INFO - Processing /opt/airflow/dags/countries_dag.py took 0.209 seconds
[2026-09-07T23:40:25.839+0000] {processor.py:186} INFO - Started process (PID=2103) to work on /opt/airflow/dags/countries_dag.py
[2026-09-07T23:40:25.842+0000] {processor.py:914} INFO - Processing file /opt/airflow/dags/countries_dag.py for tasks to queue
[2026-09-07T23:40:25.854+0000] {logging_mixin.py:190} INFO - [2026-09-07T23:40:25.853+0000] {dagbag.py:588} INFO - Filling up the DagBag from /opt/airflow/dags/countries_dag.py
[2026-09-07T23:40:26.014+0000] {logging_mixin.py:190} INFO - [2026-09-07T23:40:25.973+0000] {dagbag.py:387} ERROR - Failed to import: /opt/airflow/dags/countries_dag.py
Traceback (most recent call last):
  File "/home/airflow/.local/lib/python3.11/site-packages/airflow/models/dagbag.py", line 383, in parse
    loader.exec_module(new_module)
  File "<frozen importlib._bootstrap_external>", line 940, in exec_module
  File "<frozen importlib._bootstrap>", line 241, in _call_with_frames_removed
  File "/opt/airflow/dags/countries_dag.py", line 5, in <module>
    from ingestion.minio_to_snowflake import run_pipeline
ModuleNotFoundError: No module named 'ingestion'
[2026-09-07T23:40:26.021+0000] {processor.py:927} WARNING - No viable dags retrieved from /opt/airflow/dags/countries_dag.py
[2026-09-07T23:40:26.077+0000] {processor.py:208} INFO - Processing /opt/airflow/dags/countries_dag.py took 0.273 seconds
[2026-09-07T23:40:57.796+0000] {processor.py:186} INFO - Started process (PID=2108) to work on /opt/airflow/dags/countries_dag.py
[2026-09-07T23:40:57.798+0000] {processor.py:914} INFO - Processing file /opt/airflow/dags/countries_dag.py for tasks to queue
[2026-09-07T23:40:57.804+0000] {logging_mixin.py:190} INFO - [2026-09-07T23:40:57.803+0000] {dagbag.py:588} INFO - Filling up the DagBag from /opt/airflow/dags/countries_dag.py
[2026-09-07T23:40:58.022+0000] {logging_mixin.py:190} INFO - [2026-09-07T23:40:57.958+0000] {dagbag.py:387} ERROR - Failed to import: /opt/airflow/dags/countries_dag.py
Traceback (most recent call last):
  File "/home/airflow/.local/lib/python3.11/site-packages/airflow/models/dagbag.py", line 383, in parse
    loader.exec_module(new_module)
  File "<frozen importlib._bootstrap_external>", line 940, in exec_module
  File "<frozen importlib._bootstrap>", line 241, in _call_with_frames_removed
  File "/opt/airflow/dags/countries_dag.py", line 5, in <module>
    from ingestion.minio_to_snowflake import run_pipeline
ModuleNotFoundError: No module named 'ingestion'
[2026-09-07T23:40:58.525+0000] {processor.py:927} WARNING - No viable dags retrieved from /opt/airflow/dags/countries_dag.py
[2026-09-07T23:40:59.381+0000] {processor.py:208} INFO - Processing /opt/airflow/dags/countries_dag.py took 1.615 seconds
[2026-09-07T23:41:30.648+0000] {processor.py:186} INFO - Started process (PID=2113) to work on /opt/airflow/dags/countries_dag.py
[2026-09-07T23:41:30.700+0000] {processor.py:914} INFO - Processing file /opt/airflow/dags/countries_dag.py for tasks to queue
[2026-09-07T23:41:30.744+0000] {logging_mixin.py:190} INFO - [2026-09-07T23:41:30.743+0000] {dagbag.py:588} INFO - Filling up the DagBag from /opt/airflow/dags/countries_dag.py
[2026-09-07T23:41:31.061+0000] {logging_mixin.py:190} INFO - [2026-09-07T23:41:31.049+0000] {dagbag.py:387} ERROR - Failed to import: /opt/airflow/dags/countries_dag.py
Traceback (most recent call last):
  File "/home/airflow/.local/lib/python3.11/site-packages/airflow/models/dagbag.py", line 383, in parse
    loader.exec_module(new_module)
  File "<frozen importlib._bootstrap_external>", line 940, in exec_module
  File "<frozen importlib._bootstrap>", line 241, in _call_with_frames_removed
  File "/opt/airflow/dags/countries_dag.py", line 5, in <module>
    from ingestion.minio_to_snowflake import run_pipeline
ModuleNotFoundError: No module named 'ingestion'
[2026-09-07T23:41:31.064+0000] {processor.py:927} WARNING - No viable dags retrieved from /opt/airflow/dags/countries_dag.py
[2026-09-07T23:41:31.153+0000] {processor.py:208} INFO - Processing /opt/airflow/dags/countries_dag.py took 0.543 seconds
[2026-09-07T23:42:01.483+0000] {processor.py:186} INFO - Started process (PID=2118) to work on /opt/airflow/dags/countries_dag.py
[2026-09-07T23:42:01.495+0000] {processor.py:914} INFO - Processing file /opt/airflow/dags/countries_dag.py for tasks to queue
[2026-09-07T23:42:01.498+0000] {logging_mixin.py:190} INFO - [2026-09-07T23:42:01.498+0000] {dagbag.py:588} INFO - Filling up the DagBag from /opt/airflow/dags/countries_dag.py
[2026-09-07T23:42:01.627+0000] {logging_mixin.py:190} INFO - [2026-09-07T23:42:01.590+0000] {dagbag.py:387} ERROR - Failed to import: /opt/airflow/dags/countries_dag.py
Traceback (most recent call last):
  File "/home/airflow/.local/lib/python3.11/site-packages/airflow/models/dagbag.py", line 383, in parse
    loader.exec_module(new_module)
  File "<frozen importlib._bootstrap_external>", line 940, in exec_module
  File "<frozen importlib._bootstrap>", line 241, in _call_with_frames_removed
  File "/opt/airflow/dags/countries_dag.py", line 5, in <module>
    from ingestion.minio_to_snowflake import run_pipeline
ModuleNotFoundError: No module named 'ingestion'
[2026-09-07T23:42:01.631+0000] {processor.py:927} WARNING - No viable dags retrieved from /opt/airflow/dags/countries_dag.py
[2026-09-07T23:42:01.747+0000] {processor.py:208} INFO - Processing /opt/airflow/dags/countries_dag.py took 0.287 seconds
[2026-09-07T23:42:32.058+0000] {processor.py:186} INFO - Started process (PID=2123) to work on /opt/airflow/dags/countries_dag.py
[2026-09-07T23:42:32.064+0000] {processor.py:914} INFO - Processing file /opt/airflow/dags/countries_dag.py for tasks to queue
[2026-09-07T23:42:32.072+0000] {logging_mixin.py:190} INFO - [2026-09-07T23:42:32.068+0000] {dagbag.py:588} INFO - Filling up the DagBag from /opt/airflow/dags/countries_dag.py
[2026-09-07T23:42:32.153+0000] {logging_mixin.py:190} INFO - [2026-09-07T23:42:32.142+0000] {dagbag.py:387} ERROR - Failed to import: /opt/airflow/dags/countries_dag.py
Traceback (most recent call last):
  File "/home/airflow/.local/lib/python3.11/site-packages/airflow/models/dagbag.py", line 383, in parse
    loader.exec_module(new_module)
  File "<frozen importlib._bootstrap_external>", line 940, in exec_module
  File "<frozen importlib._bootstrap>", line 241, in _call_with_frames_removed
  File "/opt/airflow/dags/countries_dag.py", line 5, in <module>
    from ingestion.minio_to_snowflake import run_pipeline
ModuleNotFoundError: No module named 'ingestion'
[2026-09-07T23:42:32.156+0000] {processor.py:927} WARNING - No viable dags retrieved from /opt/airflow/dags/countries_dag.py
[2026-09-07T23:42:32.223+0000] {processor.py:208} INFO - Processing /opt/airflow/dags/countries_dag.py took 0.191 seconds
[2026-09-07T23:43:02.670+0000] {processor.py:186} INFO - Started process (PID=2128) to work on /opt/airflow/dags/countries_dag.py
[2026-09-07T23:43:02.679+0000] {processor.py:914} INFO - Processing file /opt/airflow/dags/countries_dag.py for tasks to queue
[2026-09-07T23:43:02.691+0000] {logging_mixin.py:190} INFO - [2026-09-07T23:43:02.690+0000] {dagbag.py:588} INFO - Filling up the DagBag from /opt/airflow/dags/countries_dag.py
[2026-09-07T23:43:02.756+0000] {logging_mixin.py:190} INFO - [2026-09-07T23:43:02.744+0000] {dagbag.py:387} ERROR - Failed to import: /opt/airflow/dags/countries_dag.py
Traceback (most recent call last):
  File "/home/airflow/.local/lib/python3.11/site-packages/airflow/models/dagbag.py", line 383, in parse
    loader.exec_module(new_module)
  File "<frozen importlib._bootstrap_external>", line 940, in exec_module
  File "<frozen importlib._bootstrap>", line 241, in _call_with_frames_removed
  File "/opt/airflow/dags/countries_dag.py", line 5, in <module>
    from ingestion.minio_to_snowflake import run_pipeline
ModuleNotFoundError: No module named 'ingestion'
[2026-09-07T23:43:02.763+0000] {processor.py:927} WARNING - No viable dags retrieved from /opt/airflow/dags/countries_dag.py
[2026-09-07T23:43:02.830+0000] {processor.py:208} INFO - Processing /opt/airflow/dags/countries_dag.py took 0.193 seconds
[2026-09-07T23:43:33.821+0000] {processor.py:186} INFO - Started process (PID=2133) to work on /opt/airflow/dags/countries_dag.py
[2026-09-07T23:43:33.914+0000] {processor.py:914} INFO - Processing file /opt/airflow/dags/countries_dag.py for tasks to queue
[2026-09-07T23:43:33.967+0000] {logging_mixin.py:190} INFO - [2026-09-07T23:43:33.966+0000] {dagbag.py:588} INFO - Filling up the DagBag from /opt/airflow/dags/countries_dag.py
[2026-09-07T23:43:34.161+0000] {logging_mixin.py:190} INFO - [2026-09-07T23:43:34.146+0000] {dagbag.py:387} ERROR - Failed to import: /opt/airflow/dags/countries_dag.py
Traceback (most recent call last):
  File "/home/airflow/.local/lib/python3.11/site-packages/airflow/models/dagbag.py", line 383, in parse
    loader.exec_module(new_module)
  File "<frozen importlib._bootstrap_external>", line 940, in exec_module
  File "<frozen importlib._bootstrap>", line 241, in _call_with_frames_removed
  File "/opt/airflow/dags/countries_dag.py", line 5, in <module>
    from ingestion.minio_to_snowflake import run_pipeline
ModuleNotFoundError: No module named 'ingestion'
[2026-09-07T23:43:34.167+0000] {processor.py:927} WARNING - No viable dags retrieved from /opt/airflow/dags/countries_dag.py
[2026-09-07T23:43:34.249+0000] {processor.py:208} INFO - Processing /opt/airflow/dags/countries_dag.py took 0.479 seconds
[2026-09-07T23:44:04.722+0000] {processor.py:186} INFO - Started process (PID=2138) to work on /opt/airflow/dags/countries_dag.py
[2026-09-07T23:44:04.745+0000] {processor.py:914} INFO - Processing file /opt/airflow/dags/countries_dag.py for tasks to queue
[2026-09-07T23:44:04.751+0000] {logging_mixin.py:190} INFO - [2026-09-07T23:44:04.749+0000] {dagbag.py:588} INFO - Filling up the DagBag from /opt/airflow/dags/countries_dag.py
[2026-09-07T23:44:04.899+0000] {logging_mixin.py:190} INFO - [2026-09-07T23:44:04.890+0000] {dagbag.py:387} ERROR - Failed to import: /opt/airflow/dags/countries_dag.py
Traceback (most recent call last):
  File "/home/airflow/.local/lib/python3.11/site-packages/airflow/models/dagbag.py", line 383, in parse
    loader.exec_module(new_module)
  File "<frozen importlib._bootstrap_external>", line 940, in exec_module
  File "<frozen importlib._bootstrap>", line 241, in _call_with_frames_removed
  File "/opt/airflow/dags/countries_dag.py", line 5, in <module>
    from ingestion.minio_to_snowflake import run_pipeline
ModuleNotFoundError: No module named 'ingestion'
[2026-09-07T23:44:04.904+0000] {processor.py:927} WARNING - No viable dags retrieved from /opt/airflow/dags/countries_dag.py
[2026-09-07T23:44:05.000+0000] {processor.py:208} INFO - Processing /opt/airflow/dags/countries_dag.py took 0.317 seconds
[2026-09-07T23:44:35.243+0000] {processor.py:186} INFO - Started process (PID=2143) to work on /opt/airflow/dags/countries_dag.py
[2026-09-07T23:44:35.247+0000] {processor.py:914} INFO - Processing file /opt/airflow/dags/countries_dag.py for tasks to queue
[2026-09-07T23:44:35.258+0000] {logging_mixin.py:190} INFO - [2026-09-07T23:44:35.258+0000] {dagbag.py:588} INFO - Filling up the DagBag from /opt/airflow/dags/countries_dag.py
[2026-09-07T23:44:35.340+0000] {logging_mixin.py:190} INFO - [2026-09-07T23:44:35.323+0000] {dagbag.py:387} ERROR - Failed to import: /opt/airflow/dags/countries_dag.py
Traceback (most recent call last):
  File "/home/airflow/.local/lib/python3.11/site-packages/airflow/models/dagbag.py", line 383, in parse
    loader.exec_module(new_module)
  File "<frozen importlib._bootstrap_external>", line 940, in exec_module
  File "<frozen importlib._bootstrap>", line 241, in _call_with_frames_removed
  File "/opt/airflow/dags/countries_dag.py", line 5, in <module>
    from ingestion.minio_to_snowflake import run_pipeline
ModuleNotFoundError: No module named 'ingestion'
[2026-09-07T23:44:35.345+0000] {processor.py:927} WARNING - No viable dags retrieved from /opt/airflow/dags/countries_dag.py
[2026-09-07T23:44:35.447+0000] {processor.py:208} INFO - Processing /opt/airflow/dags/countries_dag.py took 0.238 seconds
[2026-09-07T23:45:06.101+0000] {processor.py:186} INFO - Started process (PID=2148) to work on /opt/airflow/dags/countries_dag.py
[2026-09-07T23:45:06.104+0000] {processor.py:914} INFO - Processing file /opt/airflow/dags/countries_dag.py for tasks to queue
[2026-09-07T23:45:06.118+0000] {logging_mixin.py:190} INFO - [2026-09-07T23:45:06.117+0000] {dagbag.py:588} INFO - Filling up the DagBag from /opt/airflow/dags/countries_dag.py
[2026-09-07T23:45:06.269+0000] {logging_mixin.py:190} INFO - [2026-09-07T23:45:06.245+0000] {dagbag.py:387} ERROR - Failed to import: /opt/airflow/dags/countries_dag.py
Traceback (most recent call last):
  File "/home/airflow/.local/lib/python3.11/site-packages/airflow/models/dagbag.py", line 383, in parse
    loader.exec_module(new_module)
  File "<frozen importlib._bootstrap_external>", line 940, in exec_module
  File "<frozen importlib._bootstrap>", line 241, in _call_with_frames_removed
  File "/opt/airflow/dags/countries_dag.py", line 5, in <module>
    from ingestion.minio_to_snowflake import run_pipeline
ModuleNotFoundError: No module named 'ingestion'
[2026-09-07T23:45:06.277+0000] {processor.py:927} WARNING - No viable dags retrieved from /opt/airflow/dags/countries_dag.py
[2026-09-07T23:45:06.485+0000] {processor.py:208} INFO - Processing /opt/airflow/dags/countries_dag.py took 0.472 seconds
[2026-09-07T23:45:38.131+0000] {processor.py:186} INFO - Started process (PID=2153) to work on /opt/airflow/dags/countries_dag.py
[2026-09-07T23:45:38.143+0000] {processor.py:914} INFO - Processing file /opt/airflow/dags/countries_dag.py for tasks to queue
[2026-09-07T23:45:38.177+0000] {logging_mixin.py:190} INFO - [2026-09-07T23:45:38.176+0000] {dagbag.py:588} INFO - Filling up the DagBag from /opt/airflow/dags/countries_dag.py
[2026-09-07T23:45:38.308+0000] {logging_mixin.py:190} INFO - [2026-09-07T23:45:38.278+0000] {dagbag.py:387} ERROR - Failed to import: /opt/airflow/dags/countries_dag.py
Traceback (most recent call last):
  File "/home/airflow/.local/lib/python3.11/site-packages/airflow/models/dagbag.py", line 383, in parse
    loader.exec_module(new_module)
  File "<frozen importlib._bootstrap_external>", line 940, in exec_module
  File "<frozen importlib._bootstrap>", line 241, in _call_with_frames_removed
  File "/opt/airflow/dags/countries_dag.py", line 5, in <module>
    from ingestion.minio_to_snowflake import run_pipeline
ModuleNotFoundError: No module named 'ingestion'
[2026-09-07T23:45:38.311+0000] {processor.py:927} WARNING - No viable dags retrieved from /opt/airflow/dags/countries_dag.py
[2026-09-07T23:45:38.379+0000] {processor.py:208} INFO - Processing /opt/airflow/dags/countries_dag.py took 0.329 seconds
[2026-09-07T23:46:09.168+0000] {processor.py:186} INFO - Started process (PID=2158) to work on /opt/airflow/dags/countries_dag.py
[2026-09-07T23:46:09.174+0000] {processor.py:914} INFO - Processing file /opt/airflow/dags/countries_dag.py for tasks to queue
[2026-09-07T23:46:09.187+0000] {logging_mixin.py:190} INFO - [2026-09-07T23:46:09.186+0000] {dagbag.py:588} INFO - Filling up the DagBag from /opt/airflow/dags/countries_dag.py
[2026-09-07T23:46:09.303+0000] {logging_mixin.py:190} INFO - [2026-09-07T23:46:09.277+0000] {dagbag.py:387} ERROR - Failed to import: /opt/airflow/dags/countries_dag.py
Traceback (most recent call last):
  File "/home/airflow/.local/lib/python3.11/site-packages/airflow/models/dagbag.py", line 383, in parse
    loader.exec_module(new_module)
  File "<frozen importlib._bootstrap_external>", line 940, in exec_module
  File "<frozen importlib._bootstrap>", line 241, in _call_with_frames_removed
  File "/opt/airflow/dags/countries_dag.py", line 5, in <module>
    from ingestion.minio_to_snowflake import run_pipeline
ModuleNotFoundError: No module named 'ingestion'
[2026-09-07T23:46:09.312+0000] {processor.py:927} WARNING - No viable dags retrieved from /opt/airflow/dags/countries_dag.py
[2026-09-07T23:46:09.420+0000] {processor.py:208} INFO - Processing /opt/airflow/dags/countries_dag.py took 0.277 seconds
[2026-09-07T23:46:39.744+0000] {processor.py:186} INFO - Started process (PID=2163) to work on /opt/airflow/dags/countries_dag.py
[2026-09-07T23:46:39.750+0000] {processor.py:914} INFO - Processing file /opt/airflow/dags/countries_dag.py for tasks to queue
[2026-09-07T23:46:39.763+0000] {logging_mixin.py:190} INFO - [2026-09-07T23:46:39.762+0000] {dagbag.py:588} INFO - Filling up the DagBag from /opt/airflow/dags/countries_dag.py
[2026-09-07T23:46:39.825+0000] {logging_mixin.py:190} INFO - [2026-09-07T23:46:39.808+0000] {dagbag.py:387} ERROR - Failed to import: /opt/airflow/dags/countries_dag.py
Traceback (most recent call last):
  File "/home/airflow/.local/lib/python3.11/site-packages/airflow/models/dagbag.py", line 383, in parse
    loader.exec_module(new_module)
  File "<frozen importlib._bootstrap_external>", line 940, in exec_module
  File "<frozen importlib._bootstrap>", line 241, in _call_with_frames_removed
  File "/opt/airflow/dags/countries_dag.py", line 5, in <module>
    from ingestion.minio_to_snowflake import run_pipeline
ModuleNotFoundError: No module named 'ingestion'
[2026-09-07T23:46:39.829+0000] {processor.py:927} WARNING - No viable dags retrieved from /opt/airflow/dags/countries_dag.py
[2026-09-07T23:46:39.944+0000] {processor.py:208} INFO - Processing /opt/airflow/dags/countries_dag.py took 0.227 seconds
[2026-09-07T23:47:10.231+0000] {processor.py:186} INFO - Started process (PID=2168) to work on /opt/airflow/dags/countries_dag.py
[2026-09-07T23:47:10.238+0000] {processor.py:914} INFO - Processing file /opt/airflow/dags/countries_dag.py for tasks to queue
[2026-09-07T23:47:10.244+0000] {logging_mixin.py:190} INFO - [2026-09-07T23:47:10.242+0000] {dagbag.py:588} INFO - Filling up the DagBag from /opt/airflow/dags/countries_dag.py
[2026-09-07T23:47:10.292+0000] {logging_mixin.py:190} INFO - [2026-09-07T23:47:10.285+0000] {dagbag.py:387} ERROR - Failed to import: /opt/airflow/dags/countries_dag.py
Traceback (most recent call last):
  File "/home/airflow/.local/lib/python3.11/site-packages/airflow/models/dagbag.py", line 383, in parse
    loader.exec_module(new_module)
  File "<frozen importlib._bootstrap_external>", line 940, in exec_module
  File "<frozen importlib._bootstrap>", line 241, in _call_with_frames_removed
  File "/opt/airflow/dags/countries_dag.py", line 5, in <module>
    from ingestion.minio_to_snowflake import run_pipeline
ModuleNotFoundError: No module named 'ingestion'
[2026-09-07T23:47:10.296+0000] {processor.py:927} WARNING - No viable dags retrieved from /opt/airflow/dags/countries_dag.py
[2026-09-07T23:47:10.357+0000] {processor.py:208} INFO - Processing /opt/airflow/dags/countries_dag.py took 0.149 seconds
[2026-09-07T23:47:40.924+0000] {processor.py:186} INFO - Started process (PID=2173) to work on /opt/airflow/dags/countries_dag.py
[2026-09-07T23:47:40.936+0000] {processor.py:914} INFO - Processing file /opt/airflow/dags/countries_dag.py for tasks to queue
[2026-09-07T23:47:40.940+0000] {logging_mixin.py:190} INFO - [2026-09-07T23:47:40.939+0000] {dagbag.py:588} INFO - Filling up the DagBag from /opt/airflow/dags/countries_dag.py
[2026-09-07T23:47:40.981+0000] {logging_mixin.py:190} INFO - [2026-09-07T23:47:40.970+0000] {dagbag.py:387} ERROR - Failed to import: /opt/airflow/dags/countries_dag.py
Traceback (most recent call last):
  File "/home/airflow/.local/lib/python3.11/site-packages/airflow/models/dagbag.py", line 383, in parse
    loader.exec_module(new_module)
  File "<frozen importlib._bootstrap_external>", line 940, in exec_module
  File "<frozen importlib._bootstrap>", line 241, in _call_with_frames_removed
  File "/opt/airflow/dags/countries_dag.py", line 5, in <module>
    from ingestion.minio_to_snowflake import run_pipeline
ModuleNotFoundError: No module named 'ingestion'
[2026-09-07T23:47:40.984+0000] {processor.py:927} WARNING - No viable dags retrieved from /opt/airflow/dags/countries_dag.py
[2026-09-07T23:47:41.048+0000] {processor.py:208} INFO - Processing /opt/airflow/dags/countries_dag.py took 0.143 seconds
[2026-09-07T23:48:11.819+0000] {processor.py:186} INFO - Started process (PID=2178) to work on /opt/airflow/dags/countries_dag.py
[2026-09-07T23:48:11.833+0000] {processor.py:914} INFO - Processing file /opt/airflow/dags/countries_dag.py for tasks to queue
[2026-09-07T23:48:11.837+0000] {logging_mixin.py:190} INFO - [2026-09-07T23:48:11.836+0000] {dagbag.py:588} INFO - Filling up the DagBag from /opt/airflow/dags/countries_dag.py
[2026-09-07T23:48:12.063+0000] {logging_mixin.py:190} INFO - [2026-09-07T23:48:11.974+0000] {dagbag.py:387} ERROR - Failed to import: /opt/airflow/dags/countries_dag.py
Traceback (most recent call last):
  File "/home/airflow/.local/lib/python3.11/site-packages/airflow/models/dagbag.py", line 383, in parse
    loader.exec_module(new_module)
  File "<frozen importlib._bootstrap_external>", line 940, in exec_module
  File "<frozen importlib._bootstrap>", line 241, in _call_with_frames_removed
  File "/opt/airflow/dags/countries_dag.py", line 5, in <module>
    from ingestion.minio_to_snowflake import run_pipeline
ModuleNotFoundError: No module named 'ingestion'
[2026-09-07T23:48:12.080+0000] {processor.py:927} WARNING - No viable dags retrieved from /opt/airflow/dags/countries_dag.py
[2026-09-07T23:48:12.170+0000] {processor.py:208} INFO - Processing /opt/airflow/dags/countries_dag.py took 0.394 seconds
[2026-09-07T23:48:42.531+0000] {processor.py:186} INFO - Started process (PID=2183) to work on /opt/airflow/dags/countries_dag.py
[2026-09-07T23:48:42.533+0000] {processor.py:914} INFO - Processing file /opt/airflow/dags/countries_dag.py for tasks to queue
[2026-09-07T23:48:42.537+0000] {logging_mixin.py:190} INFO - [2026-09-07T23:48:42.536+0000] {dagbag.py:588} INFO - Filling up the DagBag from /opt/airflow/dags/countries_dag.py
[2026-09-07T23:48:42.599+0000] {logging_mixin.py:190} INFO - [2026-09-07T23:48:42.591+0000] {dagbag.py:387} ERROR - Failed to import: /opt/airflow/dags/countries_dag.py
Traceback (most recent call last):
  File "/home/airflow/.local/lib/python3.11/site-packages/airflow/models/dagbag.py", line 383, in parse
    loader.exec_module(new_module)
  File "<frozen importlib._bootstrap_external>", line 940, in exec_module
  File "<frozen importlib._bootstrap>", line 241, in _call_with_frames_removed
  File "/opt/airflow/dags/countries_dag.py", line 5, in <module>
    from ingestion.minio_to_snowflake import run_pipeline
ModuleNotFoundError: No module named 'ingestion'
[2026-09-07T23:48:42.603+0000] {processor.py:927} WARNING - No viable dags retrieved from /opt/airflow/dags/countries_dag.py
[2026-09-07T23:48:42.737+0000] {processor.py:208} INFO - Processing /opt/airflow/dags/countries_dag.py took 0.257 seconds
[2026-09-07T23:49:13.688+0000] {processor.py:186} INFO - Started process (PID=2188) to work on /opt/airflow/dags/countries_dag.py
[2026-09-07T23:49:13.691+0000] {processor.py:914} INFO - Processing file /opt/airflow/dags/countries_dag.py for tasks to queue
[2026-09-07T23:49:13.705+0000] {logging_mixin.py:190} INFO - [2026-09-07T23:49:13.704+0000] {dagbag.py:588} INFO - Filling up the DagBag from /opt/airflow/dags/countries_dag.py
[2026-09-07T23:49:13.891+0000] {logging_mixin.py:190} INFO - [2026-09-07T23:49:13.863+0000] {dagbag.py:387} ERROR - Failed to import: /opt/airflow/dags/countries_dag.py
Traceback (most recent call last):
  File "/home/airflow/.local/lib/python3.11/site-packages/airflow/models/dagbag.py", line 383, in parse
    loader.exec_module(new_module)
  File "<frozen importlib._bootstrap_external>", line 940, in exec_module
  File "<frozen importlib._bootstrap>", line 241, in _call_with_frames_removed
  File "/opt/airflow/dags/countries_dag.py", line 5, in <module>
    from ingestion.minio_to_snowflake import run_pipeline
ModuleNotFoundError: No module named 'ingestion'
[2026-09-07T23:49:13.903+0000] {processor.py:927} WARNING - No viable dags retrieved from /opt/airflow/dags/countries_dag.py
[2026-09-07T23:49:14.038+0000] {processor.py:208} INFO - Processing /opt/airflow/dags/countries_dag.py took 0.394 seconds
[2026-09-07T23:49:44.617+0000] {processor.py:186} INFO - Started process (PID=2193) to work on /opt/airflow/dags/countries_dag.py
[2026-09-07T23:49:44.618+0000] {processor.py:914} INFO - Processing file /opt/airflow/dags/countries_dag.py for tasks to queue
[2026-09-07T23:49:44.621+0000] {logging_mixin.py:190} INFO - [2026-09-07T23:49:44.620+0000] {dagbag.py:588} INFO - Filling up the DagBag from /opt/airflow/dags/countries_dag.py
[2026-09-07T23:49:44.666+0000] {logging_mixin.py:190} INFO - [2026-09-07T23:49:44.655+0000] {dagbag.py:387} ERROR - Failed to import: /opt/airflow/dags/countries_dag.py
Traceback (most recent call last):
  File "/home/airflow/.local/lib/python3.11/site-packages/airflow/models/dagbag.py", line 383, in parse
    loader.exec_module(new_module)
  File "<frozen importlib._bootstrap_external>", line 940, in exec_module
  File "<frozen importlib._bootstrap>", line 241, in _call_with_frames_removed
  File "/opt/airflow/dags/countries_dag.py", line 5, in <module>
    from ingestion.minio_to_snowflake import run_pipeline
ModuleNotFoundError: No module named 'ingestion'
[2026-09-07T23:49:44.671+0000] {processor.py:927} WARNING - No viable dags retrieved from /opt/airflow/dags/countries_dag.py
[2026-09-07T23:49:44.733+0000] {processor.py:208} INFO - Processing /opt/airflow/dags/countries_dag.py took 0.128 seconds
[2026-09-07T23:50:15.078+0000] {processor.py:186} INFO - Started process (PID=2198) to work on /opt/airflow/dags/countries_dag.py
[2026-09-07T23:50:15.080+0000] {processor.py:914} INFO - Processing file /opt/airflow/dags/countries_dag.py for tasks to queue
[2026-09-07T23:50:15.086+0000] {logging_mixin.py:190} INFO - [2026-09-07T23:50:15.083+0000] {dagbag.py:588} INFO - Filling up the DagBag from /opt/airflow/dags/countries_dag.py
[2026-09-07T23:50:15.128+0000] {logging_mixin.py:190} INFO - [2026-09-07T23:50:15.120+0000] {dagbag.py:387} ERROR - Failed to import: /opt/airflow/dags/countries_dag.py
Traceback (most recent call last):
  File "/home/airflow/.local/lib/python3.11/site-packages/airflow/models/dagbag.py", line 383, in parse
    loader.exec_module(new_module)
  File "<frozen importlib._bootstrap_external>", line 940, in exec_module
  File "<frozen importlib._bootstrap>", line 241, in _call_with_frames_removed
  File "/opt/airflow/dags/countries_dag.py", line 5, in <module>
    from ingestion.minio_to_snowflake import run_pipeline
ModuleNotFoundError: No module named 'ingestion'
[2026-09-07T23:50:15.130+0000] {processor.py:927} WARNING - No viable dags retrieved from /opt/airflow/dags/countries_dag.py
[2026-09-07T23:50:15.190+0000] {processor.py:208} INFO - Processing /opt/airflow/dags/countries_dag.py took 0.125 seconds
[2026-09-07T23:50:45.664+0000] {processor.py:186} INFO - Started process (PID=2203) to work on /opt/airflow/dags/countries_dag.py
[2026-09-07T23:50:45.665+0000] {processor.py:914} INFO - Processing file /opt/airflow/dags/countries_dag.py for tasks to queue
[2026-09-07T23:50:45.670+0000] {logging_mixin.py:190} INFO - [2026-09-07T23:50:45.668+0000] {dagbag.py:588} INFO - Filling up the DagBag from /opt/airflow/dags/countries_dag.py
[2026-09-07T23:50:45.724+0000] {logging_mixin.py:190} INFO - [2026-09-07T23:50:45.713+0000] {dagbag.py:387} ERROR - Failed to import: /opt/airflow/dags/countries_dag.py
Traceback (most recent call last):
  File "/home/airflow/.local/lib/python3.11/site-packages/airflow/models/dagbag.py", line 383, in parse
    loader.exec_module(new_module)
  File "<frozen importlib._bootstrap_external>", line 940, in exec_module
  File "<frozen importlib._bootstrap>", line 241, in _call_with_frames_removed
  File "/opt/airflow/dags/countries_dag.py", line 5, in <module>
    from ingestion.minio_to_snowflake import run_pipeline
ModuleNotFoundError: No module named 'ingestion'
[2026-09-07T23:50:45.727+0000] {processor.py:927} WARNING - No viable dags retrieved from /opt/airflow/dags/countries_dag.py
[2026-09-07T23:50:45.787+0000] {processor.py:208} INFO - Processing /opt/airflow/dags/countries_dag.py took 0.139 seconds
[2026-09-07T23:51:16.246+0000] {processor.py:186} INFO - Started process (PID=2208) to work on /opt/airflow/dags/countries_dag.py
[2026-09-07T23:51:16.249+0000] {processor.py:914} INFO - Processing file /opt/airflow/dags/countries_dag.py for tasks to queue
[2026-09-07T23:51:16.253+0000] {logging_mixin.py:190} INFO - [2026-09-07T23:51:16.252+0000] {dagbag.py:588} INFO - Filling up the DagBag from /opt/airflow/dags/countries_dag.py
[2026-09-07T23:51:16.403+0000] {logging_mixin.py:190} INFO - [2026-09-07T23:51:16.388+0000] {dagbag.py:387} ERROR - Failed to import: /opt/airflow/dags/countries_dag.py
Traceback (most recent call last):
  File "/home/airflow/.local/lib/python3.11/site-packages/airflow/models/dagbag.py", line 383, in parse
    loader.exec_module(new_module)
  File "<frozen importlib._bootstrap_external>", line 940, in exec_module
  File "<frozen importlib._bootstrap>", line 241, in _call_with_frames_removed
  File "/opt/airflow/dags/countries_dag.py", line 5, in <module>
    from ingestion.minio_to_snowflake import run_pipeline
ModuleNotFoundError: No module named 'ingestion'
[2026-09-07T23:51:16.421+0000] {processor.py:927} WARNING - No viable dags retrieved from /opt/airflow/dags/countries_dag.py
[2026-09-07T23:51:16.493+0000] {processor.py:208} INFO - Processing /opt/airflow/dags/countries_dag.py took 0.321 seconds
[2026-09-07T23:51:46.906+0000] {processor.py:186} INFO - Started process (PID=2213) to work on /opt/airflow/dags/countries_dag.py
[2026-09-07T23:51:46.914+0000] {processor.py:914} INFO - Processing file /opt/airflow/dags/countries_dag.py for tasks to queue
[2026-09-07T23:51:46.921+0000] {logging_mixin.py:190} INFO - [2026-09-07T23:51:46.920+0000] {dagbag.py:588} INFO - Filling up the DagBag from /opt/airflow/dags/countries_dag.py
[2026-09-07T23:51:46.976+0000] {logging_mixin.py:190} INFO - [2026-09-07T23:51:46.968+0000] {dagbag.py:387} ERROR - Failed to import: /opt/airflow/dags/countries_dag.py
Traceback (most recent call last):
  File "/home/airflow/.local/lib/python3.11/site-packages/airflow/models/dagbag.py", line 383, in parse
    loader.exec_module(new_module)
  File "<frozen importlib._bootstrap_external>", line 940, in exec_module
  File "<frozen importlib._bootstrap>", line 241, in _call_with_frames_removed
  File "/opt/airflow/dags/countries_dag.py", line 5, in <module>
    from ingestion.minio_to_snowflake import run_pipeline
ModuleNotFoundError: No module named 'ingestion'
[2026-09-07T23:51:46.981+0000] {processor.py:927} WARNING - No viable dags retrieved from /opt/airflow/dags/countries_dag.py
[2026-09-07T23:51:47.122+0000] {processor.py:208} INFO - Processing /opt/airflow/dags/countries_dag.py took 0.242 seconds
[2026-09-07T23:52:17.596+0000] {processor.py:186} INFO - Started process (PID=2218) to work on /opt/airflow/dags/countries_dag.py
[2026-09-07T23:52:17.600+0000] {processor.py:914} INFO - Processing file /opt/airflow/dags/countries_dag.py for tasks to queue
[2026-09-07T23:52:17.605+0000] {logging_mixin.py:190} INFO - [2026-09-07T23:52:17.604+0000] {dagbag.py:588} INFO - Filling up the DagBag from /opt/airflow/dags/countries_dag.py
[2026-09-07T23:52:17.645+0000] {logging_mixin.py:190} INFO - [2026-09-07T23:52:17.637+0000] {dagbag.py:387} ERROR - Failed to import: /opt/airflow/dags/countries_dag.py
Traceback (most recent call last):
  File "/home/airflow/.local/lib/python3.11/site-packages/airflow/models/dagbag.py", line 383, in parse
    loader.exec_module(new_module)
  File "<frozen importlib._bootstrap_external>", line 940, in exec_module
  File "<frozen importlib._bootstrap>", line 241, in _call_with_frames_removed
  File "/opt/airflow/dags/countries_dag.py", line 5, in <module>
    from ingestion.minio_to_snowflake import run_pipeline
ModuleNotFoundError: No module named 'ingestion'
[2026-09-07T23:52:17.647+0000] {processor.py:927} WARNING - No viable dags retrieved from /opt/airflow/dags/countries_dag.py
[2026-09-07T23:52:17.705+0000] {processor.py:208} INFO - Processing /opt/airflow/dags/countries_dag.py took 0.136 seconds
[2026-09-07T23:52:48.956+0000] {processor.py:186} INFO - Started process (PID=2223) to work on /opt/airflow/dags/countries_dag.py
[2026-09-07T23:52:49.091+0000] {processor.py:914} INFO - Processing file /opt/airflow/dags/countries_dag.py for tasks to queue
[2026-09-07T23:52:49.218+0000] {logging_mixin.py:190} INFO - [2026-09-07T23:52:49.217+0000] {dagbag.py:588} INFO - Filling up the DagBag from /opt/airflow/dags/countries_dag.py
[2026-09-07T23:52:50.225+0000] {logging_mixin.py:190} INFO - [2026-09-07T23:52:50.191+0000] {dagbag.py:387} ERROR - Failed to import: /opt/airflow/dags/countries_dag.py
Traceback (most recent call last):
  File "/home/airflow/.local/lib/python3.11/site-packages/airflow/models/dagbag.py", line 383, in parse
    loader.exec_module(new_module)
  File "<frozen importlib._bootstrap_external>", line 940, in exec_module
  File "<frozen importlib._bootstrap>", line 241, in _call_with_frames_removed
  File "/opt/airflow/dags/countries_dag.py", line 5, in <module>
    from ingestion.minio_to_snowflake import run_pipeline
ModuleNotFoundError: No module named 'ingestion'
[2026-09-07T23:52:50.229+0000] {processor.py:927} WARNING - No viable dags retrieved from /opt/airflow/dags/countries_dag.py
[2026-09-07T23:52:50.522+0000] {processor.py:208} INFO - Processing /opt/airflow/dags/countries_dag.py took 1.751 seconds
[2026-09-07T23:53:21.246+0000] {processor.py:186} INFO - Started process (PID=2228) to work on /opt/airflow/dags/countries_dag.py
[2026-09-07T23:53:21.250+0000] {processor.py:914} INFO - Processing file /opt/airflow/dags/countries_dag.py for tasks to queue
[2026-09-07T23:53:21.256+0000] {logging_mixin.py:190} INFO - [2026-09-07T23:53:21.255+0000] {dagbag.py:588} INFO - Filling up the DagBag from /opt/airflow/dags/countries_dag.py
[2026-09-07T23:53:21.352+0000] {logging_mixin.py:190} INFO - [2026-09-07T23:53:21.343+0000] {dagbag.py:387} ERROR - Failed to import: /opt/airflow/dags/countries_dag.py
Traceback (most recent call last):
  File "/home/airflow/.local/lib/python3.11/site-packages/airflow/models/dagbag.py", line 383, in parse
    loader.exec_module(new_module)
  File "<frozen importlib._bootstrap_external>", line 940, in exec_module
  File "<frozen importlib._bootstrap>", line 241, in _call_with_frames_removed
  File "/opt/airflow/dags/countries_dag.py", line 5, in <module>
    from ingestion.minio_to_snowflake import run_pipeline
ModuleNotFoundError: No module named 'ingestion'
[2026-09-07T23:53:21.355+0000] {processor.py:927} WARNING - No viable dags retrieved from /opt/airflow/dags/countries_dag.py
[2026-09-07T23:53:21.513+0000] {processor.py:208} INFO - Processing /opt/airflow/dags/countries_dag.py took 0.291 seconds
[2026-09-07T23:53:52.546+0000] {processor.py:186} INFO - Started process (PID=2233) to work on /opt/airflow/dags/countries_dag.py
[2026-09-07T23:53:52.556+0000] {processor.py:914} INFO - Processing file /opt/airflow/dags/countries_dag.py for tasks to queue
[2026-09-07T23:53:52.561+0000] {logging_mixin.py:190} INFO - [2026-09-07T23:53:52.560+0000] {dagbag.py:588} INFO - Filling up the DagBag from /opt/airflow/dags/countries_dag.py
[2026-09-07T23:53:52.733+0000] {logging_mixin.py:190} INFO - [2026-09-07T23:53:52.715+0000] {dagbag.py:387} ERROR - Failed to import: /opt/airflow/dags/countries_dag.py
Traceback (most recent call last):
  File "/home/airflow/.local/lib/python3.11/site-packages/airflow/models/dagbag.py", line 383, in parse
    loader.exec_module(new_module)
  File "<frozen importlib._bootstrap_external>", line 940, in exec_module
  File "<frozen importlib._bootstrap>", line 241, in _call_with_frames_removed
  File "/opt/airflow/dags/countries_dag.py", line 5, in <module>
    from ingestion.minio_to_snowflake import run_pipeline
ModuleNotFoundError: No module named 'ingestion'
[2026-09-07T23:53:52.748+0000] {processor.py:927} WARNING - No viable dags retrieved from /opt/airflow/dags/countries_dag.py
[2026-09-07T23:53:52.833+0000] {processor.py:208} INFO - Processing /opt/airflow/dags/countries_dag.py took 0.326 seconds
